timestamp,TP9,AF7,AF8,TP10,label
0.0,15995.60546875,-15996.09375,-15996.58203125,-15996.09375,0
0.00390625,-62.5,62.01171875,-62.5,62.01171875,0
0.0078125,4995.1171875,-6996.58203125,8992.1875,-6996.09375,0
0.01171875,-15792.96875,15722.16796875,-15566.40625,15667.48046875,0
0.015625,3183.10546875,-13190.4296875,3184.5703125,-13064.94140625,0
0.01953125,-7083.984375,-1037.109375,-3013.18359375,8971.19140625,0
0.0234375,15675.78125,15362.79296875,15940.91796875,15401.85546875,0
0.02734375,5433.59375,-8440.4296875,-2438.96484375,-12940.91796875,0
0.03125,-7107.91015625,-11044.43359375,-15018.06640625,12960.44921875,0
0.03515625,15058.59375,15308.10546875,15526.85546875,15456.54296875,0
0.0390625,1310.05859375,-12190.4296875,-6438.4765625,-11816.40625,0
0.04296875,-13099.609375,4948.2421875,-11016.6015625,-5044.43359375,0
0.046875,15042.96875,15198.73046875,15941.40625,15558.10546875,0
0.05078125,2061.5234375,-5938.96484375,1311.5234375,-8315.4296875,0
0.0546875,10905.76171875,6959.47265625,-7009.765625,12965.33203125,0
0.05859375,14690.91796875,15237.79296875,15940.91796875,15550.29296875,0
0.0625,-2811.5234375,-7689.453125,-3063.4765625,-10065.4296875,0
0.06640625,12931.640625,-1036.1328125,-11006.34765625,-9047.36328125,0
0.0703125,14284.66796875,15292.48046875,15815.91796875,15245.60546875,0
0.07421875,-13312.5,-13441.40625,-5439.453125,-10440.91796875,0
0.078125,10945.3125,-3053.22265625,-13026.3671875,-7053.7109375,0
0.08203125,14308.10546875,15292.48046875,15323.73046875,15354.98046875,0
0.0859375,14687.01171875,-7440.4296875,-7312.98828125,-7189.94140625,0
0.08984375,-3027.83203125,-13058.59375,-13009.765625,-15038.57421875,0
0.09375,14206.54296875,15464.35546875,15519.04296875,15433.10546875,0
0.09765625,10312.5,-7190.4296875,-5312.01171875,-9314.94140625,0
0.1015625,-8994.62890625,-1039.55078125,1010.25390625,-3033.203125,0
0.10546875,14597.16796875,15347.16796875,15901.85546875,15417.48046875,0
0.109375,9436.03515625,-4438.96484375,-4188.96484375,-7189.453125,0
0.11328125,5008.7890625,-15048.828125,-15017.578125,2949.70703125,0
0.1171875,15097.16796875,15284.66796875,15901.85546875,15292.48046875,0
0.12109375,10435.05859375,-6938.96484375,-2062.98828125,-6688.96484375,0
0.125,11010.7421875,968.26171875,-997.55859375,4962.890625,0
0.12890625,15308.10546875,15409.66796875,15894.04296875,15222.16796875,0
0.1328125,3432.12890625,-11314.94140625,-1563.4765625,-9689.94140625,0
0.13671875,-9008.7890625,970.21484375,-11013.18359375,10954.58984375,0
0.140625,15495.60546875,15401.85546875,15862.79296875,15183.10546875,0
0.14453125,6056.640625,-11440.4296875,-312.98828125,-9439.453125,0
0.1484375,-15031.73828125,-7042.96875,-15023.92578125,952.63671875,0
0.15234375,15862.79296875,15323.73046875,15597.16796875,15222.16796875,0
0.15625,12056.15234375,-11941.40625,-4188.96484375,-8439.453125,0
0.16015625,-5043.45703125,-5040.52734375,10986.81640625,-5031.73828125,0
0.1640625,-15902.83203125,15472.16796875,15737.79296875,15347.16796875,0
0.16796875,-13318.84765625,-10065.4296875,-9688.96484375,-7063.96484375,0
0.171875,10944.82421875,-15044.921875,-13001.46484375,4959.47265625,0
0.17578125,-15746.58203125,15237.79296875,15909.66796875,15214.35546875,0
0.1796875,-5692.87109375,-12315.4296875,-937.5,-10939.94140625,0
0.18359375,-15059.5703125,-11045.8984375,13002.44140625,-5032.71484375,0
0.1875,-15941.40625,14940.91796875,15722.16796875,15409.66796875,0
0.19140625,432.12890625,-15064.94140625,-5437.98828125,-8439.453125,0
0.1953125,12916.50390625,-3020.99609375,11001.46484375,966.796875,0
0.19921875,15886.71875,15776.85546875,15651.85546875,15456.54296875,0
0.203125,5434.5703125,-7564.94140625,-10688.4765625,-9313.96484375,0
0.20703125,14917.48046875,10974.609375,-999.0234375,-7024.4140625,0
0.2109375,15198.73046875,15464.35546875,15448.73046875,15175.29296875,0
0.21484375,-441.89453125,-10439.94140625,-7687.98828125,15808.59375,0
0.21875,876.953125,-13035.15625,976.5625,-5048.33984375,0
0.22265625,14769.53125,15401.85546875,15339.35546875,15229.98046875,0
0.2265625,311.03515625,-9189.94140625,-5438.4765625,-12565.91796875,0
0.23046875,8907.71484375,-7036.62109375,4985.83984375,-5042.48046875,0
0.234375,14957.03125,15292.48046875,-15926.26953125,15464.35546875,0
0.23828125,2313.4765625,-8438.4765625,-1063.4765625,-6938.96484375,0
0.2421875,925.29296875,3001.46484375,-13006.34765625,12968.26171875,0
0.24609375,14659.66796875,15792.48046875,15815.91796875,15269.04296875,0
0.25,-810.546875,-9564.94140625,-3563.96484375,-9189.453125,0
0.25390625,-3024.4140625,-13030.2734375,-11023.92578125,14990.234375,0
0.2578125,15159.66796875,15456.54296875,15597.16796875,-15933.59375,0
0.26171875,-58.10546875,-8814.94140625,-6939.453125,3063.4765625,0
0.265625,9031.73828125,14959.9609375,-1020.01953125,-12972.16796875,0
0.26953125,15487.79296875,15253.41796875,15495.60546875,-15253.90625,0
0.2734375,-559.08203125,-14940.91796875,-4437.5,11438.4765625,0
0.27734375,-2969.23828125,6956.0546875,8997.0703125,-12986.81640625,0
0.28125,15276.85546875,15292.48046875,-15957.03125,-15480.46875,0
0.28515625,-4309.08203125,-15691.89453125,1687.98828125,9563.96484375,0
0.2890625,15057.12890625,-13036.62109375,13004.39453125,11019.04296875,0
0.29296875,15300.29296875,15487.79296875,15784.66796875,-15988.76953125,0
0.296875,11811.03515625,-12565.91796875,-8189.453125,-3564.453125,0
0.30078125,-4971.6796875,4958.0078125,-5000.0,6955.56640625,0
0.3046875,15315.91796875,15370.60546875,-15957.51953125,15511.23046875,0
0.30859375,12311.03515625,-10564.94140625,-562.98828125,-6188.96484375,0
0.3125,-14951.66015625,-11030.76171875,-6999.0234375,2985.3515625,0
0.31640625,-15965.33203125,15323.73046875,15948.73046875,15808.10546875,0
0.3203125,13434.08203125,-10564.453125,-3688.96484375,-2563.4765625,0
0.32421875,-4965.8203125,8964.35546875,-1017.08984375,12975.09765625,0
0.328125,-15660.64453125,15308.10546875,15800.29296875,15612.79296875,0
0.33203125,15934.08203125,-11440.4296875,-4689.453125,-2813.4765625,0
0.3359375,11020.01953125,955.078125,-13006.34765625,-11010.7421875,0
0.33984375,-15238.76953125,15362.79296875,-15925.78125,15737.79296875,0
0.34375,-9816.89453125,-9565.4296875,936.5234375,-5063.4765625,0
0.34765625,-10994.140625,-1032.71484375,-3004.39453125,4989.74609375,0
0.3515625,-15246.58203125,15456.54296875,-15988.76953125,15620.60546875,0
0.35546875,-8567.87109375,-12316.40625,-2438.96484375,-7563.4765625,0
0.359375,8966.30859375,-5041.50390625,-11016.11328125,4987.79296875,0
0.36328125,-15277.83203125,15495.60546875,15979.98046875,15667.48046875,0
0.3671875,-1693.359375,-9689.94140625,-313.4765625,-7189.453125,0
0.37109375,-13069.82421875,12957.03125,-15015.625,-13026.3671875,0
0.375,-15996.09375,15261.23046875,15706.54296875,15362.79296875,0
0.37890625,1308.10546875,-9439.453125,-3813.4765625,-10938.96484375,0
0.3828125,-15055.17578125,-15024.4140625,-11013.671875,-15013.671875,0
0.38671875,-15714.84375,15542.48046875,15831.54296875,15604.98046875,0
0.390625,12435.546875,-8314.94140625,-2813.4765625,-7563.96484375,0
0.39453125,-7054.19921875,-13034.1796875,10992.1875,6983.3984375,0
0.3984375,15941.40625,15339.35546875,15776.85546875,15644.04296875,0
0.40234375,14061.03515625,-12440.91796875,-6188.96484375,-6938.4765625,0
0.40625,-5070.3125,4947.265625,-7008.7890625,2993.1640625,0
0.41015625,15660.15625,15315.91796875,15831.54296875,15784.66796875,0
0.4140625,9438.4765625,-8939.453125,-7063.4765625,-5188.96484375,0
0.41796875,-9045.8984375,6966.30859375,993.65234375,984.86328125,0
0.421875,15441.40625,15487.79296875,15854.98046875,15854.98046875,0
0.42578125,7440.4296875,-8814.94140625,-62.98828125,-3688.96484375,0
0.4296875,2987.79296875,8975.5859375,12994.140625,8988.76953125,0
0.43359375,15417.96875,15425.29296875,15979.98046875,15776.85546875,0
0.4375,2189.94140625,-10190.4296875,-1813.4765625,-6064.453125,0
0.44140625,12957.51953125,945.3125,10974.609375,950.68359375,0
0.4453125,14737.79296875,15425.29296875,15526.85546875,15167.48046875,0
0.44921875,-7310.05859375,-7689.94140625,-5313.96484375,-10440.4296875,0
0.453125,-15007.8125,-9026.85546875,-3022.94921875,-9046.875,0
0.45703125,14901.85546875,15714.35546875,15409.66796875,15511.23046875,0
0.4609375,-9562.01171875,-4939.94140625,-5187.98828125,-7065.91796875,0
0.46484375,10984.375,-9046.38671875,12983.3984375,8937.98828125,0
0.46875,14440.91796875,15300.29296875,15714.35546875,15175.29296875,0
0.47265625,8061.03515625,-8690.4296875,-3188.4765625,-12691.40625,0
0.4765625,986.81640625,-7052.734375,2980.46875,6925.78125,0
0.48046875,14284.66796875,15276.85546875,15753.41796875,14933.10546875,0
0.484375,1059.08203125,-12066.40625,-3313.96484375,-13566.40625,0
0.48828125,-6996.09375,-1041.9921875,-3013.18359375,14942.3828125,0
0.4921875,14948.73046875,15683.10546875,15933.10546875,15331.54296875,0
0.49609375,3058.10546875,-5189.453125,-3188.96484375,-10440.91796875,0
0.5,-8991.2109375,-7026.3671875,12985.3515625,-9060.05859375,0
0.50390625,15636.23046875,15589.35546875,15925.29296875,15112.79296875,0
0.5078125,6807.12890625,-5939.453125,-3313.4765625,-11440.4296875,0
0.51171875,15002.9296875,-11028.80859375,994.140625,-11043.9453125,0
0.515625,-15863.76953125,15604.98046875,15870.60546875,15323.73046875,0
0.51953125,11933.10546875,-8314.94140625,-2437.98828125,-8814.453125,0
0.5234375,999.51171875,14968.75,14993.1640625,6968.26171875,0
0.52734375,-15723.14453125,15479.98046875,15831.54296875,15315.91796875,0
0.53125,15557.12890625,-8439.94140625,-1937.98828125,-10564.94140625,0
0.53515625,8983.3984375,4965.8203125,2973.14453125,-1029.78515625,0
0.5390625,-15246.58203125,15550.29296875,15511.23046875,15331.54296875,0
0.54296875,-4817.87109375,-8439.94140625,-2938.4765625,-8938.96484375,0
0.546875,8957.03125,-5038.57421875,-1013.18359375,14968.75,0
0.55078125,-15559.08203125,15167.48046875,15683.10546875,15362.79296875,0
0.5546875,-1692.3828125,-12064.453125,-2687.98828125,-9063.96484375,0
0.55859375,6961.42578125,970.703125,-15005.37109375,14998.53515625,0
0.5625,-15472.65625,15378.41796875,15933.10546875,15675.29296875,0
0.56640625,3558.10546875,-11439.94140625,-1562.98828125,-8939.453125,0
0.5703125,10928.22265625,-3020.5078125,14991.2109375,10975.5859375,0
0.57421875,15808.59375,15651.85546875,15831.54296875,15519.04296875,0
0.578125,3683.10546875,-7564.94140625,-1813.96484375,-9314.453125,0
0.58203125,-1091.796875,-15042.96875,-11035.15625,12971.19140625,0
0.5859375,15386.71875,15120.60546875,15690.91796875,15644.04296875,0
0.58984375,9435.546875,-11564.453125,-62.98828125,-4189.453125,0
0.59375,-3114.74609375,-9023.92578125,-11008.7890625,-1033.69140625,0
0.59765625,14800.78125,15604.98046875,15979.98046875,15542.48046875,0
0.6015625,4186.5234375,-5439.453125,-563.4765625,-6564.94140625,0
0.60546875,-3091.30859375,2967.7734375,8990.234375,-11029.296875,0
0.609375,14706.54296875,15581.54296875,15894.04296875,15628.41796875,0
0.61328125,-2437.01171875,-7064.453125,-2062.98828125,-8689.94140625,0
0.6171875,2912.59765625,10950.68359375,10992.67578125,2971.6796875,0
0.62109375,14339.35546875,15120.60546875,15901.85546875,15339.35546875,0
0.625,-10438.4765625,-9064.453125,-1688.96484375,15808.10546875,0
0.62890625,-7083.0078125,-3026.3671875,-9026.85546875,2938.4765625,0
0.6328125,14081.54296875,15394.04296875,15823.73046875,15190.91796875,0
0.63671875,-12936.5234375,-7938.96484375,-1563.4765625,-12566.40625,0
0.640625,4952.1484375,2974.609375,4991.69921875,-9058.10546875,0
0.64453125,14292.48046875,15612.79296875,15870.60546875,15292.48046875,0
0.6484375,13687.5,-6064.94140625,-1812.98828125,-10190.4296875,0
0.65234375,7010.25390625,8962.40234375,11004.8828125,6964.84375,0
0.65625,15026.85546875,15675.29296875,-15840.33203125,15542.48046875,0
0.66015625,13436.03515625,-6314.453125,-2689.94140625,-13191.89453125,0
0.6640625,-13004.39453125,-9044.43359375,-1030.76171875,-11062.5,0
0.66796875,14769.04296875,15159.66796875,15777.34375,15214.35546875,0
0.671875,8560.546875,-5439.453125,687.5,-9440.4296875,0
0.67578125,15031.73828125,-11028.80859375,-7004.8828125,12949.70703125,0
0.6796875,15308.10546875,15847.16796875,-15980.95703125,15394.04296875,0
0.68359375,1057.12890625,-7190.4296875,-1563.4765625,-10190.4296875,0
0.6875,-2999.51171875,-7029.78515625,-15013.671875,-5047.8515625,0
0.69140625,15479.98046875,15659.66796875,15784.66796875,15144.04296875,0
0.6953125,4431.640625,-5063.96484375,-813.4765625,-8314.94140625,0
0.69921875,10992.67578125,4970.703125,-5017.578125,-13058.10546875,0
0.703125,15909.66796875,15479.98046875,15683.10546875,15034.66796875,0
0.70703125,6682.12890625,-9189.94140625,-5939.453125,-12940.4296875,0
0.7109375,9006.34765625,-11027.34375,10983.88671875,-15029.296875,0
0.71484375,-15395.01953125,15659.66796875,15917.48046875,15573.73046875,0
0.71875,15305.17578125,-4688.96484375,-6439.453125,-10565.91796875,0
0.72265625,-13045.8984375,12965.33203125,10982.421875,-5051.26953125,0
0.7265625,-15699.70703125,15433.10546875,15792.48046875,14979.98046875,0
0.73046875,-13819.82421875,-5688.96484375,-4688.96484375,-13314.94140625,0
0.734375,-11065.91796875,2971.6796875,2984.375,10960.44921875,0
0.73828125,-15918.45703125,15526.85546875,15933.10546875,15112.79296875,0
0.7421875,-4443.359375,-8064.94140625,-2063.4765625,-13314.453125,0
0.74609375,10918.45703125,-1025.390625,-5000.0,8969.7265625,0
0.75,15949.21875,15534.66796875,15784.66796875,15331.54296875,0
0.75390625,1932.6171875,-11816.40625,-6313.4765625,-11689.453125,0
0.7578125,-3067.87109375,-13044.43359375,-7025.390625,14975.09765625,0
0.76171875,15691.40625,15581.54296875,15417.48046875,15378.41796875,0
0.765625,557.6171875,-5063.96484375,-2937.98828125,-10065.4296875,0
0.76953125,880.37109375,4966.796875,-15000.0,-5042.96875,0
0.7734375,15003.90625,15456.54296875,-15996.09375,15354.98046875,0
0.77734375,2433.59375,-7190.4296875,1687.5,-12066.40625,0
0.78125,-5122.55859375,-13043.9453125,-13002.9296875,-3052.24609375,0
0.78515625,14823.73046875,15276.85546875,15901.85546875,15292.48046875,0
0.7890625,-814.453125,-13065.4296875,-2688.4765625,-11440.4296875,0
0.79296875,8887.20703125,8962.890625,14982.91015625,2964.84375,0
0.796875,14425.29296875,15362.79296875,15729.98046875,15519.04296875,0
0.80078125,-3312.98828125,-13815.91796875,-2188.96484375,-8565.91796875,0
0.8046875,-3099.609375,-5033.203125,2980.95703125,10951.171875,0
0.80859375,14253.41796875,15370.60546875,-15902.34375,15472.16796875,0
0.8125,-7561.5234375,-11940.4296875,1187.01171875,-9814.94140625,0
0.81640625,14932.6171875,6959.9609375,14995.1171875,14970.703125,0
0.8203125,14065.91796875,15284.66796875,15761.23046875,15456.54296875,0
0.82421875,13937.98828125,-11564.94140625,-3812.98828125,-13066.40625,0
0.828125,8968.26171875,962.890625,4989.74609375,12947.75390625,0
0.83203125,14284.66796875,15417.48046875,15925.78125,15589.35546875,0
0.8359375,15062.98828125,-6813.96484375,62.01171875,-4065.4296875,0
0.83984375,6989.2578125,-1028.3203125,12979.98046875,-1038.57421875,0
0.84375,14440.91796875,15339.35546875,15511.23046875,15370.60546875,0
0.84765625,7436.03515625,-11940.91796875,-4563.4765625,-13566.40625,0
0.8515625,-8986.81640625,-1050.29296875,14990.234375,-11057.6171875,0
0.85546875,14753.41796875,15331.54296875,15909.66796875,15331.54296875,0
0.859375,4184.08203125,-8314.94140625,-2438.4765625,-8440.4296875,0
0.86328125,-980.95703125,12979.98046875,2980.46875,-7038.0859375,0
0.8671875,15229.98046875,15800.29296875,15761.23046875,15511.23046875,0
0.87109375,7059.5703125,-7189.94140625,-3689.453125,-6689.453125,0
0.875,13027.83203125,8968.26171875,-13024.90234375,10956.54296875,0
0.87890625,15745.60546875,15651.85546875,15823.73046875,15190.91796875,0
0.8828125,6182.6171875,-3688.96484375,-5438.96484375,-11315.4296875,0
0.88671875,-8996.58203125,6969.23828125,-9001.46484375,-13051.26953125,0
0.890625,15925.29296875,15519.04296875,15737.79296875,15144.04296875,0
0.89453125,7056.15234375,-11065.91796875,-4313.4765625,-12065.91796875,0
0.8984375,2979.4921875,-7031.73828125,14992.1875,12952.63671875,0
0.90234375,-15863.76953125,15651.85546875,15972.16796875,15120.60546875,0
0.90625,11681.15234375,-5938.96484375,-2563.4765625,14684.5703125,0
0.91015625,8970.21484375,-9018.5546875,-1002.44140625,-15035.15625,0
0.9140625,-15496.58203125,15511.23046875,15503.41796875,15128.41796875,0
0.91796875,-12819.82421875,-9939.94140625,-7937.98828125,-14940.4296875,0
0.921875,6933.59375,8963.37890625,8982.91015625,6954.1015625,0
0.92578125,-15871.58203125,15425.29296875,15745.60546875,14901.85546875,0
0.9296875,-7319.3359375,-9689.453125,-1687.5,14559.08203125,0
0.93359375,10927.734375,12971.6796875,2999.0234375,-7030.2734375,0
0.9375,15925.29296875,15409.66796875,15800.29296875,15198.73046875,0
0.94140625,-4193.84765625,-11066.40625,-4188.4765625,12434.08203125,0
0.9453125,-11096.6796875,12946.77734375,988.76953125,6961.9140625,0
0.94921875,15464.84375,15456.54296875,15862.79296875,15128.41796875,0
0.953125,932.12890625,-8939.94140625,-5689.94140625,-15815.91796875,0
0.95703125,-15119.140625,14967.7734375,-1016.6015625,-15044.43359375,0
0.9609375,15121.09375,15378.41796875,15839.35546875,15214.35546875,0
0.96484375,3434.5703125,-14315.91796875,-1062.5,-12814.94140625,0
0.96875,-5109.375,-15041.50390625,12984.86328125,-13030.76171875,0
0.97265625,14941.40625,15472.16796875,15706.54296875,15339.35546875,0
0.9765625,3936.5234375,-6814.94140625,-1937.98828125,-14566.40625,0
0.98046875,-11103.02734375,-3032.2265625,-13007.32421875,-9039.0625,0
0.984375,14612.79296875,15433.10546875,15854.98046875,15495.60546875,0
0.98828125,-1187.01171875,-8314.453125,-437.98828125,-10316.40625,0
0.9921875,2913.57421875,14972.65625,6977.05078125,-7067.3828125,0
0.99609375,14261.23046875,15440.91796875,15738.28125,14995.60546875,0
1.0,-11562.5,-7439.453125,2437.98828125,-13065.91796875,0
1.00390625,-15083.0078125,8959.47265625,2986.81640625,14938.4765625,0
1.0078125,13972.16796875,15323.73046875,15714.35546875,15104.98046875,0
1.01171875,-15812.01171875,-10064.94140625,-1562.98828125,-11190.91796875,0
1.015625,12968.75,10958.49609375,983.88671875,-3055.6640625,0
1.01953125,14401.85546875,15394.04296875,15690.91796875,15401.85546875,0
1.0234375,12937.5,-11066.40625,-5063.96484375,-7815.91796875,0
1.02734375,-6994.140625,-1040.0390625,6979.4921875,-3044.43359375,0
1.03125,14776.85546875,15448.73046875,15808.10546875,15542.48046875,0
1.03515625,13937.98828125,-8564.453125,-5189.94140625,-3938.96484375,0
1.0390625,7021.484375,-1024.90234375,-5020.99609375,8948.73046875,0
1.04296875,14792.48046875,15472.16796875,15988.28125,15237.79296875,0
1.046875,8435.05859375,-9064.453125,2937.01171875,-8065.4296875,0
1.05078125,-8971.6796875,14975.09765625,-13021.97265625,10943.359375,0
1.0546875,15417.48046875,15144.04296875,15784.66796875,15167.48046875,0
1.05859375,7434.5703125,-14188.4765625,-1562.98828125,-7938.4765625,0
1.0625,7019.04296875,981.93359375,-11012.6953125,14967.7734375,0
1.06640625,15487.79296875,15315.91796875,15636.23046875,15136.23046875,0
1.0703125,2181.15234375,-10814.94140625,-4564.453125,-12065.91796875,0
1.07421875,2977.05078125,964.35546875,12964.35546875,12934.5703125,0
1.078125,15667.48046875,15409.66796875,15714.35546875,15073.73046875,0
1.08203125,3680.6640625,-9689.453125,-3313.96484375,-9939.453125,0
1.0859375,12974.12109375,-3023.4375,-13015.13671875,6958.49609375,0
1.08984375,-15887.20703125,15362.79296875,15651.85546875,15003.41796875,0
1.09375,11555.17578125,-10565.4296875,-7313.96484375,-13190.4296875,0
1.09765625,-11046.38671875,2962.40234375,4978.02734375,-9044.43359375,0
1.1015625,-15770.01953125,15636.23046875,15589.35546875,15190.91796875,0
1.10546875,-12068.84765625,-5938.4765625,-4438.96484375,-12064.94140625,0
1.109375,8932.6171875,-13012.6953125,-13025.390625,-13045.41015625,0
1.11328125,-15879.39453125,15401.85546875,15612.79296875,15136.23046875,0
1.1171875,-2693.359375,-10314.453125,-4437.98828125,-13191.40625,0
1.12109375,-15077.63671875,-1030.76171875,10994.62890625,-3056.640625,0
1.125,15878.41796875,15362.79296875,15878.41796875,15112.79296875,0
1.12890625,-1568.359375,-10190.4296875,-3439.453125,15308.10546875,0
1.1328125,-11092.28515625,-9041.015625,-1020.99609375,-1057.12890625,0
1.13671875,15433.59375,15253.41796875,15675.29296875,15034.66796875,0
1.140625,807.6171875,-11939.94140625,-6439.453125,15933.59375,0
1.14453125,-11120.60546875,8961.42578125,-7017.08984375,-3034.66796875,0
1.1484375,14886.23046875,15394.04296875,15800.29296875,15370.60546875,0
1.15234375,-64.94140625,-8064.453125,-6564.453125,15559.5703125,0
1.15625,8903.80859375,2967.28515625,-15018.06640625,-9026.3671875,0
1.16015625,14769.04296875,15323.73046875,15683.10546875,15284.66796875,0
1.1640625,-938.4765625,-10439.94140625,-4063.4765625,-12691.40625,0
1.16796875,-5096.6796875,-1032.2265625,985.3515625,-15048.33984375,0
1.171875,14526.85546875,15573.73046875,15847.16796875,15440.91796875,0
1.17578125,-6937.5,-7189.453125,-4063.4765625,-12316.40625,0
1.1796875,925.29296875,-5030.2734375,-9005.37109375,-5041.015625,0
1.18359375,14448.73046875,15190.91796875,15675.29296875,15347.16796875,0
1.1875,-8187.01171875,-10564.94140625,-4938.4765625,-12191.40625,0
1.19140625,12934.5703125,-9028.80859375,10981.93359375,-15057.6171875,0
1.1953125,14300.29296875,15597.16796875,15433.10546875,15292.48046875,0
1.19921875,-15187.01171875,-9689.94140625,-8813.96484375,-12941.40625,0
1.203125,4971.6796875,-13023.92578125,981.4453125,941.40625,0
1.20703125,14292.48046875,15542.48046875,15854.98046875,15167.48046875,0
1.2109375,9687.01171875,-8065.4296875,-3688.96484375,-14817.3828125,0
1.21484375,991.69921875,-15048.33984375,-7020.01953125,-5063.96484375,0
1.21875,14503.41796875,15456.54296875,15604.98046875,15315.91796875,0
1.22265625,9561.5234375,-7314.94140625,-6689.453125,-9440.91796875,0
1.2265625,-12980.95703125,-9034.1796875,4971.19140625,-7051.26953125,0
1.23046875,14870.60546875,15417.48046875,15636.23046875,15261.23046875,0
1.234375,6060.05859375,-8314.453125,-6814.453125,-10440.4296875,0
1.23828125,-6969.23828125,-15028.80859375,4965.33203125,-9050.78125,0
1.2421875,15472.16796875,15558.10546875,15511.23046875,15308.10546875,0
1.24609375,8559.5703125,-7689.453125,-2437.5,-9064.453125,0
1.25,-12963.37890625,-13026.3671875,5001.46484375,-5026.85546875,0
1.25390625,-15887.20703125,15339.35546875,15964.35546875,15292.48046875,0
1.2578125,13559.5703125,-9938.96484375,-3188.4765625,-6563.4765625,0
1.26171875,-12974.609375,-7012.20703125,-11007.32421875,8961.9140625,0
1.265625,-15699.70703125,15706.54296875,15729.98046875,15167.48046875,0
1.26953125,14057.12890625,-10066.40625,-4313.96484375,-10940.91796875,0
1.2734375,6987.3046875,-5040.0390625,-13020.5078125,-5060.05859375,0
1.27734375,-15832.51953125,15604.98046875,15714.35546875,14956.54296875,0
1.28125,9679.6875,-6689.453125,-2688.4765625,-14940.91796875,0
1.28515625,-9046.875,4972.65625,-7031.73828125,-3057.6171875,0
1.2890625,-15762.20703125,15526.85546875,15456.54296875,14847.16796875,0
1.29296875,-12194.3359375,-8315.4296875,-1187.98828125,-15314.453125,0
1.296875,-5064.94140625,-15043.45703125,-13007.32421875,-15027.34375,0
1.30078125,-15988.76953125,15425.29296875,15831.54296875,15128.41796875,0
1.3046875,-7569.82421875,-12815.4296875,-3938.96484375,-15941.40625,0
1.30859375,-9091.796875,-9037.109375,6978.02734375,-11048.33984375,0
1.3125,15714.35546875,15284.66796875,15675.29296875,15128.41796875,0
1.31640625,-4193.84765625,-11565.91796875,-4563.4765625,14684.08203125,0
1.3203125,-13091.796875,-9039.0625,10996.58203125,14960.9375,0
1.32421875,15574.21875,15472.16796875,15839.35546875,15284.66796875,0
1.328125,2557.6171875,-8439.94140625,-7189.453125,-10940.4296875,0
1.33203125,-3117.67578125,12962.890625,6983.3984375,14950.1953125,0
1.3359375,14854.98046875,15354.98046875,15948.73046875,15284.66796875,0
1.33984375,-1566.40625,-11690.4296875,-1813.4765625,-13066.40625,0
1.34375,-9124.51171875,12960.44921875,-7011.23046875,-5049.31640625,0
1.34765625,14690.91796875,15433.10546875,15667.48046875,15245.60546875,0
1.3515625,-1312.98828125,-11190.91796875,-4438.4765625,-15066.40625,0
1.35546875,14918.9453125,6958.0078125,8996.09375,-15038.0859375,0
1.359375,14417.48046875,15440.91796875,15933.10546875,15261.23046875,0
1.36328125,-4937.01171875,-9314.94140625,-1438.4765625,-13316.40625,0
1.3671875,-7088.37890625,8967.7734375,-1015.625,-9057.6171875,0
1.37109375,14206.54296875,15409.66796875,15401.85546875,15308.10546875,0
1.375,-10436.5234375,-11940.4296875,-9438.4765625,-11566.40625,0
1.37890625,6949.21875,6954.58984375,4987.3046875,6935.05859375,0
1.3828125,14331.54296875,15456.54296875,15808.10546875,15183.10546875,0
1.38671875,-13562.01171875,-7439.453125,-4813.4765625,-10316.40625,0
1.390625,10971.19140625,2973.6328125,998.53515625,-9062.5,0
1.39453125,14565.91796875,15479.98046875,15933.10546875,15323.73046875,0
1.3984375,-13312.01171875,-9188.96484375,-3064.453125,-9816.40625,0
1.40234375,12988.28125,8975.09765625,12977.05078125,12929.6875,0
1.40625,14323.73046875,15534.66796875,15698.73046875,15097.16796875,0
1.41015625,5561.03515625,-8940.4296875,-5437.98828125,-12065.91796875,0
1.4140625,-8992.1875,6961.9140625,-1001.46484375,-11064.94140625,0
1.41796875,14792.48046875,15425.29296875,15769.04296875,14964.35546875,0
1.421875,7934.5703125,-9064.94140625,-3563.96484375,-11815.4296875,0
1.42578125,-14986.328125,6957.03125,-1027.34375,935.546875,0
1.4296875,15284.66796875,15386.23046875,15620.60546875,15065.91796875,0
1.43359375,5059.08203125,-10315.91796875,-5313.96484375,-12940.91796875,0
1.4375,-2964.84375,-13050.29296875,978.02734375,-1054.19921875,0
1.44140625,15909.66796875,15253.41796875,15698.73046875,15112.79296875,0
1.4453125,9058.10546875,-7939.94140625,-4064.94140625,-9689.453125,0
1.44921875,1000.0,-3042.48046875,-5032.2265625,-11038.0859375,0
1.453125,-15754.39453125,15519.04296875,15847.16796875,15144.04296875,0
1.45703125,12931.15234375,-6189.94140625,-188.4765625,-10190.4296875,0
1.4609375,12966.30859375,14956.0546875,10971.6796875,-11053.22265625,0
1.46484375,-15957.51953125,15269.04296875,15534.66796875,14995.60546875,0
1.46875,14681.15234375,-8314.94140625,-5188.4765625,-14689.94140625,0
1.47265625,-15049.31640625,-7036.62109375,4983.88671875,8959.47265625,0
1.4765625,-15668.45703125,15636.23046875,15800.29296875,15097.16796875,0
1.48046875,-4818.359375,-7314.94140625,-2188.96484375,-12064.94140625,0
1.484375,-13066.89453125,-11039.55078125,-9050.29296875,14938.4765625,0
1.48828125,-15800.78125,15440.91796875,15433.10546875,14979.98046875,0
1.4921875,806.640625,-6440.4296875,-438.4765625,-13065.4296875,0
1.49609375,14913.0859375,-13037.109375,-9011.71875,8962.40234375,0
1.5,15902.34375,15675.29296875,15776.85546875,15128.41796875,0
1.50390625,3307.6171875,-4188.96484375,-2312.98828125,14559.08203125,0
1.5078125,-5094.7265625,-7027.83203125,-15018.06640625,-15043.9453125,0
1.51171875,15425.78125,15386.23046875,15597.16796875,15159.66796875,0
1.515625,2183.10546875,-10314.94140625,-5188.96484375,15808.10546875,0
1.51953125,-9107.421875,12961.9140625,-11012.20703125,-9055.17578125,0
1.5234375,15402.34375,15511.23046875,15862.79296875,15269.04296875,0
1.52734375,8435.05859375,-5689.453125,-7189.453125,-13440.91796875,0
1.53125,-9106.93359375,-7026.85546875,6999.0234375,4958.0078125,0
1.53515625,14832.03125,15636.23046875,-15926.26953125,15245.60546875,0
1.5390625,3437.98828125,-6315.4296875,-938.4765625,-15566.89453125,0
1.54296875,-13086.9140625,-13053.7109375,10984.86328125,-7057.6171875,0
1.546875,14464.35546875,15394.04296875,15698.73046875,15183.10546875,0
1.55078125,-6312.5,-5814.453125,-5938.96484375,-14066.89453125,0
1.5546875,12918.9453125,-15026.3671875,2979.98046875,-15059.08203125,0
1.55859375,14284.66796875,15370.60546875,15651.85546875,15183.10546875,0
1.5625,-10561.5234375,-14315.4296875,-6313.4765625,-13816.89453125,0
1.56640625,-11047.36328125,-7023.92578125,2996.09375,-11064.94140625,0
1.5703125,14526.85546875,15690.91796875,15808.10546875,15214.35546875,0
1.57421875,-10186.5234375,-7814.94140625,-7814.94140625,-11316.89453125,0
1.578125,2972.16796875,2953.125,-3014.6484375,-13069.3359375,0
1.58203125,14456.54296875,15237.79296875,15964.35546875,15347.16796875,0
1.5859375,-15312.98828125,-9189.453125,-1313.96484375,-8316.40625,0
1.58984375,-1017.578125,2972.65625,8967.7734375,12921.875,0
1.59375,14675.29296875,15698.73046875,15785.15625,15183.10546875,0
1.59765625,9935.05859375,-7315.4296875,61.03515625,-11566.89453125,0
1.6015625,-2994.140625,-13034.1796875,-15029.78515625,4924.8046875,0
1.60546875,14737.79296875,15479.98046875,15706.54296875,14940.91796875,0
1.609375,3434.5703125,-8564.94140625,-7188.96484375,-13690.4296875,0
1.61328125,-4975.5859375,8958.49609375,-4993.65234375,14953.125,0
1.6171875,15354.98046875,15401.85546875,15933.10546875,15151.85546875,0
1.62109375,7308.59375,-6064.94140625,-2938.4765625,-10565.4296875,0
1.625,-14989.2578125,6952.63671875,14975.09765625,-13058.59375,0
1.62890625,15862.79296875,15581.54296875,15628.41796875,15089.35546875,0
1.6328125,6181.15234375,-6814.453125,-2813.96484375,-11690.91796875,0
1.63671875,10981.4453125,2976.07421875,-15020.5078125,2936.03515625,0
1.640625,-15879.39453125,15558.10546875,15956.54296875,15097.16796875,0
1.64453125,14431.640625,-8064.453125,-1063.96484375,-8689.94140625,0
1.6484375,6964.35546875,-13030.76171875,-15015.13671875,6949.70703125,0
1.65234375,-15645.01953125,15433.10546875,15597.16796875,15167.48046875,0
1.65625,-12318.84765625,-7063.96484375,-3437.98828125,-12065.4296875,0
1.66015625,6956.54296875,-13022.94921875,-1007.32421875,-3048.33984375,0
1.6640625,-15762.20703125,15534.66796875,15909.66796875,15065.91796875,0
1.66796875,-13695.3125,-8814.94140625,-2813.96484375,-14815.91796875,0
1.671875,-1086.9140625,14969.7265625,-3024.4140625,-9048.33984375,0
1.67578125,15729.98046875,15229.98046875,15612.79296875,14979.98046875,0
1.6796875,-5068.84765625,-14315.4296875,-4189.453125,13558.10546875,0
1.68359375,12909.1796875,-15037.59765625,-1015.625,8945.80078125,0
1.6875,15683.59375,15753.41796875,15651.85546875,15167.48046875,0
1.69140625,682.6171875,-2939.94140625,-5687.98828125,-14315.91796875,0
1.6953125,-3106.93359375,-9044.43359375,-3010.25390625,-3051.26953125,0
1.69921875,15152.34375,15323.73046875,15722.16796875,14964.35546875,0
1.703125,1058.10546875,-9440.4296875,-5563.96484375,15058.59375,0
1.70703125,-7106.4453125,-11038.0859375,992.67578125,14948.2421875,0
1.7109375,15144.53125,15401.85546875,15995.60546875,15269.04296875,0
1.71484375,1559.5703125,-10688.96484375,-2813.4765625,-15816.89453125,0
1.71875,-15119.140625,12981.93359375,-7007.8125,-1047.8515625,0
1.72265625,14604.98046875,15636.23046875,15870.60546875,15276.85546875,0
1.7265625,-1563.4765625,-7314.94140625,-1938.4765625,-15566.40625,0
1.73046875,-9098.14453125,-11040.0390625,10978.515625,8950.68359375,0
1.734375,14613.28125,15370.60546875,15589.35546875,15073.73046875,0
1.73828125,688.96484375,-8064.453125,-3938.96484375,-15316.40625,0
1.7421875,-13059.08203125,6961.9140625,-7018.5546875,-13045.41015625,0
1.74609375,14565.91796875,15206.54296875,-15980.95703125,15370.60546875,0
1.75,-7811.03515625,-8938.96484375,-813.96484375,-11690.4296875,0
1.75390625,14962.890625,979.98046875,-11025.390625,-1031.25,0
1.7578125,14229.98046875,15479.98046875,15550.29296875,15323.73046875,0
1.76171875,11312.5,-9313.96484375,-3062.98828125,-12315.4296875,0
1.765625,-13013.671875,14971.19140625,14981.4453125,-9040.52734375,0
1.76953125,14519.04296875,15292.48046875,15949.21875,15683.10546875,0
1.7734375,11436.5234375,-5063.4765625,1561.03515625,-4190.91796875,0
1.77734375,-5008.7890625,-9030.2734375,-1033.69140625,-15061.03515625,0
1.78125,14331.54296875,15558.10546875,15714.35546875,15151.85546875,0
1.78515625,2810.05859375,-10690.91796875,-437.98828125,-12940.91796875,0
1.7890625,1005.37109375,-15034.1796875,-13003.90625,-11054.6875,0
1.79296875,14784.66796875,15550.29296875,15862.79296875,15190.91796875,0
1.796875,2934.08203125,-8064.94140625,-3689.453125,-11565.91796875,0
1.80078125,3013.18359375,8970.703125,-11010.25390625,4946.2890625,0
1.8046875,15190.4296875,15401.85546875,15870.60546875,15206.54296875,0
1.80859375,-568.359375,-13690.4296875,-3938.4765625,-12440.4296875,0
1.8125,-13002.9296875,-5024.4140625,4989.2578125,10954.1015625,0
1.81640625,15823.73046875,15495.60546875,-15917.96875,15159.66796875,0
1.8203125,5180.6640625,-7688.96484375,187.01171875,-13815.91796875,0
1.82421875,-3020.99609375,2970.21484375,8989.74609375,-13056.15234375,0
1.828125,-15848.14453125,15464.35546875,15839.35546875,14979.98046875,0
1.83203125,15182.12890625,-9940.4296875,-3813.96484375,-12565.4296875,0
1.8359375,977.5390625,-5031.73828125,-7015.13671875,-7049.31640625,0
1.83984375,-15699.70703125,15526.85546875,15737.79296875,14948.73046875,0
1.84375,-15818.84765625,-8438.96484375,-4563.4765625,-14189.94140625,0
1.84765625,-15045.8984375,982.91015625,-13004.8828125,-1042.96875,0
1.8515625,-15691.89453125,15440.91796875,15714.35546875,15058.10546875,0
1.85546875,-7194.82421875,-9939.453125,-7063.96484375,-13940.91796875,0
1.859375,-9076.66015625,-1021.484375,-3018.06640625,-3041.9921875,0
1.86328125,-15957.51953125,15464.35546875,15565.91796875,15089.35546875,0
1.8671875,-817.87109375,-12064.453125,-5688.96484375,-14189.94140625,0
1.87109375,-5091.30859375,-9013.18359375,-11028.3203125,944.82421875,0
1.875,15628.41796875,15675.29296875,15620.60546875,14854.98046875,0
1.87890625,-441.89453125,-5439.453125,-4313.96484375,12308.59375,0
1.8828125,920.8984375,2960.9375,-11015.625,-11043.9453125,0
1.88671875,15472.16796875,15401.85546875,15784.66796875,15136.23046875,0
1.890625,-192.3828125,-10065.4296875,-5189.453125,14057.6171875,0
1.89453125,14885.25390625,-1030.76171875,-5022.4609375,-13068.359375,0
1.8984375,14823.73046875,15526.85546875,15448.73046875,14925.29296875,0
1.90234375,-813.96484375,-7314.453125,-8187.98828125,13933.10546875,0
1.90625,6901.3671875,10962.890625,-9004.39453125,-3054.6875,0
1.91015625,14957.03125,15503.41796875,15667.48046875,15190.91796875,0
1.9140625,3437.5,-7690.4296875,-4312.98828125,-12440.91796875,0
1.91796875,-7077.1484375,10950.68359375,-10995.60546875,10958.49609375,0
1.921875,14597.16796875,15229.98046875,15753.41796875,15386.23046875,0
1.92578125,-5562.01171875,-11439.94140625,-6188.4765625,-13692.3828125,0
1.9296875,8930.17578125,8970.21484375,2982.421875,2927.734375,0
1.93359375,14183.10546875,15386.23046875,15550.29296875,15128.41796875,0
1.9375,-13311.5234375,-10189.94140625,-5563.4765625,-13565.91796875,0
1.94140625,-7044.43359375,-1028.80859375,-1017.578125,12950.68359375,0
1.9453125,14253.41796875,15729.98046875,15854.98046875,15331.54296875,0
1.94921875,15437.98828125,-4564.453125,-1189.453125,-9815.91796875,0
1.953125,4983.3984375,14974.609375,-7021.484375,-5048.828125,0
1.95703125,14354.98046875,15464.35546875,15573.73046875,15167.48046875,0
1.9609375,7061.03515625,-9689.453125,-8938.4765625,-14816.40625,0
1.96484375,-999.0234375,2964.35546875,2997.0703125,10938.96484375,0
1.96875,14573.73046875,15354.98046875,15847.16796875,15339.35546875,0
1.97265625,7561.03515625,-8814.94140625,-5188.4765625,-8565.4296875,0
1.9765625,-4972.65625,-15038.0859375,10992.67578125,2937.01171875,0
1.98046875,14940.91796875,15347.16796875,15597.16796875,14956.54296875,0
1.984375,4310.05859375,-8439.94140625,-7189.94140625,-12315.91796875,0
1.98828125,9038.0859375,-11045.8984375,-3030.76171875,-3051.26953125,0
1.9921875,15464.35546875,15417.48046875,15831.54296875,15237.79296875,0
1.99609375,3307.6171875,-7313.96484375,-2437.98828125,-12440.91796875,0
2.0,-10995.1171875,6982.421875,10987.79296875,10939.453125,0
2.00390625,15995.60546875,15706.54296875,15683.10546875,15104.98046875,0
2.0078125,8807.12890625,-6564.453125,-4938.96484375,-10814.94140625,0
2.01171875,-2994.62890625,12981.93359375,-13020.01953125,958.984375,0
2.015625,-15957.51953125,15487.79296875,15729.98046875,15159.66796875,0
2.01953125,10556.15234375,-13315.91796875,-3188.4765625,-10439.453125,0
2.0234375,-11049.8046875,-5036.62109375,10987.3046875,-15037.109375,0
2.02734375,15722.16796875,15456.54296875,15401.85546875,14886.23046875,0
2.03125,10679.6875,-7939.453125,-13939.453125,11933.10546875,0
2.03515625,12927.734375,-3035.64453125,-1004.8828125,-3071.2890625,0
2.0390625,-15918.45703125,15479.98046875,15675.29296875,14683.10546875,0
2.04296875,-6443.359375,-8440.4296875,-7313.96484375,12308.59375,0
2.046875,-1064.94140625,-1033.69140625,-9015.625,-5055.17578125,0
2.05078125,-15863.28125,15558.10546875,15690.91796875,14948.73046875,0
2.0546875,931.15234375,-9565.91796875,-6439.453125,15934.08203125,0
2.05859375,-13093.26171875,-15049.8046875,-9026.85546875,949.21875,0
2.0625,15683.59375,15347.16796875,15472.16796875,15058.10546875,0
2.06640625,2058.10546875,-7189.453125,-6939.94140625,-15440.4296875,0
2.0703125,-11092.28515625,-15030.76171875,-3025.390625,-11035.64453125,0
2.07421875,15519.53125,15503.41796875,15792.48046875,15276.85546875,0
2.078125,7435.05859375,-7439.94140625,-4313.96484375,-11814.94140625,0
2.08203125,-9098.6328125,-1040.52734375,-9024.90234375,-7033.69140625,0
2.0859375,15011.71875,15245.60546875,15628.41796875,15323.73046875,0
2.08984375,2060.05859375,-13565.4296875,-6189.94140625,-13190.4296875,0
2.09375,-13120.1171875,-15029.296875,-1025.87890625,8963.37890625,0
2.09765625,14628.90625,15573.73046875,15745.60546875,15229.98046875,0
2.1015625,1187.5,-9314.453125,-4563.96484375,-13691.40625,0
2.10546875,-11086.9140625,2968.26171875,8979.4921875,-13046.38671875,0
2.109375,14487.79296875,15276.85546875,15714.35546875,15370.60546875,0
2.11328125,-7187.5,-11939.94140625,-4314.453125,-12941.89453125,0
2.1171875,8932.6171875,-7021.484375,10969.23828125,-3050.29296875,0
2.12109375,14542.48046875,15519.04296875,15745.60546875,15339.35546875,0
2.125,-8436.03515625,-11815.4296875,-5063.96484375,-11940.4296875,0
2.12890625,6957.51953125,-11038.0859375,-11018.5546875,2947.75390625,0
2.1328125,14425.29296875,15409.66796875,15644.04296875,15237.79296875,0
2.13671875,-15562.98828125,-8315.4296875,-2563.4765625,-11566.40625,0
2.140625,2966.796875,-9055.6640625,-7023.4375,-3056.640625,0
2.14453125,14433.10546875,15339.35546875,15456.54296875,15354.98046875,0
2.1484375,10061.03515625,-5438.96484375,-5187.98828125,-7565.4296875,0
2.15234375,11004.8828125,-15020.5078125,-9021.97265625,6944.82421875,0
2.15625,14823.73046875,15698.73046875,15354.98046875,15284.66796875,0
2.16015625,6184.08203125,-3938.96484375,-5938.4765625,-9940.91796875,0
2.1640625,6992.1875,10975.09765625,4981.93359375,14937.01171875,0
2.16796875,14745.60546875,15503.41796875,15659.66796875,15081.54296875,0
2.171875,683.10546875,-11065.4296875,-5314.453125,-12065.4296875,0
2.17578125,1001.953125,-7036.1328125,-9020.5078125,937.01171875,0
2.1796875,15604.98046875,15479.98046875,15714.35546875,15159.66796875,0
2.18359375,8432.12890625,-7939.94140625,-6063.96484375,-10440.91796875,0
2.1875,-8999.51171875,-1028.3203125,8980.95703125,-9058.10546875,0
2.19140625,15909.66796875,15456.54296875,15722.16796875,15050.29296875,0
2.1953125,9932.6171875,-8814.94140625,-2939.453125,-10064.94140625,0
2.19921875,-15013.18359375,8951.171875,-5031.73828125,14938.4765625,0
2.203125,-15941.89453125,15394.04296875,15612.79296875,14979.98046875,0
2.20703125,11806.15234375,-8689.94140625,-4437.98828125,-12190.91796875,0
2.2109375,-9033.69140625,4972.16796875,-14999.0234375,-1051.26953125,0
2.21484375,-15723.14453125,15581.54296875,15995.60546875,15050.29296875,0
2.21875,-13819.3359375,-7439.453125,-2688.4765625,-11439.453125,0
2.22265625,14943.359375,14972.16796875,-12997.55859375,-15036.62109375,0
2.2265625,-15879.39453125,15612.79296875,15956.54296875,15151.85546875,0
2.23046875,-6693.359375,-5064.453125,-4813.96484375,-14565.91796875,0
2.234375,-7073.2421875,-7027.83203125,-11003.90625,2950.1953125,0
2.23828125,15847.16796875,15581.54296875,15722.16796875,15370.60546875,0
2.2421875,-2068.359375,-7814.94140625,-9188.96484375,-13066.40625,0
2.24609375,6904.78515625,6965.33203125,14984.86328125,10945.3125,0
2.25,15636.71875,15495.60546875,15769.04296875,14979.98046875,0
2.25390625,2683.10546875,-7689.94140625,-3938.96484375,-15690.91796875,0
2.2578125,897.4609375,8947.75390625,986.81640625,-11039.0625,0
2.26171875,15480.46875,15136.23046875,-15925.78125,15456.54296875,0
2.265625,8684.5703125,-8064.94140625,937.01171875,-11565.4296875,0
2.26953125,-3100.5859375,14962.40234375,6998.046875,-13030.76171875,0
2.2734375,15105.46875,15659.66796875,15870.60546875,15550.29296875,0
2.27734375,4186.03515625,-5688.96484375,-6314.453125,-12066.40625,0
2.28125,-13108.88671875,8975.5859375,-1013.18359375,-7053.22265625,0
2.28515625,14581.54296875,15534.66796875,15995.60546875,15308.10546875,0
2.2890625,-1562.98828125,-9314.94140625,-1438.96484375,-11941.40625,0
2.29296875,-5077.63671875,14970.703125,-9011.23046875,-5043.9453125,0
2.296875,14753.41796875,15425.29296875,15815.91796875,15417.48046875,0
2.30078125,-5687.98828125,-6814.94140625,-3063.96484375,-8316.40625,0
2.3046875,-3081.54296875,-7045.41015625,-7018.5546875,-15060.546875,0
2.30859375,14269.04296875,15284.66796875,15769.04296875,15433.10546875,0
2.3125,-13812.01171875,-10939.453125,-6189.453125,-11066.40625,0
2.31640625,12957.03125,8965.8203125,-13024.4140625,-11056.15234375,0
2.3203125,14214.35546875,15261.23046875,15472.16796875,15315.91796875,0
2.32421875,12187.01171875,-10065.4296875,-5312.98828125,-10190.91796875,0
2.328125,-9016.11328125,-7040.52734375,-11003.90625,10946.77734375,0
2.33203125,14542.48046875,15542.48046875,15862.79296875,15394.04296875,0
2.3359375,13437.01171875,-7064.94140625,-2188.4765625,-8565.91796875,0
2.33984375,5002.44140625,14961.9140625,-13022.94921875,-11051.7578125,0
2.34375,14737.79296875,15604.98046875,15550.29296875,15425.29296875,0
2.34765625,7810.546875,-6689.94140625,-3313.96484375,-8314.94140625,0
2.3515625,3026.3671875,-15040.0390625,-1019.53125,955.56640625,0
2.35546875,15222.16796875,15362.79296875,-15964.84375,15315.91796875,0
2.359375,4684.08203125,-6313.96484375,2687.01171875,-8064.453125,0
2.36328125,15019.04296875,-9025.87890625,10994.62890625,-13048.828125,0
2.3671875,15417.48046875,15511.23046875,-15949.70703125,15089.35546875,0
2.37109375,1181.640625,-10315.91796875,-2188.4765625,-11690.4296875,0
2.375,-5011.71875,-1038.57421875,-13015.13671875,-13052.24609375,0
2.37890625,15690.91796875,15534.66796875,15854.98046875,15011.23046875,0
2.3828125,6931.15234375,-7689.94140625,-2063.96484375,-13065.91796875,0
2.38671875,-9022.4609375,-15031.25,4979.4921875,-9050.78125,0
2.390625,-15840.33203125,15589.35546875,15901.85546875,15214.35546875,0
2.39453125,15306.640625,-5063.96484375,-939.453125,-11440.4296875,0
2.3984375,2957.03125,14973.6328125,-3026.85546875,-5051.7578125,0
2.40234375,-15902.83203125,15464.35546875,15870.60546875,14878.41796875,0
2.40625,14679.6875,-9689.94140625,-2937.98828125,-14815.4296875,0
2.41015625,-1071.2890625,-15042.96875,14993.65234375,-15054.19921875,0
2.4140625,-15926.26953125,15315.91796875,15745.60546875,14886.23046875,0
2.41796875,-6819.3359375,-7938.96484375,-2312.98828125,14434.08203125,0
2.421875,-1081.0546875,-15020.01953125,10982.421875,14945.3125,0
2.42578125,15792.48046875,15604.98046875,15644.04296875,14854.98046875,0
2.4296875,-2193.359375,-6939.94140625,-4063.4765625,12933.59375,0
2.43359375,8905.2734375,-1025.87890625,-9012.20703125,6942.87109375,0
2.4375,15730.46875,15612.79296875,15800.29296875,14995.60546875,0
2.44140625,7808.59375,-7064.453125,-1188.4765625,-14565.4296875,0
2.4453125,12898.92578125,8969.7265625,-7011.71875,10961.42578125,0
2.44921875,15371.09375,15558.10546875,15980.46875,15378.41796875,0
2.453125,3184.5703125,-6939.453125,436.03515625,-10314.94140625,0
2.45703125,896.484375,973.14453125,-9020.5078125,-13025.390625,0
2.4609375,14886.71875,15659.66796875,15940.91796875,15370.60546875,0
2.46484375,1061.03515625,-7939.94140625,-437.5,-11439.94140625,0
2.46875,2888.18359375,10971.19140625,-11004.8828125,-3031.25,0
2.47265625,14269.04296875,15612.79296875,15761.23046875,15339.35546875,0
2.4765625,-10314.453125,-7814.94140625,-3313.4765625,-15941.89453125,0
2.48046875,-9098.6328125,-3032.2265625,8989.2578125,-15048.828125,0
2.484375,14315.91796875,15558.10546875,15894.04296875,15261.23046875,0
2.48828125,-12437.98828125,-4813.4765625,-2313.4765625,-13941.40625,0
2.4921875,-15081.0546875,-15020.5078125,14988.76953125,-5050.29296875,0
2.49609375,13878.41796875,15573.73046875,15886.23046875,15128.41796875,0
2.5,12186.5234375,-6814.453125,-2688.4765625,-14940.91796875,0
2.50390625,-3052.734375,6966.796875,-7001.953125,4953.61328125,0
2.5078125,14104.98046875,15394.04296875,15933.10546875,15237.79296875,0
2.51171875,9687.01171875,-10189.453125,-2688.4765625,-14816.89453125,0
2.515625,-3027.34375,2968.26171875,979.98046875,2934.08203125,0
2.51953125,14050.29296875,15323.73046875,15706.54296875,15245.60546875,0
2.5234375,4935.546875,-10689.94140625,-5563.4765625,-13692.3828125,0
2.52734375,996.09375,968.26171875,6970.703125,14922.36328125,0
2.53125,14589.35546875,15472.16796875,15284.66796875,14909.66796875,0
2.53515625,4685.05859375,-8939.453125,-2562.98828125,-14691.40625,0
2.5390625,-10987.79296875,-15039.0625,-5014.16015625,928.22265625,0
2.54296875,15104.98046875,15479.98046875,-15894.53125,15159.66796875,0
2.546875,5683.59375,-3689.94140625,3811.5234375,-11941.40625,0
2.55078125,13012.6953125,8975.09765625,-7007.32421875,2930.6640625,0
2.5546875,15589.35546875,-15996.58203125,15808.10546875,15034.66796875,0
2.55859375,3305.17578125,-3189.94140625,-3312.01171875,15431.15234375,0
2.5625,8943.84765625,12958.984375,-11005.859375,-3121.09375,0
2.56640625,14885.7421875,15690.91796875,15949.21875,13963.8671875,0
2.5703125,-14077.1484375,-6441.40625,7937.5,-3699.70703125,0
2.57421875,-1192.87109375,-11043.45703125,-4987.3046875,14774.90234375,0
2.578125,12900.87890625,15894.04296875,-15660.15625,11635.25390625,0
2.58203125,-7081.54296875,-5688.4765625,7814.94140625,-10580.078125,0
2.5859375,-5267.08984375,2985.83984375,-962.890625,10700.1953125,0
2.58984375,12236.81640625,15566.40625,-15542.96875,10635.25390625,0
2.59375,-13960.44921875,1812.01171875,6312.98828125,6416.50390625,0
2.59765625,8679.19921875,-1035.64453125,-8994.62890625,-1311.5234375,0
2.6015625,11838.37890625,-15957.03125,-15542.96875,10783.69140625,0
2.60546875,-10333.984375,-15558.59375,3437.01171875,10543.45703125,0
2.609375,-7340.8203125,-2955.078125,-11022.4609375,-11307.6171875,0
2.61328125,11861.81640625,-14457.03125,15097.16796875,11236.81640625,0
2.6171875,-587.890625,-4804.6875,12431.640625,-10833.49609375,0
2.62109375,551.7578125,-4759.765625,14911.62109375,2680.6640625,0
2.625,9400.390625,-11956.0546875,13541.9921875,10971.19140625,0
2.62890625,15525.87890625,12711.9140625,8046.875,7166.50390625,0
2.6328125,-13668.45703125,1427.24609375,6636.71875,-15322.265625,0
2.63671875,5751.46484375,-8423.828125,6829.1015625,10087.890625,0
2.640625,8266.11328125,8100.09765625,9135.7421875,-7963.8671875,0
2.64453125,-7959.47265625,15641.11328125,-5927.24609375,14571.2890625,0
2.6484375,0.0,-5681.15234375,226.5625,8868.65234375,0
2.65234375,1250.0,9108.3984375,0.0,-3095.21484375,0
2.65625,2.9296875,-6194.3359375,6000.0,-1478.515625,0
2.66015625,0.0,-1555.17578125,0.0,8650.390625,0
2.6640625,15633.7890625,-5126.953125,0.0,15410.15625,0
2.66796875,8131.34765625,13973.14453125,0.0,8596.19140625,0
2.671875,2571.2890625,-398.92578125,0.0,9486.328125,0
2.67578125,7272.94921875,-6501.953125,0.0,-15840.33203125,0
2.6796875,12339.35546875,-8025.87890625,10.25390625,14588.37890625,0
2.68359375,5431.15234375,-406.73828125,0.0,9986.81640625,0
2.6875,5654.296875,-6501.953125,-13714.35546875,2415.52734375,0
2.69140625,-5541.9921875,-8025.87890625,-4772.4609375,669.43359375,0
2.6953125,7158.203125,-406.73828125,-4578.61328125,11252.9296875,0
2.69921875,-13333.49609375,-6501.953125,-7752.44140625,2045.41015625,0
2.703125,-15335.44921875,-8025.87890625,-30.2734375,-11266.11328125,0
2.70703125,9955.078125,-406.73828125,-383.30078125,13135.7421875,0
2.7109375,-7333.0078125,-6626.953125,-6501.953125,15424.31640625,0
2.71484375,-9285.64453125,-8025.87890625,-8026.3671875,-3202.1484375,0
2.71875,10158.69140625,-406.73828125,-406.73828125,13128.41796875,0
2.72265625,7669.43359375,-6501.953125,-6627.44140625,1553.7109375,0
2.7265625,-1225.09765625,-8025.87890625,15957.03125,4825.68359375,0
2.73046875,11729.00390625,-406.73828125,-1695.80078125,13995.60546875,0
2.734375,13169.921875,-6501.953125,-52.734375,6806.15234375,0
2.73828125,8825.68359375,-8025.87890625,-12000.0,-3078.61328125,0
2.7421875,12635.25390625,-406.73828125,132.8125,14823.73046875,0
2.74609375,-15330.56640625,-6501.953125,7250.0,12808.10546875,0
2.75,-9169.921875,-6025.390625,0.0,-7018.5546875,0
2.75390625,15128.41796875,-406.73828125,0.0,-14394.04296875,0
2.7578125,6933.59375,-6501.953125,0.0,11702.1484375,0
2.76171875,-10887.6953125,-8025.390625,0.0,9329.58984375,0
2.765625,-14043.45703125,-406.73828125,0.0,-10752.9296875,0
2.76953125,14426.26953125,-6501.953125,0.0,2073.73046875,0
2.7734375,12841.796875,-8025.390625,0.0,-6852.05078125,0
2.77734375,13729.4921875,-398.92578125,0.0,-14246.09375,0
2.78125,3916.015625,-6501.953125,0.0,-6807.12890625,0
2.78515625,4731.4453125,-8025.390625,0.0,-6878.41796875,0
2.7890625,13643.5546875,-398.92578125,0.0,-13894.53125,0
2.79296875,13918.45703125,-6501.953125,0.0,-3932.12890625,0
2.796875,14692.87109375,-8025.87890625,0.0,-12955.078125,0
2.80078125,12150.87890625,-398.92578125,0.0,-15566.89453125,0
2.8046875,-4961.42578125,-6376.953125,0.0,-1939.94140625,0
2.80859375,2647.94921875,-8025.87890625,0.0,7020.99609375,0
2.8125,11674.31640625,-406.73828125,0.0,-15395.01953125,0
2.81640625,-13837.890625,-6501.953125,0.0,15682.6171875,0
2.8203125,-3408.203125,-6025.87890625,0.0,8973.14453125,0
2.82421875,9932.12890625,-406.73828125,0.0,15214.35546875,0
2.828125,-9707.51953125,-6501.953125,0.0,-13063.4765625,0
2.83203125,-5400.87890625,-8025.390625,0.0,9006.8359375,0
2.8359375,10174.31640625,-398.92578125,0.0,-15660.15625,0
2.83984375,-6955.078125,-6376.953125,0.0,5939.94140625,0
2.84375,-7301.7578125,-8025.390625,0.0,-12898.4375,0
2.84765625,12308.10546875,-398.92578125,0.0,-13644.04296875,0
2.8515625,11687.01171875,-6376.953125,0.0,-7794.43359375,0
2.85546875,-5119.62890625,-6025.87890625,0.0,-8706.0546875,0
2.859375,13315.4296875,-406.73828125,0.0,-11308.10546875,0
2.86328125,14674.8046875,-6501.953125,0.0,-5926.7578125,0
2.8671875,-1255.37109375,-8025.87890625,0.0,-14768.5546875,0
2.87109375,10541.50390625,-406.73828125,0.0,-12143.5546875,0
2.875,-5574.70703125,-6501.953125,0.0,2829.1015625,0
2.87890625,8761.23046875,-6025.390625,0.0,-4705.56640625,0
2.8828125,10556.640625,-406.73828125,7.8125,-11081.54296875,0
2.88671875,-14340.8203125,-6376.953125,5625.48828125,-15309.08203125,0
2.890625,-5477.5390625,-8025.87890625,12022.4609375,11024.90234375,0
2.89453125,6969.7265625,-406.73828125,969.23828125,-15520.01953125,0
2.8984375,-4474.609375,-6501.953125,12512.6953125,12554.6875,0
2.90234375,-5583.984375,-8025.390625,-9790.0390625,-7168.45703125,0
2.90625,1664.0625,-406.73828125,8581.0546875,9446.77734375,0
2.91015625,2.44140625,-6376.953125,8794.43359375,-10472.65625,0
2.9140625,-5897.94921875,-6025.390625,-3383.7890625,2438.4765625,0
2.91796875,625.0,-398.92578125,14918.45703125,6540.0390625,0
2.921875,0.0,-6376.953125,-10927.734375,-8232.91015625,0
2.92578125,12000.0,-6025.87890625,15135.7421875,-5826.171875,0
2.9296875,0.0,-406.73828125,-11088.37890625,546.875,0
2.93359375,0.0,-6376.953125,-10913.0859375,0.0,0
2.9375,0.0,-6027.34375,-2599.609375,12000.0,0
2.94140625,0.0,-359.86328125,-7556.15234375,0.0,0
2.9453125,0.0,13363.76953125,103.515625,125.0,0
2.94921875,0.0,-6402.83203125,7587.40234375,-7998.53515625,0
2.953125,0.0,-10730.46875,-7173.33984375,0.0,0
2.95703125,0.0,8417.48046875,7234.375,0.0,0
2.9609375,0.0,12462.40234375,-2229.98046875,0.0,0
2.96484375,0.0,5328.61328125,-5595.703125,0.0,0
2.96875,0.0,7005.37109375,-14153.3203125,0.0,0
2.97265625,0.0,24.4140625,-8364.74609375,-15999.51171875,0
2.9765625,0.0,0.0,-5783.203125,0.0,0
2.98046875,0.0,4125.0,-4145.01953125,0.0,0
2.984375,0.0,0.0,9707.03125,0.0,0
2.98828125,0.0,15.625,-5564.453125,23.4375,0
2.9921875,625.0,1375.0,-6269.53125,1750.0,0
2.99609375,8000.0,-10000.0,-8245.60546875,-9999.0234375,0
3.0,31.25,0.0,-4462.890625,62.5,0
3.00390625,8750.9765625,-5871.09375,-12398.4375,10501.46484375,0
3.0078125,14000.0,2000.0,-14214.84375,-1995.1171875,0
3.01171875,85.9375,132.8125,-3947.265625,187.5,0
3.015625,14376.46484375,9875.9765625,-5022.94921875,13751.46484375,0
3.01953125,-16000.0,14000.0,11762.20703125,-2000.0,0
3.0234375,242.1875,109.375,-3454.58984375,312.5,0
3.02734375,11501.46484375,4125.48828125,-4144.53125,11376.46484375,0
3.03125,-13994.140625,4000.0,-14276.3671875,-13987.79296875,0
3.03515625,476.5625,187.5,-4947.265625,609.375,0
3.0390625,-6120.1171875,8375.48828125,-13404.296875,-13497.0703125,0
3.04296875,6011.71875,-7990.234375,15580.56640625,-9976.07421875,0
3.046875,742.1875,476.5625,-6666.015625,914.0625,0
3.05078125,-6742.1875,12502.44140625,5845.21484375,-6494.140625,0
3.0546875,-7946.2890625,4000.0,3631.34765625,-13967.28515625,0
3.05859375,3995.1171875,2118.65234375,-5595.703125,4135.25390625,0
3.0625,2942.3828125,12786.1328125,-12032.2265625,-2688.4765625,0
3.06640625,9179.6875,-15322.265625,-12530.76171875,13132.32421875,0
3.0703125,-14996.58203125,11009.27734375,-8689.94140625,-13855.95703125,0
3.07421875,13305.17578125,-7229.00390625,-12533.203125,-7949.70703125,0
3.078125,-13095.21484375,8361.81640625,3519.04296875,814.453125,0
3.08203125,-13074.21875,10033.203125,-7462.890625,-12902.34375,0
3.0859375,-8566.40625,-15854.98046875,12470.703125,-5447.265625,0
3.08984375,11245.1171875,6544.43359375,-6630.37109375,-4903.80859375,0
3.09375,-14700.1953125,7453.61328125,-9369.140625,-15629.8828125,0
3.09765625,-10686.03515625,12894.04296875,9717.7734375,-14315.4296875,0
3.1015625,1427.734375,10725.09765625,-6704.1015625,-14708.0078125,0
3.10546875,-9268.5546875,12596.19140625,-11838.37890625,-10557.6171875,0
3.109375,211.42578125,15169.921875,585.9375,1583.984375,0
3.11328125,-225.5859375,9087.890625,13265.625,11666.9921875,0
3.1171875,-3752.44140625,-11019.53125,-12987.3046875,-4346.19140625,0
3.12109375,-10405.76171875,-6309.08203125,-13161.62109375,-12535.15625,0
3.125,-6312.5,9075.1953125,5198.2421875,-12449.21875,0
3.12890625,-10450.68359375,13282.71484375,-14362.3046875,-12310.05859375,0
3.1328125,-9332.51953125,9396.484375,6582.03125,-13583.49609375,0
3.13671875,3114.2578125,-11300.78125,-8838.8671875,6985.83984375,0
3.140625,-10363.28125,12267.08984375,-13135.25390625,-13238.76953125,0
3.14453125,14798.33984375,7258.30078125,-11903.80859375,-827.63671875,0
3.1484375,11253.41796875,-13452.1484375,-668.45703125,-2823.2421875,0
3.15234375,-6237.79296875,14181.640625,-13541.9921875,-8683.59375,0
3.15625,5203.125,8792.48046875,-14036.1328125,8950.1953125,0
3.16015625,5411.1328125,8824.21875,1473.6328125,-12648.4375,0
3.1640625,-9612.79296875,12455.078125,-9666.50390625,-11824.21875,0
3.16796875,-10065.91796875,-8718.75,5587.890625,-11193.359375,0
3.171875,6980.95703125,724.12109375,-4657.2265625,6927.24609375,0
3.17578125,-12064.94140625,15332.03125,-10776.3671875,-14346.6796875,0
3.1796875,5564.453125,5176.26953125,-15412.59765625,3062.98828125,0
3.18359375,-12984.375,-5149.4140625,1390.625,9020.99609375,0
3.1875,-14292.48046875,14174.8046875,-10448.2421875,-15723.14453125,0
3.19140625,13066.89453125,15421.875,13709.47265625,-937.5,0
3.1953125,4951.171875,-5324.21875,-10504.8828125,6972.65625,0
3.19921875,14449.21875,7353.515625,-8229.00390625,13956.54296875,1
3.203125,-3051.7578125,8036.62109375,3336.9140625,-3055.6640625,1
3.20703125,12865.234375,12409.66796875,9503.90625,14892.578125,1
3.2109375,12480.46875,3938.96484375,-7268.5546875,12120.60546875,1
3.21484375,3572.265625,9165.0390625,-6304.19921875,5690.91796875,1
3.21875,10772.4609375,2425.29296875,7308.59375,-13197.75390625,1
3.22265625,5791.50390625,0.48828125,-6321.77734375,6314.94140625,1
3.2265625,-14312.01171875,-8596.6796875,3726.5625,2306.640625,1
3.23046875,-11037.59765625,532.2265625,-6343.26171875,4943.84765625,1
3.234375,15184.08203125,10401.85546875,-4915.52734375,15332.51953125,1
3.23828125,-14659.1796875,4444.3359375,1719.23828125,833.49609375,1
3.2421875,-12736.328125,10974.12109375,-4405.2734375,-6763.671875,1
3.24609375,-14604.98046875,12838.8671875,-4556.15234375,-13972.16796875,1
3.25,-1652.83203125,-10932.6171875,-6524.4140625,-8033.69140625,1
3.25390625,11110.83984375,6535.15625,-2333.49609375,-10951.171875,1
3.2578125,10253.41796875,1689.453125,-3157.2265625,10354.98046875,1
3.26171875,-14050.78125,-10575.68359375,6104.00390625,-15807.12890625,1
3.265625,9061.5234375,-5279.296875,5625.48828125,-9049.31640625,1
3.26953125,14175.78125,12159.66796875,-5220.21484375,14113.28125,1
3.2734375,-10919.43359375,-12304.6875,8599.609375,-8423.33984375,1
3.27734375,3131.8359375,5015.625,-14402.83203125,3021.484375,1
3.28125,13167.48046875,13104.98046875,-5462.890625,13214.84375,1
3.28515625,-10307.6171875,-4937.98828125,-9152.34375,2566.40625,1
3.2890625,12957.51953125,-3406.25,-399.90234375,10879.39453125,1
3.29296875,13214.35546875,7259.765625,-5657.71484375,12894.04296875,1
3.296875,6054.6875,-222.16796875,13729.98046875,-12946.77734375,1
3.30078125,2918.45703125,482.421875,-14366.2109375,-7199.70703125,1
3.3046875,-15465.8203125,11712.890625,-6360.83984375,15440.91796875,1
3.30859375,-4827.1484375,15532.2265625,5725.5859375,6799.8046875,1
3.3125,8875.9765625,-1345.21484375,-482.91015625,-5201.66015625,1
3.31640625,-14918.45703125,13511.23046875,-9244.62890625,15136.23046875,1
3.3203125,-6946.77734375,10436.5234375,-4899.90234375,-11571.2890625,1
3.32421875,7042.96875,15222.65625,9547.36328125,4972.16796875,1
3.328125,-10324.21875,-7377.44140625,-9939.94140625,-12277.34375,1
3.33203125,-9582.03125,12187.98828125,8473.6328125,-14829.1015625,1
3.3359375,-15137.6953125,9019.04296875,15629.39453125,14850.09765625,1
3.33984375,-11456.54296875,-9370.60546875,-7072.265625,-12769.53125,1
3.34375,5925.29296875,-9698.2421875,-4018.06640625,-1572.75390625,1
3.34765625,14909.1796875,-3028.3203125,-14317.87109375,-7087.40234375,1
3.3515625,-12300.29296875,-14395.01953125,-7541.015625,-13511.23046875,1
3.35546875,-7199.21875,-5583.984375,478.515625,11679.19921875,1
3.359375,796.875,-13392.08984375,15713.8671875,-13158.69140625,1
3.36328125,-9956.0546875,15159.1796875,-8275.87890625,-10643.5546875,1
3.3671875,-1577.1484375,13136.71875,4097.65625,12423.828125,1
3.37109375,-7121.09375,2167.96875,11535.64453125,922.36328125,1
3.375,-14214.35546875,7556.640625,-9166.9921875,-14589.35546875,1
3.37890625,-8430.6640625,15659.66796875,10457.51953125,569.82421875,1
3.3828125,15078.125,12639.16015625,-12561.5234375,3161.1328125,1
3.38671875,-11478.515625,12823.73046875,-9752.9296875,-11260.25390625,1
3.390625,2831.0546875,-8078.61328125,2330.078125,12329.1015625,1
3.39453125,-10826.171875,10728.02734375,7356.93359375,-4772.94921875,1
3.3984375,-10698.73046875,13486.328125,-11370.1171875,-10448.73046875,1
3.40234375,-11173.828125,-3833.0078125,9455.078125,1697.75390625,1
3.40625,11266.11328125,-5238.76953125,11312.98828125,-10680.6640625,1
3.41015625,-13870.60546875,8892.08984375,-9909.1796875,-13285.15625,1
3.4140625,6583.0078125,-13338.8671875,-8048.33984375,-13425.29296875,1
3.41796875,-14781.25,6547.8515625,-14838.8671875,-12797.8515625,1
3.421875,-14925.29296875,7009.765625,-13363.28125,-14479.98046875,1
3.42578125,-1788.0859375,14041.50390625,-4067.87109375,15578.61328125,1
3.4296875,-12626.46484375,14768.5546875,714.35546875,-4647.94921875,1
3.43359375,-13941.89453125,7937.98828125,14668.45703125,-12621.58203125,1
3.4375,6327.63671875,-2716.30859375,-1310.05859375,8321.77734375,1
3.44140625,-8743.1640625,-5430.6640625,-7141.11328125,-8785.15625,1
3.4453125,14870.60546875,5337.40234375,-14472.16796875,-15980.46875,1
3.44921875,-664.0625,10542.48046875,-9315.91796875,13456.54296875,1
3.453125,-10562.01171875,-15270.5078125,-11111.328125,-14660.64453125,1
3.45703125,-12572.75390625,10871.09375,-12268.06640625,-11721.19140625,1
3.4609375,7111.81640625,5466.30859375,14221.19140625,-3263.18359375,1
3.46484375,-14143.06640625,15762.6953125,-12335.44921875,-14153.80859375,1
3.46875,-3000.48828125,-1875.48828125,-2453.61328125,-2641.11328125,1
3.47265625,-4376.953125,-6751.953125,14121.09375,-4251.953125,1
3.4765625,-2031.25,-8028.80859375,-12037.59765625,-4029.78515625,1
3.48046875,-414.55078125,-406.73828125,-406.73828125,-398.92578125,1
3.484375,-6626.953125,-6501.953125,-6376.953125,-6501.953125,1
3.48828125,-6035.15625,-8025.87890625,-10025.87890625,-8025.87890625,1
3.4921875,-266.11328125,-406.73828125,-406.73828125,-406.73828125,1
3.49609375,6351.5625,-6501.953125,-6501.953125,-6002.44140625,1
3.5,-12490.234375,-8025.87890625,-8025.87890625,-14019.53125,1
3.50390625,-11333.0078125,-406.73828125,-406.73828125,-1228.515625,1
3.5078125,-15097.16796875,-6501.953125,-6501.953125,-6798.828125,1
3.51171875,8242.67578125,-6025.390625,-8025.87890625,-5008.30078125,1
3.515625,1312.5,-406.73828125,-406.73828125,12916.015625,1
3.51953125,0.0,-6376.953125,-6751.953125,-4222.16796875,1
3.5234375,14000.48828125,-2032.2265625,13944.82421875,10330.56640625,1
3.52734375,0.0,-297.36328125,-1485.83984375,3476.5625,1
3.53125,0.0,10603.515625,1912.109375,-12623.53515625,1
3.53515625,0.0,-10589.35546875,-2000.0,12017.578125,1
3.5390625,0.0,-12902.83203125,500.0,0.0,1
3.54296875,0.0,-4200.1953125,1875.0,0.0,1
3.546875,-14000.0,-7433.59375,0.0,0.0,1
3.55078125,1039.55078125,5125.0,0.0,0.0,1
3.5546875,6756.8359375,-7000.0,0.0,0.0,1
3.55859375,-7829.58984375,4.8828125,0.0,0.0,1
3.5625,5181.15234375,7.8125,0.0,0.0,1
3.56640625,14149.4140625,0.0,0.0,0.0,1
3.5703125,14403.80859375,0.0,0.0,8000.0,1
3.57421875,8229.00390625,0.0,0.0,492.1875,1
3.578125,4038.57421875,0.0,0.0,-6368.65234375,1
3.58203125,-7364.2578125,0.0,0.0,4159.1796875,1
3.5859375,12323.2421875,0.0,0.0,4430.6640625,1
3.58984375,-13073.73046875,0.0,0.0,5892.08984375,1
3.59375,8814.453125,0.0,0.9765625,10354.98046875,1
3.59765625,13886.23046875,0.0,0.0,6243.65234375,1
3.6015625,14685.05859375,0.0,4753.90625,4400.87890625,1
3.60546875,-1076.171875,0.0,-1829.58984375,14466.30859375,1
3.609375,14690.91796875,0.0,5728.02734375,7978.515625,1
3.61328125,-932.12890625,0.0,-10465.33203125,3658.69140625,1
3.6171875,5040.52734375,0.0,8699.21875,4568.84765625,1
3.62109375,-15800.78125,0.0,13261.23046875,9635.25390625,1
3.625,-7552.734375,0.0,-4681.15234375,1663.0859375,1
3.62890625,5115.72265625,0.0,-10794.43359375,-9393.5546875,1
3.6328125,-15566.40625,0.0,-10556.640625,9892.578125,1
3.63671875,5193.84765625,0.0,13605.46875,-1461.42578125,1
3.640625,5125.48828125,0.0,-253.90625,2631.34765625,1
3.64453125,-15261.71875,0.0,-2868.1640625,10744.62890625,1
3.6484375,5440.4296875,0.0,15738.76953125,14290.0390625,1
3.65234375,-875.48828125,0.0,3914.55078125,-5332.03125,1
3.65625,-14980.95703125,0.0,-766.11328125,11150.87890625,1
3.66015625,-185.05859375,0.0,-10376.953125,15667.96875,1
3.6640625,-8877.44140625,0.0,9973.6328125,12714.84375,1
3.66796875,-15168.45703125,0.0,-406.73828125,11291.50390625,1
3.671875,-8812.01171875,0.0,-6501.953125,-13455.56640625,1
3.67578125,-905.2734375,0.0,-6025.87890625,2718.26171875,1
3.6796875,-15199.70703125,0.0,-406.73828125,11322.75390625,1
3.68359375,15559.08203125,0.0,-6376.953125,-13580.56640625,1
3.6875,-4925.78125,0.0,-8025.87890625,-9241.2109375,1
3.69140625,-14770.01953125,0.0,-414.55078125,12104.00390625,1
3.6953125,-10191.40625,0.0,-7126.953125,-3203.125,1
3.69921875,-9014.16015625,0.0,3964.35546875,-7243.65234375,1
3.703125,-15738.76953125,0.0,-687.98828125,11838.37890625,1
3.70703125,-14693.359375,0.0,-11881.34765625,-827.1484375,1
3.7109375,8974.12109375,0.0,5748.046875,-7211.9140625,1
3.71484375,-15566.89453125,0.0,-5845.703125,12518.5546875,1
3.71875,-9192.3828125,0.0,-12031.73828125,5800.29296875,1
3.72265625,-1038.57421875,0.0,9396.484375,12823.73046875,1
3.7265625,15894.04296875,0.0,-11136.23046875,12612.3046875,1
3.73046875,-6067.87109375,0.0,-2927.24609375,7175.29296875,1
3.734375,2923.828125,0.0,1134.27734375,6835.44921875,1
3.73828125,-15863.28125,0.0,-13409.66796875,13588.8671875,1
3.7421875,13810.546875,0.0,1568.359375,-4821.2890625,1
3.74609375,2929.6875,0.0,-6884.27734375,6864.74609375,1
3.75,15886.71875,0.0,-13323.73046875,13690.4296875,1
3.75390625,14686.5234375,0.0,-13548.828125,-4570.3125,1
3.7578125,-15051.26953125,0.0,3276.85546875,6893.06640625,1
3.76171875,-15871.09375,7.8125,-10956.0546875,14347.16796875,1
3.765625,-12686.5234375,0.0,12452.63671875,1303.7109375,1
3.76953125,-3065.4296875,-15952.1484375,3243.1640625,12860.83984375,1
3.7734375,15589.84375,1797.36328125,-11065.4296875,14222.16796875,1
3.77734375,14815.4296875,3008.7890625,15831.0546875,6055.17578125,1
3.78125,2952.1484375,6174.8046875,13319.3359375,-1099.12109375,1
3.78515625,15792.96875,3375.9765625,-10690.4296875,14792.48046875,1
3.7890625,-5557.6171875,3393.5546875,-5917.96875,-9066.89453125,1
3.79296875,8947.75390625,8298.33984375,11284.66796875,2891.11328125,1
3.796875,14761.71875,4985.3515625,-11761.23046875,14503.41796875,1
3.80078125,4941.89453125,-14106.4453125,-2549.31640625,-15317.3828125,1
3.8046875,-7021.97265625,-1699.70703125,-8803.7109375,-1106.93359375,1
3.80859375,14683.10546875,5313.4765625,-12706.54296875,14550.29296875,1
3.8125,-9310.546875,-4477.05078125,15694.82421875,14182.12890625,1
3.81640625,1000.9765625,-15583.0078125,-8917.96875,-15093.75,1
3.8203125,14815.91796875,7462.40234375,-15004.39453125,14761.23046875,1
3.82421875,-14561.5234375,-6969.7265625,-9697.75390625,14807.12890625,1
3.828125,-14982.91015625,10540.0390625,-9239.2578125,-5091.796875,1
3.83203125,15073.73046875,9095.703125,11096.19140625,14815.91796875,1
3.8359375,-11938.4765625,-11463.37890625,2661.1328125,-12567.3828125,1
3.83984375,13020.99609375,-11423.33984375,2563.4765625,6912.109375,1
3.84375,15347.16796875,9033.203125,9205.078125,15073.73046875,1
3.84765625,8934.5703125,14159.66796875,12408.69140625,-11316.40625,1
3.8515625,-10962.40234375,6562.01171875,8527.83203125,12917.96875,1
3.85546875,-15879.39453125,8744.140625,7649.90234375,14972.16796875,1
3.859375,-12689.94140625,-14211.9140625,12022.94921875,-12942.3828125,1
3.86328125,-12978.515625,-5392.08984375,-1700.68359375,6902.83203125,1
3.8671875,-15965.33203125,9822.75390625,2929.6875,14479.98046875,1
3.87109375,13558.59375,7542.48046875,-868.1640625,11432.12890625,1
3.875,-2993.65234375,-7290.0390625,14083.49609375,-3093.75,1
3.87890625,-15301.26953125,11510.25390625,1031.25,14636.23046875,1
3.8828125,-564.94140625,-6204.1015625,-9494.140625,-15691.40625,1
3.88671875,4988.28125,-3246.09375,-15915.0390625,-13078.61328125,1
3.890625,-15167.96875,12299.8046875,2000.48828125,14683.10546875,1
3.89453125,1934.5703125,15926.7578125,-1100.09765625,-12189.94140625,1
3.8984375,-15023.4375,784.66796875,2500.0,-13064.94140625,1
3.90234375,-15121.09375,12002.9296875,9299.31640625,14964.35546875,1
3.90625,6809.08203125,2546.38671875,13924.31640625,-11690.4296875,1
3.91015625,13020.01953125,14743.1640625,4903.3203125,14987.79296875,1
3.9140625,-14121.09375,12564.94140625,15487.79296875,15894.04296875,1
3.91796875,13057.12890625,-2831.0546875,-7813.4765625,13305.6640625,1
3.921875,4917.48046875,-5280.76171875,3005.37109375,-9079.58984375,1
3.92578125,15871.09375,11697.75390625,15690.91796875,14972.16796875,1
3.9296875,682.6171875,-4457.03125,-11316.40625,11932.12890625,1
3.93359375,-3080.078125,4679.19921875,6890.13671875,-11061.5234375,1
3.9375,15503.90625,11080.56640625,13221.6796875,14987.79296875,1
3.94140625,6810.05859375,15541.015625,1168.9453125,13308.10546875,1
3.9453125,-1074.21875,-13365.72265625,6663.0859375,4947.265625,1
3.94921875,15582.03125,9970.703125,8868.65234375,15058.10546875,1
3.953125,2934.08203125,-7340.33203125,15773.92578125,12307.12890625,1
3.95703125,-1118.1640625,-9470.703125,349.609375,-3085.44921875,1
3.9609375,14464.35546875,8337.890625,5133.7890625,14690.91796875,1
3.96484375,-3686.5234375,2654.78515625,-10601.5625,10432.6171875,1
3.96875,8939.453125,500.0,-3572.75390625,14935.05859375,1
3.97265625,14644.04296875,8142.08984375,7853.515625,14800.29296875,1
3.9765625,-6436.5234375,-6222.16796875,-15462.40234375,11057.6171875,1
3.98046875,931.640625,-3578.125,10643.5546875,6923.33984375,1
3.984375,14354.98046875,6876.46484375,11245.1171875,14753.41796875,1
3.98828125,-11687.98828125,14024.4140625,48.828125,12056.640625,1
3.9921875,-3049.8046875,6381.34765625,4810.05859375,12924.31640625,1
3.99609375,14331.54296875,6376.46484375,13565.91796875,14933.10546875,1
4.0,13062.5,13651.3671875,4682.12890625,8681.15234375,0
4.00390625,-15016.6015625,14434.08203125,12937.98828125,-9081.54296875,0
4.0078125,14589.35546875,7947.265625,15699.21875,15089.35546875,0
4.01171875,-11312.01171875,12409.66796875,1812.01171875,-8816.40625,0
4.015625,8986.81640625,-5433.59375,-11012.6953125,6897.94921875,0
4.01953125,14511.23046875,9400.390625,15957.03125,14479.98046875,0
4.0234375,10312.98828125,-2334.9609375,1938.96484375,12058.59375,0
4.02734375,-14957.51953125,4667.48046875,-12974.12109375,-5054.6875,0
4.03125,14933.10546875,11213.8671875,-15621.09375,14597.16796875,0
4.03515625,2183.59375,48.33984375,14064.94140625,7181.640625,0
4.0390625,-4964.35546875,6786.1328125,7039.0625,-1082.51953125,0
4.04296875,15948.73046875,13018.5546875,-14855.46875,14839.35546875,0
4.046875,10309.08203125,15425.78125,-14810.546875,13932.12890625,0
4.05078125,7035.15625,-9145.99609375,-12992.1875,907.71484375,0
4.0546875,-15652.83203125,14073.73046875,15925.29296875,14604.98046875,0
4.05859375,14432.6171875,5930.6640625,-3314.94140625,14183.59375,0
4.0625,-7004.8828125,-3097.16796875,-13058.59375,12934.08203125,0
4.06640625,-15871.58203125,14800.29296875,14495.1171875,14604.98046875,0
4.0703125,15308.10546875,14306.640625,-3196.2890625,13059.5703125,0
4.07421875,-15006.8359375,-5088.8671875,12875.48828125,12952.1484375,0
4.078125,-15582.51953125,15026.85546875,13924.8046875,14894.04296875,0
4.08203125,-12194.3359375,-12815.4296875,-10199.70703125,13932.6171875,0
4.0859375,14935.546875,-11038.0859375,-7174.31640625,-5080.078125,0
4.08984375,-15879.39453125,15276.85546875,12940.4296875,14636.23046875,0
4.09375,-2941.40625,14933.59375,14551.7578125,14184.5703125,0
4.09765625,-5068.359375,-3055.17578125,12839.84375,10928.7109375,0
4.1015625,15910.15625,15222.16796875,13815.91796875,14597.16796875,0
4.10546875,3557.6171875,-6566.89453125,2680.6640625,12308.10546875,0
4.109375,-15081.0546875,-3082.51953125,-11070.80078125,932.6171875,0
4.11328125,15777.34375,14979.98046875,15003.41796875,14839.35546875,0
4.1171875,681.15234375,-13315.91796875,12434.08203125,9431.640625,0
4.12109375,-15125.48828125,4937.98828125,-9016.6015625,14922.8515625,0
4.125,15050.78125,14612.79296875,15784.66796875,14690.91796875,0
4.12890625,559.08203125,4431.15234375,-11815.91796875,8932.12890625,0
4.1328125,2885.7421875,-11081.0546875,975.09765625,913.0859375,0
4.13671875,14816.40625,14612.79296875,15690.91796875,14651.85546875,0
4.140625,185.546875,3053.22265625,-11566.40625,10557.12890625,0
4.14453125,-3096.19140625,14835.44921875,-1044.43359375,6920.41015625,0
4.1484375,14854.98046875,13307.6171875,15354.98046875,14862.79296875,0
4.15234375,-813.4765625,-9947.75390625,-11440.91796875,13431.640625,0
4.15625,6901.3671875,-15167.48046875,-13039.0625,4903.3203125,0
4.16015625,14331.54296875,13002.9296875,15354.98046875,14573.73046875,0
4.1640625,-8561.5234375,9048.828125,15182.6171875,8681.640625,0
4.16796875,12945.3125,2797.8515625,-15029.78515625,-13074.70703125,0
4.171875,14362.79296875,12768.5546875,15753.41796875,14847.16796875,0
4.17578125,-13936.03515625,10172.8515625,-5063.4765625,-15316.40625,0
4.1796875,8984.86328125,-9230.95703125,12980.46875,-11057.6171875,0
4.18359375,14831.54296875,12370.1171875,15886.23046875,15433.10546875,0
4.1875,-9811.5234375,2045.8984375,-5565.91796875,-9566.40625,0
4.19140625,-13016.6015625,-7291.015625,-7052.734375,14929.6875,0
4.1953125,14933.10546875,11283.69140625,15370.60546875,15354.98046875,0
4.19921875,-12812.98828125,-6331.0546875,-8816.40625,-5314.94140625,0
4.203125,15024.90234375,-9288.0859375,932.12890625,2956.54296875,0
4.20703125,14925.29296875,11533.69140625,15011.23046875,15386.23046875,0
4.2109375,5686.03515625,-9705.56640625,-15065.4296875,-11314.94140625,0
4.21484375,13065.4296875,723.6328125,10954.58984375,12967.7734375,0
4.21875,15472.16796875,11814.94140625,15198.73046875,14839.35546875,0
4.22265625,3059.08203125,-5206.0546875,-11565.91796875,9682.6171875,0
4.2265625,1017.578125,-9300.29296875,12943.359375,10925.78125,0
4.23046875,15503.41796875,11260.25390625,15198.73046875,14823.73046875,0
4.234375,4432.12890625,-8331.0546875,-9940.4296875,-15566.40625,0
4.23828125,-12994.140625,-13328.125,6936.5234375,-13069.82421875,0
4.2421875,-15918.45703125,10986.81640625,14886.23046875,15112.79296875,0
4.24609375,9182.12890625,-12457.51953125,-15314.453125,-12691.40625,0
4.25,-5009.765625,-7298.33984375,4965.33203125,-15055.6640625,0
4.25390625,-15840.33203125,11564.94140625,15214.35546875,15065.91796875,0
4.2578125,14556.640625,-12331.54296875,-8563.96484375,14183.10546875,0
4.26171875,-7030.2734375,2713.37890625,-1014.16015625,-3053.22265625,0
4.265625,-15652.83203125,11369.62890625,15776.85546875,14901.85546875,0
4.26953125,-11819.3359375,-10706.0546875,-5188.96484375,12933.10546875,0
4.2734375,14943.84765625,10705.078125,14975.09765625,-9048.33984375,0
4.27734375,-15730.95703125,11252.44140625,15245.60546875,15089.35546875,0
4.28125,-3568.359375,-8955.078125,-8938.96484375,-15939.453125,0
4.28515625,-13071.2890625,6706.0546875,-13043.45703125,8978.515625,0
4.2890625,-15941.40625,11346.19140625,15167.48046875,15440.91796875,0
4.29296875,4058.10546875,-5455.078125,-6815.4296875,-10565.4296875,0
4.296875,14929.6875,6707.51953125,-5062.5,-13035.15625,0
4.30078125,15894.53125,11385.25390625,14698.73046875,15456.54296875,0
4.3046875,1933.10546875,-10204.58984375,2929.6875,-11190.4296875,0
4.30859375,4903.3203125,-11250.9765625,14881.34765625,14966.30859375,0
4.3125,15238.28125,11736.81640625,14300.29296875,15237.79296875,0
4.31640625,1434.08203125,-4829.58984375,5055.17578125,12308.10546875,0
4.3203125,4896.484375,10737.79296875,-9089.84375,14950.68359375,0
4.32421875,14996.09375,12041.50390625,14479.4921875,15175.29296875,0
4.328125,2312.01171875,-5204.1015625,-1443.84765625,-14940.4296875,0
4.33203125,-15092.7734375,-7228.515625,-9061.5234375,2957.03125,0
4.3359375,14589.35546875,12268.5546875,14839.35546875,15229.98046875,0
4.33984375,-4187.01171875,4674.8046875,7555.17578125,-14190.4296875,0
4.34375,4929.19921875,-7195.80078125,-15124.0234375,6972.65625,0
4.34765625,14581.54296875,12752.9296875,13838.8671875,15487.79296875,0
4.3515625,-4186.5234375,-15324.70703125,-1946.2890625,-6315.4296875,0
4.35546875,-15061.03515625,-5195.80078125,4855.95703125,14941.89453125,0
4.359375,14558.10546875,13127.9296875,13987.3046875,15253.41796875,0
4.36328125,-9312.5,-15075.68359375,-6324.21875,-12067.3828125,0
4.3671875,10954.1015625,6789.0625,-15151.85546875,4914.55078125,0
4.37109375,14276.85546875,13127.9296875,13659.1796875,15034.66796875,0
4.375,10062.01171875,-11572.75390625,-11199.21875,-15566.89453125,0
4.37890625,4981.4453125,875.0,-7177.734375,-5063.4765625,0
4.3828125,14300.29296875,14300.29296875,13362.3046875,14940.91796875,0
4.38671875,7936.5234375,3804.6875,-10948.73046875,-14316.40625,0
4.390625,7030.2734375,-3129.39453125,6814.453125,-13049.31640625,0
4.39453125,15308.10546875,14096.6796875,13416.9921875,15487.79296875,0
4.3984375,9935.05859375,-696.77734375,-2195.3125,-10815.91796875,0
4.40234375,-2983.88671875,14849.609375,-9115.72265625,8928.7109375,0
4.40625,15206.54296875,13885.7421875,14112.3046875,14854.98046875,0
4.41015625,7434.08203125,-821.77734375,-1570.80078125,-13190.4296875,0
4.4140625,-6978.02734375,10851.5625,-13108.3984375,10938.96484375,0
4.41796875,15753.41796875,13854.4921875,14315.91796875,15026.85546875,0
4.421875,8183.59375,-3697.75390625,3430.17578125,-14440.91796875,0
4.42578125,1018.06640625,-13141.11328125,-5109.86328125,2943.84765625,0
4.4296875,-15949.70703125,13823.2421875,13956.0546875,14948.73046875,0
4.43359375,10182.12890625,-7071.2890625,-6696.77734375,-15315.91796875,0
4.4375,-3010.7421875,10872.0703125,8865.234375,-15058.10546875,0
4.44140625,15940.91796875,13752.9296875,13706.0546875,14644.04296875,0
4.4453125,9180.6640625,-7197.265625,-320.3125,11307.6171875,0
4.44921875,2960.9375,850.5859375,-13147.4609375,-1077.63671875,0
4.453125,-15527.83203125,13581.0546875,13675.29296875,14698.73046875,0
4.45703125,-5692.3828125,-11824.21875,2680.6640625,12808.10546875,0
4.4609375,2947.75390625,-9155.2734375,14875.9765625,4931.15234375,0
4.46484375,-15871.58203125,13627.9296875,13659.1796875,14776.85546875,0
4.46875,-3317.87109375,-7322.265625,-6695.80078125,12683.10546875,0
4.47265625,10925.29296875,8833.49609375,-7123.53515625,14929.6875,0
4.4765625,15823.73046875,13182.6171875,13878.41796875,14878.41796875,0
4.48046875,-1067.87109375,-10196.77734375,304.19921875,-15941.89453125,0
4.484375,-15101.5625,14855.95703125,-5127.44140625,-1064.94140625,0
4.48828125,15229.98046875,13307.6171875,13604.4921875,15003.41796875,0
4.4921875,-316.89453125,-15824.70703125,-9571.77734375,-15065.91796875,0
4.49609375,-9092.28515625,-3165.0390625,-7119.140625,10958.49609375,0
4.5,15332.03125,13401.3671875,14206.54296875,15183.10546875,0
4.50390625,7811.03515625,-12823.73046875,2681.15234375,-13065.91796875,0
4.5078125,-15102.05078125,6809.5703125,904.78515625,-13064.94140625,0
4.51171875,14925.78125,13010.7421875,14440.91796875,15034.66796875,0
4.515625,1561.03515625,-14699.21875,6306.15234375,14182.12890625,0
4.51953125,-1083.984375,14852.05078125,-13095.21484375,-15064.94140625,0
4.5234375,14980.46875,14049.8046875,14370.60546875,15214.35546875,0
4.52734375,1188.4765625,-4197.75390625,7806.15234375,-14691.89453125,0
4.53125,936.5234375,10833.49609375,-5101.5625,-15052.24609375,0
4.53515625,14925.29296875,13393.5546875,14479.98046875,15433.10546875,0
4.5390625,-311.03515625,-7946.77734375,8682.12890625,-11316.89453125,0
4.54296875,-7040.52734375,2856.4453125,6902.83203125,-3049.8046875,0
4.546875,14683.10546875,13721.6796875,14339.35546875,15331.54296875,0
4.55078125,-12562.01171875,-8448.2421875,7181.15234375,-14066.89453125,0
4.5546875,6966.30859375,2808.59375,12889.16015625,-3059.08203125,0
4.55859375,14651.85546875,12643.5546875,14300.29296875,15362.79296875,0
4.5625,-13437.5,14801.7578125,7054.6875,-11441.40625,0
4.56640625,2985.83984375,-5163.0859375,-9130.37109375,12935.546875,0
4.5703125,14440.91796875,13338.8671875,14042.48046875,15034.66796875,0
4.57421875,8561.5234375,-11948.73046875,1679.19921875,-15066.40625,0
4.578125,15022.94921875,-13180.6640625,2859.375,10937.98828125,0
4.58203125,15269.04296875,13034.1796875,13721.6796875,15183.10546875,0
4.5859375,14310.546875,-14324.70703125,-6072.75390625,-8315.4296875,0
4.58984375,1008.30078125,-9195.3125,-13164.0625,6946.2890625,0
4.59375,15159.66796875,12807.6171875,13831.0546875,15245.60546875,0
4.59765625,5809.08203125,11298.33984375,-4448.2421875,-12190.4296875,0
4.6015625,-2972.16796875,-15208.49609375,-1151.85546875,14951.171875,0
4.60546875,15847.16796875,13127.9296875,13659.1796875,15112.79296875,0
4.609375,8932.6171875,12675.29296875,-4572.265625,-13691.40625,0
4.61328125,15005.37109375,12835.44921875,-13155.76171875,-9055.17578125,0
4.6171875,-15957.51953125,13182.6171875,13409.1796875,14948.73046875,0
4.62109375,9180.6640625,13299.31640625,-11824.70703125,-15565.91796875,0
4.625,-7018.06640625,10796.875,-7180.17578125,4942.87109375,0
4.62890625,-15535.64453125,12823.2421875,13573.2421875,14901.85546875,0
4.6328125,14431.15234375,14300.78125,-8322.75390625,15058.59375,0
4.63671875,2969.23828125,6793.9453125,8826.66015625,-11058.59375,0
4.640625,-15301.26953125,12440.4296875,12862.3046875,15089.35546875,0
4.64453125,-3943.84765625,15050.29296875,-12072.75390625,-12441.40625,0
4.6484375,10917.96875,-1201.171875,-15176.7578125,-3074.21875,0
4.65234375,-15988.76953125,13026.3671875,13112.3046875,14878.41796875,0
4.65625,-4318.84765625,14549.31640625,-15199.21875,15184.08203125,0
4.66015625,918.45703125,-9198.73046875,-13159.66796875,-15039.55078125,0
4.6640625,-15972.65625,12877.9296875,13338.8671875,15229.98046875,0
4.66796875,2056.640625,14551.26953125,-15824.70703125,-14191.40625,0
4.671875,12891.11328125,2827.1484375,-15190.91796875,-13061.03515625,0
4.67578125,15535.15625,13377.9296875,13026.3671875,15042.48046875,0
4.6796875,8434.08203125,-9824.21875,14174.8046875,-14691.40625,0
4.68359375,4902.83203125,12804.6875,8811.5234375,2947.265625,0
4.6875,15441.40625,12784.1796875,12877.9296875,15206.54296875,0
4.69140625,4560.05859375,12675.29296875,7549.31640625,-13815.91796875,0
4.6953125,2904.78515625,-13178.7109375,-5186.03515625,2939.94140625,0
4.69921875,15027.34375,12995.1171875,12893.5546875,14979.98046875,0
4.703125,1811.03515625,11799.8046875,13799.8046875,14807.6171875,0
4.70703125,2899.4140625,14814.453125,8804.6875,-9065.4296875,0
4.7109375,14565.91796875,12995.1171875,12846.6796875,14987.79296875,0
4.71484375,-7187.98828125,-14448.73046875,13800.29296875,12433.10546875,0
4.71875,14889.16015625,8800.78125,-11194.82421875,916.015625,0
4.72265625,13659.66796875,12706.0546875,12651.3671875,14401.85546875,0
4.7265625,11435.05859375,14551.26953125,12175.29296875,9305.6640625,0
4.73046875,6863.76953125,-9183.10546875,12798.828125,-1139.6484375,0
4.734375,13034.1796875,13151.3671875,13002.9296875,13784.1796875,0
4.73828125,-5069.82421875,-11573.2421875,14423.33984375,-6325.68359375,0
4.7421875,-11149.4140625,14858.88671875,-7211.42578125,2774.90234375,0
4.74609375,12416.9921875,13799.8046875,12862.3046875,12737.3046875,0
4.75,2424.8046875,-7696.77734375,12673.828125,7545.8984375,0
4.75390625,8788.57421875,-1130.37109375,-15216.30859375,-7277.34375,0
4.7578125,11197.75390625,13721.6796875,12143.06640625,11471.19140625,0
4.76171875,-13452.63671875,-2694.3359375,-827.1484375,-6955.078125,0
4.765625,-9218.75,4886.23046875,14752.9296875,2701.66015625,0
4.76953125,11479.00390625,13893.5546875,11861.81640625,11643.06640625,0
4.7734375,13920.8984375,-1946.77734375,-7832.03125,-3579.58984375,0
4.77734375,-15191.89453125,-13124.51171875,-1300.78125,6732.91015625,0
4.78125,11752.44140625,14417.48046875,10760.25390625,11893.5546875,0
4.78515625,8042.48046875,2930.17578125,7291.50390625,1548.33984375,0
4.7890625,4732.91015625,4871.09375,10629.39453125,10764.16015625,0
4.79296875,11189.94140625,13276.3671875,9009.765625,11760.7421875,0
4.796875,-14955.078125,-8196.2890625,2155.2734375,3549.31640625,0
4.80078125,14719.23828125,12836.9140625,10442.87109375,-11206.0546875,0
4.8046875,10275.390625,13565.4296875,5508.7890625,12252.9296875,0
4.80859375,13911.62109375,-3823.73046875,8762.20703125,422.8515625,0
4.8125,-11319.82421875,2855.46875,-1861.81640625,-3192.3828125,0
4.81640625,10509.27734375,13643.5546875,1359.375,12706.0546875,0
4.8203125,-4225.09765625,1922.8515625,2875.0,5049.31640625,0
4.82421875,-9612.79296875,-1221.6796875,1.46484375,10792.48046875,0
4.828125,5734.86328125,11682.12890625,0.0,12362.3046875,0
4.83203125,-2368.65234375,-5704.58984375,0.0,5172.36328125,0
4.8359375,-13888.671875,-11212.890625,0.0,14792.96875,0
4.83984375,2546.875,12737.3046875,0.0,12659.1796875,0
4.84375,-10374.51171875,2180.6640625,0.0,297.8515625,0
4.84765625,-15925.78125,-11015.625,0.0,14788.0859375,0
4.8515625,3086.9140625,14800.29296875,0.0,12385.7421875,0
4.85546875,10.25390625,-680.17578125,0.0,6298.828125,0
4.859375,-3824.70703125,1128.41796875,0.0,-15226.07421875,0
4.86328125,4923.33984375,-13049.8046875,0.0,12440.4296875,0
4.8671875,5397.4609375,-10534.66796875,4000.0,5673.33984375,0
4.87109375,-9621.09375,13522.4609375,6083.49609375,812.5,0
4.875,7470.703125,-7095.703125,14209.9609375,13104.4921875,0
4.87890625,-8712.40234375,-13895.5078125,7993.65234375,-13070.80078125,0
4.8828125,-3396.97265625,7794.43359375,3876.953125,-11055.17578125,0
4.88671875,10745.1171875,-3556.15234375,-2219.23828125,15636.23046875,0
4.890625,10049.8046875,-5892.578125,10219.23828125,-2062.98828125,0
4.89453125,-1237.79296875,1682.12890625,4477.5390625,-10982.91015625,0
4.8984375,12847.16796875,-5595.21484375,351.5625,-15691.40625,0
4.90234375,5687.5,1977.5390625,6375.0,3692.3828125,0
4.90625,2937.98828125,-12314.94140625,12000.9765625,1111.328125,0
4.91015625,14441.40625,-5790.52734375,0.0,-14526.85546875,0
4.9140625,4694.3359375,4227.5390625,0.0,2698.73046875,0
4.91796875,11079.1015625,-2412.59765625,0.0,-6778.3203125,0
4.921875,-14308.10546875,-5188.96484375,0.0,-11370.1171875,0
4.92578125,-6788.0859375,-11023.92578125,0.0,-8662.109375,0
4.9296875,1389.6484375,-8437.5,0.0,-12562.98828125,0
4.93359375,-11424.8046875,-7501.953125,0.0,-9260.25390625,0
4.9375,-6534.1796875,12979.4921875,0.0,-13035.15625,0
4.94140625,-570.80078125,9803.22265625,0.0,9397.4609375,0
4.9453125,-10377.9296875,-2305.17578125,0.0,-9471.19140625,0
4.94921875,-156.73828125,5368.65234375,0.0,13841.30859375,0
4.953125,9538.0859375,9931.640625,0.0,7442.3828125,0
4.95703125,-8291.50390625,-477.05078125,0.0,-8752.44140625,0
4.9609375,-13282.71484375,-6252.44140625,0.0,-6783.69140625,0
4.96484375,15600.5859375,-6012.6953125,0.0,-14488.28125,0
4.96875,-7432.12890625,-1579.1015625,0.0,-7837.890625,0
4.97265625,-7652.34375,8734.86328125,0.0,471.6796875,0
4.9765625,-14341.796875,13656.73828125,0.0,-2457.51953125,0
4.98046875,-6533.69140625,-7393.06640625,0.0,-8103.515625,0
4.984375,-30.2734375,-4659.66796875,0.0,7597.16796875,0
4.98828125,-12445.80078125,5379.39453125,0.48828125,-6476.07421875,0
4.9921875,-7127.44140625,-11034.1796875,0.0,-7642.578125,0
4.99609375,-6281.73828125,-13913.0859375,875.48828125,7970.21484375,0
5.0,-14368.1640625,-8471.19140625,-11993.1640625,-8436.03515625,0
5.00390625,-5955.56640625,-8752.9296875,0.0,-7556.640625,0
5.0078125,-907.2265625,-13037.59765625,750.48828125,2471.19140625,0
5.01171875,13573.73046875,5435.546875,-5988.28125,-6465.33203125,0
5.015625,-5431.640625,-9525.87890625,0.0,-7642.578125,0
5.01953125,-1779.78515625,14343.75,4630.37109375,5468.75,0
5.0234375,-8446.2890625,5539.0625,8103.515625,-6484.375,0
5.02734375,-6212.890625,-6915.52734375,648.4375,-8041.50390625,0
5.03125,6340.8203125,860.83984375,4502.9296875,13839.35546875,0
5.03515625,-14502.44140625,7810.05859375,14042.48046875,11451.171875,0
5.0390625,-6681.640625,-2430.17578125,304.6875,-8541.50390625,0
5.04296875,-12035.15625,10995.1171875,0.9765625,-15662.59765625,0
5.046875,-4533.69140625,-8027.83203125,6030.2734375,3458.984375,0
5.05078125,-7212.890625,-391.11328125,164.0625,-8268.06640625,0
5.0546875,-13028.3203125,-6751.953125,0.0,-13156.25,0
5.05859375,-8400.390625,-6025.87890625,0.0,-10382.8125,0
5.0625,-5892.08984375,-406.73828125,0.0,-6369.140625,0
5.06640625,-14268.06640625,-6501.953125,0.0,-12647.94921875,0
5.0703125,9656.25,-6025.390625,0.0,9671.875,0
5.07421875,-4985.3515625,-406.73828125,0.0,-4719.7265625,0
5.078125,-12636.23046875,-6376.953125,0.0,1483.88671875,0
5.08203125,-4312.98828125,-8025.390625,2000.0,7705.078125,0
5.0859375,-5024.4140625,-406.73828125,85.9375,-4461.9140625,0
5.08984375,12616.2109375,-6376.953125,2126.46484375,7989.2578125,0
5.09375,-10172.8515625,-6025.87890625,2023.4375,15887.20703125,0
5.09765625,-2953.61328125,-406.73828125,476.5625,-1969.7265625,0
5.1015625,3623.046875,-6501.953125,11125.48828125,-1881.8359375,0
5.10546875,13846.19140625,-8025.390625,6045.41015625,9847.16796875,0
5.109375,-4407.71484375,-398.92578125,1570.3125,-2790.0390625,0
5.11328125,-3636.23046875,-6376.953125,-2617.67578125,14612.3046875,0
5.1171875,-14190.91796875,-8025.390625,-5913.57421875,-189.94140625,0
5.12109375,-3790.0390625,-398.92578125,4017.578125,-2579.1015625,0
5.125,-15885.25390625,-6501.953125,-8966.30859375,-2636.23046875,0
5.12890625,9812.01171875,-8025.87890625,-7442.87109375,11794.921875,0
5.1328125,-3594.7265625,-406.73828125,-15104.4921875,-2438.4765625,0
5.13671875,8615.234375,-6501.953125,13821.77734375,-1510.25390625,0
5.140625,1915.0390625,-8025.87890625,-6929.19921875,-4160.15625,0
5.14453125,-3055.6640625,-406.73828125,-12651.3671875,-2930.6640625,0
5.1484375,10862.79296875,-6501.953125,7454.58984375,-2509.765625,0
5.15234375,13840.8203125,-8033.203125,-8839.84375,13822.265625,0
5.15625,-3329.58984375,-227.05078125,-10900.390625,-2750.9765625,0
5.16015625,-8137.20703125,3854.4921875,5462.890625,11362.79296875,0
5.1640625,5884.27734375,-6420.8984375,13250.48828125,-14175.78125,0
5.16796875,-3626.46484375,-8769.04296875,-10658.203125,-3430.6640625,0
5.171875,7230.95703125,-3559.5703125,14226.07421875,6111.328125,0
5.17578125,7821.77734375,-15020.5078125,3642.578125,-202.1484375,0
5.1796875,-2634.27734375,-15855.95703125,-5751.46484375,-3853.02734375,0
5.18359375,-10643.06640625,9679.6875,5976.07421875,-5013.18359375,0
5.1875,-12231.4453125,5043.9453125,15598.14453125,-12208.0078125,0
5.19140625,-3556.15234375,-12909.1796875,-4805.6640625,-4290.52734375,0
5.1953125,9348.14453125,-11038.0859375,15489.74609375,-14145.99609375,0
5.19921875,5664.0625,13406.25,9824.21875,-6297.36328125,0
5.203125,-4438.96484375,-8228.515625,-3836.9140625,-5188.96484375,0
5.20703125,10723.14453125,10221.19140625,5614.2578125,10727.5390625,0
5.2109375,-12454.1015625,11566.89453125,-6164.0625,5585.44921875,0
5.21484375,-5548.828125,-7189.94140625,-3157.71484375,-6275.390625,0
5.21875,-3155.76171875,8967.28515625,-2018.06640625,-12401.85546875,0
5.22265625,-8458.984375,5569.82421875,-4197.265625,-10396.484375,0
5.2265625,-6994.140625,-9862.3046875,-3024.90234375,-7189.453125,0
5.23046875,13968.26171875,15083.0078125,-10142.578125,6472.65625,0
5.234375,-8543.9453125,3246.09375,5820.3125,-452.1484375,0
5.23828125,-7486.328125,-14512.20703125,-2540.0390625,-7369.140625,0
5.2421875,-7282.2265625,-4066.89453125,13988.76953125,7468.26171875,0
5.24609375,-2558.59375,10930.6640625,5844.23828125,-8489.74609375,0
5.25,-8564.94140625,15519.04296875,-2649.90234375,-8041.50390625,0
5.25390625,-1657.71484375,12686.5234375,-11893.5546875,-11032.71484375,0
5.2578125,-4646.97265625,-13037.109375,-8161.1328125,-10552.24609375,0
5.26171875,-10322.265625,14894.53125,-2540.0390625,-8970.703125,0
5.265625,8221.6796875,313.96484375,10863.28125,2344.7265625,0
5.26953125,-4607.91015625,-5057.6171875,1846.6796875,9458.0078125,0
5.2734375,-9939.94140625,15940.91796875,-2563.4765625,-8900.87890625,0
5.27734375,-14909.1796875,15170.8984375,-10260.7421875,10211.42578125,0
5.28125,-10594.7265625,-5256.34765625,15846.19140625,11426.7578125,0
5.28515625,-9979.00390625,-15988.28125,-2430.6640625,-9010.25390625,0
5.2890625,9341.796875,4182.12890625,-12511.23046875,9713.37890625,0
5.29296875,11425.29296875,11078.61328125,15842.28515625,7435.546875,0
5.296875,-9455.56640625,-13519.53125,-2516.6015625,-8377.44140625,0
5.30078125,11463.8671875,12178.22265625,15613.76953125,15333.984375,0
5.3046875,-14557.12890625,14779.296875,-6160.64453125,7389.6484375,0
5.30859375,-10206.0546875,11150.390625,-2524.4140625,-9479.00390625,0
5.3125,-1284.1796875,-6465.33203125,-6259.765625,4586.9140625,0
5.31640625,15433.59375,-15470.21484375,5840.33203125,7366.69921875,0
5.3203125,-9838.37890625,7915.52734375,-2571.2890625,-9377.44140625,0
5.32421875,4839.35546875,9897.94921875,-8635.25390625,12460.9375,0
5.328125,5420.8984375,345.21484375,-14160.64453125,-10669.921875,0
5.33203125,-10401.3671875,6673.828125,-2672.8515625,-10041.50390625,0
5.3359375,-12415.0390625,2657.2265625,-11134.765625,6084.47265625,0
5.33984375,7464.35546875,-13443.359375,1827.63671875,-10605.95703125,0
5.34375,-10057.6171875,7587.40234375,-2868.1640625,-10049.31640625,0
5.34765625,-13164.55078125,-13226.07421875,-10634.765625,6212.890625,0
5.3515625,-6579.58984375,351.5625,11815.91796875,3348.14453125,0
5.35546875,-9721.6796875,7244.62890625,-3727.5390625,-10596.6796875,0
5.359375,-15290.0390625,12553.22265625,12237.79296875,-786.62109375,0
5.36328125,-14609.375,2880.37109375,7742.67578125,3386.71875,0
5.3671875,-9229.4921875,-14386.23046875,-5133.7890625,-9502.44140625,0
5.37109375,-11168.9453125,6445.3125,12489.74609375,4085.44921875,0
5.375,7409.1796875,-826.66015625,-270.5078125,3395.99609375,0
5.37890625,-8916.9921875,-14480.46875,-4516.6015625,-10120.1171875,0
5.3828125,-5167.48046875,-3179.19921875,-14259.765625,-1037.109375,0
5.38671875,3337.40234375,-966.796875,15826.171875,11390.625,0
5.390625,-8729.00390625,-15707.03125,-3290.0390625,-8986.81640625,0
5.39453125,14581.0546875,7553.22265625,1112.3046875,-15789.55078125,0
5.3984375,9358.88671875,10869.140625,-2231.93359375,11407.71484375,0
5.40234375,-8674.31640625,15604.98046875,-5048.33984375,-9049.31640625,0
5.40625,8209.47265625,-4809.5703125,-7263.671875,7714.84375,0
5.41015625,9355.95703125,-5036.62109375,3773.92578125,13423.828125,0
5.4140625,-9096.19140625,15074.70703125,-4743.65234375,-9439.94140625,0
5.41796875,-4288.0859375,79.58984375,9355.46875,13089.35546875,0
5.421875,9300.29296875,-2665.52734375,-6290.52734375,-2600.09765625,0
5.42578125,-9978.515625,-10268.06640625,-4712.40234375,-9213.37890625,0
5.4296875,211.9140625,10081.54296875,7978.515625,-9286.1328125,0
5.43359375,11348.6328125,-14882.32421875,9664.0625,9446.2890625,0
5.4375,-9025.390625,15925.29296875,-4532.71484375,-8783.69140625,0
5.44140625,10216.30859375,-3819.82421875,-10269.04296875,-5658.69140625,0
5.4453125,5321.77734375,12880.859375,-229.00390625,-8590.33203125,0
5.44921875,-10541.50390625,-15394.53125,-4337.40234375,-9533.69140625,0
5.453125,14840.33203125,14563.96484375,1220.703125,7338.8671875,0
5.45703125,7307.12890625,4973.6328125,7590.8203125,5395.99609375,0
5.4609375,-11666.50390625,14174.8046875,-5275.390625,-10064.94140625,0
5.46484375,2340.8203125,-1695.3125,-4158.69140625,6463.37890625,0
5.46875,5308.59375,895.99609375,-2468.75,-6634.765625,0
5.47265625,-12268.5546875,-14636.23046875,-4688.96484375,-10760.25390625,0
5.4765625,-4536.62109375,8824.70703125,11097.65625,3210.9375,0
5.48046875,9362.3046875,-8663.57421875,-6399.90234375,-2615.72265625,0
5.484375,-10870.1171875,-10486.81640625,-5541.015625,-9784.1796875,0
5.48828125,-10913.57421875,1330.56640625,-1028.3203125,-3539.55078125,0
5.4921875,-12667.96875,-780.76171875,15574.70703125,5363.76953125,0
5.49609375,-11526.3671875,-11894.04296875,-4399.90234375,-9658.69140625,0
5.5,-14286.1328125,15568.84765625,-274.4140625,7713.8671875,0
5.50390625,-8596.6796875,5018.5546875,5607.421875,-14634.27734375,0
5.5078125,-11791.9921875,14987.79296875,-4845.21484375,-11120.1171875,0
5.51171875,14958.0078125,10050.78125,3972.16796875,-4166.9921875,0
5.515625,-2653.3203125,14789.55078125,-474.12109375,9320.80078125,0
5.51953125,-11237.79296875,15651.85546875,-6681.640625,-10456.0546875,0
5.5234375,-3044.921875,-9194.82421875,-4402.83203125,-12668.45703125,0
5.52734375,5362.79296875,3036.1328125,-4528.3203125,11306.15234375,0
5.53125,-11065.91796875,-14145.01953125,-8354.00390625,-10838.8671875,0
5.53515625,-11800.29296875,-5440.4296875,-3280.76171875,-10168.9453125,0
5.5390625,-8671.38671875,-3013.671875,-2436.03515625,5325.1953125,0
5.54296875,-11112.79296875,12791.9921875,-6384.765625,-10838.8671875,0
5.546875,-13174.31640625,3805.6640625,15221.19140625,13705.56640625,0
5.55078125,3278.80859375,3086.42578125,-6502.9296875,13262.6953125,0
5.5546875,-11331.54296875,-15105.95703125,-9580.078125,-11502.9296875,0
5.55859375,11695.80078125,11930.6640625,2850.5859375,8954.1015625,0
5.5625,9218.26171875,-9181.640625,-14476.5625,-6747.0703125,0
5.56640625,-10956.54296875,11869.62890625,-10495.1171875,-11885.7421875,0
5.5703125,-5427.734375,-2827.1484375,-8660.64453125,3828.61328125,0
5.57421875,-14775.87890625,-1161.1328125,-8555.17578125,9268.5546875,0
5.578125,-11112.3046875,14299.8046875,-10979.4921875,-11291.9921875,0
5.58203125,5321.77734375,-7579.58984375,5215.8203125,14204.1015625,0
5.5859375,-799.8046875,580.078125,-10463.37890625,5274.90234375,0
5.58984375,-10737.3046875,7556.15234375,-9463.37890625,-11057.6171875,0
5.59375,-4046.875,-10477.5390625,1844.7265625,-2790.0390625,0
5.59765625,-754.8828125,-7708.0078125,7540.0390625,9339.35546875,0
5.6015625,-10354.00390625,4485.3515625,-9362.3046875,-10135.25390625,0
5.60546875,14083.0078125,-1093.26171875,-11283.69140625,9463.37890625,0
5.609375,-10696.2890625,-9375.48828125,9566.40625,3411.1328125,0
5.61328125,-8791.015625,13683.59375,-13208.0078125,-8416.015625,0
5.6171875,12839.35546875,8811.5234375,-12058.10546875,2715.8203125,0
5.62109375,-632.32421875,-12975.09765625,-10877.9296875,13468.26171875,0
5.625,-8369.140625,-13128.41796875,-13519.04296875,-7369.140625,0
5.62890625,9840.8203125,-3930.17578125,8197.265625,1717.7734375,0
5.6328125,-6590.8203125,-10905.2734375,-712.40234375,3494.140625,0
5.63671875,-8251.953125,-14012.20703125,-11284.66796875,-7603.515625,0
5.640625,11846.19140625,7671.875,13446.77734375,7969.7265625,0
5.64453125,15470.703125,8790.52734375,13275.87890625,-6459.47265625,0
5.6484375,-8087.890625,11783.69140625,-13472.65625,-6931.640625,0
5.65234375,-15778.3203125,9407.2265625,-2429.19921875,13594.7265625,0
5.65625,15457.51953125,8391.6015625,-10846.19140625,13526.85546875,0
5.66015625,-9674.31640625,2726.5625,-11526.3671875,-7955.56640625,0
5.6640625,-13275.390625,7129.39453125,-4301.7578125,-8280.2734375,0
5.66796875,1526.85546875,8003.90625,3018.5546875,-6483.3984375,0
5.671875,-9479.00390625,0.0,-13847.16796875,-8439.94140625,0
5.67578125,7840.8203125,625.0,3567.3828125,-9658.69140625,0
5.6796875,11433.59375,0.0,-12958.0078125,5466.796875,0
5.68359375,-10963.8671875,0.0,-12056.640625,-8736.81640625,0
5.6875,-13785.64453125,0.0,10842.28515625,-14909.66796875,0
5.69140625,15404.296875,0.0,-4539.55078125,-6583.984375,0
5.6953125,-11667.48046875,0.0,-5907.71484375,-9823.2421875,0
5.69921875,-3291.50390625,0.0,-6643.06640625,-2538.0859375,0
5.703125,-2613.28125,0.0,-8266.6015625,-10629.8828125,0
5.70703125,-11394.04296875,0.0,-2735.3515625,-10143.5546875,0
5.7109375,-5797.36328125,1125.0,-2383.7890625,-1042.48046875,0
5.71484375,-2658.203125,97.65625,-4121.09375,-10655.76171875,0
5.71875,-11565.91796875,4901.85546875,-1320.80078125,-10987.3046875,0
5.72265625,2065.4296875,-13887.20703125,-13128.41796875,1324.70703125,0
5.7265625,-4960.44921875,9994.62890625,-10039.55078125,5128.41796875,0
5.73046875,15714.35546875,-820.80078125,-414.55078125,-14441.40625,0
5.734375,2176.26953125,-5626.953125,-6376.953125,-1182.6171875,0
5.73828125,-1278.80859375,-6025.390625,-10025.87890625,2927.734375,0
5.7421875,5562.5,-406.73828125,-406.73828125,11211.9140625,0
5.74609375,3000.0,-6376.953125,-6501.953125,-3746.58203125,0
5.75,4007.8125,-6025.390625,-6025.390625,14000.0,0
5.75390625,0.0,-398.92578125,-406.73828125,109.375,0
5.7578125,0.0,-6376.953125,-6376.46484375,0.0,0
5.76171875,0.0,-6025.390625,11928.22265625,0.0,0
5.765625,0.0,-398.92578125,-1.953125,0.0,0
5.76953125,0.0,-6376.953125,-3479.00390625,0.0,0
5.7734375,0.0,-6025.390625,-2000.0,0.0,0
5.77734375,0.0,-398.92578125,734.375,0.0,0
5.78125,0.0,-7751.46484375,0.0,0.0,0
5.78515625,0.0,-12087.40234375,0.0,0.0,0
5.7890625,0.0,-3962.890625,0.0,0.0,0
5.79296875,0.0,-3531.25,0.0,0.0,0
5.796875,0.0,15417.96875,0.0,0.0,0
5.80078125,0.0,-11206.54296875,0.0,0.0,0
5.8046875,0.0,13573.2421875,0.0,0.0,0
5.80859375,0.0,-12862.3046875,0.0,0.0,0
5.8125,0.0,15948.73046875,0.0,0.0,0
5.81640625,0.0,8299.8046875,0.0,0.0,0
5.8203125,0.0,-5324.70703125,0.0,0.0,0
5.82421875,0.0,8860.83984375,0.0,0.0,0
5.828125,0.0,3391.11328125,0.0,0.0,0
5.83203125,5.859375,-9849.12109375,0.0,0.0,0
5.8359375,0.0,156.25,0.0,0.0,0
5.83984375,14762.20703125,0.0,0.0,0.0,0
5.84375,4213.8671875,-16000.0,0.0,0.0,0
5.84765625,4102.5390625,0.0,0.0,0.0,0
5.8515625,-5972.16796875,0.0,0.0,0.0,0
5.85546875,12447.265625,0.0,0.0,1.953125,0
5.859375,7033.203125,0.0,0.0,0.0,0
5.86328125,6916.015625,0.0,0.0,3379.8828125,0
5.8671875,10668.9453125,0.0,0.0,8119.62890625,0
5.87109375,9846.19140625,0.0,0.0,2625.48828125,0
5.875,5293.9453125,0.0,0.0,-14863.28125,0
5.87890625,-11268.5546875,0.0,0.0,-3778.3203125,0
5.8828125,10947.75390625,0.0,0.0,4102.5390625,0
5.88671875,9293.9453125,0.0,0.0,7268.5546875,0
5.890625,-1217.7734375,0.0,0.0,-3684.5703125,0
5.89453125,11439.94140625,0.0,0.0,5172.8515625,0
5.8984375,10920.41015625,0.0,0.0,-6226.5625,0
5.90234375,-11175.29296875,0.0,0.0,8410.15625,0
5.90625,12447.75390625,0.0,0.0,6399.4140625,0
5.91015625,9667.48046875,0.0,0.0,-850.5859375,0
5.9140625,8771.484375,0.0,0.0,-15580.56640625,0
5.91796875,12369.62890625,0.0,0.0,7150.390625,0
5.921875,-4953.125,0.0,0.0,281.73828125,0
5.92578125,4789.55078125,0.0,0.0,-13511.71875,0
5.9296875,12932.6171875,0.0,0.0,7861.328125,0
5.93359375,2546.875,0.0,0.0,4534.1796875,0
5.9375,-9191.40625,0.0,0.0,12566.40625,0
5.94140625,13682.6171875,0.0,0.0,9080.078125,0
5.9453125,14798.828125,0.0,0.0,-13962.40234375,0
5.94921875,-9166.50390625,0.0,0.0,-11368.65234375,0
5.953125,14221.6796875,0.0,0.0,9893.06640625,0
5.95703125,-2824.70703125,0.0,0.0,1041.015625,0
5.9609375,12822.75390625,0.0,0.0,6676.7578125,0
5.96484375,14479.98046875,0.0,0.0,11096.19140625,0
5.96875,10677.24609375,0.0,0.0,-14956.54296875,0
5.97265625,6820.3125,1.953125,0.0,6699.70703125,0
5.9765625,14097.16796875,0.0,0.0,11221.19140625,0
5.98046875,15304.6875,6506.34765625,0.0,-8454.58984375,0
5.984375,2858.88671875,-9830.56640625,0.0,-3257.8125,0
5.98828125,14597.16796875,3743.1640625,0.0,12018.06640625,0
5.9921875,-14193.359375,10769.53125,0.0,-702.63671875,0
5.99609375,862.79296875,6324.21875,0.0,-9204.58984375,0
6.0,14362.79296875,5563.96484375,0.0,12713.8671875,0
6.00390625,-5691.40625,1150.390625,0.0,9549.31640625,0
6.0078125,-11137.20703125,2457.03125,0.0,14800.78125,0
6.01171875,14073.73046875,8353.515625,0.0,12956.0546875,0
6.015625,15310.546875,14160.64453125,0.0,13801.26953125,0
6.01953125,4930.6640625,595.21484375,0.0,2857.421875,0
6.0234375,14753.41796875,10369.62890625,0.0,13721.6796875,0
6.02734375,-10187.01171875,10166.9921875,0.0,-11947.265625,0
6.03125,4970.703125,701.171875,0.0,12890.13671875,0
6.03515625,14995.60546875,11354.00390625,0.0,14315.91796875,0
6.0390625,-3934.08203125,-11581.54296875,0.0,5555.6640625,0
6.04296875,15020.99609375,12689.453125,2001.953125,14900.390625,0
6.046875,15535.15625,10689.94140625,140.625,14628.41796875,0
6.05078125,6942.87109375,12166.015625,-12615.234375,-12065.91796875,0
6.0546875,-12954.1015625,10648.4375,6196.2890625,-11092.7734375,0
6.05859375,15550.29296875,10939.94140625,4040.0390625,14604.98046875,0
6.0625,-308.59375,-14582.03125,-10224.609375,-14815.91796875,0
6.06640625,-4926.26953125,8705.078125,6489.2578125,8935.05859375,0
6.0703125,-15910.64453125,11260.25390625,9424.31640625,15034.66796875,0
6.07421875,-3936.03515625,-10831.0546875,4916.50390625,15557.6171875,0
6.078125,7082.03125,712.890625,-11321.77734375,-5075.68359375,0
6.08203125,-15652.83203125,11838.37890625,11346.19140625,14831.54296875,0
6.0859375,-7562.98828125,-204.58984375,-2707.03125,-13941.40625,0
6.08984375,-4943.84765625,8723.6328125,-7393.06640625,4926.26953125,0
6.09375,-15512.20703125,11752.44140625,7993.1640625,14917.48046875,0
6.09765625,-6563.4765625,-5830.078125,-2482.421875,-14065.91796875,0
6.1015625,-6942.87109375,2689.94140625,8265.625,933.59375,0
6.10546875,-14902.83203125,10830.56640625,3734.86328125,14815.91796875,0
6.109375,-5314.94140625,-10829.1015625,15509.765625,13558.10546875,0
6.11328125,1019.53125,-5245.60546875,-11821.77734375,14918.9453125,0
6.1171875,-15246.58203125,11799.31640625,3445.80078125,14706.54296875,0
6.12109375,-6691.89453125,-3450.1953125,-481.93359375,15433.10546875,0
6.125,12989.74609375,-7179.6875,12344.23828125,12940.91796875,0
6.12890625,-15355.95703125,12698.2421875,6345.21484375,14909.66796875,0
6.1328125,-6691.40625,12675.78125,-3964.35546875,11434.08203125,0
6.13671875,-15016.6015625,-9182.6171875,-9333.49609375,952.1484375,0
6.140625,-15754.39453125,12604.4921875,11838.8671875,14581.54296875,0
6.14453125,-4566.89453125,9298.828125,7425.29296875,8558.10546875,0
6.1484375,-11051.26953125,-5217.28515625,-5166.50390625,-15069.82421875,0
6.15234375,-15972.65625,12940.4296875,13166.9921875,14800.29296875,0
6.15625,3308.59375,-14076.171875,3916.9921875,14057.6171875,0
6.16015625,-3074.21875,-9253.90625,10584.9609375,917.96875,0
6.1640625,15503.41796875,12815.4296875,7978.02734375,14769.04296875,0
6.16796875,-1817.87109375,-5198.2421875,7020.01953125,7180.17578125,0
6.171875,898.4375,14818.84765625,-13749.0234375,-9096.19140625,0
6.17578125,15269.53125,12823.2421875,2242.1875,14675.29296875,0
6.1796875,309.08203125,10424.8046875,8500.0,10557.12890625,0
6.18359375,10894.04296875,-7204.1015625,12001.953125,-3067.87109375,0
6.1875,15003.41796875,12987.3046875,0.0,15003.41796875,0
6.19140625,-1690.91796875,14299.31640625,0.0,11180.6640625,0
6.1953125,-5109.86328125,-11221.6796875,2.44140625,10901.85546875,0
6.19921875,14948.73046875,11846.6796875,171.875,14737.79296875,0
6.203125,-438.4765625,9049.31640625,4001.953125,13681.640625,1
6.20703125,8915.52734375,14730.46875,-1874.51171875,-7092.7734375,1
6.2109375,14542.48046875,11213.37890625,3586.9140625,14847.16796875,1
6.21484375,-3436.5234375,11540.52734375,3390.13671875,14806.640625,1
6.21875,-15080.56640625,14652.34375,4233.88671875,14895.5078125,1
6.22265625,14253.41796875,10713.37890625,4180.6640625,14620.60546875,1
6.2265625,-9560.05859375,14668.45703125,-9848.6328125,13182.6171875,1
6.23046875,-3024.4140625,8714.84375,-3470.21484375,-13090.33203125,1
6.234375,14042.48046875,11573.2421875,10518.5546875,14448.73046875,1
6.23828125,12437.01171875,3798.828125,2426.7578125,9681.15234375,1
6.2421875,14983.88671875,12789.0625,-15121.09375,-11086.9140625,1
6.24609375,14331.54296875,12791.9921875,14808.10546875,14628.41796875,1
6.25,5436.5234375,11924.8046875,-686.03515625,7557.12890625,1
6.25390625,-14979.98046875,-3176.7578125,-4950.1953125,-1063.4765625,1
6.2578125,14784.1796875,13534.1796875,-14574.21875,14878.41796875,1
6.26171875,-1567.87109375,-8073.73046875,-9933.59375,7430.6640625,1
6.265625,-3014.16015625,8806.15234375,-10963.37890625,904.296875,1
6.26953125,14713.8671875,12979.4921875,15394.04296875,14644.04296875,1
6.2734375,-316.40625,-10572.265625,3676.26953125,13933.10546875,1
6.27734375,978.515625,-3173.33984375,14704.58984375,-9083.49609375,1
6.28125,14847.16796875,12784.1796875,9673.828125,14550.29296875,1
6.28515625,1181.15234375,10048.33984375,5148.4375,6431.15234375,1
6.2890625,6958.984375,10769.53125,-1770.5078125,8901.85546875,1
6.29296875,15323.73046875,12198.2421875,1140.625,14339.35546875,1
6.296875,4806.640625,5672.8515625,0.0,8932.6171875,1
6.30078125,6958.984375,12734.375,14000.48828125,-5078.125,1
6.3046875,15753.41796875,11268.06640625,0.0,14573.73046875,1
6.30859375,13306.15234375,9288.0859375,0.0,12183.10546875,1
6.3125,2943.84765625,14584.47265625,0.0,14923.33984375,1
6.31640625,-15934.08203125,9462.890625,0.0,14667.48046875,1
6.3203125,-9318.359375,-336.42578125,0.0,13183.10546875,1
6.32421875,946.77734375,4596.6796875,8000.0,6939.453125,1
6.328125,-15465.33203125,9783.203125,218.75,15120.60546875,1
6.33203125,-1942.3828125,-85.44921875,-7486.81640625,15309.5703125,1
6.3359375,-15034.1796875,-3345.703125,14351.07421875,2964.84375,1
6.33984375,-15699.21875,11041.50390625,8001.953125,15089.35546875,1
6.34375,13437.5,-4203.61328125,-1453.125,-9187.98828125,1
6.34765625,2958.0078125,-15244.62890625,871.58203125,-11020.99609375,1
6.3515625,15949.21875,11838.37890625,14940.91796875,15175.29296875,1
6.35546875,6434.08203125,-6455.56640625,-1311.5234375,14808.59375,1
6.359375,914.0625,4700.1953125,13041.015625,948.73046875,1
6.36328125,15363.28125,11104.00390625,-14847.65625,15128.41796875,1
6.3671875,3060.546875,-12703.61328125,-14182.6171875,-14440.91796875,1
6.37109375,10900.390625,4761.23046875,-4906.73828125,931.640625,1
6.375,14628.41796875,11783.69140625,-14535.15625,14698.73046875,1
6.37890625,-5565.91796875,-1951.171875,-3930.6640625,10681.15234375,1
6.3828125,-3125.48828125,-15202.1484375,9121.09375,-13097.65625,1
6.38671875,14034.66796875,12776.3671875,-13824.21875,14487.79296875,1
6.390625,-12937.01171875,13678.22265625,-3055.17578125,7308.10546875,1
6.39453125,-1056.640625,14877.44140625,5179.6875,-3055.6640625,1
6.3984375,13917.48046875,13291.9921875,-13253.41796875,14425.29296875,1
6.40234375,9309.08203125,-13822.265625,3320.3125,428.7109375,1
6.40625,12900.87890625,10847.65625,-10869.140625,-15117.67578125,1
6.41015625,14378.41796875,13565.91796875,-13800.78125,14698.73046875,1
6.4140625,-15813.96484375,2930.6640625,-5932.6171875,14181.640625,1
6.41796875,-15064.453125,-13092.7734375,-877.9296875,14907.71484375,1
6.421875,13964.35546875,14753.41796875,-13690.91796875,14581.54296875,1
6.42578125,9437.01171875,13308.10546875,6821.2890625,8057.12890625,1
6.4296875,4984.86328125,10915.52734375,1120.1171875,2902.83203125,1
6.43359375,14308.10546875,14620.60546875,-14097.16796875,14308.10546875,1
6.4375,3560.05859375,12057.6171875,1321.2890625,6931.15234375,1
6.44140625,10993.1640625,12936.03515625,13145.99609375,14902.83203125,1
6.4453125,14886.23046875,15042.48046875,-13871.09375,14573.73046875,1
6.44921875,11686.5234375,13932.6171875,-5806.640625,9807.6171875,1
6.453125,7020.01953125,14935.546875,11092.28515625,8919.921875,1
6.45703125,15097.16796875,14745.60546875,-15097.65625,14519.04296875,1
6.4609375,8684.08203125,9932.12890625,12316.89453125,11306.640625,1
6.46484375,-5007.8125,4900.87890625,-6934.5703125,-15102.5390625,1
6.46875,15604.98046875,14495.60546875,-15089.84375,14753.41796875,1
6.47265625,12181.640625,11682.12890625,12063.4765625,-15192.87109375,1
6.4765625,-3034.1796875,-15105.46875,-4980.46875,-3096.6796875,1
6.48046875,15550.29296875,14284.66796875,-15738.76953125,14440.91796875,1
6.484375,4180.6640625,6430.6640625,-1063.4765625,6806.640625,1
6.48828125,-7024.90234375,-13120.1171875,4989.74609375,-9078.61328125,1
6.4921875,-15652.83203125,13799.8046875,15745.60546875,15011.23046875,1
6.49609375,-11192.3828125,-1070.80078125,-9314.453125,-14191.89453125,1
6.5,8966.30859375,-7148.92578125,10976.5625,-11068.359375,1
6.50390625,-15730.95703125,13745.1171875,15261.23046875,14722.16796875,1
6.5078125,-10318.359375,-7198.2421875,11307.12890625,12558.59375,1
6.51171875,10967.28515625,-5147.4609375,14952.63671875,-7044.921875,1
6.515625,-15113.28125,13768.5546875,14769.04296875,15440.91796875,1
6.51953125,6931.640625,-4697.75390625,7307.12890625,-12442.3828125,1
6.5234375,-7085.9375,-13167.48046875,-7094.23828125,-13081.54296875,1
6.52734375,-15964.84375,13370.1171875,14299.8046875,14808.10546875,1
6.53125,6308.10546875,-13825.1953125,-3324.70703125,15308.10546875,1
6.53515625,10919.43359375,-11180.17578125,-15212.40234375,12934.5703125,1
6.5390625,15613.28125,13424.8046875,12283.69140625,14909.66796875,1
6.54296875,1309.08203125,-15450.1953125,-329.58984375,10557.6171875,1
6.546875,-11099.609375,-7195.80078125,4719.23828125,12926.7578125,1
6.55078125,15261.71875,12682.6171875,11822.75390625,14878.41796875,1
6.5546875,2934.5703125,8049.31640625,-4454.58984375,12682.12890625,1
6.55859375,-3090.8203125,790.0390625,734.86328125,-1069.82421875,1
6.5625,15136.71875,12620.1171875,12237.3046875,15011.23046875,1
6.56640625,5061.5234375,5670.8984375,8797.36328125,15057.12890625,1
6.5703125,-3104.00390625,12757.8125,8755.859375,-11076.66015625,1
6.57421875,14589.35546875,12752.9296875,12698.2421875,14972.16796875,1
6.578125,-3437.5,14673.828125,11422.36328125,15807.6171875,1
6.58203125,6939.453125,-9232.91015625,14785.64453125,-1071.2890625,1
6.5859375,14729.98046875,11775.87890625,13206.0546875,14878.41796875,1
6.58984375,-8562.5,-7453.125,-14825.1953125,13057.12890625,1
6.59375,-5068.84765625,-15227.05078125,-11184.5703125,-1071.77734375,1
6.59765625,14558.10546875,12799.8046875,13026.3671875,15183.10546875,1
6.6015625,-10563.4765625,14171.875,13800.29296875,-12067.3828125,1
6.60546875,4958.0078125,12752.44140625,-7181.15234375,4915.52734375,1
6.609375,14433.10546875,12331.0546875,13018.5546875,14776.85546875,1
6.61328125,15312.01171875,4922.8515625,13299.8046875,15182.6171875,1
6.6171875,-11015.625,753.41796875,-11198.73046875,-7082.51953125,1
6.62109375,14808.10546875,12221.6796875,12862.3046875,14940.91796875,1
6.625,-13562.5,4172.36328125,-15201.171875,-11440.91796875,1
6.62890625,4996.09375,2764.6484375,-13219.23828125,-5072.265625,1
6.6328125,14573.73046875,12064.94140625,13088.8671875,14815.91796875,1
6.63671875,6310.546875,-2827.63671875,-15824.21875,-15190.4296875,1
6.640625,7023.4375,808.10546875,815.91796875,4952.63671875,1
6.64453125,15261.23046875,12885.7421875,12737.3046875,15026.85546875,1
6.6484375,8559.5703125,8048.828125,12925.78125,-11564.94140625,1
6.65234375,7011.71875,-5210.44921875,4805.17578125,14945.3125,1
6.65625,15706.54296875,12510.7421875,12612.3046875,14972.16796875,1
6.66015625,8057.12890625,5548.33984375,6048.33984375,-14190.4296875,1
6.6640625,15006.34765625,10788.57421875,2784.66796875,6948.2421875,1
6.66796875,-15668.45703125,12604.4921875,12416.9921875,15190.91796875,1
6.671875,14308.10546875,6547.36328125,4922.8515625,-12940.4296875,1
6.67578125,15005.37109375,-1238.28125,10774.90234375,12953.125,1
6.6796875,-15465.33203125,12393.5546875,12752.9296875,15104.98046875,1
6.68359375,-8941.40625,3923.828125,11424.31640625,-11439.453125,1
6.6875,2981.4453125,2815.4296875,-13214.35546875,969.23828125,1
6.69140625,-15730.95703125,12784.1796875,12346.6796875,15245.60546875,1
6.6953125,-9067.87109375,11674.8046875,6046.875,-11565.4296875,1
6.69921875,-7055.6640625,10799.31640625,-15250.48828125,-3053.7109375,1
6.703125,-15973.14453125,12924.8046875,12377.9296875,14909.66796875,1
6.70703125,-5818.84765625,7297.8515625,6923.33984375,15183.59375,1
6.7109375,-11079.58984375,-15206.0546875,-3220.703125,-11055.6640625,1
6.71484375,-15871.09375,12987.3046875,12393.5546875,15229.98046875,1
6.71875,8183.59375,-13824.70703125,170.8984375,-13066.40625,1
6.72265625,14928.7109375,-11188.4765625,4744.62890625,-1047.36328125,1
6.7265625,15652.34375,13065.4296875,12033.69140625,15089.35546875,1
6.73046875,3310.05859375,15675.29296875,-830.078125,15558.59375,1
6.734375,8932.12890625,10822.75390625,-15268.5546875,-13041.50390625,1
6.73828125,15261.23046875,13206.0546875,11627.44140625,15222.16796875,1
6.7421875,-1189.453125,13425.29296875,-6954.1015625,-15191.40625,1
6.74609375,2905.76171875,10833.0078125,10726.5625,-5062.5,1
6.75,14706.54296875,13479.4921875,11627.44140625,14831.54296875,1
6.75390625,-4688.96484375,-13199.70703125,-4203.61328125,11057.6171875,1
6.7578125,-3079.58984375,-7182.12890625,12763.671875,8942.87109375,1
6.76171875,14854.98046875,13049.8046875,11979.00390625,15269.04296875,1
6.765625,-1937.5,8923.33984375,-203.61328125,-14067.87109375,1
6.76953125,-13070.80078125,10794.921875,-11265.13671875,-9071.2890625,1
6.7734375,14612.79296875,12924.8046875,12151.3671875,15323.73046875,1
6.77734375,-13188.4765625,-13822.75390625,6298.33984375,15557.12890625,1
6.78125,-9064.94140625,14829.1015625,4774.4140625,2928.7109375,1
6.78515625,14269.04296875,13081.0546875,12674.8046875,15144.04296875,1
6.7890625,15187.01171875,-14573.73046875,13423.828125,-14941.40625,1
6.79296875,-9036.62109375,10828.61328125,-5223.14453125,6948.2421875,1
6.796875,14362.79296875,13291.9921875,12487.3046875,15167.48046875,1
6.80078125,15937.5,-8697.265625,9172.36328125,-11190.4296875,1
6.8046875,-3001.46484375,-9181.15234375,10776.85546875,-1040.52734375,1
6.80859375,14589.35546875,12877.9296875,12854.4921875,15144.04296875,1
6.8125,10186.03515625,-14700.68359375,11673.828125,-15941.89453125,1
6.81640625,3005.37109375,-3182.6171875,-3233.3984375,4923.33984375,1
6.8203125,15104.98046875,13698.2421875,12440.4296875,15058.10546875,1
6.82421875,9058.59375,-7322.265625,13549.8046875,-14566.89453125,1
6.828125,-15015.13671875,-7145.01953125,-11207.03125,-3076.171875,1
6.83203125,15019.04296875,13565.4296875,12549.8046875,14854.98046875,1
6.8359375,5684.08203125,-6696.77734375,8549.31640625,-11440.91796875,1
6.83984375,999.51171875,4834.47265625,14798.33984375,935.05859375,1
6.84375,15456.54296875,13143.5546875,12620.1171875,14956.54296875,1
6.84765625,10808.59375,-10074.70703125,9299.31640625,-14064.94140625,1
6.8515625,-12997.0703125,-5204.1015625,-7216.30859375,10956.54296875,1
6.85546875,-15668.45703125,13479.98046875,12838.8671875,15269.04296875,1
6.859375,-12442.3828125,554.6875,14047.8515625,-10941.40625,1
6.86328125,2972.65625,-11149.90234375,-3198.2421875,-5064.94140625,1
6.8671875,15815.91796875,12971.6796875,12596.6796875,14995.60546875,1
6.87109375,11682.12890625,-12322.265625,2299.31640625,-13690.4296875,1
6.875,14936.03515625,831.54296875,-3204.58984375,8955.078125,1
6.87890625,15479.98046875,13393.5546875,12620.1171875,15073.73046875,1
6.8828125,-14943.84765625,-8321.77734375,12924.8046875,-15441.40625,1
6.88671875,10941.89453125,-15153.3203125,-3205.078125,14941.89453125,1
6.890625,-15840.33203125,13291.9921875,12487.3046875,15034.66796875,1
6.89453125,-2191.40625,-12573.73046875,7549.31640625,-15064.453125,1
6.8984375,10955.56640625,-1173.33984375,2801.26953125,8970.21484375,1
6.90234375,15964.35546875,13252.9296875,12948.2421875,15081.54296875,1
6.90625,-942.87109375,-7197.265625,12173.828125,11183.10546875,1
6.91015625,-15088.37890625,-15158.69140625,-5214.35546875,6937.5,1
6.9140625,15519.53125,13510.7421875,12557.6171875,14823.73046875,1
6.91796875,6561.03515625,-4071.2890625,9801.26953125,-14565.91796875,1
6.921875,10913.57421875,4828.61328125,-11158.203125,8925.29296875,1
6.92578125,15261.71875,13409.1796875,13206.0546875,14878.41796875,1
6.9296875,5060.546875,-1446.2890625,-15324.70703125,13806.640625,1
6.93359375,6882.8125,12856.93359375,-1171.38671875,-11099.12109375,1
6.9375,14206.54296875,13745.60546875,13206.0546875,14206.0546875,1
6.94140625,-14693.84765625,3680.6640625,14551.26953125,-698.2421875,1
6.9453125,10795.41015625,10848.6328125,10834.47265625,-11192.87109375,1
6.94921875,12596.6796875,13377.9296875,12776.3671875,12807.6171875,1
6.953125,-11074.21875,-566.40625,12925.29296875,5794.921875,1
6.95703125,14742.67578125,-13016.11328125,831.54296875,-13267.578125,1
6.9609375,11299.31640625,14651.85546875,12385.25390625,11768.06640625,1
6.96484375,-3579.1015625,3180.17578125,5662.59765625,-11458.0078125,1
6.96875,-3379.39453125,6893.5546875,4555.6640625,-15350.5859375,1
6.97265625,8806.640625,14393.5546875,7712.40234375,10447.265625,1
6.9765625,6410.64453125,-8196.77734375,2895.01953125,-3337.40234375,1
6.98046875,-15443.359375,-3097.65625,250.48828125,12645.99609375,1
6.984375,6618.1640625,14448.73046875,3359.86328125,10291.50390625,1
6.98828125,-4980.95703125,10181.640625,-15245.1171875,8414.0625,1
6.9921875,14205.078125,6761.23046875,-2000.0,12572.265625,1
6.99609375,2656.73828125,12393.5546875,7.8125,9947.75390625,1
7.0,11758.30078125,12168.9453125,500.0,1663.0859375,1
7.00390625,2065.4296875,6761.71875,0.0,-13367.67578125,0
7.0078125,0.0,12275.87890625,0.0,9673.828125,0
7.01171875,125.0,-2201.171875,0.0,-11212.890625,0
7.015625,4000.0,843.75,0.0,6625.9765625,0
7.01953125,0.0,15449.70703125,0.0,10799.31640625,0
7.0234375,125.0,-13664.0625,0.0,14415.0390625,0
7.02734375,5.37109375,13533.203125,0.0,2649.90234375,0
7.03125,477.05078125,-4555.6640625,343.75,10729.4921875,0
7.03515625,5269.53125,-501.46484375,1376.46484375,2301.26953125,0
7.0390625,8463.37890625,13970.703125,-920.8984375,-5158.69140625,0
7.04296875,9048.828125,-430.17578125,-1445.80078125,14604.98046875,0
7.046875,-12338.37890625,-6376.953125,-49.8046875,-8315.4296875,0
7.05078125,14699.70703125,-8025.87890625,10000.0,2998.046875,0
7.0546875,13026.3671875,-398.92578125,23.4375,-14394.04296875,0
7.05859375,8426.7578125,-6376.953125,8250.0,14205.078125,0
7.0625,10958.0078125,-6025.87890625,0.0,-4654.296875,0
7.06640625,-15152.34375,-406.73828125,0.0,-10502.44140625,0
7.0703125,14438.4765625,-6376.953125,0.0,586.42578125,0
7.07421875,-4908.203125,-6025.390625,0.0,-10588.8671875,0
7.078125,-12573.73046875,-398.92578125,0.0,-8682.12890625,0
7.08203125,-550.78125,-6501.953125,0.0,-8032.2265625,0
7.0859375,13171.38671875,-8025.87890625,0.0,-503.90625,0
7.08984375,-11041.9921875,-398.92578125,0.0,-7603.515625,0
7.09375,-1928.22265625,-6376.953125,0.0,-3770.5078125,0
7.09765625,7211.9140625,-8025.390625,0.0,5773.92578125,0
7.1015625,-8947.265625,-406.73828125,0.0,-2492.67578125,0
7.10546875,-520.01953125,-6501.953125,0.0,4998.53515625,0
7.109375,-12200.68359375,-6025.390625,0.0,9973.14453125,0
7.11328125,-219.23828125,-398.92578125,0.0,-430.17578125,0
7.1171875,-7376.953125,-6501.953125,0.0,-6376.953125,0
7.12109375,9974.609375,-8025.87890625,0.0,-8025.87890625,0
7.125,-414.55078125,-406.73828125,0.0,-406.73828125,0
7.12890625,-6626.953125,-6501.953125,0.0,-6501.953125,0
7.1328125,-8026.3671875,-8025.87890625,0.0,-8025.87890625,0
7.13671875,-414.55078125,-406.73828125,0.0,-406.73828125,0
7.140625,-6626.953125,-6376.953125,0.0,-6501.953125,0
7.14453125,-10025.87890625,-6025.87890625,0.0,-8025.87890625,0
7.1484375,-406.73828125,-406.73828125,0.0,-406.73828125,0
7.15234375,-6501.953125,-6376.953125,0.0,-6501.953125,0
7.15625,-10026.3671875,-8025.87890625,0.0,-8025.87890625,0
7.16015625,-414.55078125,-406.73828125,0.0,-406.73828125,0
7.1640625,-6501.953125,-6376.953125,0.0,-6501.953125,0
7.16796875,-8026.3671875,-6025.390625,0.0,-8025.87890625,0
7.171875,-414.55078125,-398.92578125,0.0,-406.73828125,0
7.17578125,-6626.953125,-6501.953125,0.0,-6501.953125,0
7.1796875,-10026.3671875,-8025.87890625,0.0,-8025.87890625,0
7.18359375,-414.55078125,-406.73828125,0.0,-406.73828125,0
7.1875,-6626.953125,-6501.953125,0.0,-6501.953125,0
7.19140625,13978.02734375,-8025.87890625,0.0,-6027.34375,0
7.1953125,-836.42578125,-406.73828125,0.0,-508.30078125,0
7.19921875,9245.60546875,-6376.953125,0.0,-5878.90625,0
7.203125,-4117.1875,-8025.390625,0.0,11798.33984375,0
7.20703125,-6182.12890625,-406.73828125,31.25,-6158.69140625,0
7.2109375,8457.51953125,-6501.953125,375.0,-2290.52734375,0
7.21484375,7204.1015625,-8024.90234375,14002.9296875,5157.71484375,0
7.21875,-14895.01953125,-477.05078125,304.6875,-15113.28125,0
7.22265625,-565.4296875,-3254.8828125,5131.8359375,-9686.03515625,0
7.2265625,-9015.625,-4110.3515625,2152.34375,-3051.7578125,0
7.23046875,-13761.71875,-250.48828125,460.9375,-15105.46875,0
7.234375,-9437.5,-14003.90625,5877.9296875,-7311.03515625,0
7.23828125,-7012.6953125,11880.37109375,12071.2890625,-11073.73046875,0
7.2421875,14510.7421875,-4479.00390625,1016.11328125,13307.6171875,0
7.24609375,786.62109375,-10422.8515625,-1835.9375,7539.55078125,0
7.25,-7435.546875,9190.4296875,14692.87109375,-7458.0078125,0
7.25390625,10416.50390625,-13925.29296875,5680.17578125,8642.578125,0
7.2578125,2900.390625,2810.05859375,7397.4609375,-13347.16796875,0
7.26171875,-9657.71484375,-15161.62109375,-9408.203125,-7647.94921875,0
7.265625,8197.265625,12955.078125,7899.90234375,6876.46484375,0
7.26953125,394.53125,-4226.07421875,10049.31640625,7392.08984375,0
7.2734375,14364.74609375,432.6171875,6866.69921875,-11682.12890625,0
7.27734375,8236.328125,7947.265625,8618.65234375,6407.71484375,0
7.28125,15149.90234375,-15847.16796875,1156.73828125,10771.484375,0
7.28515625,-7674.31640625,387.6953125,-1433.59375,-13714.84375,0
7.2890625,8455.56640625,9729.4921875,7806.15234375,6572.265625,0
7.29296875,-11970.703125,6791.9921875,-14698.73046875,6397.4609375,0
7.296875,-1658.203125,-15423.33984375,-14854.98046875,-1701.66015625,0
7.30078125,9729.00390625,11955.56640625,12376.46484375,8384.765625,0
7.3046875,-14845.21484375,-7588.37890625,12167.48046875,6521.97265625,0
7.30859375,-7585.44921875,-5544.921875,12989.74609375,-3622.0703125,0
7.3125,6657.71484375,4821.2890625,-15903.3203125,5657.2265625,0
7.31640625,-215.8203125,-12852.5390625,11289.0625,-5223.6328125,0
7.3203125,14406.25,2375.48828125,-3314.453125,373.53515625,0
7.32421875,5517.08984375,5774.90234375,12901.3671875,5048.33984375,0
7.328125,-5587.890625,-15101.5625,8166.50390625,3403.80859375,0
7.33203125,4451.66015625,10261.71875,-9111.328125,-7588.37890625,0
7.3359375,7400.390625,4922.8515625,14534.66796875,7564.453125,0
7.33984375,-12711.42578125,11394.53125,12934.5703125,1153.80859375,0
7.34375,-3405.2734375,8340.33203125,939.453125,-9474.609375,0
7.34765625,8111.328125,4813.4765625,-13339.35546875,8306.15234375,0
7.3515625,416.9921875,5770.99609375,-8683.59375,-9966.796875,0
7.35546875,2723.6328125,-13649.90234375,-1024.4140625,-9380.859375,0
7.359375,8853.515625,4962.40234375,-13878.41796875,8587.890625,0
7.36328125,-9456.54296875,2898.92578125,-928.7109375,15413.0859375,0
7.3671875,-9187.98828125,4458.0078125,3026.3671875,-7272.94921875,0
7.37109375,10595.21484375,5671.875,-12854.00390625,11032.71484375,0
7.375,-13838.37890625,14502.9296875,3577.1484375,-6842.7734375,0
7.37890625,8732.421875,-9894.04296875,939.453125,12613.76953125,0
7.3828125,9900.390625,273.4375,-15409.1796875,9330.078125,0
7.38671875,12916.015625,0.0,12328.125,-13835.9375,0
7.390625,-5220.703125,-10000.0,-13003.41796875,-5326.171875,0
7.39453125,11236.328125,101.5625,15511.23046875,10549.31640625,0
7.3984375,-2456.0546875,3002.9296875,11290.52734375,6542.96875,0
7.40234375,-11102.5390625,-1701.171875,339.35546875,12817.87109375,0
7.40625,12548.828125,4062.5,5972.65625,11893.06640625,0
7.41015625,-3956.0546875,-14610.83984375,9330.56640625,8171.38671875,0
7.4140625,-7130.859375,-3580.56640625,1133.30078125,-7176.26953125,0
7.41796875,13393.06640625,5618.1640625,15972.65625,12080.56640625,0
7.421875,7422.36328125,7521.97265625,12813.96484375,9049.31640625,0
7.42578125,12906.25,-3663.57421875,-15160.64453125,-5110.83984375,0
7.4296875,15034.1796875,6024.4140625,10838.37890625,13885.7421875,0
7.43359375,-1071.77734375,-12850.5859375,13295.41015625,-4568.359375,0
7.4375,12907.2265625,12495.1171875,14793.45703125,-15072.75390625,0
7.44140625,13791.9921875,5555.6640625,15690.91796875,12588.8671875,0
7.4453125,-3570.80078125,13398.4375,-1687.5,-10815.91796875,0
7.44921875,-5046.875,-1443.359375,-14958.0078125,4991.69921875,0
7.453125,-15785.15625,10119.62890625,-14324.21875,15683.10546875,0
7.45703125,3056.640625,5288.57421875,13820.80078125,-5816.89453125,0
7.4609375,877.44140625,-5257.32421875,11205.56640625,-9093.75,0
7.46484375,-14862.79296875,13823.2421875,-14691.40625,-15214.84375,0
7.46875,11187.98828125,7425.78125,7443.359375,-58.10546875,0
7.47265625,-9076.171875,2859.86328125,-12745.1171875,5017.08984375,0
7.4765625,15402.34375,13128.41796875,-9433.10546875,15527.34375,0
7.48046875,-9437.01171875,5801.26953125,-6423.828125,3937.01171875,0
7.484375,-15102.5390625,-15174.31640625,-12607.91015625,-11041.9921875,0
7.48828125,-15799.8046875,-15166.9921875,-9886.23046875,-15229.98046875,0
7.4921875,2447.265625,14086.42578125,8569.82421875,-8428.22265625,0
7.49609375,4882.32421875,7214.35546875,13343.75,962.40234375,0
7.5,14973.14453125,-14627.9296875,-9534.66796875,15566.40625,0
7.50390625,13196.77734375,1959.47265625,-13557.6171875,-1431.15234375,0
7.5078125,2864.74609375,-2635.7421875,13284.66796875,4909.1796875,0
7.51171875,13902.34375,-9814.453125,-11082.03125,14738.28125,0
7.515625,-4924.31640625,5356.4453125,-8559.5703125,-10178.22265625,0
7.51953125,-1039.0625,11456.0546875,-8659.66796875,6992.1875,0
7.5234375,14128.90625,-11690.91796875,-8479.00390625,15324.21875,0
7.52734375,-12303.7109375,-10797.36328125,13452.63671875,-12934.08203125,0
7.53125,9069.3359375,-2535.64453125,9158.203125,-4941.40625,0
7.53515625,-15676.26953125,-7369.62890625,-13456.54296875,-14542.96875,0
7.5390625,-3810.05859375,-5658.203125,1192.87109375,9564.453125,0
7.54296875,13092.7734375,-10630.37109375,-856.93359375,13083.49609375,0
7.546875,14870.60546875,-14362.79296875,-11065.4296875,15581.54296875,0
7.55078125,-11059.5703125,1200.68359375,4326.66015625,-2437.01171875,0
7.5546875,-12956.54296875,-2770.5078125,1292.96875,12979.98046875,0
7.55859375,15315.91796875,-11870.1171875,-9658.69140625,-15980.46875,0
7.5625,-11435.546875,5205.078125,-5787.59765625,5938.4765625,0
7.56640625,-12895.01953125,3296.38671875,-4767.08984375,-2975.5859375,0
7.5703125,-14675.78125,-7470.703125,-13925.78125,-14792.96875,0
7.57421875,3062.5,15580.56640625,-9800.78125,-8809.5703125,0
7.578125,11119.140625,-14789.55078125,-8720.703125,9102.5390625,0
7.58203125,-13292.96875,-12565.91796875,-12573.2421875,-12722.65625,0
7.5859375,9058.59375,15566.89453125,-12782.71484375,-688.96484375,0
7.58984375,-10821.77734375,-788.57421875,15312.98828125,3126.953125,0
7.59375,-13207.51953125,-12660.15625,-12784.1796875,-13519.53125,0
7.59765625,14434.5703125,-12183.10546875,-2157.2265625,5190.4296875,0
7.6015625,-2870.60546875,-2895.5078125,13411.62109375,-10873.53515625,0
7.60546875,-13511.71875,-13644.53125,-11096.6796875,-14378.90625,0
7.609375,10187.01171875,-10807.12890625,-1410.64453125,-12558.10546875,0
7.61328125,13082.03125,3203.61328125,-12586.42578125,15114.74609375,0
7.6171875,-12199.21875,-11511.23046875,-15652.83203125,-12511.71875,0
7.62109375,8055.17578125,9823.2421875,-4920.41015625,-15564.453125,0
7.625,-940.91796875,-6650.87890625,5178.22265625,-10895.5078125,0
7.62890625,-13675.78125,-11394.04296875,-12831.0546875,-14207.03125,0
7.6328125,-14441.40625,-7429.19921875,-6159.66796875,-11310.05859375,0
7.63671875,964.35546875,-700.68359375,7369.62890625,-8957.03125,0
7.640625,-14488.28125,-9433.10546875,-12823.73046875,-14566.40625,0
7.64453125,-67.3828125,-2560.546875,453.61328125,-3563.96484375,0
7.6484375,-15006.34765625,10979.4921875,-4761.23046875,-6936.5234375,0
7.65234375,-14386.71875,14432.6171875,-13057.6171875,-13871.58203125,0
7.65625,2558.10546875,5674.31640625,13212.890625,-1187.98828125,0
7.66015625,-5110.83984375,-7242.1875,13502.9296875,-1000.9765625,0
7.6640625,-15292.48046875,11487.79296875,-8018.5546875,-14776.85546875,0
7.66796875,-4554.6875,3185.05859375,-11668.9453125,12696.77734375,0
7.671875,991.69921875,-3122.55859375,-12627.9296875,-4897.4609375,0
7.67578125,-14760.7421875,-14541.50390625,-11207.03125,-13886.23046875,0
7.6796875,4576.66015625,11593.75,4431.640625,-7299.8046875,0
7.68359375,1086.42578125,1595.703125,-4938.4765625,-8788.57421875,0
7.6875,-15738.28125,-7439.94140625,-11682.6171875,-13628.90625,0
7.69140625,3068.84765625,969.7265625,-6555.17578125,7942.87109375,0
7.6953125,-958.0078125,-6354.98046875,-12858.88671875,7092.28515625,0
7.69921875,14863.28125,-8393.06640625,-11581.54296875,-15996.09375,0
7.703125,5197.265625,12735.3515625,-6186.5234375,10446.77734375,0
7.70703125,7056.15234375,15645.01953125,1093.75,7127.9296875,0
7.7109375,15605.46875,-13098.6328125,-11784.66796875,-14972.65625,0
7.71484375,-12046.38671875,-4215.8203125,-10952.63671875,-8174.8046875,0
7.71875,9101.5625,-9828.61328125,8543.45703125,-2884.27734375,0
7.72265625,14144.04296875,0.0,13408.69140625,15441.40625,0
7.7265625,-6680.6640625,2250.0,-2712.890625,4691.89453125,0
7.73046875,-10910.64453125,4000.0,-13380.859375,-8940.4296875,0
7.734375,14565.91796875,0.0,13565.91796875,15362.79296875,0
7.73828125,-14181.15234375,0.0,-9706.0546875,-932.12890625,0
7.7421875,-930.17578125,0.0,2507.8125,15010.7421875,0
7.74609375,15449.21875,0.0,7556.15234375,15933.59375,0
7.75,1821.77734375,0.0,514.16015625,-13428.22265625,0
7.75390625,3211.42578125,0.0,156.25,1152.34375,0
7.7578125,-15566.89453125,0.0,8119.62890625,-15488.28125,0
7.76171875,-6061.03515625,0.0,-8084.47265625,9692.3828125,0
7.765625,-12878.90625,0.0,10573.2421875,9112.3046875,0
7.76953125,-15160.64453125,0.0,9721.19140625,-14714.84375,0
7.7734375,-9305.6640625,0.0,6413.57421875,-15302.24609375,0
7.77734375,1244.140625,0.0,8574.70703125,-806.15234375,0
7.78125,-11424.8046875,0.0,8478.515625,-12416.9921875,0
7.78515625,14580.56640625,0.0,9039.0625,-4165.0390625,0
7.7890625,3292.96875,15.13671875,-7159.1796875,-4687.5,0
7.79296875,-8666.50390625,0.0,12144.04296875,-9072.265625,0
7.796875,-12283.203125,-8971.6796875,-5663.0859375,1972.65625,0
7.80078125,13662.109375,4817.87109375,-10317.3828125,-4319.82421875,0
7.8046875,-1289.55078125,-13149.90234375,-2938.4765625,-1703.61328125,0
7.80859375,-5127.44140625,-12500.48828125,-1130.859375,-4627.44140625,0
7.8125,-10025.87890625,-45.41015625,5945.3125,-2026.3671875,0
7.81640625,-414.55078125,-398.92578125,-719.23828125,-398.92578125,0
7.8203125,-6251.953125,-6376.953125,-7876.953125,-6251.953125,0
7.82421875,3957.51953125,-8025.87890625,-4026.3671875,-14041.9921875,0
7.828125,-291.015625,-406.73828125,-406.73828125,-79.58984375,0
7.83203125,-11692.87109375,-6501.953125,-6376.953125,-8674.31640625,0
7.8359375,-3116.69921875,-6025.87890625,-6025.87890625,15247.0703125,0
7.83984375,15635.25390625,-406.73828125,-406.73828125,-10394.53125,0
7.84375,-15359.375,-6501.953125,-6501.953125,-6697.75390625,0
7.84765625,-13967.7734375,-8025.87890625,-8025.87890625,-5290.52734375,0
7.8515625,78.125,-398.92578125,-406.73828125,7899.4140625,0
7.85546875,875.0,-6376.953125,-6501.953125,2635.25390625,0
7.859375,0.0,-6025.87890625,-6025.390625,-15866.2109375,0
7.86328125,0.0,-398.92578125,-398.92578125,710.9375,0
7.8671875,0.0,-6376.953125,-6501.953125,0.0,0
7.87109375,0.0,-4028.3203125,-6025.390625,14.6484375,0
7.875,0.0,-422.36328125,-406.73828125,539.0625,0
7.87890625,0.0,-8384.765625,-6501.953125,6501.46484375,0
7.8828125,12000.0,-2335.9375,-4033.69140625,-9945.80078125,0
7.88671875,750.48828125,-7322.75390625,-695.80078125,1476.5625,0
7.890625,-4352.05078125,-14041.015625,-13629.39453125,-741.2109375,0
7.89453125,12334.47265625,-2739.2578125,9924.31640625,-11849.12109375,0
7.8984375,5813.96484375,-13754.39453125,-1312.98828125,2766.11328125,0
7.90234375,-7211.42578125,-12575.68359375,6615.234375,-13236.328125,0
7.90625,2613.28125,6671.38671875,13813.4765625,2207.51953125,0
7.91015625,8994.62890625,8235.83984375,-2641.6015625,3547.8515625,0
7.9140625,6796.38671875,9518.06640625,-5759.27734375,2641.11328125,0
7.91796875,-3235.83984375,-1850.09765625,-10126.953125,10280.76171875,0
7.921875,11620.1171875,648.4375,-1742.67578125,5086.9140625,0
7.92578125,4805.17578125,0.0,10870.1171875,-6726.5625,0
7.9296875,10951.66015625,6000.0,13918.9453125,8396.484375,0
7.93359375,13776.3671875,0.0,-1195.80078125,6235.3515625,0
7.9375,-14944.3359375,0.0,13869.140625,-600.09765625,0
7.94140625,12945.80078125,0.0,5899.4140625,4408.69140625,0
7.9453125,13963.8671875,0.0,-1305.17578125,6399.90234375,0
7.94921875,-3815.4296875,0.0,14120.60546875,-13720.21484375,0
7.953125,-1000.48828125,0.0,13936.5234375,-1546.38671875,0
7.95703125,14620.1171875,0.0,-1078.61328125,6821.77734375,0
7.9609375,-7569.3359375,0.0,9244.140625,-12094.7265625,0
7.96484375,12987.79296875,0.0,-8073.73046875,-3480.95703125,0
7.96875,15940.91796875,0.0,-945.80078125,8462.890625,0
7.97265625,13182.12890625,0.0,-13127.9296875,12910.15625,0
7.9765625,2966.30859375,0.0,-12040.52734375,-1449.21875,0
7.98046875,-15879.39453125,0.0,-812.98828125,8705.078125,0
7.984375,-11316.40625,0.0,-14753.41796875,-11337.40234375,0
7.98828125,3008.7890625,0.0,7951.171875,2622.0703125,0
7.9921875,-14926.26953125,0.0,-781.73828125,10244.140625,0
7.99609375,-3817.87109375,0.0,-12503.41796875,-1085.9375,0
8.0,-5014.16015625,0.0,15947.75390625,-13338.37890625,0
8.00390625,-14730.46875,0.0,-812.98828125,10588.37890625,0
8.0078125,6560.546875,0.0,-15379.39453125,9044.43359375,0
8.01171875,-8948.2421875,0.0,3932.6171875,10782.2265625,0
8.015625,-15097.65625,0.0,-1227.05078125,11799.31640625,0
8.01953125,7061.5234375,0.0,6740.234375,-15954.1015625,0
8.0234375,-5007.8125,0.0,3794.43359375,4760.7421875,0
8.02734375,-15136.71875,0.0,-3673.33984375,12120.1171875,0
8.03125,-2809.08203125,0.0,-8646.484375,7426.26953125,0
8.03515625,2995.1171875,0.0,-8373.53515625,14826.171875,0
8.0390625,-15245.60546875,0.0,-6611.81640625,13057.6171875,0
8.04296875,817.3828125,0.0,-411.62109375,-12322.265625,0
8.046875,15029.296875,0.0,-626.953125,873.53515625,0
8.05078125,-15214.84375,0.0,-10393.5546875,13745.1171875,0
8.0546875,-4807.12890625,0.0,-13796.38671875,-6071.2890625,0
8.05859375,-10991.2109375,0.0,-738.28125,-7143.06640625,0
8.0625,-15566.40625,0.0,-12167.96875,13995.60546875,0
8.06640625,-9432.6171875,0.0,-1184.5703125,929.6875,0
8.0703125,-2986.328125,0.0,-6927.24609375,-9112.79296875,0
8.07421875,-15902.34375,0.0,-14902.34375,14284.66796875,0
8.078125,-10303.7109375,0.48828125,5185.546875,12558.10546875,0
8.08203125,5057.6171875,4006.34765625,10945.3125,-1083.984375,0
8.0859375,-15628.90625,437.5,14534.1796875,14698.73046875,0
8.08984375,-12930.17578125,8125.0,-2322.75390625,14181.640625,0
8.09375,1062.5,0.0,-5167.48046875,-1099.609375,0
8.09765625,-15964.84375,257.8125,12885.7421875,14597.16796875,0
8.1015625,14820.80078125,8125.0,5424.31640625,14182.6171875,0
8.10546875,13134.27734375,-8000.0,2822.265625,-13056.15234375,0
8.109375,-15238.28125,179.6875,12846.6796875,15589.35546875,0
8.11328125,4191.40625,2000.0,4297.36328125,-9316.89453125,0
8.1171875,7093.26171875,-7960.44921875,-15251.46484375,8928.22265625,0
8.12109375,-15167.96875,921.875,11541.50390625,15229.98046875,0
8.125,11190.91796875,11752.9296875,-6081.0546875,-7566.40625,0
8.12890625,7114.2578125,120.1171875,12699.70703125,10940.4296875,0
8.1328125,-14503.90625,2484.86328125,11307.12890625,15620.60546875,0
8.13671875,8815.91796875,2514.6484375,15167.96875,-4815.4296875,0
8.140625,11133.7890625,-11689.94140625,8700.1953125,-9047.8515625,0
8.14453125,-14613.76953125,4868.1640625,10518.06640625,15401.85546875,0
8.1484375,-5937.98828125,-15604.98046875,1541.50390625,-13941.89453125,0
8.15234375,11121.09375,4356.93359375,-11328.61328125,-15032.71484375,0
8.15625,-14066.40625,6220.21484375,9798.828125,15487.79296875,0
8.16015625,437.5,-13970.703125,-5588.8671875,-10564.94140625,0
8.1640625,7066.89453125,-1537.59765625,14527.83203125,6969.23828125,0
8.16796875,-14167.96875,7173.33984375,8705.078125,15854.98046875,0
8.171875,8437.98828125,-10467.7734375,10034.1796875,-6438.96484375,0
8.17578125,-14934.5703125,10531.73828125,8548.828125,4977.05078125,0
8.1796875,-14863.28125,8072.265625,8017.578125,14808.10546875,0
8.18359375,5936.03515625,1029.296875,3658.69140625,12433.59375,0
8.1875,-4985.83984375,14438.4765625,-5497.55859375,-5046.38671875,0
8.19140625,-14675.78125,7142.08984375,7524.90234375,15534.66796875,0
8.1953125,-14187.01171875,-8345.21484375,-4717.28515625,-8439.453125,0
8.19921875,7041.015625,-5512.6953125,4562.5,990.72265625,0
8.203125,-13823.73046875,8392.578125,9916.50390625,-15839.84375,0
8.20703125,15065.91796875,14533.69140625,-15956.0546875,6187.01171875,0
8.2109375,-14993.65234375,-7466.30859375,-1253.41796875,-3001.953125,0
8.21484375,-14425.78125,7946.77734375,12706.0546875,-15785.64453125,0
8.21875,-1183.10546875,-12094.7265625,10550.78125,-5312.98828125,0
8.22265625,-14949.70703125,-15433.10546875,-7151.3671875,-14981.93359375,0
8.2265625,-14448.73046875,9603.515625,13213.8671875,-15691.40625,0
8.23046875,14820.80078125,-8588.8671875,-7071.2890625,8439.453125,0
8.234375,-927.734375,-9380.37109375,-1128.41796875,15029.296875,0
8.23828125,-15238.28125,10689.94140625,13596.6796875,15511.23046875,0
8.2421875,-15808.10546875,7790.0390625,-13571.77734375,13310.546875,0
8.24609375,-4976.07421875,4691.89453125,-5116.69921875,3003.41796875,0
8.25,15792.96875,10994.140625,13862.3046875,15628.41796875,0
8.25390625,6190.91796875,-964.35546875,-8697.75390625,-14690.4296875,0
8.2578125,-991.69921875,6565.4296875,2843.26171875,-9017.578125,0
8.26171875,-15972.65625,8649.90234375,13838.8671875,15980.46875,0
8.265625,13692.87109375,-345.703125,-3697.75390625,61.03515625,0
8.26953125,-2961.9140625,-5538.57421875,6837.890625,-5018.06640625,0
8.2734375,-15878.90625,7743.65234375,13471.6796875,15698.73046875,0
8.27734375,9692.87109375,15773.4375,-6323.73046875,-6814.453125,0
8.28125,9056.15234375,-5583.0078125,796.875,-15037.109375,0
8.28515625,15949.21875,6907.71484375,13526.3671875,15479.98046875,0
8.2890625,3190.4296875,15153.80859375,-9951.171875,-6815.91796875,0
8.29296875,1045.41015625,8487.3046875,-7225.09765625,4933.10546875,0
8.296875,15870.60546875,7720.21484375,12471.6796875,15448.73046875,0
8.30078125,-3435.546875,13398.92578125,6921.38671875,-6816.40625,0
8.3046875,-12930.17578125,6364.74609375,-7264.6484375,10935.05859375,0
8.30859375,-15762.20703125,6868.65234375,12284.1796875,15495.60546875,0
8.3125,-7061.03515625,-5220.703125,2918.9453125,-8189.453125,0
8.31640625,-8926.26953125,-13479.00390625,12717.28515625,12962.40234375,0
8.3203125,15659.66796875,9041.015625,11940.4296875,14792.48046875,0
8.32421875,-14312.98828125,-6211.42578125,4672.8515625,-14940.91796875,0
8.328125,-10955.56640625,-1345.703125,4734.86328125,14939.453125,0
8.33203125,-15504.39453125,11307.12890625,11979.4921875,15300.29296875,0
8.3359375,-6563.4765625,-7579.1015625,1045.41015625,-5814.453125,0
8.33984375,-2936.5234375,-15247.0703125,12722.65625,-13029.78515625,0
8.34375,-14895.01953125,11096.19140625,11674.31640625,15339.35546875,0
8.34765625,-4814.453125,10167.48046875,-7205.078125,-9313.4765625,0
8.3515625,-14959.9609375,4687.5,2746.58203125,975.5859375,0
8.35546875,-14715.33203125,11174.31640625,11916.50390625,15479.98046875,0
8.359375,-1064.94140625,-5827.1484375,-3955.56640625,-7063.4765625,0
8.36328125,-6937.01171875,4805.17578125,2714.35546875,993.1640625,0
8.3671875,-14152.34375,13659.66796875,11995.1171875,15847.16796875,0
8.37109375,7435.05859375,3430.17578125,920.8984375,-5564.453125,0
8.375,-13016.6015625,8885.7421875,-15263.18359375,-13037.59765625,0
8.37890625,-15292.96875,14144.04296875,11471.19140625,15394.53125,0
8.3828125,15435.546875,5432.6171875,-11331.0546875,1186.5234375,0
8.38671875,12955.078125,14913.57421875,-9325.1953125,-11056.15234375,0
8.390625,-15050.78125,14667.48046875,10877.44140625,15464.35546875,0
8.39453125,-12064.94140625,-15691.40625,-10957.03125,-4315.91796875,0
8.3984375,957.03125,907.71484375,8675.78125,-3046.38671875,0
8.40234375,-15605.46875,14729.98046875,10588.37890625,15589.35546875,0
8.40625,13937.5,-15191.40625,5166.50390625,-9189.453125,0
8.41015625,-13019.53125,14943.84765625,8676.7578125,8984.86328125,0
8.4140625,-15199.21875,15440.91796875,10807.12890625,15886.23046875,0
8.41796875,-9811.5234375,-9065.4296875,4165.0390625,-7814.94140625,0
8.421875,5014.6484375,1020.01953125,677.734375,-8983.3984375,0
8.42578125,-15207.03125,-15566.40625,10549.31640625,-15770.01953125,0
8.4296875,8562.98828125,2312.98828125,3790.52734375,-12941.89453125,0
8.43359375,967.7734375,-4987.79296875,2653.3203125,10960.44921875,0
8.4375,-15941.40625,-15410.15625,10830.56640625,15996.09375,0
8.44140625,-13684.08203125,11687.5,-10456.0546875,2560.546875,0
8.4453125,12972.16796875,-1007.32421875,10684.08203125,2959.9609375,0
8.44921875,15410.15625,-15878.90625,10885.25390625,15956.54296875,0
8.453125,2189.453125,1812.5,15916.50390625,-940.4296875,0
8.45703125,-999.51171875,982.421875,-9322.265625,10961.9140625,0
8.4609375,15511.71875,15925.78125,10885.25390625,15784.66796875,0
8.46484375,565.91796875,8063.96484375,14917.96875,-3064.94140625,0
8.46875,-6986.328125,-9004.39453125,-7322.265625,-13055.17578125,0
8.47265625,15409.66796875,15620.60546875,11119.62890625,15495.60546875,0
8.4765625,-935.05859375,-10189.453125,-13332.51953125,-6814.453125,0
8.48046875,-14943.84765625,3010.7421875,2670.8984375,4989.2578125,0
8.484375,15683.10546875,-15699.21875,10658.69140625,15628.41796875,0
8.48828125,-8435.546875,185.546875,12543.9453125,-8314.94140625,0
8.4921875,-14931.15234375,-3028.80859375,6695.80078125,8957.51953125,0
8.49609375,15862.79296875,15808.10546875,11135.25390625,15370.60546875,0
8.5,-7309.5703125,-9939.94140625,-9205.56640625,-9938.96484375,0
8.50390625,15093.75,5011.71875,-7300.78125,-9018.06640625,0
8.5078125,-15520.01953125,-15738.76953125,11088.37890625,15839.35546875,0
8.51171875,-9688.96484375,-4564.94140625,-6455.078125,-4565.4296875,0
8.515625,11020.5078125,2955.56640625,14687.01171875,-3059.5703125,0
8.51953125,-15910.64453125,15144.04296875,11119.62890625,15026.85546875,0
8.5234375,-10814.94140625,15808.59375,-7956.54296875,-9940.4296875,0
8.52734375,1032.71484375,14944.3359375,-3338.8671875,-9035.64453125,0
8.53125,-14652.34375,14917.48046875,10854.00390625,15815.91796875,0
8.53515625,4186.03515625,13186.03515625,-12333.0078125,-4938.96484375,0
8.5390625,-10988.28125,3004.39453125,-1327.63671875,4960.9375,0
8.54296875,-15895.01953125,15401.85546875,10228.515625,14565.91796875,0
8.546875,15432.12890625,14433.10546875,-2336.42578125,7183.59375,0
8.55078125,-15009.765625,-3042.48046875,-5381.8359375,2962.40234375,0
8.5546875,-14910.15625,15253.41796875,9869.62890625,15269.04296875,0
8.55859375,3933.59375,-8189.453125,1538.57421875,-11690.4296875,0
8.5625,-12996.58203125,960.9375,-11376.953125,-5022.94921875,0
8.56640625,-14730.46875,15604.98046875,10064.453125,15448.73046875,0
8.5703125,12310.546875,-437.5,-1086.9140625,-12314.453125,0
8.57421875,12938.4765625,-11004.8828125,4612.3046875,-9042.48046875,0
8.578125,15863.28125,15917.48046875,10095.703125,15089.35546875,0
8.58203125,3058.59375,-2688.4765625,-1211.42578125,-14565.91796875,0
8.5859375,-9058.59375,-15013.18359375,-13375.48828125,-11037.59765625,0
8.58984375,-15730.46875,15628.41796875,9931.640625,15581.54296875,0
8.59375,10309.08203125,-11691.89453125,-7464.35546875,15806.640625,0
8.59765625,12921.875,8901.3671875,8585.9375,4935.546875,0
8.6015625,15550.78125,14050.29296875,9712.890625,14933.10546875,0
8.60546875,11189.94140625,3555.17578125,-8211.9140625,14309.5703125,0
8.609375,12964.84375,-7114.2578125,6645.5078125,-3044.921875,0
8.61328125,15332.03125,14394.04296875,9931.640625,14995.60546875,0
8.6171875,10814.94140625,4553.22265625,-4585.44921875,-9064.94140625,0
8.62109375,10934.08203125,-15198.73046875,623.046875,-9074.70703125,0
8.625,15082.03125,12596.6796875,9814.94140625,15136.23046875,0
8.62890625,7814.453125,15676.26953125,289.0625,-6440.91796875,0
8.6328125,14949.70703125,14822.265625,8640.625,10933.10546875,0
8.63671875,14933.59375,13057.6171875,10080.56640625,15058.10546875,0
8.640625,441.40625,15424.8046875,915.0390625,-10814.94140625,0
8.64453125,13022.94921875,-3208.0078125,2649.4140625,2961.9140625,0
8.6484375,15331.54296875,12510.7421875,10619.62890625,15425.29296875,0
8.65234375,-7936.03515625,5673.828125,6289.55078125,-15442.3828125,0
8.65625,8981.93359375,-13198.73046875,10638.671875,-5062.01171875,0
8.66015625,14604.98046875,12456.0546875,10471.19140625,14972.16796875,0
8.6640625,-13311.5234375,7923.33984375,8165.0390625,-14566.89453125,0
8.66796875,7021.97265625,2750.0,12644.53125,-1063.4765625,0
8.671875,15776.85546875,12729.4921875,10197.265625,15698.73046875,0
8.67578125,-5186.03515625,-15074.70703125,-3211.42578125,-6065.4296875,0
8.6796875,15030.76171875,-5214.35546875,-11399.90234375,4937.01171875,0
8.68359375,14456.54296875,11674.31640625,8869.140625,14526.85546875,0
8.6875,2184.08203125,-3203.61328125,14785.15625,10432.6171875,0
8.69140625,-8971.19140625,4753.90625,-5414.55078125,-3048.33984375,0
8.6953125,15901.85546875,12479.4921875,9712.890625,15464.35546875,0
8.69921875,12434.08203125,7296.875,-5337.890625,-9315.91796875,0
8.703125,-974.12109375,6740.234375,-13390.625,12924.8046875,0
8.70703125,-15816.89453125,12401.3671875,9673.828125,14901.85546875,0
8.7109375,13307.12890625,-13698.73046875,-7211.42578125,-12816.89453125,0
8.71484375,-11014.16015625,8793.9453125,6636.71875,-1071.2890625,0
8.71875,-15941.89453125,12604.4921875,10001.953125,15167.48046875,0
8.72265625,-15815.91796875,13300.29296875,-334.47265625,-9315.4296875,0
8.7265625,-1000.9765625,6800.29296875,-15331.54296875,12958.0078125,0
8.73046875,-15934.08203125,12784.1796875,10229.00390625,15261.23046875,0
8.734375,-12817.3828125,14049.8046875,2541.50390625,-11565.4296875,0
8.73828125,4980.46875,2775.390625,680.6640625,12961.42578125,0
8.7421875,-15355.95703125,12471.6796875,10947.75390625,15409.66796875,0
8.74609375,-9320.3125,7173.33984375,8039.0625,15307.12890625,0
8.75,-9078.125,12794.43359375,-5342.7734375,4936.03515625,0
8.75390625,15948.73046875,12690.4296875,10744.62890625,15034.66796875,0
8.7578125,-7566.89453125,1048.33984375,10418.9453125,9808.59375,0
8.76171875,8962.40234375,6812.5,710.44921875,-1029.296875,0
8.765625,15964.84375,12768.5546875,10838.37890625,15019.04296875,0
8.76953125,1184.08203125,8674.31640625,7417.96875,9558.59375,0
8.7734375,-11058.10546875,-11163.57421875,-5251.46484375,6980.95703125,0
8.77734375,15316.40625,13127.9296875,11400.87890625,15112.79296875,0
8.78125,2184.5703125,11800.29296875,-14958.0078125,14058.59375,0
8.78515625,-7100.5859375,801.7578125,-1319.82421875,4928.7109375,0
8.7890625,15230.46875,12971.6796875,11322.75390625,15026.85546875,0
8.79296875,8812.98828125,5797.36328125,-15957.51953125,-14940.4296875,0
8.796875,-11070.3125,12816.89453125,12686.03515625,-11036.1328125,0
8.80078125,15042.96875,12838.8671875,10791.50390625,15245.60546875,0
8.8046875,8439.453125,15928.22265625,-14331.54296875,-7439.453125,0
8.80859375,-9076.66015625,-3168.45703125,-11317.87109375,-13049.8046875,0
8.8125,14511.23046875,12831.0546875,10580.56640625,15065.91796875,0
8.81640625,-8187.5,15551.26953125,9041.50390625,14933.59375,0
8.8203125,-13046.38671875,4809.08203125,-15323.73046875,-3041.015625,0
8.82421875,15019.04296875,13433.10546875,11119.62890625,15456.54296875,0
8.828125,-6437.01171875,305.6640625,14290.52734375,-9440.91796875,0
8.83203125,-15042.48046875,8902.34375,-7333.49609375,-13054.19921875,0
8.8359375,14628.41796875,14479.98046875,11197.75390625,15456.54296875,0
8.83984375,-11187.01171875,14560.05859375,-14706.54296875,-6315.4296875,0
8.84375,4971.6796875,4958.0078125,707.03125,-1045.8984375,0
8.84765625,14479.98046875,15386.23046875,11666.50390625,15167.48046875,0
8.8515625,14312.01171875,-7690.91796875,-4582.03125,-13316.40625,0
8.85546875,-8992.67578125,-11056.15234375,10697.75390625,-7067.87109375,0
8.859375,14925.29296875,15565.91796875,11439.94140625,15003.41796875,0
8.86328125,13437.5,-9441.40625,-8454.58984375,-13190.91796875,0
8.8671875,-4979.00390625,-7041.9921875,-9285.15625,-5069.3359375,0
8.87109375,14847.16796875,15425.29296875,10877.44140625,14604.98046875,0
8.875,12561.03515625,-7064.453125,-10829.58984375,-14815.4296875,0
8.87890625,15014.16015625,2961.42578125,-13271.97265625,-9058.10546875,0
8.8828125,15401.85546875,15604.98046875,11971.19140625,14964.35546875,0
8.88671875,4682.6171875,-4438.4765625,-7081.54296875,14308.10546875,0
8.890625,7018.06640625,986.81640625,718.75,941.40625,0
8.89453125,-15652.83203125,15964.84375,11510.25390625,15300.29296875,0
8.8984375,-14690.4296875,2562.01171875,14668.45703125,-7439.453125,0
8.90234375,-12967.28515625,14979.4921875,4743.65234375,4955.078125,0
8.90625,-15395.01953125,-15996.58203125,12268.5546875,15261.23046875,0
8.91015625,-11315.91796875,-6316.40625,2546.875,-11064.94140625,0
8.9140625,-7000.0,-9048.828125,-7249.51171875,12961.9140625,0
8.91796875,-15378.90625,14995.60546875,12041.9921875,15284.66796875,0
8.921875,186.03515625,14433.10546875,7672.8515625,-6313.4765625,0
8.92578125,3001.46484375,-3058.10546875,4734.375,12973.6328125,0
8.9296875,-15246.09375,15011.23046875,11666.50390625,15581.54296875,0
8.93359375,1433.59375,7681.15234375,-4703.61328125,-5439.453125,0
8.9375,4980.95703125,12906.25,-15242.1875,-13017.08984375,0
8.94140625,-14972.65625,14190.91796875,12135.7421875,15808.10546875,0
8.9453125,13435.546875,5931.640625,8299.31640625,-5063.96484375,0
8.94921875,-15043.9453125,-5099.609375,-7219.7265625,-5021.97265625,0
8.953125,-15808.59375,14769.04296875,12338.8671875,15667.48046875,0
8.95703125,13310.546875,15681.640625,8549.31640625,-3063.96484375,0
8.9609375,-1036.62109375,-9097.65625,-9213.37890625,-1016.6015625,0
8.96484375,-15480.46875,14683.10546875,12666.9921875,15901.85546875,0
8.96875,-14937.98828125,9430.6640625,6171.38671875,-4314.453125,0
8.97265625,-11056.15234375,-3090.8203125,8749.0234375,4973.14453125,0
8.9765625,-15910.15625,14815.91796875,12338.8671875,15910.15625,0
8.98046875,-10310.546875,12055.17578125,7922.36328125,1685.546875,0
8.984375,10944.82421875,-3104.00390625,-15253.90625,-3037.59765625,0
8.98828125,15628.90625,15151.85546875,12323.2421875,15933.59375,0
8.9921875,15940.4296875,-12441.89453125,9924.31640625,1185.546875,0
8.99609375,-3032.2265625,-7091.30859375,4781.73828125,-11027.83203125,0
9.0,15425.78125,14683.10546875,12549.8046875,15745.60546875,0
9.00390625,4690.4296875,-5065.91796875,7796.875,-4939.453125,0
9.0078125,6998.53515625,-1083.0078125,748.53515625,2991.69921875,0
9.01171875,15652.34375,15198.73046875,11979.4921875,-15840.33203125,0
9.015625,3439.94140625,-11064.94140625,422.36328125,-4065.4296875,0
9.01953125,12989.74609375,-15040.0390625,760.7421875,8955.078125,0
9.0234375,15457.03125,15073.73046875,12307.6171875,15761.71875,0
9.02734375,7442.3828125,-13941.40625,5920.8984375,3437.01171875,0
9.03125,-8968.75,6910.64453125,-15267.08984375,4963.37890625,0
9.03515625,15276.85546875,14644.04296875,12252.9296875,15565.91796875,0
9.0390625,-10936.03515625,10681.640625,3546.875,-6814.453125,0
9.04296875,5040.52734375,14883.7890625,12746.58203125,2976.07421875,0
9.046875,15769.04296875,14370.60546875,11994.62890625,15949.21875,0
9.05078125,-5687.98828125,-15567.3828125,-454.1015625,435.05859375,0
9.0546875,-962.890625,10932.12890625,-13260.25390625,958.49609375,0
9.05859375,15714.35546875,14901.85546875,11909.1796875,15729.98046875,0
9.0625,-12937.98828125,9681.15234375,5172.36328125,-5189.453125,0
9.06640625,-6946.77734375,-7064.453125,-13254.8828125,-11036.1328125,0
9.0703125,15956.54296875,15034.66796875,11987.3046875,15269.04296875,0
9.07421875,15311.03515625,13056.640625,2172.8515625,-9563.96484375,0
9.078125,-10951.66015625,-9104.4921875,12750.9765625,-15029.296875,0
9.08203125,-15699.70703125,14776.85546875,11861.81640625,15151.85546875,0
9.0859375,-13314.94140625,14682.12890625,-5830.56640625,-12065.4296875,0
9.08984375,7011.71875,-1078.61328125,12717.28515625,6947.265625,0
9.09375,-15840.33203125,14206.54296875,11393.06640625,14878.41796875,0
9.09765625,-7689.94140625,1681.15234375,-4078.61328125,-12064.453125,0
9.1015625,988.28125,14901.3671875,10733.88671875,-7044.43359375,0
9.10546875,-15379.39453125,14714.35546875,11814.94140625,15112.79296875,0
9.109375,-3815.91796875,13431.15234375,-2204.58984375,-12314.94140625,0
9.11328125,-15021.97265625,6880.37109375,4743.65234375,-1038.57421875,0
9.1171875,-15480.46875,14503.41796875,11924.31640625,15112.79296875,0
9.12109375,58.10546875,10556.15234375,-5329.58984375,-14815.91796875,0
9.125,14973.6328125,4907.2265625,710.9375,-3034.66796875,0
9.12890625,-15097.65625,14628.41796875,11768.5546875,15495.60546875,0
9.1328125,11685.546875,1180.6640625,1046.875,-10689.453125,0
9.13671875,12967.28515625,-9064.94140625,12753.41796875,6976.07421875,0
9.140625,-15886.71875,14377.9296875,11807.12890625,15190.91796875,0
9.14453125,11186.5234375,-4318.359375,-827.63671875,-14064.453125,0
9.1484375,6934.08203125,4944.82421875,4751.46484375,-5034.1796875,0
9.15234375,15449.21875,14394.04296875,11869.62890625,15042.48046875,0
9.15625,7061.5234375,2932.12890625,-2329.58984375,-15566.89453125,0
9.16015625,-3052.734375,937.98828125,2737.3046875,-5044.43359375,0
9.1640625,15871.09375,15167.48046875,12659.1796875,15714.35546875,0
9.16796875,13812.01171875,12181.15234375,9671.875,-8941.40625,0
9.171875,-3076.171875,-1070.3125,10765.13671875,2946.2890625,0
9.17578125,15332.03125,15011.23046875,12502.9296875,15331.54296875,0
9.1796875,11440.4296875,6681.15234375,2297.36328125,-5939.453125,0
9.18359375,-13033.203125,-7057.6171875,-5227.05078125,-3038.0859375,0
9.1875,15034.66796875,14815.91796875,12284.1796875,15401.85546875,0
9.19140625,-2436.03515625,14307.12890625,7297.8515625,-7939.453125,0
9.1953125,12947.265625,-1099.609375,778.3203125,958.0078125,0
9.19921875,14581.54296875,14628.41796875,12706.0546875,15151.85546875,0
9.203125,-10937.01171875,3681.15234375,5422.8515625,-15941.89453125,1
9.20703125,-9016.6015625,-5053.22265625,-15183.59375,-9052.734375,1
9.2109375,14534.66796875,15026.85546875,12658.69140625,15081.54296875,1
9.21484375,5059.08203125,2054.19921875,-6954.1015625,6179.19921875,1
9.21875,6920.41015625,909.66796875,-5222.65625,857.421875,1
9.22265625,12995.1171875,14659.66796875,12010.25390625,13104.4921875,1
9.2265625,13303.7109375,13182.6171875,-7079.58984375,10299.31640625,1
9.23046875,6839.84375,8921.875,-15259.765625,8764.6484375,1
9.234375,11987.3046875,15394.04296875,11854.00390625,12065.4296875,1
9.23828125,550.29296875,-5191.40625,-11334.47265625,5797.36328125,1
9.2421875,14813.96484375,-7056.15234375,-3417.96875,12739.74609375,1
9.24609375,11447.75390625,15745.60546875,8142.08984375,11900.87890625,1
9.25,5166.50390625,-13567.87109375,-5350.5859375,-3954.1015625,1
9.25390625,6711.42578125,4952.63671875,-3694.3359375,-9240.72265625,1
9.2578125,10017.578125,15769.04296875,2898.4375,11760.25390625,1
9.26171875,11531.25,-3816.40625,7500.0,-8081.0546875,1
9.265625,-3603.515625,12860.83984375,3.41796875,-5332.03125,1
9.26953125,4140.625,13511.23046875,0.0,10588.37890625,1
9.2734375,-12500.0,-6563.4765625,0.0,-4329.58984375,1
9.27734375,3.41796875,-15077.1484375,0.0,-9327.1484375,1
9.28125,7.8125,14307.6171875,0.0,10377.44140625,1
9.28515625,0.0,-13705.56640625,0.0,4166.50390625,1
9.2890625,0.0,855.95703125,8021.97265625,12652.83203125,1
9.29296875,0.0,-14230.46875,376.46484375,11307.12890625,1
9.296875,0.0,-9675.78125,-11527.83203125,-4582.51953125,1
9.30078125,1.46484375,-8563.96484375,3720.21484375,12710.44921875,1
9.3046875,7.8125,-7696.77734375,9312.5,11299.31640625,1
9.30859375,3756.34765625,3241.69921875,1.953125,-12826.171875,1
9.3125,-9735.83984375,-8022.94921875,8007.32421875,-11098.14453125,1
9.31640625,7313.96484375,-422.36328125,0.0,15667.48046875,1
9.3203125,-1594.23828125,-8877.9296875,0.0,-8060.05859375,1
9.32421875,8655.76171875,1973.6328125,0.0,-6803.22265625,1
9.328125,12839.35546875,-383.30078125,0.0,-12464.35546875,1
9.33203125,1808.59375,-6751.953125,0.0,-5669.921875,1
9.3359375,-8934.08203125,-6025.87890625,0.0,13329.1015625,1
9.33984375,-13424.8046875,-406.73828125,0.0,-11026.3671875,1
9.34375,6830.56640625,-6501.953125,0.0,14084.9609375,1
9.34765625,9245.1171875,-8025.87890625,0.0,7396.97265625,1
9.3515625,-11634.765625,-398.92578125,0.0,-9853.515625,1
9.35546875,6485.83984375,-6376.953125,0.0,5358.88671875,1
9.359375,-8245.1171875,-8025.87890625,0.0,-8225.5859375,1
9.36328125,-3125.48828125,-406.73828125,0.0,-3266.6015625,1
9.3671875,15748.046875,-6501.953125,0.0,-6882.8125,1
9.37109375,-8028.3203125,-8025.87890625,0.0,-8046.875,1
9.375,-422.36328125,-406.73828125,0.0,-414.55078125,1
9.37890625,-6626.953125,-6501.953125,0.0,-6751.953125,1
9.3828125,-8025.87890625,-8025.390625,0.0,-10025.87890625,1
9.38671875,-414.55078125,-406.73828125,0.0,-406.73828125,1
9.390625,-6626.953125,-6501.953125,0.0,-6501.953125,1
9.39453125,-8026.3671875,-8025.87890625,0.0,-8025.87890625,1
9.3984375,-414.55078125,-398.92578125,0.0,-391.11328125,1
9.40234375,-6626.953125,-6376.953125,0.0,-7751.46484375,1
9.40625,-8029.78515625,-8025.87890625,0.0,-2076.171875,1
9.41015625,-312.98828125,-398.92578125,0.0,-2540.52734375,1
9.4140625,15116.2109375,-6376.953125,0.0,-1900.87890625,1
9.41796875,13727.5390625,-8025.390625,0.0,7440.91796875,1
9.421875,-8776.3671875,-406.73828125,0.0,-12058.10546875,1
9.42578125,-11411.1328125,-6501.953125,0.0,3947.75390625,1
9.4296875,9376.46484375,-8025.87890625,0.0,-916.015625,1
9.43359375,-12847.65625,-398.92578125,0.0,15761.23046875,1
9.4375,5938.4765625,-6251.953125,0.0,2928.22265625,1
9.44140625,-9093.75,7985.83984375,0.0,-9327.1484375,1
9.4453125,6085.9375,-1023.92578125,0.0,3476.5625,1
9.44921875,9002.44140625,10492.67578125,0.0,4376.46484375,1
9.453125,-9977.05078125,-8302.734375,0.0,4013.18359375,1
9.45703125,0.0,-7339.35546875,0.0,0.0,1
9.4609375,375.0,-12585.9375,0.0,750.0,1
9.46484375,0.0,-15770.5078125,0.0,2000.0,1
9.46875,0.0,460.9375,0.0,0.0,1
9.47265625,0.0,501.953125,0.0,0.0,1
9.4765625,0.0,10002.44140625,0.0,2000.0,1
9.48046875,0.0,39.0625,0.0,0.0,1
9.484375,0.0,3250.0,0.0,250.0,1
9.48828125,0.0,-1996.58203125,0.0,0.0,1
9.4921875,0.0,375.0,0.0,46.875,1
9.49609375,0.0,7750.48828125,0.0,625.0,1
9.5,0.0,-13988.28125,0.0,3.41796875,1
9.50390625,15.625,671.875,0.0,101.5625,1
9.5078125,125.0,14890.13671875,0.0,750.0,1
9.51171875,8002.44140625,368.65234375,0.0,-3992.1875,1
9.515625,234.375,5508.7890625,0.0,250.0,1
9.51953125,6000.0,13251.953125,0.0,6500.48828125,1
9.5234375,14000.0,12000.0,0.0,2004.39453125,1
9.52734375,78.125,593.75,0.0,125.0,1
9.53125,3375.48828125,-13994.140625,0.0,2375.48828125,1
9.53515625,7.32421875,133.7890625,0.0,-13986.81640625,1
9.5390625,117.1875,1093.75,0.0,171.875,1
9.54296875,2125.0,9503.41796875,0.0,3000.48828125,1
9.546875,-8000.0,12000.0,0.0,-15994.140625,1
9.55078125,351.5625,2641.6015625,0.0,453.125,1
9.5546875,6625.0,-15623.53515625,0.0,8375.48828125,1
9.55859375,-9990.234375,-3940.91796875,0.0,8014.16015625,1
9.5625,609.375,4930.6640625,7.8125,710.9375,1
9.56640625,7375.9765625,9015.625,0.0,9250.9765625,1
9.5703125,-11977.5390625,-11573.2421875,-9984.375,-1963.37890625,1
9.57421875,421.875,7250.9765625,234.375,960.9375,1
9.578125,6625.9765625,-4612.3046875,4000.0,9500.9765625,1
9.58203125,6012.20703125,4030.76171875,-15955.078125,10019.53125,1
9.5859375,421.875,1882.8125,1594.23828125,882.8125,1
9.58984375,3750.9765625,14504.8828125,15509.27734375,8125.48828125,1
9.59375,-3914.55078125,-11613.28125,14016.11328125,-11921.38671875,1
9.59765625,1343.75,4656.73828125,554.6875,1523.4375,1
9.6015625,885.25390625,10153.80859375,-10366.69921875,4885.7421875,1
9.60546875,4388.671875,-5324.21875,-5859.375,-13582.51953125,1
9.609375,3164.55078125,9908.203125,3633.7890625,4500.9765625,1
9.61328125,-13220.703125,9169.43359375,6009.27734375,5904.296875,1
9.6171875,-1184.5703125,-10976.07421875,4033.69140625,12755.37109375,1
9.62109375,10609.86328125,14830.078125,1961.9140625,11094.7265625,1
9.625,-3601.07421875,-3208.49609375,-2225.5859375,-10473.14453125,1
9.62890625,-13168.9453125,-11053.22265625,-5778.3203125,10790.0390625,1
9.6328125,12001.46484375,15323.73046875,2375.48828125,11705.078125,1
9.63671875,14785.64453125,-6800.78125,-3363.28125,165.52734375,1
9.640625,-9224.609375,-8687.5,-1828.61328125,-11217.28515625,1
9.64453125,13432.12890625,-11691.40625,4931.15234375,13643.5546875,1
9.6484375,-1079.1015625,-3799.8046875,-11341.30859375,-9449.70703125,1
9.65234375,-2850.09765625,9554.19921875,-15683.59375,-846.6796875,1
9.65625,-14122.55859375,-9097.16796875,3916.50390625,-14614.74609375,1
9.66015625,-11451.171875,-12796.875,14174.8046875,-1071.2890625,1
9.6640625,1020.5078125,-738.76953125,8550.29296875,-4964.84375,1
9.66796875,-13426.26953125,-14028.80859375,4563.4765625,-14340.33203125,1
9.671875,-13447.265625,-4711.42578125,-12473.6328125,-8817.3828125,1
9.67578125,14859.86328125,-5413.57421875,-7464.84375,6891.6015625,1
9.6796875,15151.85546875,9502.9296875,9650.87890625,14503.41796875,1
9.68359375,-5203.125,11686.03515625,1664.0625,-8323.73046875,1
9.6875,-5365.234375,3140.625,-7524.90234375,6690.91796875,1
9.69140625,7587.890625,15769.53125,6555.6640625,7228.515625,1
9.6953125,10030.76171875,-15927.24609375,14653.3203125,659.1796875,1
9.69921875,435.05859375,-14811.03515625,-3323.2421875,-11497.55859375,1
9.703125,9643.5546875,-13221.6796875,10220.21484375,9455.56640625,1
9.70703125,9668.45703125,7338.8671875,-7473.14453125,-3579.1015625,1
9.7109375,-15479.4921875,1181.640625,4570.3125,4610.3515625,1
9.71484375,10816.40625,-12337.890625,11197.265625,11535.15625,1
9.71875,14568.84765625,600.5859375,-10221.6796875,6570.3125,1
9.72265625,-4903.80859375,3595.703125,-1432.6171875,5175.29296875,1
9.7265625,-14838.8671875,12869.62890625,10805.6640625,-14541.9921875,1
9.73046875,-12419.43359375,13932.12890625,-4733.3984375,7580.078125,1
9.734375,8884.27734375,6657.71484375,-11390.625,-7020.5078125,1
9.73828125,11722.16796875,6831.0546875,12478.515625,13097.16796875,1
9.7421875,-1803.7109375,9816.40625,13145.5078125,-2806.640625,1
9.74609375,-4979.4921875,-3156.73828125,14586.42578125,1057.6171875,1
9.75,-12643.06640625,-14807.12890625,10884.27734375,-11221.19140625,1
9.75390625,-8407.2265625,8833.49609375,-3973.6328125,-1408.203125,1
9.7578125,-3085.44921875,2749.0234375,12857.421875,4959.47265625,1
9.76171875,14106.93359375,11903.80859375,-11769.53125,15294.921875,1
9.765625,-2885.7421875,5365.72265625,-13458.984375,1736.81640625,1
9.76953125,-4438.96484375,13826.171875,10675.29296875,11545.8984375,1
9.7734375,-11924.8046875,-4743.65234375,15675.29296875,-10948.2421875,1
9.77734375,6723.14453125,-7634.765625,-3192.3828125,-7901.3671875,1
9.78125,15646.484375,-8107.91015625,-8854.00390625,-8338.37890625,1
9.78515625,-10682.12890625,-1844.23828125,-11292.48046875,-9111.81640625,1
9.7890625,6982.421875,10871.58203125,-1433.10546875,-6768.5546875,1
9.79296875,-2302.734375,-10099.12109375,10840.33203125,7678.7109375,1
9.796875,-10393.5546875,-2133.7890625,15433.10546875,-9096.19140625,1
9.80078125,-3054.19921875,3844.23828125,-8190.4296875,-8552.24609375,1
9.8046875,4975.09765625,-2448.73046875,-1036.1328125,4934.08203125,1
9.80859375,15432.6171875,-8495.1171875,14637.20703125,-15840.33203125,1
9.8125,13800.78125,12327.1484375,13332.51953125,-14191.89453125,1
9.81640625,15024.4140625,-2700.1953125,-12788.57421875,-10943.359375,1
9.8203125,-13887.20703125,-9275.87890625,-14511.71875,-13378.90625,1
9.82421875,-2835.44921875,4567.87109375,-6552.24609375,-4328.61328125,1
9.828125,687.98828125,-3024.4140625,-10803.22265625,12720.21484375,1
9.83203125,-7626.953125,-5235.3515625,-15558.59375,-7634.765625,1
9.8359375,10185.546875,5091.30859375,-4789.55078125,-7184.5703125,1
9.83984375,1320.3125,3746.58203125,-4741.69921875,9362.79296875,1
9.84375,-11146.484375,-5575.1953125,-14682.6171875,-10372.55859375,1
9.84765625,6766.11328125,-3466.796875,4466.796875,10775.390625,1
9.8515625,-7377.44140625,4907.71484375,11356.93359375,-7294.921875,1
9.85546875,13955.078125,-14286.1328125,-13667.48046875,14096.19140625,1
9.859375,-7982.421875,5148.92578125,7330.56640625,10902.83203125,1
9.86328125,-9700.1953125,-11593.75,5337.890625,-5568.359375,1
9.8671875,12251.953125,11438.96484375,-13925.29296875,13322.75390625,1
9.87109375,-2737.79296875,-12874.0234375,-9154.296875,-8853.02734375,1
9.875,-1441.89453125,-15789.55078125,3509.765625,8680.6640625,1
9.87890625,14011.23046875,6149.4140625,-9049.31640625,14878.41796875,1
9.8828125,3800.29296875,-5983.88671875,2961.42578125,11433.10546875,1
9.88671875,-11142.08984375,-3728.02734375,-2627.44140625,5010.7421875,1
9.890625,15504.39453125,6385.25390625,-10315.91796875,-15128.41796875,1
9.89453125,12311.5234375,656.73828125,-8297.36328125,-8179.19921875,1
9.8984375,-7069.82421875,-9492.67578125,-580.56640625,15135.7421875,1
9.90234375,-13800.78125,9986.328125,-8501.953125,-11050.29296875,1
9.90625,6936.03515625,408.203125,1098.14453125,2321.2890625,1
9.91015625,-6926.26953125,10643.5546875,-10394.53125,9304.19921875,1
9.9140625,-12994.62890625,11097.16796875,-5548.33984375,-10392.578125,1
9.91796875,13598.14453125,4949.70703125,-13767.08984375,3105.95703125,1
9.921875,-10527.83203125,-4691.89453125,-157.2265625,5692.87109375,1
9.92578125,-6461.9140625,-8899.90234375,-2055.17578125,-3203.61328125,1
9.9296875,-4380.37109375,-2883.30078125,1743.65234375,12121.58203125,1
9.93359375,-95.21484375,-12111.328125,15924.8046875,15954.1015625,1
9.9375,-1047.36328125,-1031.73828125,-859.86328125,-422.36328125,1
9.94140625,-15001.46484375,-15251.46484375,-12503.41796875,-7626.953125,1
9.9453125,5972.16796875,7972.65625,-14041.9921875,-8025.87890625,1
9.94921875,-422.36328125,-414.55078125,-430.17578125,-406.73828125,1
9.953125,-6626.953125,-6501.953125,-6376.953125,-6501.953125,1
9.95703125,-10026.3671875,-8025.87890625,-10025.87890625,-8025.87890625,1
9.9609375,-422.36328125,-406.73828125,-406.73828125,-406.73828125,1
9.96484375,-6751.953125,-6501.953125,-6501.953125,-6501.953125,1
9.96875,-10026.3671875,-10025.87890625,-8025.87890625,-8025.87890625,1
9.97265625,-414.55078125,-406.73828125,-406.73828125,-406.73828125,1
9.9765625,-6626.953125,-6501.953125,-6501.953125,-6501.953125,1
9.98046875,-12026.3671875,-8025.87890625,-8025.87890625,-8025.87890625,1
9.984375,-414.55078125,-406.73828125,-406.73828125,-406.73828125,1
9.98828125,-6626.953125,-6501.953125,-6501.953125,-6501.953125,1
9.9921875,-10025.87890625,-8025.87890625,-8025.87890625,-8025.87890625,1
9.99609375,-414.55078125,-406.73828125,-406.73828125,-406.73828125,1
10.0,-6626.953125,-6501.953125,-6501.953125,-6501.953125,1
10.00390625,-10025.390625,-8025.87890625,-8025.87890625,-8025.87890625,0
10.0078125,-469.23828125,-406.73828125,-406.73828125,-383.30078125,0
10.01171875,-7252.9296875,-6501.953125,-6501.953125,-8251.46484375,0
10.015625,1769.04296875,-8025.87890625,-8025.87890625,11930.6640625,0
10.01953125,-9464.84375,-406.73828125,-406.73828125,-4830.56640625,0
10.0234375,8918.45703125,-6501.953125,-6501.953125,7566.89453125,0
10.02734375,-3588.8671875,-8025.87890625,-8025.87890625,6738.28125,0
10.03125,3460.9375,-391.11328125,-406.73828125,8728.02734375,0
10.03515625,-12498.046875,-7126.953125,-6501.953125,-3221.6796875,0
10.0390625,14086.42578125,5968.26171875,-8025.390625,12422.8515625,0
10.04296875,2382.8125,-3283.69140625,-398.92578125,5930.6640625,0
10.046875,-7750.0,15447.265625,-6501.953125,13387.20703125,0
10.05078125,21.484375,-5044.921875,-8025.390625,10122.55859375,0
10.0546875,2696.2890625,10696.77734375,-406.73828125,1781.73828125,0
10.05859375,8144.53125,-13863.76953125,-6501.953125,5636.23046875,0
10.0625,14385.25390625,12000.0,-6025.390625,-1812.98828125,0
10.06640625,7744.140625,70.3125,-398.92578125,2742.67578125,0
10.0703125,9907.71484375,750.0,-6376.953125,10635.7421875,0
10.07421875,4565.4296875,0.0,-6025.390625,-11818.84765625,0
10.078125,10885.7421875,0.0,-398.92578125,3023.92578125,0
10.08203125,2545.8984375,0.0,-6376.953125,-15987.3046875,0
10.0859375,2766.6015625,0.0,-6025.390625,-3730.95703125,0
10.08984375,13714.35546875,0.0,-398.92578125,5000.9765625,0
10.09375,-12189.94140625,0.0,-6376.953125,-10101.5625,0
10.09765625,-15075.1953125,0.0,-6025.390625,6432.6171875,0
10.1015625,14917.96875,0.0,-406.73828125,7103.02734375,0
10.10546875,3065.91796875,0.0,-6501.953125,-10592.7734375,0
10.109375,5006.34765625,0.0,-6025.87890625,12557.6171875,0
10.11328125,-15894.53125,0.0,-406.73828125,9080.078125,0
10.1171875,-15057.12890625,0.0,-6501.953125,-11212.40234375,0
10.12109375,-6965.8203125,0.0,-8025.87890625,6639.16015625,0
10.125,-15542.48046875,0.0,-398.92578125,10455.56640625,0
10.12890625,5451.171875,0.0,-6501.953125,15545.41015625,0
10.1328125,1098.14453125,0.0,-8025.87890625,-9261.71875,0
10.13671875,-15800.78125,0.0,-406.73828125,11549.31640625,0
10.140625,13820.3125,0.0,-6501.953125,-4828.61328125,0
10.14453125,15109.86328125,0.0,-8025.87890625,-3237.79296875,0
10.1484375,-14769.53125,0.0,-406.73828125,13049.8046875,0
10.15234375,-2178.22265625,0.0,-6501.953125,-6449.21875,0
10.15625,11134.765625,0.0,-8025.87890625,12798.33984375,0
10.16015625,-14871.09375,0.0,-406.73828125,13174.8046875,0
10.1640625,-12804.6875,0.0,-6501.953125,-7572.75390625,0
10.16796875,13154.78515625,0.0,-8025.87890625,4837.890625,0
10.171875,-14285.15625,0.0,-406.73828125,13917.48046875,0
10.17578125,-2928.7109375,0.0,-6501.953125,8556.640625,0
10.1796875,-10850.5859375,0.0,-8025.87890625,12874.0234375,0
10.18359375,-14621.09375,0.0,-406.73828125,14011.23046875,0
10.1875,15569.3359375,0.0,-6501.953125,7432.12890625,0
10.19140625,-14800.29296875,0.0,-8025.87890625,10944.82421875,0
10.1953125,-12604.98046875,0.0,-406.73828125,15620.60546875,0
10.19921875,818.84765625,0.0,-6501.953125,-9940.4296875,0
10.203125,-4841.796875,0.0,-8025.87890625,10946.77734375,0
10.20703125,-13441.40625,0.0,-406.73828125,15026.85546875,0
10.2109375,-13809.5703125,0.0,-6501.953125,15183.59375,0
10.21484375,-879.39453125,0.0,-8025.87890625,-11031.25,0
10.21875,-13261.71875,0.0,-406.73828125,15542.48046875,0
10.22265625,-4683.59375,0.0,-6501.953125,-11064.94140625,0
10.2265625,-8883.7890625,0.0,-8025.390625,-7004.39453125,0
10.23046875,-13457.03125,0.0,-406.73828125,15948.73046875,0
10.234375,-5685.05859375,0.0,-6501.953125,-6314.453125,0
10.23828125,-2955.078125,0.48828125,-8025.87890625,-13041.015625,0
10.2421875,-14433.59375,0.0,-406.73828125,15159.66796875,0
10.24609375,-12562.01171875,2501.46484375,-6501.953125,-15064.94140625,0
10.25,5041.9921875,12067.3828125,-8025.87890625,-2998.53515625,0
10.25390625,-14902.34375,1546.875,-406.73828125,15237.79296875,0
10.2578125,-12810.546875,-5993.65234375,-6501.953125,13059.5703125,0
10.26171875,-5004.39453125,8111.81640625,-8025.87890625,8935.05859375,0
10.265625,-15386.71875,2570.80078125,-406.73828125,14862.79296875,0
10.26953125,-7059.08203125,-13110.83984375,-6501.953125,13434.08203125,0
10.2734375,7002.44140625,2239.74609375,-8025.87890625,8948.2421875,0
10.27734375,-15480.46875,4438.4765625,-406.73828125,15042.48046875,0
10.28125,-7432.12890625,11768.5546875,-7001.953125,15184.5703125,0
10.28515625,3033.203125,-9677.734375,5969.23828125,-9013.671875,0
10.2890625,-15026.85546875,5024.4140625,-523.92578125,15550.29296875,0
10.29296875,3195.3125,-11479.00390625,-11377.9296875,-11064.453125,0
10.296875,11057.6171875,10320.80078125,5959.47265625,980.95703125,0
10.30078125,-15933.59375,5110.3515625,-758.30078125,14792.48046875,0
10.3046875,12693.359375,-3726.5625,-13378.41796875,10183.59375,0
10.30859375,11051.7578125,4382.32421875,9950.1953125,-7030.76171875,0
10.3125,-15488.28125,6462.40234375,-797.36328125,15738.28125,0
10.31640625,-11054.6875,6149.4140625,10741.2109375,687.98828125,0
10.3203125,-10944.3359375,8379.39453125,3853.02734375,988.76953125,0
10.32421875,-15699.21875,5508.7890625,-2141.6015625,15862.79296875,0
10.328125,-13305.17578125,-11477.05078125,-13140.13671875,-1563.4765625,0
10.33203125,3065.91796875,4391.6015625,9745.60546875,4980.46875,0
10.3359375,15980.46875,6313.96484375,-4079.58984375,15792.48046875,0
10.33984375,4692.87109375,3896.97265625,-12521.97265625,-1437.98828125,0
10.34375,15082.51953125,-9663.57421875,7624.0234375,-9011.71875,0
10.34765625,-15746.09375,5923.33984375,-6603.515625,15979.98046875,0
10.3515625,1940.91796875,7273.92578125,2718.26171875,-1063.96484375,0
10.35546875,-6894.53125,-3633.7890625,7474.12109375,6990.72265625,0
10.359375,-15871.58203125,5399.4140625,-9205.56640625,15589.35546875,0
10.36328125,-11937.5,7391.11328125,10462.890625,-11816.40625,0
10.3671875,9056.640625,4287.109375,-14620.60546875,14938.96484375,0
10.37109375,-15699.70703125,4438.4765625,-10416.9921875,15112.79296875,0
10.375,-6062.01171875,6770.5078125,-14794.43359375,-12189.94140625,0
10.37890625,-14929.6875,6362.79296875,-6699.70703125,-13035.64453125,0
10.3828125,-15246.58203125,6181.15234375,-11917.48046875,15440.91796875,0
10.38671875,-4187.01171875,11154.296875,-14049.8046875,-7439.453125,0
10.390625,11076.66015625,8535.64453125,15222.16796875,12971.6796875,0
10.39453125,-15098.14453125,8673.828125,-13628.41796875,15378.41796875,0
10.3984375,-562.98828125,-9584.47265625,196.77734375,-5814.94140625,0
10.40234375,991.69921875,-11382.8125,7063.96484375,-1087.890625,0
10.40625,-15253.90625,9510.25390625,-15949.70703125,14776.85546875,0
10.41015625,3810.546875,1543.9453125,-7438.96484375,-9814.453125,0
10.4140625,12975.09765625,12693.84765625,12965.33203125,2930.17578125,0
10.41796875,-15559.08203125,10666.50390625,14549.8046875,14940.91796875,0
10.421875,-1692.3828125,-14332.03125,-2948.73046875,-13191.89453125,0
10.42578125,-11042.48046875,4686.03515625,4793.9453125,6934.08203125,0
10.4296875,-15613.28125,11096.19140625,12299.8046875,14972.16796875,0
10.43359375,4683.59375,-11580.56640625,6672.8515625,-14065.4296875,0
10.4375,-11052.734375,-7290.52734375,-15313.96484375,4961.9140625,0
10.44140625,-15691.40625,11408.69140625,10150.87890625,15370.60546875,0
10.4453125,12061.5234375,-6706.54296875,6537.59765625,-10814.94140625,0
10.44921875,-15014.6484375,-3280.2734375,12506.8359375,12977.05078125,0
10.453125,-15519.53125,12573.2421875,7446.77734375,15644.04296875,0
10.45703125,7684.5703125,10672.36328125,1270.01953125,-15317.87109375,0
10.4609375,-9065.4296875,-1238.76953125,-15686.03515625,-15049.31640625,0
10.46484375,15636.71875,12370.1171875,4657.2265625,15479.98046875,0
10.46875,8562.5,3421.38671875,8265.13671875,-12190.91796875,0
10.47265625,-11044.43359375,-9239.74609375,-1773.92578125,12962.40234375,0
10.4765625,15667.96875,12127.9296875,3836.9140625,15448.73046875,0
10.48046875,9439.453125,4548.828125,8145.99609375,-11565.91796875,0
10.484375,-1040.52734375,-15260.7421875,14437.98828125,14949.21875,0
10.48828125,15472.65625,11893.5546875,8986.328125,15386.23046875,0
10.4921875,9316.40625,-15323.73046875,-1332.03125,-9565.91796875,0
10.49609375,966.30859375,8776.3671875,4750.0,-7044.43359375,0
10.5,15152.34375,12331.0546875,13058.10546875,15659.66796875,0
10.50390625,5564.453125,6672.8515625,15183.59375,-10317.3828125,0
10.5078125,-11020.5078125,-13211.42578125,12924.8046875,4936.03515625,0
10.51171875,15245.60546875,12627.9296875,15315.91796875,15386.23046875,0
10.515625,-2058.59375,5047.8515625,-8564.94140625,-9439.94140625,0
10.51953125,15026.3671875,-15229.98046875,-9014.16015625,-5035.15625,0
10.5234375,15363.28125,12495.1171875,-15965.33203125,15565.91796875,0
10.52734375,1190.91796875,9797.36328125,-7315.91796875,-2064.453125,0
10.53125,7044.921875,14752.9296875,8975.09765625,6956.0546875,0
10.53515625,15636.23046875,11909.1796875,15854.98046875,15370.60546875,0
10.5390625,-6561.03515625,48.33984375,-5187.98828125,-6813.96484375,0
10.54296875,15053.22265625,-15229.00390625,-1008.30078125,960.9375,0
10.546875,-15746.09375,12213.8671875,15401.85546875,15659.66796875,0
10.55078125,2314.453125,670.41015625,-14943.84765625,-688.4765625,0
10.5546875,-4924.8046875,754.8828125,14881.34765625,2975.09765625,0
10.55859375,-15801.26953125,12674.8046875,13768.5546875,15448.73046875,0
10.5625,14810.05859375,11424.31640625,-8698.73046875,-13190.4296875,0
10.56640625,-10966.796875,-7228.515625,-1170.41015625,12967.28515625,0
10.5703125,-15457.51953125,12495.1171875,13729.4921875,15581.54296875,0
10.57421875,-9064.94140625,9047.36328125,-8072.75390625,-3939.453125,0
10.578125,13039.55078125,-15224.12109375,14867.1875,-1022.94921875,0
10.58203125,-15089.84375,12409.1796875,13956.0546875,15581.54296875,0
10.5859375,4812.5,6547.8515625,-1696.2890625,-1812.5,0
10.58984375,15012.20703125,6740.234375,841.796875,12988.76953125,0
10.59375,-15340.33203125,12026.3671875,13221.6796875,15487.79296875,0
10.59765625,-3064.94140625,3671.875,-10573.73046875,-8312.98828125,0
10.6015625,-10989.74609375,-3232.421875,-15210.44921875,2984.86328125,0
10.60546875,-14878.90625,12393.5546875,12706.0546875,15714.35546875,0
10.609375,8435.546875,1671.875,9171.38671875,-3313.4765625,0
10.61328125,-9003.41796875,-5228.02734375,4699.21875,-15010.25390625,0
10.6171875,-15542.96875,12323.2421875,9087.40234375,15331.54296875,0
10.62109375,2808.10546875,9048.828125,10766.6015625,-12315.4296875,0
10.625,-9058.59375,6788.0859375,-5873.046875,-5045.41015625,0
10.62890625,-15800.78125,12604.4921875,539.0625,15276.85546875,0
10.6328125,11185.546875,6673.828125,0.0,-9189.453125,0
10.63671875,-5039.0625,-5215.33203125,6000.0,-15023.4375,0
10.640625,-15457.03125,12729.4921875,0.0,15558.10546875,0
10.64453125,9935.05859375,12800.29296875,0.0,-11690.91796875,0
10.6484375,937.01171875,4818.359375,0.0,14956.0546875,0
10.65234375,15628.90625,13041.9921875,0.0,15308.10546875,0
10.65625,11563.4765625,14549.8046875,0.0,-9440.4296875,0
10.66015625,12942.87109375,-15183.10546875,0.0,-5046.38671875,0
10.6640625,15769.53125,13198.2421875,0.0,15683.10546875,0
10.66796875,11687.98828125,-13198.2421875,0.0,-7441.89453125,0
10.671875,10936.5234375,6839.84375,0.0,8930.6640625,0
10.67578125,14972.65625,13166.9921875,0.0,15167.48046875,0
10.6796875,564.453125,-14322.75390625,0.0,-9065.4296875,0
10.68359375,-7042.96875,-15181.15234375,10011.71875,10952.63671875,0
10.6875,14628.41796875,13010.7421875,1359.86328125,15401.85546875,0
10.69140625,-6184.5703125,-7945.80078125,-9604.4921875,-7438.96484375,0
10.6953125,3003.90625,-5100.5859375,-13494.62890625,4980.46875,0
10.69921875,15026.85546875,14331.54296875,10877.9296875,15440.91796875,0
10.703125,-7810.05859375,554.6875,10429.6875,-11190.4296875,0
10.70703125,5013.671875,8868.1640625,-7003.41796875,4952.1484375,0
10.7109375,14987.79296875,13557.6171875,-14863.28125,15292.48046875,0
10.71484375,-11812.01171875,-5571.2890625,-2426.7578125,-13817.87109375,0
10.71875,9000.48828125,-1109.375,-812.01171875,-9081.54296875,0
10.72265625,15229.98046875,14151.85546875,-12979.98046875,15206.54296875,0
10.7265625,-4686.03515625,1806.15234375,-6298.33984375,-4939.453125,0
10.73046875,5036.1328125,-15108.88671875,-14800.78125,-13064.453125,0
10.734375,15386.23046875,14495.60546875,-12808.10546875,14886.23046875,0
10.73828125,11061.5234375,2303.7109375,-12549.8046875,13058.10546875,0
10.7421875,-12938.4765625,4903.3203125,-2801.7578125,-11038.57421875,0
10.74609375,-15730.95703125,14526.85546875,-12823.73046875,15347.16796875,0
10.75,-11813.96484375,2807.12890625,-10053.22265625,-11439.453125,0
10.75390625,-4956.0546875,10916.9921875,-10887.6953125,14968.75,0
10.7578125,-15816.89453125,14175.29296875,-14644.53125,15190.91796875,0
10.76171875,-13190.4296875,10433.10546875,11937.98828125,-10439.94140625,0
10.765625,-4995.1171875,-13083.984375,-15040.52734375,-9049.31640625,0
10.76953125,-15777.83203125,14495.60546875,14667.48046875,14995.60546875,0
10.7734375,-12441.40625,8682.12890625,3305.17578125,-13940.4296875,0
10.77734375,-13000.0,-9083.0078125,-1117.1875,-5029.296875,0
10.78125,-15395.01953125,14479.98046875,14034.66796875,15417.48046875,0
10.78515625,-5566.40625,7681.15234375,3304.19921875,-10689.453125,0
10.7890625,-15023.92578125,-3102.5390625,875.48828125,6963.37890625,0
10.79296875,-15449.21875,14417.48046875,14252.9296875,15237.79296875,0
10.796875,435.05859375,1427.734375,-2945.80078125,-11063.4765625,0
10.80078125,-13019.53125,2856.4453125,-3126.46484375,978.02734375,0
10.8046875,-15738.28125,14464.35546875,13964.35546875,15136.23046875,0
10.80859375,3558.10546875,6430.17578125,11307.6171875,-11689.94140625,0
10.8125,14920.8984375,-11132.8125,-11075.1953125,947.75390625,0
10.81640625,15878.90625,13479.4921875,15167.48046875,15237.79296875,0
10.8203125,9059.5703125,-5571.2890625,-11691.40625,-12192.3828125,0
10.82421875,-11085.9375,8853.02734375,-13068.359375,-5094.7265625,0
10.828125,15245.60546875,13565.4296875,14940.91796875,14519.04296875,0
10.83203125,-1190.91796875,-7448.2421875,-11066.40625,9932.12890625,0
10.8359375,8941.40625,-15161.1328125,-11046.38671875,-5050.78125,0
10.83984375,15597.16796875,13541.9921875,15690.91796875,15136.23046875,0
10.84375,-565.4296875,-13073.73046875,-10939.94140625,8807.12890625,0
10.84765625,-5087.40234375,-3157.2265625,-1005.37109375,6954.1015625,0
10.8515625,15222.65625,13026.3671875,15472.16796875,15300.29296875,0
10.85546875,3187.98828125,-10445.80078125,-9187.98828125,-11815.4296875,0
10.859375,2938.4765625,2848.6328125,-7013.18359375,4946.2890625,0
10.86328125,14706.54296875,13323.2421875,15487.79296875,15136.23046875,0
10.8671875,-8063.4765625,-8697.265625,-9441.40625,-12816.89453125,0
10.87109375,-15068.359375,2832.51953125,4934.5703125,6937.98828125,0
10.875,14683.10546875,13377.9296875,15362.79296875,15315.91796875,0
10.87890625,-12437.98828125,-11073.73046875,-14192.87109375,-15066.89453125,0
10.8828125,14937.01171875,10813.96484375,-11082.03125,-13073.2421875,0
10.88671875,14323.73046875,12987.3046875,14620.60546875,14901.85546875,0
10.890625,-14188.4765625,-10072.75390625,50.78125,-12566.40625,0
10.89453125,8962.40234375,12827.1484375,4760.7421875,-5065.91796875,0
10.8984375,15144.04296875,13440.4296875,11666.50390625,15487.79296875,0
10.90234375,-12189.94140625,-6322.265625,-14962.890625,-8317.87109375,0
10.90625,4968.26171875,-3138.18359375,-5529.296875,-15090.33203125,0
10.91015625,14761.23046875,13440.4296875,5461.42578125,14948.73046875,0
10.9140625,15187.01171875,-10196.2890625,-988.76953125,-12815.4296875,0
10.91796875,-10973.14453125,12847.65625,8117.1875,943.359375,0
10.921875,15245.60546875,13526.3671875,1125.0,14925.29296875,0
10.92578125,9434.5703125,-4447.75390625,14379.8828125,-13691.40625,0
10.9296875,15027.34375,12853.02734375,4149.4140625,6937.5,0
10.93359375,15753.41796875,14041.9921875,3227.05078125,15370.60546875,0
10.9375,9808.59375,-3446.77734375,-8983.88671875,-9065.4296875,0
10.94140625,15012.6953125,-5126.46484375,-9649.4140625,-9040.0390625,0
10.9453125,15995.60546875,13823.2421875,6478.02734375,15354.98046875,0
10.94921875,-15440.4296875,-10572.265625,-10841.30859375,-9064.94140625,0
10.953125,11011.71875,12876.953125,-3402.83203125,14959.47265625,0
10.95703125,-15535.64453125,14167.48046875,10346.19140625,15433.10546875,0
10.9609375,-10816.89453125,4430.17578125,-9952.63671875,-5064.453125,0
10.96484375,-11006.8359375,-13121.58203125,-15213.8671875,-7042.96875,0
10.96875,-15316.89453125,14042.48046875,12885.7421875,15190.91796875,0
10.97265625,-4317.3828125,3305.17578125,-6695.3125,-12066.40625,0
10.9765625,8977.05078125,2900.390625,-15098.6328125,-9052.734375,0
10.98046875,-15175.78125,14495.60546875,14519.04296875,15503.41796875,0
10.984375,2058.10546875,679.6875,9933.10546875,-6439.94140625,0
10.98828125,-9051.26953125,12880.859375,8926.7578125,-5045.41015625,0
10.9921875,-15589.84375,13987.3046875,15042.48046875,15370.60546875,0
10.99609375,7183.59375,-1320.3125,-7315.4296875,-9314.94140625,0
11.0,-1045.41015625,-1094.7265625,10937.5,-5015.625,0
11.00390625,-15886.71875,14284.66796875,15003.41796875,15261.23046875,0
11.0078125,3183.10546875,4806.15234375,13431.640625,14683.59375,0
11.01171875,-1069.3359375,-9103.02734375,-5068.84765625,2955.56640625,0
11.015625,15964.84375,14401.85546875,14987.79296875,15542.48046875,0
11.01953125,12436.5234375,7180.6640625,13684.08203125,-9065.4296875,0
11.0234375,12934.5703125,-5121.58203125,-7039.0625,-5032.2265625,0
11.02734375,15621.09375,13800.29296875,15245.60546875,15519.04296875,0
11.03125,8688.4765625,1556.15234375,-10190.4296875,-12689.94140625,0
11.03515625,8963.8671875,-1103.02734375,-15033.69140625,-11021.97265625,0
11.0390625,15824.21875,13885.7421875,15987.79296875,15620.60546875,0
11.04296875,11064.453125,-68.359375,-3563.96484375,-6564.453125,0
11.046875,-15051.7578125,12878.41796875,10980.95703125,-7027.83203125,0
11.05078125,15026.85546875,13917.48046875,15706.54296875,15487.79296875,0
11.0546875,-2187.01171875,303.7109375,-8566.89453125,-10066.40625,0
11.05859375,12954.1015625,12854.98046875,-7053.7109375,-3036.62109375,0
11.0625,14894.04296875,13964.35546875,15175.29296875,15659.66796875,0
11.06640625,-11687.01171875,5429.6875,-15817.87109375,-11690.91796875,0
11.0703125,-11022.94921875,12875.9765625,8916.015625,12952.1484375,0
11.07421875,14956.54296875,14487.79296875,14862.79296875,15479.98046875,0
11.078125,-5185.546875,8808.10546875,7053.7109375,-5813.96484375,0
11.08203125,-999.0234375,-13062.01171875,14791.015625,14965.8203125,0
11.0859375,14519.04296875,14519.04296875,11697.75390625,15136.23046875,0
11.08984375,14813.4765625,9681.640625,-14084.9609375,-10814.453125,0
11.09375,15011.23046875,14893.5546875,14580.078125,4950.68359375,0
11.09765625,14659.66796875,14511.23046875,8798.828125,15058.10546875,0
11.1015625,11186.03515625,9556.15234375,8154.78515625,-9314.453125,0
11.10546875,15024.4140625,-1088.37890625,-5518.06640625,14972.65625,0
11.109375,15589.35546875,14628.41796875,8376.953125,15565.91796875,0
11.11328125,-13813.96484375,-15566.40625,-14587.890625,-3313.4765625,0
11.1171875,-2979.98046875,12932.12890625,6625.48828125,-7041.50390625,0
11.12109375,15612.79296875,15167.48046875,10713.37890625,15120.60546875,0
11.125,14434.5703125,-13691.89453125,15666.9921875,-9064.453125,0
11.12890625,-982.421875,2914.55078125,14668.45703125,-5039.0625,0
11.1328125,-15676.26953125,14987.79296875,10682.12890625,15237.79296875,0
11.13671875,-13440.91796875,-12315.91796875,3662.59765625,-11315.4296875,0
11.140625,-10979.00390625,-7041.9921875,8525.390625,-15044.43359375,0
11.14453125,-15434.08203125,15206.54296875,6735.3515625,15394.04296875,0
11.1484375,-8815.91796875,-13689.94140625,-14483.88671875,-5939.453125,0
11.15234375,10997.55859375,12969.7265625,-9729.98046875,14961.42578125,0
11.15625,-15324.70703125,15495.60546875,4266.6015625,15269.04296875,0
11.16015625,-690.4296875,-7564.453125,7143.06640625,-6812.98828125,0
11.1640625,-7010.25390625,-13065.4296875,291.015625,8968.26171875,0
11.16796875,-14941.40625,15112.79296875,4687.98828125,15729.98046875,0
11.171875,7808.10546875,-1939.453125,-736.81640625,-1690.4296875,0
11.17578125,12951.66015625,14957.03125,-3725.5859375,4954.1015625,0
11.1796875,-15730.46875,15573.73046875,5094.7265625,15198.73046875,0
11.18359375,3559.08203125,-4437.98828125,-15355.95703125,-12814.453125,0
11.1875,12944.82421875,-12988.28125,-1734.86328125,-13029.78515625,0
11.19140625,-15925.78125,15979.98046875,3336.42578125,15433.10546875,0
11.1953125,6560.546875,-4437.98828125,7632.32421875,-11064.94140625,0
11.19921875,953.125,-10985.83984375,109.375,4966.30859375,0
11.203125,15660.15625,-15886.71875,1507.8125,15425.29296875,0
11.20703125,6435.546875,312.01171875,-13373.046875,-9189.94140625,0
11.2109375,-15074.70703125,-14994.140625,9.765625,2969.23828125,0
11.21484375,15511.71875,-15746.09375,648.4375,15511.23046875,0
11.21875,4060.546875,61.5234375,-11117.67578125,-11691.40625,0
11.22265625,-5084.9609375,-2996.58203125,-15815.91796875,2951.66015625,0
11.2265625,15167.96875,-15863.28125,4165.0390625,15495.60546875,0
11.23046875,1437.01171875,2187.01171875,-11476.07421875,-9565.91796875,0
11.234375,-9056.640625,-977.05078125,-5517.578125,-11029.296875,0
11.23828125,15214.35546875,-15121.09375,9307.12890625,15784.66796875,0
11.2421875,-6438.96484375,5437.5,2544.43359375,-13068.359375,0
11.24609375,-7054.19921875,5078.125,-11197.75390625,-1062.98828125,0
11.25,15144.04296875,-13167.48046875,14472.16796875,15651.85546875,0
11.25390625,-4937.5,-9299.31640625,-5312.01171875,-9442.87109375,0
11.2578125,-5032.71484375,-10769.53125,3058.59375,-1073.73046875,0
11.26171875,14815.91796875,-12120.1171875,-14261.23046875,15222.16796875,0
11.265625,-10686.5234375,702.63671875,3821.2890625,-10940.91796875,0
11.26953125,-2993.1640625,-775.390625,9145.99609375,-3053.7109375,0
11.2734375,15003.41796875,-12628.41796875,-13417.48046875,15331.54296875,0
11.27734375,-12937.01171875,-6797.8515625,15951.66015625,-8940.4296875,0
11.28125,-14979.00390625,15220.703125,3226.5625,-5048.828125,0
11.28515625,15058.10546875,-12776.85546875,-12456.0546875,15026.85546875,0
11.2890625,-14312.01171875,-9299.31640625,2205.078125,-10439.453125,0
11.29296875,-10960.44921875,-6787.59765625,-4721.19140625,2943.84765625,0
11.296875,15487.79296875,-12495.60546875,-11596.6796875,15089.35546875,0
11.30078125,-15812.98828125,-14176.7578125,8205.56640625,-12815.91796875,0
11.3046875,13062.5,-8812.98828125,7279.78515625,-11036.62109375,0
11.30859375,-15871.58203125,-12956.54296875,-11706.0546875,15401.85546875,0
11.3125,11934.5703125,14323.2421875,5329.58984375,-13940.4296875,0
11.31640625,-10968.75,5158.69140625,-8735.83984375,12968.26171875,0
11.3203125,-15746.58203125,-13831.54296875,-11963.8671875,15315.91796875,0
11.32421875,-13440.91796875,3696.2890625,8704.58984375,-11440.4296875,0
11.328125,-4983.3984375,-8862.79296875,-743.65234375,-1036.1328125,0
11.33203125,-15254.39453125,-13776.85546875,-11698.2421875,15331.54296875,0
11.3359375,-6440.91796875,2818.359375,4452.1484375,-9689.453125,0
11.33984375,-3010.25390625,-12913.57421875,-2789.0625,2962.890625,0
11.34375,-15395.01953125,-14441.40625,-12987.79296875,15245.60546875,0
11.34765625,-2441.40625,-6932.6171875,-15176.26953125,-12440.4296875,0
11.3515625,2959.47265625,13069.82421875,-4847.65625,-9046.38671875,0
11.35546875,-15730.46875,-14933.59375,-14183.59375,15175.29296875,0
11.359375,1434.08203125,14816.89453125,-8806.640625,-9814.453125,0
11.36328125,10967.28515625,-2916.015625,7113.28125,-1036.62109375,0
11.3671875,-15582.03125,-14925.78125,-14277.34375,15159.66796875,0
11.37109375,7184.5703125,13189.453125,-9682.6171875,-11189.94140625,0
11.375,-11050.78125,-14976.5625,11073.2421875,-15038.57421875,0
11.37890625,-15605.46875,-15809.08203125,-14863.28125,15190.91796875,0
11.3828125,-15688.96484375,-4818.359375,-15812.01171875,-10438.96484375,0
11.38671875,-13058.10546875,-9174.31640625,8992.1875,-11020.5078125,0
11.390625,15738.28125,13206.54296875,-15848.14453125,15300.29296875,0
11.39453125,5685.05859375,5183.10546875,-3438.4765625,-15565.91796875,0
11.3984375,-7079.58984375,-5040.52734375,15000.0,-15039.55078125,0
11.40234375,15199.21875,15487.79296875,15878.90625,15378.41796875,0
11.40625,3812.5,-5189.94140625,3313.4765625,-9689.453125,0
11.41015625,938.4765625,4950.1953125,-6975.5859375,10988.76953125,0
11.4140625,15113.28125,15792.96875,-15152.34375,15511.23046875,0
11.41796875,1563.4765625,3937.98828125,13063.4765625,-10564.94140625,0
11.421875,10940.91796875,-4994.62890625,-4965.8203125,-7026.85546875,0
11.42578125,15058.59375,15886.23046875,-15128.90625,15800.29296875,0
11.4296875,1689.94140625,-3937.5,11815.91796875,-2313.96484375,0
11.43359375,6963.8671875,5017.578125,3085.9375,6955.078125,0
11.4375,14573.73046875,-15746.09375,-14824.21875,15222.16796875,0
11.44140625,-10562.01171875,1310.546875,10314.453125,-10690.91796875,0
11.4453125,-11042.96875,-1033.69140625,-6948.73046875,-15070.3125,0
11.44921875,14183.10546875,15589.35546875,-15199.21875,14745.60546875,0
11.453125,5558.10546875,-1437.01171875,10313.96484375,10304.6875,0
11.45703125,-5056.15234375,9067.87109375,-10963.37890625,12876.953125,0
11.4609375,14088.8671875,-15434.08203125,-15019.53125,14065.4296875,0
11.46484375,-10571.77734375,10683.10546875,5935.05859375,-10450.1953125,0
11.46875,6853.515625,6992.67578125,-15033.69140625,-5205.078125,0
11.47265625,11885.25390625,-15761.71875,14659.1796875,12189.94140625,0
11.4765625,-10576.171875,1687.98828125,-4574.21875,-4953.61328125,0
11.48046875,10813.96484375,-10989.2578125,8763.671875,-9263.671875,0
11.484375,11705.56640625,-15730.46875,11423.828125,11643.06640625,0
11.48828125,4164.0625,11939.453125,-12348.6328125,-7707.03125,0
11.4921875,4653.80859375,-5042.96875,-7733.88671875,10663.57421875,0
11.49609375,9024.90234375,14112.3046875,937.5,10111.328125,0
11.5,-15849.12109375,-8940.4296875,0.0,-2211.42578125,0
11.50390625,-1622.55859375,-13019.04296875,-8000.0,577.1484375,0
11.5078125,4492.67578125,13081.0546875,0.0,9330.56640625,0
11.51171875,-15491.2109375,-14444.3359375,0.0,4664.55078125,0
11.515625,-3916.50390625,842.28515625,0.0,2575.1953125,0
11.51953125,187.5,11917.48046875,0.0,9017.578125,0
11.5234375,750.0,1060.546875,0.0,-1959.9609375,0
11.52734375,26.85546875,-956.0546875,0.0,12651.3671875,0
11.53125,2680.17578125,-9188.96484375,0.0,10557.12890625,0
11.53515625,-1735.83984375,-5262.6953125,0.0,-10328.125,0
11.5390625,4378.90625,1918.45703125,0.0,12848.14453125,0
11.54296875,9087.890625,-273.92578125,0.0,14784.66796875,0
11.546875,-11210.9375,-7626.953125,0.0,15065.4296875,0
11.55078125,14702.1484375,-6025.87890625,0.0,-10864.74609375,0
11.5546875,13878.41796875,-398.92578125,0.0,-12683.10546875,0
11.55859375,14059.08203125,-6501.953125,0.0,-8418.45703125,0
11.5625,-919.43359375,-8025.390625,0.0,-8570.3125,0
11.56640625,-13698.73046875,-406.73828125,0.0,-9463.37890625,0
11.5703125,-5049.31640625,-6501.953125,0.0,6962.40234375,0
11.57421875,-10727.5390625,-8025.87890625,0.0,-12530.2734375,0
11.578125,-7681.15234375,-406.73828125,0.0,-6220.21484375,0
11.58203125,-9144.04296875,-6501.953125,0.0,-5513.18359375,0
11.5859375,-8278.80859375,-8025.87890625,0.0,9853.02734375,0
11.58984375,-2008.30078125,-398.92578125,0.0,-1523.92578125,0
11.59375,-7876.953125,-6376.953125,0.0,13747.0703125,0
11.59765625,-12028.80859375,-6025.390625,0.0,-8023.92578125,0
11.6015625,-406.73828125,-398.92578125,0.0,-437.98828125,0
11.60546875,-6501.953125,-6376.953125,0.0,-6376.953125,0
11.609375,-6048.33984375,-6025.87890625,0.0,-10056.15234375,0
11.61328125,-648.92578125,-406.73828125,0.0,-750.48828125,0
11.6171875,-5626.953125,-6376.953125,0.0,-5501.953125,0
11.62109375,-14025.87890625,-8025.390625,0.0,-12025.87890625,0
11.625,-406.73828125,-406.73828125,0.0,-414.55078125,0
11.62890625,-7126.953125,-6501.953125,0.0,-6127.9296875,0
11.6328125,-6032.71484375,-6025.390625,0.0,7911.62109375,0
11.63671875,-1469.7265625,-406.73828125,0.0,-2642.08984375,0
11.640625,10237.79296875,-6501.953125,0.0,-14771.97265625,0
11.64453125,-6213.37890625,-8025.390625,0.0,7650.390625,0
11.6484375,-7338.37890625,-406.73828125,0.0,-7963.37890625,0
11.65234375,-4899.4140625,-6501.953125,0.0,-15655.76171875,0
11.65625,15582.03125,-6025.390625,0.0,1466.30859375,0
11.66015625,-11175.29296875,-398.92578125,0.0,-11831.54296875,0
11.6640625,8311.5234375,-6376.953125,0.0,3306.640625,0
11.66796875,-13280.2734375,-8024.4140625,0.0,-9397.4609375,0
11.671875,4296.875,-469.23828125,0.0,3609.375,0
11.67578125,0.9765625,-7004.39453125,0.0,0.48828125,0
11.6796875,6.8359375,-228.515625,0.0,-15992.1875,0
11.68359375,0.0,-4479.00390625,0.0,0.0,0
11.6875,125.0,-11423.828125,0.0,125.0,0
11.69140625,0.0,-15054.6875,0.0,8001.46484375,0
11.6953125,0.0,8455.56640625,0.0,15.625,0
11.69921875,0.0,3903.80859375,0.0,625.0,0
11.703125,0.0,4025.87890625,0.0,8000.0,0
11.70703125,0.0,0.0,0.0,0.0,0
11.7109375,0.0,7626.46484375,0.0,0.0,0
11.71484375,0.0,-15986.81640625,0.0,0.48828125,0
11.71875,0.0,1359.86328125,0.0,15.625,0
11.72265625,125.0,-4864.74609375,0.0,875.48828125,0
11.7265625,-11992.1875,8195.3125,0.0,2010.7421875,0
11.73046875,101.5625,5078.125,0.0,164.0625,0
11.734375,375.0,-10875.0,0.0,1250.0,0
11.73828125,2000.48828125,11.71875,0.0,14005.37109375,0
11.7421875,78.125,430.17578125,0.0,125.0,0
11.74609375,3500.0,4503.90625,0.0,4625.48828125,0
11.75,-8000.0,-8000.0,0.0,-11995.1171875,0
11.75390625,179.6875,625.48828125,0.0,242.1875,0
11.7578125,12251.953125,1129.8828125,0.0,13002.44140625,0
11.76171875,-13996.09375,-13903.3203125,0.0,12016.6015625,0
11.765625,617.67578125,5243.65234375,23.4375,617.67578125,0
11.76953125,13130.859375,-5608.3984375,0.0,8006.34765625,0
11.7734375,-8000.0,-7938.96484375,2041.50390625,2000.0,0
11.77734375,5025.87890625,8863.28125,851.5625,5322.75390625,0
11.78125,-3852.5390625,11416.50390625,2000.0,-13978.515625,0
11.78515625,8008.7890625,-9708.49609375,2032.71484375,-5942.87109375,0
11.7890625,852.05078125,4399.90234375,1023.4375,1336.9140625,0
11.79296875,-2607.91015625,-8091.30859375,13128.90625,1517.578125,0
11.796875,-3913.0859375,336.42578125,6076.171875,157.71484375,0
11.80078125,4126.46484375,8495.1171875,406.25,5157.71484375,0
11.8046875,-5478.515625,4912.59765625,0.0,-12356.93359375,0
11.80859375,-1674.8046875,-1474.609375,2020.01953125,2357.91015625,0
11.8125,5735.83984375,9471.19140625,960.9375,7251.46484375,0
11.81640625,15412.59765625,13426.26953125,-14873.53515625,-4964.35546875,0
11.8203125,-3402.34375,741.2109375,-1948.2421875,-13398.92578125,0
11.82421875,7603.02734375,8721.6796875,1523.4375,8837.890625,0
11.828125,-9458.984375,182.6171875,-10247.55859375,8167.96875,0
11.83203125,14637.20703125,-1262.20703125,-13967.7734375,651.85546875,0
11.8359375,8095.21484375,10689.453125,727.05078125,9360.83984375,0
11.83984375,2400.87890625,3530.2734375,2762.6953125,-4847.16796875,0
11.84375,-15308.10546875,-15216.30859375,2102.5390625,8691.89453125,0
11.84765625,9017.08984375,14158.69140625,1805.17578125,10204.58984375,0
11.8515625,5532.71484375,2537.109375,15014.16015625,-338.8671875,0
11.85546875,2763.671875,-3165.0390625,197.265625,-13222.65625,0
11.859375,9228.02734375,11126.953125,5275.390625,10501.953125,0
11.86328125,-4461.9140625,8903.3203125,-9205.56640625,-6332.51953125,0
11.8671875,-9091.30859375,-3151.3671875,-9546.38671875,12896.484375,0
11.87109375,-15419.921875,-15044.43359375,3149.90234375,-15270.99609375,0
11.875,7657.71484375,7043.9453125,12404.78515625,3037.59765625,0
11.87890625,6956.0546875,-14938.96484375,8301.26953125,10967.7734375,0
11.8828125,15604.00390625,-14543.45703125,3282.71484375,15948.2421875,0
11.88671875,8164.55078125,1049.31640625,9289.0625,1545.8984375,0
11.890625,-1175.78125,-15050.78125,-11461.42578125,14846.19140625,0
11.89453125,15143.5546875,-14863.76953125,4633.30078125,14659.1796875,0
11.8984375,9288.0859375,10675.78125,11887.20703125,-9455.56640625,0
11.90234375,-1141.6015625,15037.109375,-13872.0703125,2906.73828125,0
11.90625,14455.078125,-14372.55859375,1806.15234375,14337.890625,0
11.91015625,8039.0625,5296.875,11161.1328125,-13830.078125,0
11.9140625,-9204.58984375,-14977.05078125,-15464.35546875,2843.75,0
11.91796875,13283.69140625,-15761.71875,6165.52734375,13018.5546875,0
11.921875,-2217.28515625,8177.734375,785.64453125,1039.55078125,0
11.92578125,-9444.3359375,-5349.12109375,10569.82421875,2656.73828125,0
11.9296875,12237.3046875,13597.16796875,5633.30078125,12557.6171875,0
11.93359375,7540.0390625,15674.8046875,8136.71875,6294.921875,0
11.9375,-3330.078125,-15150.390625,229.98046875,-3226.5625,0
11.94140625,9064.94140625,9784.1796875,4266.11328125,9729.00390625,0
11.9453125,13294.43359375,426.7578125,-14104.4921875,14674.31640625,0
11.94921875,14672.36328125,-13378.41796875,-13320.80078125,-15223.14453125,0
11.953125,12362.79296875,11073.73046875,11485.3515625,12940.91796875,0
11.95703125,-3062.01171875,-4430.17578125,-7360.83984375,14687.5,0
11.9609375,-11165.0390625,7034.1796875,-15507.32421875,4908.203125,0
11.96484375,13988.76953125,-14244.62890625,9688.4765625,14949.70703125,0
11.96875,-13806.15234375,11966.796875,-6986.81640625,-15555.6640625,0
11.97265625,-11308.59375,-10983.88671875,-5547.36328125,-11219.23828125,0
11.9765625,10010.7421875,14661.1328125,10462.890625,11440.4296875,0
11.98046875,-3163.57421875,350.5859375,-8857.91015625,-1540.52734375,0
11.984375,-9021.484375,15280.2734375,4471.6796875,-14960.44921875,0
11.98828125,5400.390625,12315.4296875,12900.390625,6947.265625,0
11.9921875,11164.0625,7931.640625,-2597.65625,-11587.40234375,0
11.99609375,-7654.296875,-15363.28125,-1392.08984375,8389.16015625,0
12.0,4431.640625,7689.94140625,13651.3671875,5845.703125,0
12.00390625,11300.78125,-10318.359375,773.4375,-11200.68359375,0
12.0078125,10590.33203125,10872.0703125,-3536.1328125,-11402.83203125,0
12.01171875,6861.328125,12870.60546875,10275.390625,8259.765625,0
12.015625,13536.62109375,2804.19921875,-8588.8671875,-463.37890625,0
12.01953125,-3438.96484375,2731.4453125,-13273.4375,8561.03515625,0
12.0234375,11541.9921875,15214.84375,-15550.78125,12659.66796875,0
12.02734375,-4836.9140625,-15827.63671875,-14936.03515625,15165.0390625,0
12.03125,-13479.98046875,-15416.9921875,7156.73828125,10519.04296875,0
12.03515625,7978.515625,8189.94140625,-11886.23046875,9354.00390625,0
12.0390625,-12961.9140625,5420.8984375,-178.7109375,-13584.47265625,0
12.04296875,-4979.4921875,-4840.33203125,6987.79296875,2972.65625,0
12.046875,-14700.68359375,-10300.29296875,-14784.66796875,-14192.3828125,0
12.05078125,-1839.35546875,15568.84765625,10078.125,-707.03125,0
12.0546875,4606.4453125,7078.61328125,-10685.05859375,-5357.421875,0
12.05859375,11423.33984375,-11409.66796875,-12049.31640625,11986.328125,0
12.0625,-13367.1875,5797.36328125,5096.19140625,14764.16015625,0
12.06640625,10296.38671875,-5141.6015625,-4451.66015625,4335.9375,0
12.0703125,6734.86328125,13674.31640625,-7806.640625,7305.6640625,0
12.07421875,13630.37109375,-1086.9140625,-7394.04296875,5261.23046875,0
12.078125,2248.53515625,12586.42578125,13728.515625,-9709.9609375,0
12.08203125,12408.203125,-12832.03125,-5321.77734375,12822.75390625,0
12.0859375,-3618.65234375,12150.390625,-14010.25390625,15761.23046875,0
12.08984375,2440.4296875,-3314.453125,-14162.109375,2492.67578125,0
12.09375,14010.25390625,-15497.0703125,-4837.40234375,13823.2421875,0
12.09765625,-1456.54296875,-3442.3828125,-11265.13671875,10925.78125,0
12.1015625,-4915.0390625,9300.29296875,-4270.99609375,-12836.9140625,0
12.10546875,-12160.64453125,-9393.5546875,-5541.015625,-12129.39453125,0
12.109375,-10577.1484375,15192.3828125,-12151.3671875,-6321.77734375,0
12.11328125,-5142.578125,-6977.5390625,-4356.4453125,-15075.1953125,0
12.1171875,-12778.80859375,-11177.24609375,-7056.640625,-12286.62109375,0
12.12109375,5625.0,8625.0,11603.02734375,7250.0,0
12.125,110.83984375,119.140625,-10349.12109375,128.41796875,0
12.12890625,2453.125,2367.1875,-5978.515625,2664.0625,0
12.1328125,-6747.0703125,-9872.55859375,-10023.4375,-3996.09375,0
12.13671875,12062.01171875,14067.87109375,11682.6171875,2083.984375,0
12.140625,2477.5390625,2328.61328125,-4915.52734375,2797.8515625,0
12.14453125,8631.8359375,-15495.60546875,7478.02734375,6882.8125,0
12.1484375,8031.25,-3964.84375,5691.40625,12049.8046875,0
12.15234375,1945.3125,1507.8125,-5861.328125,1984.375,0
12.15625,-13622.55859375,10751.46484375,14596.6796875,-11622.0703125,0
12.16015625,-7846.6796875,-7873.046875,11564.453125,14166.9921875,0
12.1640625,1820.3125,1296.875,-6298.828125,2062.5,0
12.16796875,-9867.1875,-9617.67578125,9456.54296875,-7741.69921875,0
12.171875,6132.8125,4147.4609375,-649.4140625,-9849.12109375,0
12.17578125,4462.40234375,4266.6015625,-7095.703125,4923.828125,0
12.1796875,-1475.5859375,-10984.86328125,3958.49609375,3147.4609375,0
12.18359375,-15726.5625,-9713.8671875,-10778.3203125,-9679.19921875,0
12.1875,5236.328125,5548.828125,-10307.12890625,6400.87890625,0
12.19140625,-4175.29296875,-3796.875,-415.0390625,574.21875,0
12.1953125,-15098.14453125,-5088.8671875,1299.31640625,12905.76171875,0
12.19921875,2421.875,2930.17578125,-10588.37890625,2914.55078125,0
12.203125,-4958.49609375,7794.43359375,203.125,2915.0390625,1
12.20703125,8853.515625,8866.2109375,13165.52734375,848.14453125,1
12.2109375,9449.21875,11074.70703125,-9861.81640625,10777.34375,1
12.21484375,9849.12109375,-12149.4140625,-5785.64453125,-9401.3671875,1
12.21875,7553.7109375,5576.171875,-12753.90625,3547.8515625,1
12.22265625,13433.59375,-15534.1796875,-12541.9921875,14121.58203125,1
12.2265625,-7781.25,-10523.92578125,10444.82421875,6718.75,1
12.23046875,3744.62890625,-14258.30078125,-13128.41796875,-2299.8046875,1
12.234375,-13436.03515625,-12560.546875,-15159.1796875,-12803.22265625,1
12.23828125,297.8515625,-14946.2890625,-14801.7578125,-10826.66015625,1
12.2421875,7086.9140625,-12873.53515625,-5023.92578125,-4960.9375,1
12.24609375,14409.66796875,-14722.65625,13949.21875,14206.54296875,1
12.25,1849.12109375,-13145.99609375,6942.3828125,-8147.94921875,1
12.25390625,-4155.2734375,1858.88671875,8990.234375,9819.3359375,1
12.2578125,-8768.5546875,-7931.640625,-14558.59375,-8830.56640625,1
12.26171875,-2051.26953125,11706.0546875,-8194.82421875,10702.1484375,1
12.265625,15150.87890625,-2894.53125,14661.62109375,13151.3671875,1
12.26953125,-9738.28125,-9769.04296875,10096.19140625,-9878.41796875,1
12.2734375,-11191.40625,8184.5703125,-9581.54296875,5187.01171875,1
12.27734375,6853.515625,-7260.7421875,8641.6015625,8849.609375,1
12.28125,-12697.265625,15653.80859375,7586.9140625,-13400.390625,1
12.28515625,-4676.7578125,10440.91796875,-14348.6328125,-1171.38671875,1
12.2890625,-3638.671875,10238.76953125,-1199.70703125,-13596.19140625,1
12.29296875,13232.91015625,7566.89453125,15635.25390625,12779.78515625,1
12.296875,3443.84765625,6041.015625,15794.921875,4950.68359375,1
12.30078125,-3331.54296875,14157.2265625,-5109.375,-7212.40234375,1
12.3046875,-11822.75390625,9144.04296875,10298.33984375,-11377.44140625,1
12.30859375,-6825.68359375,-10971.6796875,-8330.56640625,-9446.77734375,1
12.3125,633.7890625,2059.08203125,-901.85546875,14718.75,1
12.31640625,-12204.58984375,8333.0078125,-12924.8046875,-11517.08984375,1
12.3203125,-15015.13671875,8349.609375,2600.09765625,-15014.16015625,1
12.32421875,-4054.6875,5867.67578125,-6138.18359375,-8043.45703125,1
12.328125,-320.80078125,-133.30078125,-1773.92578125,-344.23828125,1
12.33203125,-8126.953125,-9751.953125,12872.0703125,-7876.953125,1
12.3359375,-12026.3671875,-8025.87890625,-2025.390625,-8025.87890625,1
12.33984375,-414.55078125,-406.73828125,-414.55078125,-406.73828125,1
12.34375,-6626.953125,-6501.953125,-6501.953125,-6501.953125,1
12.34765625,-10026.3671875,-8025.87890625,-8025.87890625,-8025.87890625,1
12.3515625,-414.55078125,-406.73828125,-406.73828125,-406.73828125,1
12.35546875,-6626.953125,-6501.953125,-6501.953125,-6501.953125,1
12.359375,-2037.109375,-8025.87890625,-8025.87890625,-6027.34375,1
12.36328125,-320.80078125,-406.73828125,-406.73828125,-492.67578125,1
12.3671875,11720.703125,-6501.953125,-6501.953125,-4761.23046875,1
12.37109375,11177.24609375,-8025.390625,-6025.390625,-381.34765625,1
12.375,14283.69140625,-406.73828125,-398.92578125,-9058.10546875,1
12.37890625,1043.9453125,-6501.953125,-6501.953125,-416.50390625,1
12.3828125,-5195.80078125,-8025.87890625,-8025.390625,11479.00390625,1
12.38671875,14488.76953125,-406.73828125,-406.73828125,-6517.08984375,1
12.390625,-15913.0859375,-6501.953125,-6501.953125,-138.671875,1
12.39453125,-12551.26953125,-8025.87890625,-8025.390625,1708.984375,1
12.3984375,-9150.87890625,-406.73828125,-406.73828125,-5712.890625,1
12.40234375,-7899.4140625,-6501.953125,-6501.953125,-5276.85546875,1
12.40625,-14302.734375,-6024.90234375,-8025.87890625,-14469.7265625,1
12.41015625,-5681.15234375,-516.11328125,-406.73828125,-8439.94140625,1
12.4140625,6233.88671875,-4880.859375,-6501.953125,8835.44921875,1
12.41796875,15838.8671875,-10323.73046875,-8025.87890625,-4649.4140625,1
12.421875,-3063.4765625,-10066.40625,-406.73828125,-10776.3671875,1
12.42578125,10115.72265625,10921.875,-6501.953125,-13917.96875,1
12.4296875,11902.34375,-1504.39453125,-8025.87890625,3269.53125,1
12.43359375,-1993.1640625,2867.1875,-406.73828125,-12347.16796875,1
12.4375,3483.88671875,0.0,-6501.953125,-15801.7578125,1
12.44140625,-172.8515625,-9997.55859375,-8025.87890625,-4822.265625,1
12.4453125,-3251.46484375,0.0,-406.73828125,-13683.10546875,1
12.44921875,-10267.578125,0.0,-6376.953125,6073.2421875,1
12.453125,13759.27734375,0.0,-6025.390625,-832.03125,1
12.45703125,-3165.52734375,0.0,-406.73828125,-13065.91796875,1
12.4609375,-6520.99609375,0.0,-6501.953125,15823.2421875,1
12.46484375,-14267.578125,0.0,-6025.87890625,-14782.71484375,1
12.46875,-3524.90234375,0.0,-406.73828125,-12503.41796875,1
12.47265625,-1894.53125,0.0,-6376.953125,-12923.828125,1
12.4765625,-8337.890625,0.0,-6025.87890625,-4801.7578125,1
12.48046875,-4931.15234375,0.0,-406.73828125,-13628.41796875,1
12.484375,-15150.87890625,0.0,-6501.953125,8197.265625,1
12.48828125,-14461.42578125,0.0,-6025.87890625,-12871.09375,1
12.4921875,-6986.328125,0.0,-406.73828125,-14292.48046875,1
12.49609375,-8655.2734375,0.0,-6501.953125,1196.2890625,1
12.5,-512.20703125,0.0,-8025.87890625,-4852.5390625,1
12.50390625,-7650.390625,0.0,-406.73828125,-13917.96875,1
12.5078125,13968.26171875,0.0,-6501.953125,-1805.17578125,1
12.51171875,7448.73046875,0.0,-8025.87890625,13129.8828125,1
12.515625,-8619.62890625,0.0,-398.92578125,-14183.59375,1
12.51953125,-2534.66796875,0.0,-6501.953125,-12683.10546875,1
12.5234375,15354.4921875,0.0,-8025.87890625,-10927.734375,1
12.52734375,-10416.50390625,0.0,-398.92578125,-15199.21875,1
12.53125,9587.40234375,0.0,-6501.953125,9690.4296875,1
12.53515625,-14694.82421875,0.0,-8025.87890625,13041.015625,1
12.5390625,-11198.2421875,0.0,-406.73828125,-15574.21875,1
12.54296875,-1913.57421875,0.0,-6501.953125,-15433.10546875,1
12.546875,-8696.2890625,0.0,-8025.87890625,-14948.73046875,1
12.55078125,-11721.6796875,0.0,-398.92578125,-15011.71875,1
12.5546875,13832.03125,0.0,-6376.953125,-13685.546875,1
12.55859375,-4761.71875,0.0,-8025.87890625,-6989.2578125,1
12.5625,-12799.8046875,0.0,-406.73828125,-15542.96875,1
12.56640625,4330.56640625,0.0,-6501.953125,15940.91796875,1
12.5703125,-8787.109375,0.0,-8025.87890625,7000.9765625,1
12.57421875,-14183.10546875,0.0,-406.73828125,15565.91796875,1
12.578125,2823.73046875,0.0,-6501.953125,-63.4765625,1
12.58203125,-2862.3046875,0.0,-8025.87890625,-3067.87109375,1
12.5859375,-15027.34375,0.0,-406.73828125,14854.98046875,1
12.58984375,9941.89453125,0.0,-6501.953125,-14941.89453125,1
12.59375,-2878.90625,0.0,-8025.87890625,-5065.91796875,1
12.59765625,-14761.71875,0.0,-398.92578125,15300.29296875,1
12.6015625,11191.40625,0.0,-7252.44140625,-8315.91796875,1
12.60546875,-14879.8828125,0.0,-2034.1796875,937.5,1
12.609375,-14457.03125,0.0,-570.80078125,15269.04296875,1
12.61328125,6438.4765625,0.0,-10627.9296875,-11816.89453125,1
12.6171875,-8942.3828125,0.0,1943.359375,8905.2734375,1
12.62109375,-15668.45703125,0.0,-1164.55078125,14073.2421875,1
12.625,-11188.96484375,0.0,11244.140625,-195.3125,1
12.62890625,11035.64453125,1.46484375,-2127.9296875,-9117.1875,1
12.6328125,-15223.14453125,0.0,-3063.96484375,14183.10546875,1
12.63671875,-5440.91796875,6506.34765625,-3269.04296875,3304.19921875,1
12.640625,-6997.55859375,12174.8046875,-12303.22265625,-1131.34765625,1
12.64453125,-15011.71875,3500.9765625,-5407.71484375,14081.54296875,1
12.6484375,60.05859375,5394.04296875,8979.98046875,5556.15234375,1
12.65234375,11005.859375,-5671.38671875,9610.83984375,-9090.33203125,1
12.65625,-15293.45703125,5821.77734375,-7244.140625,14362.3046875,1
12.66015625,-1318.359375,2398.92578125,12847.16796875,-1446.77734375,1
12.6640625,12940.91796875,-15589.35546875,-4456.54296875,14874.51171875,1
12.66796875,-15605.46875,6829.58984375,-8041.50390625,14308.10546875,1
12.671875,4308.59375,-8720.21484375,-2032.71484375,8556.640625,1
12.67578125,14917.48046875,-3533.203125,7450.68359375,14885.7421875,1
12.6796875,15519.53125,7892.578125,-9409.1796875,14183.10546875,1
12.68359375,808.59375,7782.2265625,-540.0390625,4930.17578125,1
12.6875,2932.12890625,-13493.65234375,13333.49609375,6902.34375,1
12.69140625,15832.03125,8642.578125,-11221.6796875,14628.41796875,1
12.6953125,4058.10546875,15784.1796875,7077.63671875,7054.19921875,1
12.69921875,8887.20703125,-5469.7265625,15196.77734375,-13136.71875,1
12.703125,15121.09375,8361.328125,-13409.66796875,14214.35546875,1
12.70703125,184.08203125,11158.69140625,4570.3125,3054.6875,1
12.7109375,-3119.62890625,-11457.51953125,-12913.57421875,12881.8359375,1
12.71484375,14565.91796875,8876.953125,-15308.59375,14222.16796875,1
12.71875,-6564.94140625,15658.69140625,11812.01171875,3179.19921875,1
12.72265625,4904.296875,4548.33984375,-1017.08984375,892.08984375,1
12.7265625,14683.10546875,9408.203125,15847.16796875,14463.8671875,1
12.73046875,-14315.91796875,-12591.30859375,-8690.4296875,-1446.2890625,1
12.734375,-13099.609375,12546.875,-11072.265625,884.27734375,1
12.73828125,14253.41796875,9423.828125,14573.73046875,14276.85546875,1
12.7421875,-14688.4765625,-8714.35546875,12056.640625,1179.6875,1
12.74609375,2925.29296875,-7425.29296875,2874.51171875,4887.6953125,1
12.75,14253.41796875,9283.203125,13549.8046875,14425.29296875,1
12.75390625,15687.01171875,-10214.35546875,6791.9921875,5431.15234375,1
12.7578125,2995.60546875,-5415.0390625,-3332.51953125,10917.48046875,1
12.76171875,14917.48046875,9893.06640625,10291.015625,14690.91796875,1
12.765625,14188.4765625,4915.52734375,-7590.33203125,11559.08203125,1
12.76953125,15028.80859375,12645.01953125,543.9453125,10965.8203125,1
12.7734375,15276.85546875,10596.19140625,9893.06640625,15636.23046875,1
12.77734375,-15938.4765625,10291.50390625,8662.59765625,-8440.4296875,1
12.78125,7047.36328125,-5312.98828125,-5457.51953125,10968.75,1
12.78515625,15753.41796875,10760.25390625,7868.65234375,15534.66796875,1
12.7890625,-12936.5234375,14167.48046875,-6846.19140625,-3187.01171875,1
12.79296875,15075.1953125,-1306.15234375,-3544.43359375,-2994.140625,1
12.796875,-15253.90625,11901.3671875,7955.078125,-15769.53125,1
12.80078125,4062.98828125,2293.9453125,2152.34375,11313.96484375,1
12.8046875,-8938.4765625,-5302.734375,-15579.58984375,1004.39453125,1
12.80859375,-15004.39453125,11635.25390625,6571.77734375,-15753.90625,1
12.8125,-437.98828125,-2579.1015625,4273.4375,6187.98828125,1
12.81640625,-10960.44921875,-13266.11328125,-15672.36328125,-1013.18359375,1
12.8203125,-15066.89453125,12127.9296875,4766.6015625,15667.48046875,1
12.82421875,-438.96484375,5173.33984375,8016.11328125,-436.5234375,1
12.828125,-10980.46875,8779.78515625,-3770.01953125,11004.39453125,1
12.83203125,-15246.58203125,12377.9296875,2023.4375,15565.91796875,1
12.8359375,-1563.96484375,2922.8515625,5875.0,-5437.98828125,1
12.83984375,1010.7421875,6758.30078125,1.953125,-9011.71875,1
12.84375,-15426.26953125,12026.3671875,0.0,15542.48046875,1
12.84765625,-2566.89453125,8049.31640625,0.0,-7189.453125,1
12.8515625,-13028.80859375,-1206.54296875,2004.8828125,-7026.3671875,1
12.85546875,-15222.65625,12916.9921875,7.8125,15667.48046875,1
12.859375,8810.546875,15925.29296875,-15484.86328125,-9814.453125,1
12.86328125,973.14453125,-5171.38671875,-1550.29296875,-15002.44140625,1
12.8671875,-15800.78125,13510.7421875,9252.44140625,15612.79296875,1
12.87109375,6685.05859375,-7948.2421875,6796.38671875,-8939.453125,1
12.875,-5059.08203125,4805.6640625,6839.84375,-13036.62109375,1
12.87890625,15792.96875,12745.1171875,14878.41796875,15308.10546875,1
12.8828125,10187.98828125,13301.7578125,-3431.640625,-10313.96484375,1
12.88671875,10963.37890625,-5165.0390625,3177.24609375,-3023.4375,1
12.890625,15722.65625,12604.4921875,-13175.29296875,15323.73046875,1
12.89453125,8062.5,3797.36328125,-11296.875,-14066.89453125,1
12.8984375,-13039.55078125,-1221.6796875,3281.25,14953.125,1
12.90234375,15691.40625,12682.6171875,-11815.91796875,15487.79296875,1
12.90625,6937.5,10798.828125,-6050.29296875,-12567.3828125,1
12.91015625,14936.5234375,4781.25,-2815.4296875,12933.10546875,1
12.9140625,15300.78125,12588.8671875,-13245.60546875,15401.85546875,1
12.91796875,2064.94140625,11924.31640625,4821.77734375,-8690.4296875,1
12.921875,10992.67578125,6784.1796875,15155.76171875,-5042.96875,1
12.92578125,15026.85546875,12377.9296875,-14589.84375,15104.98046875,1
12.9296875,-1936.03515625,9547.36328125,-3552.734375,-9315.91796875,1
12.93359375,-9047.8515625,-5282.2265625,-14859.86328125,-13086.9140625,1
12.9375,15003.41796875,12166.9921875,-13651.85546875,15190.91796875,1
12.94140625,-2058.10546875,12801.26953125,8195.80078125,-1812.5,1
12.9453125,1082.51953125,6813.96484375,-12902.34375,-2978.515625,1
12.94921875,-15730.95703125,12924.8046875,-14511.71875,-15652.83203125,1
12.953125,-686.03515625,-7571.77734375,12060.05859375,-63.96484375,1
12.95703125,-966.30859375,-7138.18359375,-15080.078125,-5031.25,1
12.9609375,15487.79296875,13534.1796875,13721.6796875,15581.54296875,1
12.96484375,-8811.5234375,-5695.3125,13046.38671875,-2188.96484375,1
12.96875,11044.921875,863.28125,10612.3046875,-9027.83203125,1
12.97265625,15854.98046875,13846.6796875,7899.90234375,15800.29296875,1
12.9765625,-9937.5,-1947.75390625,13774.90234375,-1937.98828125,1
12.98046875,-14937.01171875,-3144.53125,-15620.60546875,8988.76953125,1
12.984375,-15512.20703125,14042.48046875,5125.9765625,15729.98046875,1
12.98828125,-3187.5,1804.6875,9015.13671875,-187.98828125,1
12.9921875,-952.1484375,-9130.859375,-3819.3359375,-1015.625,1
12.99609375,-15379.39453125,14011.23046875,1929.6875,15855.46875,1
13.0,-5688.96484375,2431.15234375,-12874.0234375,61.5234375,1
13.00390625,5027.34375,12925.78125,-5997.0703125,-3016.11328125,0
13.0078125,-14800.78125,15112.79296875,101.5625,-15894.53125,0
13.01171875,1559.5703125,-12441.89453125,2125.48828125,310.546875,0
13.015625,5011.71875,2902.34375,-15963.37890625,-11017.08984375,0
13.01953125,-14394.53125,14120.60546875,1664.55078125,-15871.09375,0
13.0234375,-11436.03515625,2930.6640625,3135.7421875,9689.453125,0
13.02734375,13038.57421875,-15110.3515625,14267.578125,-10977.05078125,0
13.03125,-14839.84375,13877.9296875,6384.765625,-15832.03125,0
13.03515625,-15811.5234375,-10198.2421875,-10456.54296875,5314.94140625,0
13.0390625,7029.78515625,-11166.015625,-5273.4375,-4960.9375,0
13.04296875,-14636.71875,13260.7421875,10971.19140625,-15683.59375,0
13.046875,-8311.03515625,-7197.265625,8917.96875,5564.94140625,0
13.05078125,-4980.46875,8830.078125,6729.00390625,3040.0390625,0
13.0546875,-14816.40625,13174.8046875,11963.8671875,-15511.71875,0
13.05859375,-8060.546875,-7196.77734375,2174.8046875,5438.96484375,0
13.0625,3001.46484375,4845.21484375,4811.5234375,11035.15625,0
13.06640625,-15371.09375,13713.8671875,14136.23046875,-15535.15625,0
13.0703125,-9809.5703125,-4448.2421875,-3310.546875,4813.96484375,0
13.07421875,5018.06640625,-5157.71484375,-10883.30078125,-4958.49609375,0
13.078125,-15253.90625,13502.9296875,-12753.41796875,-15550.78125,0
13.08203125,-3682.12890625,15052.24609375,-4546.38671875,5063.4765625,0
13.0859375,3017.08984375,14869.140625,13318.359375,-2963.8671875,0
13.08984375,-15378.90625,13776.85546875,-10870.1171875,-15261.71875,0
13.09375,-10183.10546875,1180.17578125,-14291.50390625,7438.4765625,0
13.09765625,-984.375,10884.765625,13340.33203125,-6967.28515625,0
13.1015625,-15644.53125,14049.8046875,-10565.4296875,-15371.09375,0
13.10546875,-9930.17578125,-7695.80078125,14830.078125,9939.453125,0
13.109375,-8947.75390625,10925.78125,-10734.375,-10967.7734375,0
13.11328125,15949.21875,14565.91796875,-12753.41796875,-15832.03125,0
13.1171875,8943.359375,5307.6171875,5193.359375,2813.4765625,0
13.12109375,-943.359375,947.75390625,-4935.05859375,3005.859375,0
13.125,15871.09375,15222.16796875,-15613.76953125,-15730.46875,0
13.12890625,4692.3828125,-13941.40625,-10695.80078125,5813.4765625,0
13.1328125,-14940.4296875,12932.12890625,10790.0390625,-8988.28125,0
13.13671875,15933.59375,14792.48046875,12307.6171875,-15832.03125,0
13.140625,3190.4296875,-14814.94140625,168.9453125,2811.5234375,0
13.14453125,-4942.87109375,-11038.57421875,-5301.7578125,-9020.5078125,0
13.1484375,15815.91796875,15409.66796875,11322.75390625,15800.29296875,0
13.15234375,-7186.03515625,-6689.94140625,-11580.078125,-4938.96484375,0
13.15625,11069.82421875,14964.84375,-3251.953125,-1002.9296875,0
13.16015625,-15535.64453125,15769.04296875,12331.0546875,15862.79296875,0
13.1640625,-4937.5,-10191.40625,-13571.2890625,-4563.96484375,0
13.16796875,3056.640625,8965.33203125,4883.7890625,-15025.390625,0
13.171875,-15770.01953125,15745.60546875,13971.6796875,15604.98046875,0
13.17578125,-12689.94140625,-4315.91796875,11667.96875,-5064.453125,0
13.1796875,5039.55078125,12929.6875,-3383.30078125,8976.5625,0
13.18359375,-15480.95703125,15331.54296875,8321.77734375,15550.29296875,0
13.1875,-13565.4296875,-9065.91796875,9516.11328125,-12315.4296875,0
13.19140625,-14977.05078125,933.59375,-7906.73828125,-3029.78515625,0
13.1953125,-15184.08203125,14675.29296875,132.8125,15456.54296875,0
13.19921875,-7565.91796875,5930.6640625,500.0,-8439.453125,0
13.203125,-15006.8359375,-5097.65625,4001.953125,6961.9140625,0
13.20703125,-15676.26953125,14706.54296875,23.4375,15136.23046875,0
13.2109375,-5190.4296875,15307.12890625,9384.27734375,-11939.94140625,0
13.21484375,989.2578125,-5085.44921875,8343.26171875,6959.9609375,0
13.21875,-15472.65625,14940.91796875,8080.56640625,15261.23046875,0
13.22265625,6436.03515625,-15066.40625,4424.31640625,-8188.96484375,0
13.2265625,4978.02734375,-13096.6796875,10852.5390625,957.03125,0
13.23046875,-15488.28125,14190.91796875,14159.66796875,15276.85546875,0
13.234375,4934.08203125,10058.10546875,-15937.98828125,-13191.40625,0
13.23828125,12940.91796875,4915.0390625,5031.25,-9063.96484375,0
13.2421875,15746.09375,14026.85546875,-15332.03125,14831.54296875,0
13.24609375,5559.5703125,6432.6171875,-14431.15234375,14432.6171875,0
13.25,10926.26953125,6885.7421875,3095.703125,-5077.63671875,0
13.25390625,15871.09375,13948.73046875,-14456.54296875,14948.73046875,0
13.2578125,7810.05859375,8683.59375,1196.2890625,12056.640625,0
13.26171875,-11077.1484375,12956.54296875,-873.53515625,6914.55078125,0
13.265625,15246.09375,15261.23046875,-14285.15625,14815.91796875,0
13.26953125,3187.01171875,-14317.3828125,-7808.10546875,-15567.3828125,0
13.2734375,14938.96484375,-1074.70703125,-4919.921875,-15066.89453125,0
13.27734375,15191.40625,15019.04296875,-14753.90625,14995.60546875,0
13.28125,687.98828125,14557.12890625,-9055.6640625,12932.6171875,0
13.28515625,4924.8046875,-3069.82421875,-4873.046875,6910.15625,0
13.2890625,14651.85546875,14933.10546875,-13800.29296875,14698.73046875,0
13.29296875,-4562.5,-15565.91796875,3694.82421875,13181.640625,0
13.296875,2923.33984375,-9054.19921875,-6848.6328125,-13089.84375,0
13.30078125,14417.48046875,15151.85546875,-13097.16796875,14839.35546875,0
13.3046875,-12562.5,14557.6171875,10823.2421875,15682.12890625,0
13.30859375,-13034.1796875,927.734375,5175.78125,-5079.1015625,0
13.3125,14511.23046875,15019.04296875,-13433.10546875,14847.16796875,0
13.31640625,-13687.5,-9565.4296875,11695.80078125,14182.6171875,0
13.3203125,6989.74609375,12943.359375,-14887.6953125,2920.8984375,0
13.32421875,15050.29296875,15370.60546875,-13659.66796875,15058.10546875,0
13.328125,-12687.01171875,-11692.3828125,6943.84765625,-13691.89453125,0
13.33203125,5030.76171875,-5080.078125,-4902.83203125,-3072.265625,0
13.3359375,15183.10546875,14894.04296875,-14121.09375,14808.10546875,0
13.33984375,14311.5234375,-13692.3828125,-6933.59375,-14941.89453125,0
13.34375,3033.69140625,12920.41015625,-6931.15234375,-7070.3125,0
13.34765625,15737.79296875,15175.29296875,-14714.84375,15034.66796875,0
13.3515625,14310.546875,-13942.3828125,14940.4296875,15933.59375,0
13.35546875,13051.7578125,-11066.40625,-2936.03515625,-13036.62109375,0
13.359375,-15535.64453125,15159.66796875,-14847.65625,15511.23046875,0
13.36328125,-10939.94140625,-12566.89453125,-13934.08203125,-10815.4296875,0
13.3671875,-6970.703125,14905.2734375,1053.22265625,14965.33203125,0
13.37109375,-15355.95703125,14683.10546875,-15214.84375,15581.54296875,0
13.375,-6439.94140625,12556.15234375,8188.96484375,-4063.4765625,0
13.37890625,-14995.60546875,2886.71875,995.1171875,2958.49609375,0
13.3828125,-15355.46875,14104.98046875,-15910.15625,15409.66796875,0
13.38671875,2310.546875,1179.19921875,5311.03515625,-2312.98828125,0
13.390625,-11009.27734375,-13145.99609375,-13031.73828125,-7008.7890625,0
13.39453125,-15261.71875,13972.16796875,15511.23046875,15659.66796875,0
13.3984375,1060.05859375,2553.22265625,-6312.98828125,-3937.98828125,0
13.40234375,-4993.1640625,-9153.3203125,972.65625,14988.28125,0
13.40625,-15082.03125,13956.0546875,15331.54296875,15706.54296875,0
13.41015625,8186.03515625,-2572.75390625,-10313.96484375,-2312.5,0
13.4140625,-13014.6484375,-15159.1796875,-13026.3671875,-3004.39453125,0
13.41796875,-15636.71875,13471.6796875,15159.66796875,15526.85546875,0
13.421875,5810.05859375,-9072.75390625,-13565.91796875,-10064.94140625,0
13.42578125,2969.23828125,4840.8203125,-5053.22265625,10981.4453125,0
13.4296875,-15582.03125,13362.3046875,14979.98046875,15956.54296875,0
13.43359375,12686.03515625,-10572.75390625,8805.17578125,-2564.453125,0
13.4375,8948.73046875,-3155.76171875,6884.765625,12969.23828125,0
13.44140625,15964.84375,13284.1796875,14229.4921875,15589.35546875,0
13.4453125,11687.98828125,-14324.21875,-9450.68359375,-10189.94140625,0
13.44921875,2958.49609375,805.17578125,-1232.91015625,8980.46875,0
13.453125,15566.40625,12564.94140625,11525.87890625,15526.85546875,0
13.45703125,3562.01171875,-1204.1015625,10164.0625,-11440.4296875,0
13.4609375,-15053.7109375,-9268.5546875,14639.16015625,-11032.2265625,0
13.46484375,15464.84375,11494.62890625,10080.078125,15589.35546875,0
13.46875,3937.5,-5080.56640625,-3336.9140625,-10566.40625,0
13.47265625,-1070.3125,8698.73046875,-15400.390625,936.03515625,0
13.4765625,14761.23046875,11268.06640625,9760.25390625,15229.98046875,0
13.48046875,-3811.03515625,-9830.078125,1664.0625,-10190.91796875,0
13.484375,12958.49609375,-1252.9296875,-1329.1015625,-13050.78125,0
13.48828125,14620.60546875,12104.4921875,11221.19140625,15190.91796875,0
13.4921875,-8311.5234375,5300.29296875,-11204.58984375,-11565.4296875,0
13.49609375,-1013.18359375,-9163.0859375,-5213.37890625,2941.40625,0
13.5,14847.16796875,13479.4921875,12940.4296875,15058.10546875,0
13.50390625,-11310.546875,-4194.3359375,-15447.75390625,-12065.4296875,0
13.5078125,-4992.67578125,10915.0390625,2837.40234375,925.78125,0
13.51171875,14933.10546875,14940.91796875,13628.41796875,15026.85546875,0
13.515625,-10687.5,-8189.94140625,554.19921875,-9690.91796875,0
13.51953125,999.0234375,-13049.8046875,2849.12109375,2925.29296875,0
13.5234375,15065.91796875,15425.29296875,13721.6796875,15159.66796875,0
13.52734375,13935.546875,-7814.94140625,-1695.80078125,-9816.89453125,0
13.53125,1017.08984375,4966.30859375,-9124.0234375,-5061.5234375,0
13.53515625,15331.54296875,15761.23046875,14019.04296875,14940.91796875,0
13.5390625,9684.5703125,-1562.5,1556.15234375,15059.5703125,0
13.54296875,-2994.62890625,-6989.2578125,6887.6953125,8952.1484375,0
13.546875,15636.23046875,-15926.26953125,13690.4296875,15198.73046875,0
13.55078125,14684.08203125,-312.98828125,-7196.77734375,-8314.94140625,0
13.5546875,-2997.55859375,15005.37109375,-7138.18359375,12958.0078125,0
13.55859375,-15926.26953125,-15480.46875,13612.3046875,15339.35546875,0
13.5625,13307.12890625,2811.5234375,-1694.82421875,15558.10546875,0
13.56640625,-5000.48828125,-6983.3984375,-3118.1640625,-11050.29296875,0
13.5703125,-15473.14453125,-15660.15625,13776.3671875,15237.79296875,0
13.57421875,-12817.87109375,4312.01171875,-7323.73046875,-15941.89453125,0
13.578125,8972.65625,12986.81640625,12812.98828125,6938.4765625,0
13.58203125,-15598.14453125,15917.48046875,13088.8671875,15026.85546875,0
13.5859375,-4190.4296875,-5564.453125,13050.29296875,-14814.94140625,0
13.58984375,-5018.06640625,-998.046875,-7157.71484375,-5022.94921875,0
13.59375,15933.10546875,15870.60546875,13416.9921875,15058.10546875,0
13.59765625,-5691.40625,-5814.94140625,15676.26953125,13684.5703125,0
13.6015625,2964.84375,-9031.25,-15125.0,10971.6796875,0
13.60546875,-15417.96875,-15878.90625,14300.29296875,15636.23046875,0
13.609375,3933.10546875,2435.546875,2304.6875,-11440.4296875,0
13.61328125,10932.12890625,-5027.83203125,-5116.69921875,-11031.73828125,0
13.6171875,15792.96875,15628.41796875,13956.0546875,15206.54296875,0
13.62109375,7935.546875,-6313.96484375,-5946.2890625,-12689.94140625,0
13.625,-5058.10546875,6971.6796875,4886.23046875,-1018.06640625,0
13.62890625,15871.09375,15308.10546875,14354.98046875,15644.04296875,0
13.6328125,13062.5,-10939.94140625,5180.17578125,-8314.94140625,0
13.63671875,-15049.8046875,-7037.109375,2889.16015625,-11023.92578125,0
13.640625,15800.78125,15597.16796875,14308.10546875,15769.04296875,0
13.64453125,12063.96484375,-687.5,2930.17578125,-1938.4765625,0
13.6484375,-1047.36328125,-1017.08984375,-13116.2109375,-7026.3671875,0
13.65234375,15269.53125,15347.16796875,14175.29296875,15440.91796875,0
13.65625,7814.94140625,-11316.89453125,303.7109375,-7564.453125,0
13.66015625,-13034.66796875,4924.8046875,4872.0703125,6972.16796875,0
13.6640625,15558.59375,14979.98046875,14487.79296875,15644.04296875,0
13.66796875,8190.91796875,-15941.89453125,1678.22265625,-4563.96484375,0
13.671875,2989.2578125,-7082.03125,2874.0234375,10975.09765625,0
13.67578125,15261.23046875,14839.35546875,14011.23046875,15597.16796875,0
13.6796875,-185.546875,-13191.89453125,1804.6875,-6814.94140625,0
13.68359375,-12995.60546875,-3081.0546875,-9108.3984375,-7033.69140625,0
13.6875,15722.65625,14886.23046875,14448.73046875,15651.85546875,0
13.69140625,2190.91796875,15933.10546875,4805.6640625,-4313.4765625,0
13.6953125,1048.828125,922.8515625,12905.76171875,4988.28125,0
13.69921875,15581.54296875,14597.16796875,14604.98046875,15698.73046875,0
13.703125,-6309.08203125,5931.640625,2553.7109375,-3812.98828125,0
13.70703125,3063.96484375,10922.8515625,2860.3515625,4974.12109375,0
13.7109375,15534.66796875,15081.54296875,14144.04296875,15526.85546875,0
13.71484375,-10436.5234375,-10315.91796875,7305.6640625,-4313.4765625,0
13.71875,15063.4765625,10940.4296875,-11104.4921875,4982.91015625,0
13.72265625,-15535.64453125,14878.41796875,14526.85546875,15753.90625,0
13.7265625,-4187.5,11433.59375,8931.640625,1062.98828125,0
13.73046875,-8938.4765625,-3049.8046875,4895.01953125,14992.1875,0
13.734375,-15605.95703125,15019.04296875,14347.16796875,15722.16796875,0
13.73828125,-10064.453125,-13941.40625,6805.17578125,-1813.96484375,0
13.7421875,-14971.6796875,-13058.10546875,8876.953125,-3034.66796875,0
13.74609375,-15730.95703125,15019.04296875,14315.91796875,15323.73046875,0
13.75,-12939.94140625,15183.10546875,7682.12890625,-7063.4765625,0
13.75390625,7034.66796875,-1061.03515625,916.015625,-9006.8359375,0
13.7578125,-15027.83203125,14979.98046875,14323.73046875,15909.66796875,0
13.76171875,-4189.94140625,10932.12890625,2055.6640625,-2188.4765625,0
13.765625,9026.85546875,-1058.10546875,-9099.609375,-7001.953125,0
13.76953125,-14886.71875,14753.41796875,14198.73046875,15933.10546875,0
13.7734375,2434.5703125,7057.12890625,5931.640625,-1188.4765625,0
13.77734375,-13010.25390625,-9060.05859375,-3083.49609375,10988.28125,0
13.78125,-15324.21875,15019.04296875,14370.1171875,15979.98046875,0
13.78515625,4560.546875,14682.6171875,-694.3359375,-2312.98828125,0
13.7890625,984.375,-5092.28515625,8895.01953125,10993.65234375,0
13.79296875,-15441.40625,14667.48046875,14378.41796875,15722.16796875,0
13.796875,10936.03515625,-13941.89453125,6680.17578125,-3313.4765625,0
13.80078125,-5022.4609375,4910.15625,-9113.28125,-9010.25390625,0
13.8046875,-15675.78125,14792.48046875,14222.16796875,15878.41796875,0
13.80859375,-15311.5234375,-13940.91796875,4055.17578125,-3687.98828125,0
13.8125,10953.61328125,12931.640625,-13133.7890625,-13001.953125,0
13.81640625,15597.65625,14714.35546875,14019.04296875,15745.60546875,0
13.8203125,12188.4765625,-15440.91796875,12306.640625,-812.5,0
13.82421875,-7046.875,-15049.31640625,-11117.1875,981.4453125,0
13.828125,15480.46875,15167.48046875,14229.98046875,15526.85546875,0
13.83203125,10688.96484375,15557.6171875,3678.7109375,-4438.96484375,0
13.8359375,-15055.17578125,6916.50390625,-13128.90625,10965.33203125,0
13.83984375,15378.90625,14667.48046875,14058.10546875,15683.10546875,0
13.84375,7814.94140625,12433.10546875,54.6875,-3189.453125,0
13.84765625,-11021.484375,-7077.63671875,-13128.90625,-15018.5546875,0
13.8515625,15441.40625,14394.04296875,13768.5546875,-15957.51953125,0
13.85546875,3190.91796875,11059.08203125,-1321.77734375,-1563.4765625,0
13.859375,-6997.0703125,-15053.22265625,-15150.87890625,-5003.90625,0
13.86328125,15253.41796875,14815.91796875,13815.4296875,15792.48046875,0
13.8671875,-4435.546875,11432.6171875,-7197.75390625,-5939.94140625,0
13.87109375,-14978.515625,8914.0625,10849.609375,8961.9140625,0
13.875,15394.04296875,14386.23046875,13831.0546875,15448.73046875,0
13.87890625,-9811.03515625,7557.12890625,-2821.2890625,-12315.91796875,0
13.8828125,-942.87109375,-9088.37890625,2864.2578125,-3028.3203125,0
13.88671875,15651.85546875,14651.85546875,13823.2421875,15722.16796875,0
13.890625,-11187.5,9805.6640625,-6072.75390625,-8190.4296875,0
13.89453125,9026.85546875,-5083.0078125,12846.6796875,-11044.921875,0
13.8984375,15558.10546875,14479.98046875,13596.6796875,15409.66796875,0
13.90234375,-13562.5,3806.640625,-9571.77734375,-6814.453125,0
13.90625,1039.0625,-5086.9140625,-11141.6015625,4957.51953125,0
13.91015625,15737.79296875,14612.79296875,13768.5546875,15284.66796875,0
13.9140625,-15814.453125,14182.6171875,-2196.2890625,-7063.4765625,0
13.91796875,-4973.6328125,-11091.796875,-1138.671875,4968.75,0
13.921875,-15824.70703125,14589.35546875,13979.98046875,15362.79296875,0
13.92578125,-8564.453125,13433.10546875,2553.7109375,-4188.4765625,0
13.9296875,-2968.75,941.89453125,-3129.8828125,2974.609375,0
13.93359375,-15535.64453125,15284.66796875,13682.6171875,15401.85546875,0
13.9375,-3688.4765625,-7939.94140625,-4570.80078125,-1187.01171875,0
13.94140625,14999.0234375,-3075.68359375,4868.65234375,-3025.87890625,0
13.9453125,-15449.70703125,14753.41796875,14300.29296875,15417.48046875,0
13.94921875,-2940.91796875,15182.6171875,1429.19921875,-5438.4765625,0
13.953125,8992.1875,-15062.98828125,8878.41796875,8981.93359375,0
13.95703125,-15246.09375,15214.35546875,14034.1796875,15511.23046875,0
13.9609375,1808.59375,-15442.87109375,-821.2890625,-5063.4765625,0
13.96484375,-11027.34375,2901.85546875,-13117.1875,10982.421875,0
13.96875,-15308.59375,14651.85546875,14245.1171875,15675.29296875,0
13.97265625,5935.05859375,12682.12890625,-694.82421875,-8563.96484375,0
13.9765625,-15034.66796875,12914.55078125,886.71875,-7012.6953125,0
13.98046875,-15878.90625,14511.23046875,13979.4921875,15394.04296875,0
13.984375,10061.03515625,8557.12890625,-2320.80078125,-7813.96484375,0
13.98828125,-15043.9453125,-7086.42578125,2865.72265625,-7021.97265625,0
13.9921875,15808.59375,14425.29296875,13713.8671875,15519.04296875,0
13.99609375,6436.03515625,6555.6640625,-3197.265625,-8064.94140625,0
14.0,6934.08203125,-15111.328125,8851.07421875,-15031.73828125,0
14.00390625,15519.53125,14456.54296875,14112.3046875,15769.04296875,0
14.0078125,6937.5,6304.6875,-695.80078125,-3689.453125,0
14.01171875,6955.56640625,8892.08984375,8884.27734375,-13029.78515625,0
14.015625,15582.03125,14417.48046875,14026.3671875,15511.23046875,0
14.01953125,5562.5,10058.10546875,-3197.265625,-10941.40625,0
14.0234375,-7043.45703125,-13064.453125,-13111.328125,6957.51953125,0
14.02734375,15371.09375,14690.91796875,14463.8671875,15479.98046875,0
14.03125,188.96484375,7307.12890625,-2572.265625,-12941.40625,0
14.03515625,-3017.578125,934.08203125,14877.44140625,-15040.52734375,0
14.0390625,15378.41796875,14862.79296875,14385.7421875,15565.91796875,0
14.04296875,-1559.5703125,8682.12890625,-1195.80078125,-9189.94140625,0
14.046875,1008.7890625,-11073.2421875,10889.16015625,-1017.578125,0
14.05078125,15496.09375,14683.10546875,14088.8671875,15886.23046875,0
14.0546875,314.453125,9181.640625,-945.3125,-1064.453125,0
14.05859375,6987.79296875,14916.50390625,10861.328125,10957.51953125,0
14.0625,14909.66796875,14784.66796875,13698.73046875,15573.73046875,0
14.06640625,-10936.5234375,11807.6171875,428.7109375,-7064.94140625,0
14.0703125,-8976.5625,6921.38671875,-15124.0234375,-9028.80859375,0
14.07421875,15284.66796875,14612.79296875,14206.54296875,15628.41796875,0
14.078125,-11811.03515625,8932.12890625,55.17578125,-5813.4765625,0
14.08203125,-14935.546875,8940.4296875,-9124.51171875,2986.81640625,0
14.0859375,15925.29296875,15003.41796875,13385.7421875,15847.16796875,0
14.08984375,-6812.01171875,13058.59375,-8197.75390625,-2314.453125,0
14.09375,13054.6875,4944.3359375,2794.921875,-9018.5546875,0
14.09765625,-15793.45703125,15089.35546875,12784.1796875,15862.79296875,0
14.1015625,-12063.96484375,-14941.89453125,8172.36328125,-2062.5,0
14.10546875,-2948.2421875,-15067.87109375,-7249.51171875,-11000.0,0
14.109375,-15559.08203125,15136.23046875,11893.5546875,15839.84375,0
14.11328125,-8563.4765625,-13566.89453125,921.875,562.5,0
14.1171875,-14962.40234375,2934.5703125,-9234.86328125,6985.3515625,0
14.12109375,-15137.20703125,15050.29296875,12033.69140625,15870.60546875,0
14.125,-1688.96484375,12058.10546875,-451.171875,-1437.98828125,0
14.12890625,-2963.37890625,8939.94140625,2774.4140625,13000.48828125,0
14.1328125,-15066.89453125,14706.54296875,12065.4296875,15722.16796875,0
14.13671875,-940.4296875,12432.6171875,6424.8046875,-7814.453125,0
14.140625,13003.90625,-1074.70703125,4818.84765625,-7016.11328125,0
14.14453125,-15082.03125,14901.85546875,13221.6796875,15769.04296875,0
14.1484375,5685.546875,-14690.91796875,-9822.265625,-2312.5,0
14.15234375,-13012.20703125,12952.1484375,-13143.06640625,-2986.81640625,0
14.15625,-15121.09375,15073.73046875,13901.85546875,15933.10546875,0
14.16015625,13186.03515625,-13316.40625,1555.17578125,-4437.98828125,0
14.1640625,-7004.8828125,-11051.26953125,-13108.88671875,13011.71875,0
14.16796875,-15246.09375,15597.16796875,14175.29296875,15909.66796875,0
14.171875,14311.5234375,-9940.4296875,680.6640625,-4562.98828125,0
14.17578125,-3029.78515625,4938.96484375,-5094.7265625,14986.81640625,0
14.1796875,-15667.96875,14839.35546875,14456.54296875,15722.16796875,0
14.18359375,15188.4765625,-15065.91796875,10558.10546875,-4688.4765625,0
14.1875,975.09765625,4948.2421875,2928.7109375,-9000.0,0
14.19140625,15949.21875,15167.48046875,14894.04296875,15940.91796875,0
14.1953125,14438.4765625,-13315.4296875,14182.12890625,-2188.4765625,0
14.19921875,8949.70703125,14950.1953125,-5067.3828125,-13012.20703125,0
14.203125,15589.84375,15034.66796875,15394.04296875,15667.48046875,0
14.20703125,11064.453125,-12315.4296875,-15692.87109375,-6939.453125,0
14.2109375,-1031.25,-7046.38671875,8945.80078125,-15021.484375,0
14.21484375,15816.40625,15190.91796875,15269.04296875,15901.85546875,0
14.21875,11316.40625,-14440.4296875,-13691.40625,-2938.4765625,0
14.22265625,-12995.60546875,-11038.57421875,-5055.17578125,-6997.0703125,0
14.2265625,15550.78125,15237.79296875,15144.04296875,15894.04296875,0
14.23046875,2939.94140625,-11691.40625,14558.10546875,-3439.453125,0
14.234375,11006.8359375,-1052.24609375,-5041.50390625,-7018.06640625,0
14.23828125,15464.35546875,15456.54296875,15394.04296875,15839.35546875,0
14.2421875,-1308.59375,-12189.94140625,-13690.91796875,-1062.01171875,0
14.24609375,-962.890625,-15014.6484375,-13044.43359375,-6989.74609375,0
14.25,15589.84375,15612.79296875,14886.23046875,-15800.78125,0
14.25390625,2690.4296875,-7314.453125,14684.5703125,7437.98828125,0
14.2578125,15037.59765625,8975.5859375,954.58984375,-15016.6015625,0
14.26171875,15753.41796875,15667.48046875,15479.98046875,15816.40625,0
14.265625,-5186.03515625,-4313.96484375,-8815.4296875,937.01171875,0
14.26953125,-12926.7578125,-9023.92578125,974.12109375,-12997.0703125,0
14.2734375,-15895.01953125,15628.41796875,15612.79296875,-15839.84375,0
14.27734375,-6936.03515625,-3562.98828125,-6688.96484375,2312.98828125,0
14.28125,-6916.9921875,-6988.76953125,10977.05078125,13013.671875,0
14.28515625,-15175.78125,-15621.09375,15745.60546875,-15441.40625,0
14.2890625,6065.91796875,9438.4765625,-2938.96484375,13189.94140625,0
14.29296875,15106.93359375,-14993.65234375,12980.46875,-2970.21484375,0
14.296875,-14769.53125,-15559.08203125,15917.96875,-15628.90625,0
14.30078125,4939.453125,-1812.98828125,437.01171875,12565.4296875,0
14.3046875,13077.1484375,-2951.171875,-5015.13671875,11027.83203125,0
14.30859375,-14918.45703125,-15425.78125,15659.66796875,-15785.15625,0
14.3125,-3938.96484375,3062.98828125,-5688.96484375,2812.98828125,0
14.31640625,-10952.1484375,9000.48828125,6973.6328125,-10986.328125,0
14.3203125,-14417.96875,15847.65625,15503.41796875,-15621.09375,0
14.32421875,13062.5,687.98828125,-7565.91796875,8063.96484375,0
14.328125,-14969.23828125,-10986.328125,-11047.8515625,11016.6015625,0
14.33203125,-14699.21875,-15714.84375,15472.16796875,-15683.59375,0
14.3359375,11061.5234375,4812.98828125,-12314.453125,8688.4765625,0
14.33984375,1003.90625,-6995.60546875,6987.3046875,-2989.74609375,0
14.34375,-14933.59375,15886.71875,15565.91796875,-15722.65625,0
14.34765625,-12312.01171875,3563.96484375,-4938.4765625,6438.4765625,0
14.3515625,-9007.32421875,-10994.62890625,8971.6796875,-979.4921875,0
14.35546875,-15292.96875,15878.90625,15269.04296875,-15667.96875,0
14.359375,-14312.01171875,1187.01171875,-11438.96484375,3437.98828125,0
14.36328125,-13003.41796875,10987.3046875,2970.703125,-12989.2578125,0
14.3671875,-15433.59375,15847.16796875,15175.29296875,-15917.96875,0
14.37109375,-14437.01171875,-1687.01171875,-15316.40625,62.01171875,0
14.375,4969.7265625,-8998.046875,6943.359375,15005.37109375,0
14.37890625,-15816.40625,15862.79296875,15167.48046875,-15863.76953125,0
14.3828125,15813.4765625,-4940.91796875,-11190.4296875,-812.98828125,0
14.38671875,-1029.296875,-11032.2265625,6965.33203125,7006.34765625,0
14.390625,15894.53125,15909.66796875,15456.54296875,-15941.89453125,0
14.39453125,12440.4296875,-1812.98828125,-13316.40625,-1562.98828125,0
14.3984375,10972.16796875,15008.30078125,-5051.7578125,10994.140625,0
14.40234375,15683.59375,15901.85546875,15198.73046875,-15902.34375,0
14.40625,14941.89453125,-3562.98828125,-11817.3828125,2562.01171875,0
14.41015625,-12992.1875,10981.4453125,-5083.984375,-6993.65234375,0
14.4140625,15722.65625,15683.10546875,15183.10546875,-15769.53125,0
14.41796875,5066.40625,-2813.4765625,-9689.94140625,1062.01171875,0
14.421875,-12975.09765625,-13001.46484375,955.56640625,7007.8125,0
14.42578125,15816.40625,-15934.08203125,15308.10546875,-15613.28125,0
14.4296875,2565.91796875,-688.96484375,-12941.89453125,5687.5,0
14.43359375,11048.828125,8974.609375,2917.48046875,-6999.51171875,0
14.4375,15957.03125,15933.10546875,14956.54296875,-15753.90625,0
14.44140625,941.40625,-1687.98828125,-10440.4296875,2187.5,0
14.4453125,5068.84765625,4989.74609375,-15060.546875,4993.1640625,0
14.44921875,15792.48046875,15433.10546875,14612.79296875,15847.65625,0
14.453125,-6935.546875,-9688.96484375,-15065.4296875,62.5,0
14.45703125,13066.89453125,4973.14453125,-11081.54296875,-13002.44140625,0
14.4609375,-15871.58203125,15628.41796875,14729.98046875,-15964.84375,0
14.46484375,-6687.5,-7440.91796875,-12315.91796875,1937.01171875,0
14.46875,-939.453125,-13031.73828125,-15072.75390625,14989.2578125,0
14.47265625,-15590.33203125,15667.48046875,14894.04296875,15792.48046875,0
14.4765625,-6687.5,-4314.453125,15431.640625,-686.5234375,0
14.48046875,-12937.01171875,-5035.64453125,-5088.8671875,3002.44140625,0
14.484375,-15246.58203125,15620.60546875,14940.91796875,15894.53125,0
14.48828125,-4688.96484375,-6189.453125,-12565.4296875,3312.98828125,0
14.4921875,-14961.9140625,12978.02734375,8947.265625,7002.44140625,0
14.49609375,-15113.76953125,15542.48046875,14948.73046875,-15934.08203125,0
14.5,-3189.453125,-9564.94140625,14307.6171875,-312.01171875,0
14.50390625,3022.4609375,-7023.92578125,-15094.7265625,5018.5546875,0
14.5078125,-14910.64453125,15667.48046875,14487.79296875,15979.98046875,0
14.51171875,-815.91796875,-7815.4296875,6055.17578125,-2813.4765625,0
14.515625,7006.8359375,12977.5390625,8871.09375,-7011.23046875,0
14.51953125,-14832.03125,15620.60546875,13096.6796875,15870.60546875,0
14.5234375,5809.5703125,-10064.453125,-15197.75390625,-1438.4765625,0
14.52734375,6971.19140625,-5011.23046875,-5173.828125,-3009.765625,0
14.53125,-15425.78125,15933.10546875,12995.1171875,15854.98046875,0
14.53515625,9310.546875,-6815.4296875,13299.8046875,-2312.98828125,0
14.5390625,14971.19140625,4945.80078125,4806.640625,-7010.7421875,0
14.54296875,-15589.84375,15315.91796875,13096.6796875,15737.79296875,0
14.546875,14311.5234375,-3688.4765625,-13824.70703125,-187.5,0
14.55078125,-13036.1328125,-13016.11328125,-13168.9453125,4985.3515625,0
14.5546875,-15847.65625,15597.16796875,13791.9921875,15800.29296875,0
14.55859375,14436.5234375,-9440.91796875,-10947.265625,-5189.94140625,0
14.5625,14930.6640625,941.40625,-3106.93359375,14968.26171875,0
14.56640625,15722.65625,15292.48046875,14401.85546875,15753.41796875,0
14.5703125,9437.98828125,-8690.4296875,3179.19921875,-3063.96484375,0
14.57421875,6968.75,-13045.8984375,-11101.07421875,4980.46875,0
14.578125,15746.09375,15534.66796875,14542.48046875,15761.23046875,0
14.58203125,9064.453125,-7939.94140625,8682.12890625,-4188.96484375,0
14.5859375,2962.40234375,-9010.25390625,-13067.3828125,4982.421875,0
14.58984375,15394.53125,15823.73046875,14964.35546875,15831.54296875,0
14.59375,2440.4296875,-7814.453125,8432.12890625,-4313.96484375,0
14.59765625,-12989.2578125,-11030.2734375,-1047.8515625,14995.1171875,0
14.6015625,15730.46875,15151.85546875,15097.16796875,-15816.40625,0
14.60546875,6190.91796875,-11063.4765625,14933.59375,1811.5234375,0
14.609375,-8985.3515625,12998.53515625,6945.3125,12982.91015625,0
14.61328125,15535.15625,15862.79296875,15042.48046875,15917.48046875,0
14.6171875,690.4296875,-4438.96484375,-12190.4296875,-63.4765625,0
14.62109375,9018.06640625,-3018.5546875,-9045.8984375,10974.12109375,0
14.625,15394.04296875,15495.60546875,15128.41796875,15949.21875,0
14.62890625,-6436.03515625,-5312.5,12058.59375,560.546875,0
14.6328125,-4969.7265625,-5010.25390625,-1037.59765625,-1033.69140625,0
14.63671875,15519.04296875,15659.66796875,15487.79296875,15777.34375,0
14.640625,-4935.546875,-10189.94140625,-7065.91796875,1187.5,0
14.64453125,7062.01171875,6997.55859375,-13066.40625,8993.1640625,0
14.6484375,-15949.70703125,15933.10546875,15112.79296875,-15964.84375,0
14.65234375,-6312.01171875,-4688.4765625,-11440.91796875,3062.5,0
14.65625,-6942.3828125,-1003.90625,10926.7578125,11002.44140625,0
14.66015625,-15676.26953125,-15996.09375,14987.79296875,-15917.96875,0
14.6640625,-5937.01171875,937.01171875,-11689.453125,312.98828125,0
14.66796875,13054.6875,-13004.8828125,-11017.578125,9006.34765625,0
14.671875,-15418.45703125,15784.66796875,15229.98046875,15964.84375,0
14.67578125,-5063.4765625,-12564.94140625,-14815.91796875,1812.5,0
14.6796875,1029.78515625,10995.60546875,10916.015625,2991.2109375,0
14.68359375,-15426.26953125,15917.48046875,14019.04296875,15910.15625,0
14.6875,-5189.453125,-687.5,3555.17578125,937.5,0
14.69140625,11009.765625,994.62890625,12845.703125,-9006.8359375,0
14.6953125,-14972.65625,15870.60546875,13127.9296875,15894.04296875,0
14.69921875,7062.01171875,-4189.453125,-15950.1953125,-562.5,0
14.703125,7036.62109375,-5010.7421875,-9204.1015625,-14999.51171875,0
14.70703125,-14839.84375,15808.10546875,12807.6171875,15941.40625,0
14.7109375,5685.05859375,-4562.98828125,-14323.73046875,437.01171875,0
14.71484375,-7010.25390625,6991.69921875,799.31640625,-14994.140625,0
14.71875,-15339.84375,15378.41796875,12682.6171875,-15918.45703125,0
14.72265625,3434.5703125,-10687.98828125,-15448.2421875,-4312.98828125,0
14.7265625,-11018.5546875,-6979.4921875,4848.14453125,13010.7421875,0
14.73046875,-15324.21875,-15801.26953125,14026.3671875,-15801.26953125,0
14.734375,14561.5234375,-3563.96484375,-1320.80078125,-1313.4765625,0
14.73828125,-15020.99609375,4991.69921875,-7113.76953125,11002.9296875,0
14.7421875,-15839.84375,15878.41796875,14519.04296875,15995.60546875,0
14.74609375,8437.01171875,-2937.98828125,10932.12890625,-4063.4765625,0
14.75,8955.56640625,4978.515625,-13062.5,10991.2109375,0
14.75390625,15800.78125,15886.71875,15558.10546875,15800.29296875,0
14.7578125,11438.4765625,5813.4765625,-4064.453125,-3563.4765625,0
14.76171875,6952.1484375,7008.30078125,-1032.71484375,2981.93359375,0
14.765625,15605.46875,15949.21875,15394.04296875,15737.79296875,0
14.76953125,14316.89453125,2813.96484375,-4063.4765625,-1187.5,0
14.7734375,2982.91015625,-5000.48828125,-1005.37109375,3002.9296875,0
14.77734375,15402.34375,15729.98046875,15995.60546875,-15980.95703125,0
14.78125,4315.91796875,-3187.5,-5190.4296875,-1187.5,0
14.78515625,7012.6953125,9020.99609375,10984.86328125,-12976.5625,0
14.7890625,15738.28125,-15878.90625,-15761.71875,-15808.59375,0
14.79296875,5190.91796875,62.5,187.01171875,436.5234375,0
14.796875,-10997.55859375,10993.1640625,6970.21484375,-1024.4140625,0
14.80078125,15097.16796875,-15934.08203125,15534.66796875,15667.48046875,0
14.8046875,-8685.546875,-1189.94140625,-938.4765625,-5688.96484375,0
14.80859375,-14960.9375,6967.7734375,-3025.87890625,6990.72265625,0
14.8125,15519.04296875,-15917.96875,15698.73046875,15925.29296875,0
14.81640625,-6685.546875,2437.01171875,-3314.94140625,-687.98828125,0
14.8203125,13036.62109375,11004.39453125,6974.609375,14976.07421875,0
14.82421875,15519.04296875,-15996.58203125,15870.60546875,15659.66796875,0
14.828125,-10437.98828125,-2938.4765625,-7315.4296875,-4189.453125,0
14.83203125,-8976.07421875,986.328125,-1045.8984375,-3027.34375,0
14.8359375,15479.98046875,15722.16796875,15222.16796875,15785.15625,0
14.83984375,-15439.453125,-4438.96484375,-7064.453125,1311.5234375,0
14.84375,-981.93359375,-3037.109375,14958.0078125,-3032.71484375,0
14.84765625,15847.16796875,15566.40625,15565.91796875,15370.60546875,0
14.8515625,-15940.91796875,186.5234375,-8815.91796875,-4938.4765625,0
14.85546875,-4995.60546875,968.75,949.21875,2964.84375,0
14.859375,15972.16796875,15589.35546875,14870.60546875,15519.04296875,0
14.86328125,15183.59375,-8814.453125,8307.12890625,-7689.94140625,0
14.8671875,10997.55859375,4963.8671875,12910.64453125,12965.33203125,0
14.87109375,-15590.33203125,15534.66796875,14644.04296875,15440.91796875,0
14.875,-8190.91796875,-4564.94140625,15807.6171875,-5939.453125,0
14.87890625,-9015.625,-13039.0625,-1088.8671875,14944.82421875,0
14.8828125,-15855.95703125,15495.60546875,14503.41796875,15112.79296875,0
14.88671875,-7565.91796875,-7939.94140625,6680.6640625,-10189.94140625,0
14.890625,8976.07421875,962.40234375,-3104.98046875,6955.56640625,0
14.89453125,-15590.33203125,15581.54296875,14472.16796875,15276.85546875,0
14.8984375,-5443.359375,-3688.96484375,-12315.91796875,-11940.91796875,0
14.90234375,-13059.08203125,-1018.5546875,-1058.10546875,4959.9609375,0
14.90625,-15902.34375,15729.98046875,15065.91796875,15386.23046875,0
14.91015625,3559.08203125,-6063.96484375,15935.05859375,-11564.453125,0
14.9140625,-11065.91796875,12974.609375,4967.7734375,-9025.87890625,0
14.91796875,15832.03125,15558.10546875,15183.10546875,15612.79296875,0
14.921875,5561.03515625,-5813.96484375,-12564.453125,-4813.4765625,0
14.92578125,-1028.3203125,10982.91015625,10976.07421875,3001.953125,0
14.9296875,15910.15625,15675.29296875,15253.41796875,-15902.83203125,0
14.93359375,8436.5234375,-4437.98828125,-12564.94140625,-4939.453125,0
14.9375,-15062.5,9000.0,-9042.48046875,8980.46875,0
14.94140625,15714.84375,-15895.01953125,15604.98046875,15729.98046875,0
14.9453125,12813.4765625,-62.5,-4563.96484375,-3438.4765625,0
14.94921875,-1022.4609375,9015.13671875,-4997.55859375,13009.765625,0
14.953125,-15964.84375,-15910.64453125,-15934.08203125,-15738.28125,0
14.95703125,11314.453125,-2563.96484375,-4939.453125,312.01171875,0
14.9609375,-13032.71484375,-7009.765625,988.28125,10982.421875,0
14.96484375,15511.71875,-15980.95703125,-15996.58203125,15987.79296875,0
14.96875,4314.94140625,-1438.96484375,-4940.4296875,-2564.453125,0
14.97265625,-2998.53515625,6967.7734375,14979.98046875,2988.76953125,0
14.9765625,15535.15625,15675.29296875,15776.85546875,15995.60546875,0
14.98046875,1440.91796875,-4564.453125,-7938.96484375,-438.4765625,0
14.984375,-6981.93359375,-7020.01953125,8995.60546875,-3014.6484375,0
14.98828125,15495.60546875,15479.98046875,15823.73046875,15644.04296875,0
14.9921875,-1185.05859375,-13440.4296875,-7688.96484375,-7313.96484375,0
14.99609375,13030.2734375,-7035.64453125,-11014.16015625,10992.67578125,0
15.0,15417.48046875,15456.54296875,15815.91796875,15800.29296875,0
15.00390625,-2809.5703125,-6439.453125,-8441.40625,-4437.98828125,0
15.0078125,-14966.30859375,-5014.6484375,2979.98046875,-13015.625,0
15.01171875,15425.29296875,15854.98046875,-15926.26953125,15675.29296875,0
15.015625,-11687.98828125,-5440.91796875,-3565.4296875,-2688.96484375,0
15.01953125,-12964.35546875,-3051.7578125,-11047.8515625,10964.84375,0
15.0234375,15854.98046875,15659.66796875,15550.29296875,15526.85546875,0
15.02734375,-8437.5,-7689.453125,-5315.4296875,-5313.96484375,0
15.03125,-8943.359375,4976.07421875,-5046.38671875,4973.14453125,0
15.03515625,-15480.95703125,15675.29296875,15722.16796875,15698.73046875,0
15.0390625,-9314.453125,-3813.96484375,-939.453125,-4063.96484375,0
15.04296875,9036.1328125,-11018.5546875,6945.3125,-15021.97265625,0
15.046875,-15520.01953125,15542.48046875,15448.73046875,15597.16796875,0
15.05078125,-9689.94140625,-6438.96484375,-6066.40625,-6314.453125,0
15.0546875,11016.6015625,-1018.06640625,8936.03515625,-5024.90234375,0
15.05859375,-15379.39453125,15612.79296875,15151.85546875,15636.23046875,0
15.0625,-4689.94140625,-11815.91796875,-15690.4296875,-5063.4765625,0
15.06640625,-7003.90625,-9022.94921875,2959.47265625,-15013.671875,0
15.0703125,-15520.01953125,15737.79296875,15190.91796875,15503.41796875,0
15.07421875,-3816.89453125,-8815.4296875,15057.12890625,-9314.453125,0
15.078125,-5026.85546875,8959.47265625,-5073.73046875,-13018.06640625,0
15.08203125,-15613.28125,15448.73046875,14995.60546875,15534.66796875,0
15.0859375,2935.05859375,-10689.94140625,-11314.94140625,-4687.98828125,0
15.08984375,6966.30859375,14981.4453125,-1054.19921875,975.09765625,0
15.09375,-15691.40625,15690.91796875,15011.23046875,15542.48046875,0
15.09765625,4059.5703125,-5689.453125,-15941.89453125,-7438.96484375,0
15.1015625,-1035.15625,8955.56640625,2927.734375,-5020.99609375,0
15.10546875,-15839.84375,15269.04296875,14722.16796875,15378.41796875,0
15.109375,9436.03515625,-8439.453125,9433.59375,-7438.96484375,0
15.11328125,947.265625,2960.9375,6946.2890625,-15025.390625,0
15.1171875,-15871.09375,15519.04296875,14784.66796875,15636.23046875,0
15.12109375,15187.98828125,-5939.453125,7055.6640625,-4688.96484375,0
15.125,-5031.25,-5020.01953125,-3106.93359375,-15015.13671875,0
15.12890625,15714.84375,15815.91796875,14065.4296875,15745.60546875,0
15.1328125,8687.98828125,-5189.94140625,-820.80078125,-4063.96484375,0
15.13671875,-9054.19921875,-3024.4140625,10864.74609375,-15020.5078125,0
15.140625,15292.96875,15214.35546875,13674.8046875,15690.91796875,0
15.14453125,3188.96484375,-14939.453125,-6197.75390625,-6689.453125,0
15.1484375,4974.12109375,4970.703125,2808.10546875,12977.05078125,0
15.15234375,15324.21875,15519.04296875,12745.1171875,15597.16796875,0
15.15625,815.4296875,-3187.98828125,14675.29296875,-6438.96484375,0
15.16015625,-9011.23046875,-7023.4375,-11208.49609375,12976.5625,0
15.1640625,15089.35546875,15362.79296875,12362.3046875,15620.60546875,0
15.16796875,-2434.5703125,-10564.94140625,2046.875,-5313.96484375,0
15.171875,2997.0703125,-1027.83203125,4762.6953125,12978.02734375,0
15.17578125,15167.48046875,15394.04296875,12416.9921875,15823.73046875,0
15.1796875,-3934.5703125,-9563.96484375,9175.29296875,-63.4765625,0
15.18359375,1037.59765625,975.09765625,-15173.33984375,14983.3984375,0
15.1875,15573.73046875,15604.98046875,13666.9921875,15933.10546875,0
15.19140625,-6810.546875,-6314.94140625,-1696.2890625,-3439.453125,0
15.1953125,9053.7109375,-15012.20703125,14891.6015625,12989.2578125,0
15.19921875,15487.79296875,15659.66796875,14276.85546875,15808.10546875,0
15.203125,-9686.5234375,-7688.4765625,1055.6640625,-4687.5,1
15.20703125,11041.9921875,-9033.203125,-15081.0546875,6989.2578125,1
15.2109375,15753.41796875,15433.10546875,14956.54296875,15651.85546875,1
15.21484375,14310.546875,-6563.96484375,-14066.40625,-6689.94140625,1
15.21875,7044.921875,8979.4921875,-9079.58984375,-15024.90234375,1
15.22265625,-15738.76953125,15542.48046875,14878.41796875,15753.41796875,1
15.2265625,-9688.96484375,-6314.94140625,-8063.4765625,-1187.98828125,1
15.23046875,5033.69140625,-3046.875,-1000.9765625,-11011.71875,1
15.234375,-15371.58203125,15417.48046875,15604.98046875,15690.91796875,1
15.23828125,-8940.4296875,-7939.453125,-13065.4296875,-5688.96484375,1
15.2421875,5012.6953125,4964.84375,-1028.3203125,2980.46875,1
15.24609375,-15457.51953125,15276.85546875,15651.85546875,15550.29296875,1
15.25,-7565.91796875,-10064.94140625,-812.98828125,-9564.453125,1
15.25390625,-4999.51171875,-7023.92578125,961.9140625,2970.21484375,1
15.2578125,-15207.51953125,15503.41796875,15229.98046875,15425.29296875,1
15.26171875,-440.91796875,-10315.91796875,-10564.94140625,-7689.453125,1
15.265625,-3019.04296875,-13045.8984375,-11030.76171875,-7033.69140625,1
15.26953125,-15363.28125,15683.10546875,15269.04296875,15378.41796875,1
15.2734375,5185.05859375,-7189.94140625,-13940.91796875,-8438.96484375,1
15.27734375,4978.515625,2974.12109375,-1038.57421875,4989.2578125,1
15.28125,-15441.40625,15636.23046875,15495.60546875,15823.73046875,1
15.28515625,10936.03515625,-8564.94140625,-9565.4296875,-6563.96484375,1
15.2890625,14975.5859375,-11023.4375,-7035.15625,-9005.859375,1
15.29296875,-15628.90625,15651.85546875,15433.10546875,15901.85546875,1
15.296875,8686.03515625,-7689.94140625,-8814.453125,-5438.4765625,1
15.30078125,8960.44921875,-5029.78515625,4962.890625,994.140625,1
15.3046875,-15707.03125,15667.48046875,15433.10546875,15972.16796875,1
15.30859375,-14187.01171875,-5813.96484375,-6063.96484375,-938.96484375,1
15.3125,8962.40234375,12976.5625,976.5625,-9013.18359375,1
15.31640625,15691.40625,15706.54296875,15472.16796875,15683.10546875,1
15.3203125,7437.98828125,-1690.4296875,-11565.91796875,-7189.453125,1
15.32421875,-13036.62109375,-9053.22265625,-1043.9453125,10979.00390625,1
15.328125,-15949.21875,15604.98046875,15159.66796875,15987.79296875,1
15.33203125,12814.94140625,-4188.96484375,-10314.453125,-4064.453125,1
15.3359375,-7018.5546875,967.7734375,6963.37890625,-11015.13671875,1
15.33984375,15417.96875,15308.10546875,15526.85546875,15628.41796875,1
15.34375,814.94140625,-8438.96484375,-5063.96484375,-9314.453125,1
15.34765625,2985.3515625,4982.421875,-13029.78515625,10975.5859375,1
15.3515625,15128.41796875,15933.10546875,15479.98046875,15479.98046875,1
15.35546875,-560.05859375,-188.96484375,-3939.453125,-5688.96484375,1
15.359375,14984.375,-5033.69140625,-13040.0390625,4961.9140625,1
15.36328125,14972.16796875,15550.29296875,15573.73046875,15495.60546875,1
15.3671875,-9811.5234375,-11190.91796875,-13690.4296875,-6814.94140625,1
15.37109375,7004.39453125,-1027.83203125,4989.74609375,8952.1484375,1
15.375,15300.29296875,15589.35546875,15714.35546875,15597.16796875,1
15.37890625,-6811.5234375,-8690.4296875,-5939.94140625,-3314.453125,1
15.3828125,-4967.28515625,-1032.71484375,-5025.390625,-15042.48046875,1
15.38671875,15565.91796875,15933.59375,15784.66796875,15354.98046875,1
15.390625,-9437.5,1561.03515625,-8190.4296875,-6064.453125,1
15.39453125,3037.59765625,-9041.50390625,-15045.41015625,2950.1953125,1
15.3984375,-15926.26953125,15456.54296875,15542.48046875,15487.79296875,1
15.40234375,-9438.96484375,-4564.453125,-3565.4296875,-4189.453125,1
15.40625,-12964.84375,-3028.3203125,14958.0078125,12971.19140625,1
15.41015625,-15941.89453125,15659.66796875,15792.48046875,15526.85546875,1
15.4140625,-13439.94140625,-5189.453125,-7439.94140625,-6688.96484375,1
15.41796875,-2996.58203125,-13034.1796875,-7041.50390625,12964.35546875,1
15.421875,15956.54296875,15612.79296875,15120.60546875,15245.60546875,1
15.42578125,-14815.91796875,-4814.453125,-9189.94140625,-11065.4296875,1
15.4296875,13004.8828125,12967.28515625,-1043.45703125,-13052.24609375,1
15.43359375,-15441.89453125,15386.23046875,15229.98046875,15175.29296875,1
15.4375,-6566.40625,-13691.40625,-12816.40625,-11940.91796875,1
15.44140625,-13012.20703125,-11049.8046875,-3042.48046875,-7043.9453125,1
15.4453125,-15449.70703125,15159.66796875,15495.60546875,15269.04296875,1
15.44921875,-2440.91796875,12307.12890625,-6689.453125,-11815.4296875,1
15.453125,2968.26171875,-11029.78515625,-3038.57421875,-1037.59765625,1
15.45703125,-15777.83203125,15901.85546875,15401.85546875,15261.23046875,1
15.4609375,-4442.3828125,-6189.453125,-7064.94140625,-13440.4296875,1
15.46484375,-3048.828125,8977.5390625,-7039.55078125,10966.796875,1
15.46875,-15972.65625,15386.23046875,15362.79296875,15401.85546875,1
15.47265625,7685.546875,-9189.453125,-11563.96484375,-7439.94140625,1
15.4765625,-3061.5234375,-11053.22265625,12972.16796875,-1062.5,1
15.48046875,15730.46875,15065.91796875,14831.54296875,14894.04296875,1
15.484375,6435.546875,-14066.89453125,10809.08203125,14433.59375,1
15.48828125,12935.05859375,-7053.7109375,-7038.0859375,-7030.76171875,1
15.4921875,15605.46875,15440.91796875,15229.98046875,15604.98046875,1
15.49609375,5936.03515625,-7939.453125,-13066.89453125,-10940.91796875,1
15.5,4925.29296875,2972.16796875,-13084.47265625,12956.0546875,1
15.50390625,15113.28125,15433.10546875,14925.29296875,15229.98046875,1
15.5078125,437.5,-11440.91796875,10304.6875,-15941.89453125,1
15.51171875,12947.75390625,-1055.6640625,-5097.65625,-3054.6875,1
15.515625,15136.23046875,15331.54296875,14854.98046875,15229.98046875,1
15.51953125,-686.5234375,-9815.4296875,12432.12890625,-12440.91796875,1
15.5234375,4957.03125,12945.80078125,-5078.125,940.91796875,1
15.52734375,15191.40625,15190.91796875,14745.60546875,15362.79296875,1
15.53125,438.96484375,-7439.453125,12056.15234375,-10316.40625,1
15.53515625,4966.30859375,8960.9375,8904.296875,8954.58984375,1
15.5390625,14917.48046875,15354.98046875,14620.60546875,15425.29296875,1
15.54296875,-4685.05859375,-8314.453125,8181.640625,-11189.94140625,1
15.546875,-14983.3984375,-9030.2734375,-3059.5703125,-7020.5078125,1
15.55078125,15394.04296875,15112.79296875,15019.04296875,15620.60546875,1
15.5546875,-5811.03515625,-15939.94140625,11432.12890625,-9065.91796875,1
15.55859375,-2975.09765625,12970.21484375,-9091.796875,-3041.50390625,1
15.5625,15433.10546875,15472.16796875,14378.41796875,15550.29296875,1
15.56640625,-7685.546875,-10313.96484375,6807.12890625,-8564.453125,1
15.5703125,-14942.3828125,-11001.46484375,8936.5234375,-5023.92578125,1
15.57421875,15776.85546875,15972.65625,15159.66796875,15534.66796875,1
15.578125,-9186.5234375,61.5234375,12806.15234375,-6814.94140625,1
15.58203125,1042.48046875,-13032.71484375,-15077.63671875,-1043.45703125,1
15.5859375,15964.35546875,15534.66796875,15026.85546875,15534.66796875,1
15.58984375,-6312.98828125,-3063.96484375,-14315.91796875,-2063.96484375,1
15.59375,-2966.30859375,-1015.13671875,14946.2890625,-15034.1796875,1
15.59765625,-15918.45703125,15675.29296875,15073.73046875,15339.35546875,1
15.6015625,-9063.96484375,-6814.453125,-13691.40625,-6813.4765625,1
15.60546875,-10971.6796875,-9020.99609375,-1052.734375,966.30859375,1
15.609375,-15457.51953125,15722.16796875,15214.35546875,15370.60546875,1
15.61328125,-7690.4296875,-5563.96484375,-15315.91796875,-7314.453125,1
15.6171875,1003.41796875,-15005.859375,-11022.94921875,-5030.2734375,1
15.62109375,-15199.70703125,15948.73046875,15651.85546875,15433.10546875,1
15.625,-1189.94140625,-2188.4765625,-4313.96484375,-6814.453125,1
15.62890625,-15006.8359375,14981.93359375,-3023.92578125,-13034.1796875,1
15.6328125,-15472.65625,15870.60546875,15698.73046875,15401.85546875,1
15.63671875,59.5703125,-2813.4765625,-2812.98828125,-8939.94140625,1
15.640625,-11008.7890625,11009.27734375,14992.1875,14974.609375,1
15.64453125,-15378.90625,-15746.09375,15948.73046875,15550.29296875,1
15.6484375,3309.5703125,1936.5234375,-1063.96484375,-8188.96484375,1
15.65234375,2965.8203125,-3025.390625,-3028.3203125,8969.7265625,1
15.65625,-15699.21875,15659.66796875,15628.41796875,15331.54296875,1
15.66015625,11186.03515625,-2814.453125,-5689.94140625,-8188.4765625,1
15.6640625,-15034.66796875,6956.0546875,10974.12109375,-7013.671875,1
15.66796875,-15839.84375,15777.34375,-15871.09375,15472.16796875,1
15.671875,8060.546875,2312.01171875,1186.5234375,-8564.94140625,1
15.67578125,-1067.3828125,-13005.37109375,-9013.18359375,-1036.62109375,1
15.6796875,15582.03125,15933.10546875,15761.23046875,15425.29296875,1
15.68359375,10187.98828125,-2688.96484375,-7814.94140625,-6188.96484375,1
15.6875,946.2890625,10968.26171875,982.421875,-15029.296875,1
15.69140625,15535.15625,15550.29296875,15604.98046875,15284.66796875,1
15.6953125,7312.01171875,-2937.5,-9688.96484375,-11065.4296875,1
15.69921875,-5069.3359375,992.1875,10997.55859375,-3051.7578125,1
15.703125,15183.59375,15745.60546875,15862.79296875,15261.23046875,1
15.70703125,5439.453125,-6939.94140625,-8439.453125,-7939.453125,1
15.7109375,-9027.83203125,12977.05078125,986.81640625,6979.4921875,1
