timestamp,TP9,AF7,AF8,TP10,label
0.0,15995.60546875,-15996.58203125,-15996.58203125,15995.60546875,0
0.00390625,-62.5,-62.98828125,-62.5,-62.01171875,0
0.0078125,-3015.625,-4996.58203125,999.0234375,10976.5625,0
0.01171875,-14667.48046875,15675.29296875,-15980.46875,-13940.4296875,0
0.015625,-7174.8046875,-8063.96484375,686.5234375,-8041.9921875,0
0.01953125,5197.75390625,4963.8671875,8986.81640625,11329.1015625,0
0.0234375,-12683.10546875,15448.73046875,15839.35546875,-10643.5546875,0
0.02734375,-9800.78125,-6689.453125,-4688.96484375,-11042.48046875,0
0.03125,13167.48046875,12956.0546875,6991.2109375,15313.96484375,0
0.03515625,-13097.16796875,15245.60546875,-15879.39453125,-10776.3671875,0
0.0390625,13822.75390625,-11566.40625,-5188.4765625,-13417.96875,0
0.04296875,-4822.265625,-11040.0390625,3011.71875,-12662.59765625,0
0.046875,-13198.73046875,15729.98046875,-15886.71875,-10510.7421875,0
0.05078125,13448.73046875,-8314.453125,562.5,-9291.50390625,0
0.0546875,5167.48046875,6972.16796875,-7001.46484375,-12666.50390625,0
0.05859375,-13675.29296875,15222.16796875,15823.73046875,-10979.4921875,0
0.0625,5697.265625,-12314.94140625,-1563.4765625,-14167.48046875,0
0.06640625,-841.796875,8954.1015625,6985.3515625,-681.15234375,0
0.0703125,-13761.23046875,15042.48046875,15933.59375,-10971.6796875,0
0.07421875,6196.77734375,-12315.4296875,1062.5,15582.03125,0
0.078125,11148.4375,-9049.8046875,-984.375,9324.70703125,0
0.08203125,-13542.48046875,15245.60546875,-15887.20703125,-10760.7421875,0
0.0859375,6696.77734375,-10564.94140625,-1062.01171875,-15542.48046875,0
0.08984375,-2852.05078125,10959.47265625,-14993.1640625,9331.0546875,0
0.09375,-13847.16796875,15190.91796875,15769.53125,-10885.7421875,0
0.09765625,6822.75390625,-11815.4296875,3313.96484375,-11666.9921875,0
0.1015625,13148.4375,-1046.38671875,-987.79296875,-679.6875,0
0.10546875,-13979.98046875,15175.29296875,-15902.34375,-11081.0546875,0
0.109375,1820.80078125,-12565.91796875,1437.5,14331.0546875,0
0.11328125,3140.13671875,-13049.31640625,-6989.2578125,-4678.7109375,0
0.1171875,-13495.60546875,15229.98046875,-15730.46875,-10495.1171875,0
0.12109375,5944.82421875,-11190.4296875,6188.4765625,-6791.015625,0
0.125,-4862.79296875,2956.0546875,5012.20703125,1341.796875,0
0.12890625,-13573.73046875,15456.54296875,-15660.15625,-10487.3046875,0
0.1328125,1446.2890625,-12566.40625,6813.96484375,-12166.9921875,0
0.13671875,11166.015625,12939.94140625,9036.1328125,13356.4453125,0
0.140625,-13222.16796875,15253.41796875,-15542.96875,-10315.4296875,0
0.14453125,8945.80078125,-8440.4296875,1063.4765625,-9042.48046875,0
0.1484375,1133.30078125,2947.265625,9024.4140625,9306.640625,0
0.15234375,-13722.16796875,15175.29296875,-15621.09375,-10948.2421875,0
0.15625,8072.265625,-12065.91796875,9063.96484375,-7916.50390625,0
0.16015625,1165.52734375,6956.0546875,13036.1328125,5327.1484375,0
0.1640625,-12933.10546875,15354.98046875,-15089.84375,-10573.2421875,0
0.16796875,11821.77734375,-14440.91796875,10813.96484375,-13544.43359375,0
0.171875,-14833.0078125,4952.63671875,-14969.7265625,-697.265625,0
0.17578125,-13237.79296875,15331.54296875,-15402.34375,-10870.1171875,0
0.1796875,14949.21875,-11065.4296875,10815.91796875,-10666.9921875,0
0.18359375,9144.04296875,2935.05859375,1050.29296875,-4703.125,0
0.1875,-14151.85546875,14769.04296875,-15207.03125,-11651.3671875,0
0.19140625,2946.77734375,15184.08203125,14065.4296875,6330.56640625,0
0.1953125,-835.9375,-3046.38671875,5059.08203125,13299.8046875,0
0.19921875,-13378.41796875,14854.98046875,-14902.34375,-11510.7421875,0
0.203125,9322.75390625,-15940.91796875,12064.94140625,7830.56640625,0
0.20703125,-4820.80078125,-1049.8046875,-10951.66015625,15288.57421875,0
0.2109375,-12956.54296875,15104.98046875,-15175.78125,-11377.9296875,0
0.21484375,-10673.828125,15433.10546875,-15183.10546875,11081.54296875,0
0.21875,15218.26171875,-1057.12890625,-10940.91796875,7304.6875,0
0.22265625,-12706.54296875,15159.66796875,-15019.53125,-11299.8046875,0
0.2265625,-14050.78125,-14315.91796875,-12307.6171875,11205.078125,0
0.23046875,3184.5703125,-9048.33984375,-12910.15625,-2715.33203125,0
0.234375,-13394.04296875,14862.79296875,-14753.90625,-11581.0546875,0
0.23828125,3445.3125,10183.10546875,-13433.10546875,4454.1015625,0
0.2421875,-8876.46484375,12943.84765625,-8934.5703125,3256.34765625,0
0.24609375,-13800.29296875,15284.66796875,-14847.65625,-11690.4296875,0
0.25,5945.80078125,-9565.91796875,-10058.10546875,6953.125,0
0.25390625,3126.953125,-15053.22265625,-12928.22265625,9240.72265625,0
0.2578125,-13714.35546875,15097.16796875,-14683.59375,-11971.6796875,0
0.26171875,12322.265625,-13439.94140625,-7680.6640625,4953.61328125,0
0.265625,-2880.37109375,2956.54296875,15089.84375,-2763.18359375,0
0.26953125,-13987.79296875,15284.66796875,-14746.09375,-12151.3671875,0
0.2734375,5820.80078125,-10191.40625,-3805.17578125,4078.125,0
0.27734375,13127.9296875,6940.4296875,1093.26171875,-4747.55859375,0
0.28125,-13917.48046875,15276.85546875,-14613.28125,-11917.48046875,0
0.28515625,70.3125,-13066.40625,-8056.640625,-2297.36328125,0
0.2890625,1127.44140625,-15057.6171875,1095.703125,-8742.1875,0
0.29296875,-14035.15625,15198.73046875,-14371.09375,-11885.7421875,0
0.296875,-1304.6875,-11939.94140625,-3930.6640625,1953.61328125,0
0.30078125,-12885.7421875,-1037.109375,1101.07421875,5253.41796875,0
0.3046875,-14285.15625,15339.35546875,-14355.46875,-12003.41796875,0
0.30859375,-8308.10546875,-11316.40625,-6682.12890625,-3423.33984375,0
0.3125,7089.35546875,-9048.33984375,-8896.484375,3249.0234375,0
0.31640625,-14464.84375,15144.04296875,-14316.40625,-11862.79296875,0
0.3203125,-9056.640625,-14565.4296875,-4930.17578125,-46.875,0
0.32421875,3089.84375,12955.56640625,15108.88671875,3250.0,0
0.328125,-14542.96875,15448.73046875,-14324.21875,-11823.2421875,0
0.33203125,-7181.640625,-12066.40625,-3431.15234375,2827.63671875,0
0.3359375,1097.16796875,-5044.43359375,-2894.53125,13237.3046875,0
0.33984375,-14362.79296875,15120.60546875,-14339.84375,-12261.23046875,0
0.34375,196.2890625,-13315.91796875,-4806.15234375,-1921.875,0
0.34765625,5143.06640625,14946.77734375,-14882.32421875,-8733.3984375,0
0.3515625,-13644.04296875,15237.79296875,-14066.40625,-11729.98046875,0
0.35546875,1068.84765625,-14565.91796875,-6056.15234375,-2423.828125,0
0.359375,-2896.484375,12961.42578125,-4886.23046875,15229.98046875,0
0.36328125,-14535.15625,15253.41796875,-14222.65625,-12315.91796875,0
0.3671875,-10932.12890625,-13441.89453125,-2805.17578125,-7923.828125,0
0.37109375,-899.90234375,-7071.77734375,3111.328125,13231.93359375,0
0.375,-14206.54296875,15003.41796875,-14339.84375,-12331.54296875,0
0.37890625,2195.3125,-13815.4296875,-178.7109375,-6549.31640625,0
0.3828125,11131.34765625,10962.40234375,5130.37109375,5199.70703125,0
0.38671875,-13737.79296875,15339.35546875,-13995.60546875,-12776.85546875,0
0.390625,6696.77734375,-13691.40625,444.82421875,-13551.7578125,0
0.39453125,15142.08984375,2937.5,3126.46484375,-4826.171875,0
0.3984375,-13737.79296875,15034.66796875,-13988.28125,-13347.16796875,0
0.40234375,6947.265625,-13690.91796875,-3930.17578125,6447.265625,0
0.40625,-4841.796875,12946.2890625,-4863.76953125,-6837.40234375,0
0.41015625,-13526.85546875,15222.16796875,-14066.40625,-13511.23046875,0
0.4140625,5945.80078125,-9440.91796875,-1554.6875,8445.3125,0
0.41796875,11133.7890625,-5055.6640625,9120.1171875,-14890.625,0
0.421875,-13706.54296875,15104.98046875,-14097.65625,-14207.03125,0
0.42578125,10197.75390625,15558.59375,-180.17578125,-679.6875,0
0.4296875,-12853.515625,-3052.734375,-4884.765625,5117.67578125,0
0.43359375,-13871.09375,14964.35546875,-14238.28125,-14207.03125,0
0.4375,-55.17578125,13307.6171875,-930.17578125,-4556.15234375,0
0.44140625,-4868.1640625,-9059.08203125,-880.859375,9108.88671875,0
0.4453125,-13792.48046875,15011.23046875,-14121.09375,-14027.34375,0
0.44921875,820.3125,12557.6171875,-3555.17578125,-1179.6875,0
0.453125,1132.8125,-9071.2890625,9120.1171875,3121.58203125,0
0.45703125,-14042.96875,14808.10546875,-14253.90625,-14238.28125,0
0.4609375,-4432.12890625,-15441.40625,-2055.17578125,-1055.6640625,0
0.46484375,-2910.64453125,-11072.75390625,-8877.9296875,-4894.53125,0
0.46875,-14206.54296875,14815.91796875,-14019.04296875,-14128.41796875,0
0.47265625,1195.3125,12182.6171875,3445.80078125,1070.3125,0
0.4765625,-10885.7421875,929.19921875,11114.2578125,5103.02734375,0
0.48046875,-14269.53125,15042.48046875,-14003.41796875,-14488.28125,0
0.484375,-2680.6640625,15808.10546875,3070.3125,-5681.640625,0
0.48828125,-6878.90625,-7046.38671875,-10875.9765625,-4902.34375,0
0.4921875,-14027.34375,15323.73046875,-14097.65625,-14160.15625,0
0.49609375,-930.6640625,-12816.40625,-2805.17578125,-3181.15234375,0
0.5,15098.14453125,-3047.8515625,13127.44140625,-12887.20703125,0
0.50390625,-14613.28125,15151.85546875,-13996.09375,-14082.03125,0
0.5078125,-12308.59375,15308.10546875,-1180.6640625,-2181.15234375,0
0.51171875,-8926.26953125,-11070.80078125,-4880.37109375,9104.00390625,0
0.515625,-14605.46875,14878.41796875,-13972.65625,-14175.78125,0
0.51953125,-10932.6171875,-14690.91796875,-1181.640625,-1180.6640625,0
0.5234375,5070.80078125,2936.5234375,-6899.4140625,13098.6328125,0
0.52734375,-14878.90625,14964.35546875,-13972.16796875,-14441.40625,0
0.53125,-11182.6171875,-15066.89453125,3570.3125,-4556.15234375,0
0.53515625,-8925.29296875,-9081.54296875,5104.98046875,-8902.83203125,0
0.5390625,-14894.53125,14745.60546875,-14511.71875,-14410.15625,0
0.54296875,-12557.6171875,-15316.40625,-7056.640625,-5306.15234375,0
0.546875,7084.47265625,-7049.8046875,-6895.5078125,7109.375,0
0.55078125,-14511.71875,15222.16796875,-14324.21875,-14011.23046875,0
0.5546875,-2805.17578125,-11815.4296875,-3180.17578125,5821.2890625,0
0.55859375,-890.13671875,10936.5234375,-6903.80859375,-8883.7890625,0
0.5625,-14269.53125,14964.35546875,-14613.28125,-14136.71875,0
0.56640625,-2680.6640625,-14942.3828125,-8556.640625,-1305.17578125,0
0.5703125,5104.4921875,-1069.3359375,15105.95703125,-14860.83984375,0
0.57421875,-14605.46875,15003.41796875,-14613.28125,-13839.35546875,0
0.578125,-12056.640625,15933.59375,-9932.12890625,1446.77734375,0
0.58203125,7102.5390625,-1062.98828125,-10910.64453125,13167.96875,0
0.5859375,-14589.84375,14854.98046875,-14636.71875,-13206.54296875,0
0.58984375,-13558.59375,-15316.89453125,-13432.6171875,11072.265625,0
0.59375,-8924.8046875,-13082.51953125,-6903.80859375,-6834.9609375,0
0.59765625,-14519.53125,14761.23046875,-14464.84375,-13183.10546875,0
0.6015625,-2556.640625,-12065.91796875,-4931.640625,-14551.26953125,0
0.60546875,-14925.29296875,-13065.4296875,7083.984375,-8824.70703125,0
0.609375,-14605.46875,15058.10546875,-14605.46875,-13026.85546875,0
0.61328125,-4555.6640625,-13940.91796875,-7682.12890625,-12174.8046875,0
0.6171875,-891.11328125,-15068.84765625,-14930.6640625,11195.80078125,0
0.62109375,-14417.96875,14909.66796875,-14792.96875,-12909.66796875,0
0.625,-11058.10546875,-12690.91796875,-7556.15234375,-15050.29296875,0
0.62890625,7063.96484375,-7048.33984375,7096.6796875,-12786.1328125,0
0.6328125,-14964.84375,15222.16796875,-14464.84375,-12409.66796875,0
0.63671875,-15435.546875,-12190.91796875,-3681.15234375,-4298.33984375,0
0.640625,-976.5625,-11051.7578125,1085.44921875,1217.28515625,0
0.64453125,-15761.71875,14925.29296875,-14769.53125,-12933.10546875,0
0.6484375,6939.453125,14808.10546875,-12057.6171875,-15425.29296875,0
0.65234375,13044.43359375,-7072.75390625,11071.2890625,1187.01171875,0
0.65625,-14824.21875,14933.10546875,-14527.34375,-12894.04296875,0
0.66015625,-11933.10546875,-14941.89453125,-2056.15234375,-12175.29296875,0
0.6640625,3067.87109375,4927.734375,11087.890625,3180.6640625,0
0.66796875,-14761.71875,14948.73046875,-14503.90625,-13167.48046875,0
0.671875,-13433.59375,15559.08203125,-6431.640625,14073.2421875,0
0.67578125,-12930.6640625,-3057.6171875,3097.65625,-6824.70703125,0
0.6796875,-14800.78125,14870.60546875,-14128.90625,-13136.23046875,0
0.68359375,-11433.59375,-14941.40625,-3432.12890625,13572.75390625,0
0.6875,1058.59375,-5058.59375,-2908.69140625,9157.2265625,0
0.69140625,-14660.15625,15222.16796875,-14402.34375,-13722.16796875,0
0.6953125,-8932.12890625,-12691.89453125,-8057.12890625,1195.3125,0
0.69921875,-894.04296875,8919.43359375,9104.4921875,13125.48828125,0
0.703125,-14433.59375,14706.54296875,-14558.59375,-14417.96875,0
0.70703125,-4679.19921875,12182.6171875,-14432.6171875,-11933.10546875,0
0.7109375,-8849.609375,-7063.4765625,-14893.06640625,-2929.19921875,0
0.71484375,-13519.04296875,14604.98046875,-14371.09375,-14972.65625,0
0.71875,9821.77734375,8682.6171875,-8682.12890625,15815.91796875,0
0.72265625,9155.2734375,-3070.3125,7093.26171875,3051.7578125,0
0.7265625,-13151.85546875,14964.35546875,-14300.78125,-15167.96875,0
0.73046875,-13675.29296875,15057.6171875,-4181.640625,-15933.59375,0
0.734375,-14800.78125,-13069.82421875,-10907.71484375,13072.75390625,0
0.73828125,-12831.54296875,14909.66796875,-14464.84375,-14777.34375,0
0.7421875,15697.75390625,-14816.40625,-5056.15234375,-10682.12890625,0
0.74609375,13152.83203125,2919.43359375,-6899.4140625,-8916.9921875,0
0.75,-13479.98046875,14979.98046875,-14527.34375,-14660.15625,0
0.75390625,10447.75390625,-12317.3828125,-11057.6171875,-7806.640625,0
0.7578125,3160.15625,-9078.125,7084.47265625,5098.14453125,0
0.76171875,-13222.16796875,14987.79296875,-14824.21875,-14128.90625,0
0.765625,13447.75390625,15433.59375,-11681.15234375,-1681.15234375,0
0.76953125,-12833.0078125,12951.171875,-14888.18359375,-888.671875,0
0.7734375,-13660.15625,15097.16796875,-14363.28125,-14417.96875,0
0.77734375,-1055.6640625,13683.10546875,-8932.12890625,-11431.640625,0
0.78125,9110.83984375,4931.15234375,-904.78515625,11097.16796875,0
0.78515625,-14488.28125,14964.35546875,-14535.15625,-14652.34375,0
0.7890625,-10807.12890625,-10190.91796875,-7056.640625,-11183.10546875,0
0.79296875,13096.6796875,-15076.66015625,-10896.97265625,11057.12890625,0
0.796875,-14183.10546875,14823.73046875,-14355.46875,-15183.59375,0
0.80078125,320.80078125,-14439.453125,-8306.640625,15565.91796875,0
0.8046875,-12867.1875,12958.49609375,9101.07421875,-6945.80078125,0
0.80859375,-13847.16796875,15167.48046875,-14199.21875,-15035.15625,0
0.8125,4445.3125,-11566.40625,-3307.12890625,-15560.05859375,0
0.81640625,-14857.421875,12946.77734375,-12894.53125,-8964.35546875,0
0.8203125,-13456.54296875,15245.60546875,-13941.40625,-15253.90625,0
0.82421875,6947.265625,-15066.89453125,-1931.15234375,9938.96484375,0
0.828125,9169.43359375,-11055.6640625,-10892.08984375,-6973.14453125,0
0.83203125,-13237.79296875,15081.54296875,-14316.40625,-15363.28125,0
0.8359375,11197.75390625,-15816.40625,-6181.640625,10689.453125,0
0.83984375,13164.0625,-11055.17578125,-12891.6015625,-14958.984375,0
0.84375,-13565.91796875,15183.10546875,-14011.71875,-15347.65625,0
0.84765625,1694.82421875,14307.12890625,-4056.640625,8189.453125,0
0.8515625,-12886.71875,-9069.82421875,-10896.484375,7041.50390625,0
0.85546875,-14246.09375,15222.16796875,-14144.53125,-15144.53125,0
0.859375,-3806.640625,-8190.4296875,-180.17578125,-15309.08203125,0
0.86328125,-2913.0859375,12933.10546875,7115.72265625,-6959.47265625,0
0.8671875,-14417.96875,15065.91796875,-13972.16796875,-15300.78125,0
0.87109375,-2681.15234375,-8314.94140625,5570.80078125,15189.453125,0
0.875,-14900.87890625,6941.89453125,7114.2578125,-10973.6328125,0
0.87890625,-14667.96875,15003.41796875,-14316.40625,-15605.46875,0
0.8828125,-9056.15234375,-12939.94140625,-804.19921875,9065.91796875,0
0.88671875,11114.2578125,8968.26171875,9129.39453125,7069.3359375,0
0.890625,-14152.34375,15159.66796875,-14089.84375,-14980.46875,0
0.89453125,-1429.6875,11808.10546875,-304.6875,15441.89453125,0
0.8984375,-850.09765625,6951.66015625,-8877.44140625,13089.35546875,0
0.90234375,-13440.91796875,15409.66796875,-13870.60546875,-14339.84375,0
0.90625,5821.2890625,-10065.4296875,3570.3125,-12059.08203125,0
0.91015625,-14846.19140625,951.66015625,-14874.51171875,-925.78125,0
0.9140625,-13409.66796875,15229.98046875,-13894.04296875,-14660.15625,0
0.91796875,14073.2421875,-14316.40625,3446.2890625,-7555.6640625,0
0.921875,-2842.28515625,-7040.52734375,7146.484375,3104.00390625,0
0.92578125,-13503.41796875,15519.04296875,-13745.60546875,-14464.84375,0
0.9296875,7821.77734375,-9690.91796875,1195.80078125,-7681.640625,0
0.93359375,-10846.19140625,-15059.5703125,3138.671875,5099.609375,0
0.9375,-13581.54296875,15104.98046875,-13675.29296875,-14316.40625,0
0.94140625,2945.3125,-12942.3828125,6446.2890625,-4805.6640625,0
0.9453125,7148.92578125,-1083.49609375,-14855.95703125,11125.9765625,0
0.94921875,-13604.98046875,15073.73046875,-13800.29296875,-14308.59375,0
0.953125,6448.2421875,-8315.4296875,3696.2890625,-7305.17578125,0
0.95703125,-6826.66015625,932.12890625,13140.625,1107.421875,0
0.9609375,-13526.85546875,15120.60546875,-13479.98046875,-14347.65625,0
0.96484375,5445.80078125,-11815.91796875,10071.77734375,-3556.15234375,0
0.96875,13131.34765625,-15066.89453125,-12856.93359375,13102.05078125,0
0.97265625,-13683.10546875,15097.16796875,-13519.04296875,-14104.98046875,0
0.9765625,8696.2890625,-10191.40625,11322.75390625,3945.3125,0
0.98046875,-8844.7265625,-7046.875,9166.50390625,1126.46484375,0
0.984375,-13120.60546875,15440.91796875,-13308.10546875,-13675.29296875,0
0.98828125,13574.21875,-15441.40625,10448.2421875,1069.82421875,0
0.9921875,1186.03515625,-7038.0859375,7174.31640625,-2858.3984375,0
0.99609375,-13440.91796875,15222.16796875,-13495.60546875,-14011.71875,0
1.0,7822.265625,-13190.91796875,8698.2421875,-554.19921875,0
1.00390625,9145.01953125,-5059.5703125,1157.2265625,1105.95703125,0
1.0078125,-13690.91796875,15034.66796875,-13409.66796875,-14300.78125,0
1.01171875,7446.77734375,-13940.91796875,13323.2421875,-805.17578125,0
1.015625,3140.625,10959.47265625,3171.38671875,-14886.23046875,0
1.01953125,-13628.41796875,15354.98046875,-13261.23046875,-14050.29296875,0
1.0234375,6570.80078125,-10315.4296875,11072.75390625,2195.3125,0
1.02734375,-4858.3984375,-5040.0390625,-10823.2421875,-12864.74609375,0
1.03125,-13761.23046875,15339.35546875,-13175.29296875,-13800.29296875,0
1.03515625,3321.2890625,-14566.40625,12198.73046875,4197.265625,0
1.0390625,-869.62890625,-9055.6640625,9177.734375,3150.390625,0
1.04296875,-13917.48046875,15089.35546875,-13151.85546875,-13698.73046875,0
1.046875,4820.80078125,-10189.94140625,13822.75390625,7321.77734375,0
1.05078125,-8863.28125,8947.75390625,1173.33984375,-4847.16796875,0
1.0546875,-13996.09375,14948.73046875,-12831.54296875,-13425.29296875,0
1.05859375,-1555.6640625,15183.59375,-12926.26953125,9696.77734375,0
1.0625,5104.98046875,-9058.59375,1164.0625,-4844.23828125,0
1.06640625,-14378.90625,15050.29296875,-13534.66796875,-13456.54296875,0
1.0703125,-7055.6640625,-14065.91796875,7323.73046875,10198.2421875,0
1.07421875,15109.375,14949.21875,1176.7578125,-10826.171875,0
1.078125,-14269.53125,15144.04296875,-13261.23046875,-13206.54296875,0
1.08203125,-3681.15234375,-15565.91796875,12323.2421875,15699.21875,0
1.0859375,15089.84375,12948.2421875,7181.15234375,-4800.78125,0
1.08984375,-14542.96875,14917.48046875,-13144.04296875,-12745.60546875,0
1.09375,-930.6640625,-13815.91796875,13072.265625,-7423.828125,0
1.09765625,-6897.94921875,2933.10546875,-4845.703125,-4789.55078125,0
1.1015625,-14027.34375,15097.16796875,-13065.91796875,-12409.66796875,0
1.10546875,-4057.12890625,-15692.3828125,-15802.24609375,-6424.8046875,0
1.109375,1090.8203125,-7071.77734375,13163.0859375,3212.40234375,0
1.11328125,-14081.54296875,15026.85546875,-13284.66796875,-12144.04296875,0
1.1171875,4319.82421875,-9689.453125,12572.75390625,-48.33984375,0
1.12109375,9104.4921875,959.9609375,-12826.66015625,-4782.2265625,0
1.125,-14378.90625,15183.10546875,-13237.79296875,-12589.35546875,0
1.12890625,-6055.6640625,-14941.40625,10448.2421875,-7297.8515625,0
1.1328125,5127.9296875,14959.9609375,9189.94140625,1264.6484375,0
1.13671875,-14105.46875,15347.16796875,-13323.73046875,-12011.23046875,0
1.140625,-3805.6640625,14682.6171875,7447.75390625,-5797.8515625,0
1.14453125,-2883.30078125,-5058.10546875,-6832.51953125,7228.515625,0
1.1484375,-14058.59375,15206.54296875,-13292.48046875,-12300.29296875,0
1.15234375,-680.17578125,-12816.40625,11322.265625,-2672.8515625,0
1.15625,7093.26171875,-11058.59375,-4837.890625,13234.375,0
1.16015625,-14394.53125,15229.98046875,-13354.98046875,-12127.9296875,0
1.1640625,-4056.640625,-13067.3828125,8071.2890625,702.1484375,0
1.16796875,11112.79296875,-13069.82421875,-14848.14453125,-12759.27734375,0
1.171875,-14074.21875,15104.98046875,-13448.73046875,-12120.60546875,0
1.17578125,-2430.6640625,-15816.89453125,7196.77734375,-4298.33984375,0
1.1796875,-4877.44140625,12940.4296875,9163.57421875,15240.234375,0
1.18359375,-14058.59375,15284.66796875,-13292.48046875,-12300.29296875,0
1.1875,-4182.12890625,-11815.91796875,8697.265625,-9924.31640625,0
1.19140625,-2914.55078125,-11052.734375,1156.73828125,-14779.296875,0
1.1953125,-14800.78125,15097.16796875,-13753.41796875,-12425.29296875,0
1.19921875,-14808.59375,15057.6171875,4447.75390625,-7549.31640625,0
1.203125,-10940.91796875,-9071.77734375,1166.9921875,-776.85546875,0
1.20703125,-15128.90625,14870.60546875,-13386.23046875,-12409.66796875,0
1.2109375,14314.94140625,14682.6171875,8071.2890625,-6173.828125,0
1.21484375,-6950.68359375,-11075.1953125,5153.3203125,13236.81640625,0
1.21875,-14808.59375,15237.79296875,-13269.04296875,-11862.79296875,0
1.22265625,13937.98828125,-9065.91796875,8195.80078125,-423.828125,0
1.2265625,-980.95703125,4942.87109375,-12854.00390625,-4781.73828125,0
1.23046875,-15449.21875,14917.48046875,-13558.10546875,-12495.60546875,0
1.234375,8563.96484375,13933.59375,5571.2890625,-7423.828125,0
1.23828125,13022.4609375,-7062.01171875,-4843.26171875,-10776.85546875,0
1.2421875,-15683.59375,14597.16796875,-13589.35546875,-12425.29296875,0
1.24609375,6939.453125,9808.10546875,6071.77734375,-7548.828125,0
1.25,1005.859375,-5072.75390625,-8868.1640625,-8798.33984375,0
1.25390625,-15933.59375,14722.16796875,-13878.41796875,-13019.04296875,0
1.2578125,5064.453125,14559.08203125,5446.77734375,-12549.8046875,0
1.26171875,9039.0625,2942.3828125,5150.390625,-6801.26953125,0
1.265625,-15496.09375,14831.54296875,-13573.73046875,-12933.10546875,0
1.26953125,6564.453125,12808.10546875,4695.80078125,-14425.29296875,0
1.2734375,-12958.49609375,-9059.5703125,-2864.2578125,7194.3359375,0
1.27734375,-15519.53125,14964.35546875,-13925.29296875,-13112.79296875,0
1.28125,10190.91796875,12557.6171875,1195.80078125,15449.70703125,0
1.28515625,1056.640625,-11054.6875,5145.01953125,-4790.0390625,0
1.2890625,-14980.46875,15042.48046875,-13737.79296875,-12745.60546875,0
1.29296875,-12932.6171875,15684.08203125,5572.75390625,-9798.33984375,0
1.296875,13056.640625,939.94140625,5147.4609375,-10797.8515625,0
1.30078125,-15503.90625,14901.85546875,-13815.91796875,-12940.91796875,0
1.3046875,9315.4296875,-14440.91796875,5071.2890625,-10673.828125,0
1.30859375,-4945.3125,14938.4765625,-6854.00390625,-8774.4140625,0
1.3125,-15082.03125,15081.54296875,-13620.60546875,-12401.85546875,0
1.31640625,-15683.10546875,14056.640625,3320.3125,-5298.828125,0
1.3203125,13086.42578125,-9057.6171875,11135.7421875,-14773.4375,0
1.32421875,-14808.59375,15331.54296875,-13628.41796875,-12276.85546875,0
1.328125,-13181.640625,-14440.4296875,5821.2890625,-5422.8515625,0
1.33203125,11107.421875,960.44921875,-10864.74609375,-12742.67578125,0
1.3359375,-14410.15625,15144.04296875,-13909.66796875,-12089.35546875,0
1.33984375,-4555.17578125,-15940.91796875,4696.77734375,-2921.38671875,0
1.34375,-10874.0234375,10943.359375,-842.7734375,-8740.234375,0
1.34765625,-13573.73046875,15120.60546875,-13456.54296875,-11752.9296875,0
1.3515625,5820.80078125,-13940.91796875,3820.3125,4453.61328125,0
1.35546875,9152.34375,950.68359375,-8849.12109375,-10728.02734375,0
1.359375,-13495.60546875,15073.73046875,-13659.66796875,-11784.1796875,0
1.36328125,6197.265625,15808.59375,2946.77734375,2203.61328125,0
1.3671875,-12824.21875,952.63671875,13162.59765625,-8722.65625,0
1.37109375,-13308.10546875,15331.54296875,-13558.10546875,-11557.6171875,0
1.375,6821.77734375,-13441.40625,5696.2890625,3328.61328125,0
1.37890625,-832.03125,4938.4765625,-859.86328125,-8739.74609375,0
1.3828125,-13253.41796875,15378.41796875,-13620.60546875,-11721.6796875,0
1.38671875,12447.265625,-6315.4296875,8446.77734375,3953.125,0
1.390625,-8849.12109375,4934.5703125,11144.53125,11250.9765625,0
1.39453125,-13417.48046875,14948.73046875,-13714.35546875,-11870.1171875,0
1.3984375,13447.75390625,-12315.91796875,5321.2890625,5329.1015625,0
1.40234375,-8833.984375,12934.5703125,9145.5078125,3262.20703125,0
1.40625,-13433.10546875,14948.73046875,-13636.23046875,-11487.3046875,0
1.41015625,5071.2890625,12433.10546875,3820.80078125,10955.56640625,0
1.4140625,-4849.12109375,12949.21875,-4853.02734375,-8695.3125,0
1.41796875,-13604.98046875,15300.29296875,-13511.23046875,-11034.1796875,0
1.421875,6695.3125,-10191.89453125,8195.80078125,-13416.9921875,0
1.42578125,-4877.9296875,-1078.61328125,15140.13671875,1326.171875,0
1.4296875,-13714.35546875,14964.35546875,-13323.73046875,-10510.7421875,0
1.43359375,4570.80078125,15557.6171875,7320.3125,-7416.9921875,0
1.4375,3144.04296875,14932.12890625,7129.8828125,-655.76171875,0
1.44140625,-13871.09375,14956.54296875,-13675.29296875,-10456.0546875,0
1.4453125,-5682.6171875,-14815.91796875,7320.80078125,-7041.50390625,0
1.44921875,1059.5703125,-7048.33984375,15125.0,-14659.1796875,0
1.453125,-15230.46875,15214.35546875,-13698.73046875,-10432.6171875,0
1.45703125,11564.94140625,-11691.89453125,7071.2890625,-7291.50390625,0
1.4609375,1027.83203125,-3080.56640625,3132.32421875,-6660.64453125,0
1.46484375,-15433.59375,14761.23046875,-13894.04296875,-10448.2421875,0
1.46875,-15933.59375,14309.08203125,3571.77734375,-2914.55078125,0
1.47265625,9028.80859375,14951.171875,3145.5078125,5358.3984375,0
1.4765625,-15863.28125,15198.73046875,-13698.73046875,-10260.7421875,0
1.48046875,1312.5,-13316.40625,7071.77734375,-5415.52734375,0
1.484375,993.1640625,-7058.10546875,9142.578125,-4643.5546875,0
1.48828125,15792.48046875,15120.60546875,-13776.85546875,-10440.4296875,0
1.4921875,-4063.4765625,-14691.89453125,3821.2890625,-6040.0390625,0
1.49609375,8988.28125,-3061.03515625,13143.5546875,5366.69921875,0
1.5,15894.04296875,15144.04296875,-13667.48046875,-10065.4296875,0
1.50390625,-3188.96484375,-10939.94140625,3320.3125,-4166.015625,0
1.5078125,-11013.18359375,954.1015625,9129.39453125,-14647.94921875,0
1.51171875,15769.04296875,15042.48046875,-13831.54296875,-10416.9921875,0
1.515625,-1187.5,-13690.4296875,4445.80078125,-3664.55078125,0
1.51953125,-1012.6953125,-5054.6875,15128.41796875,-8650.390625,0
1.5234375,15370.60546875,14987.79296875,-13995.60546875,-10573.2421875,0
1.52734375,-8064.453125,-14191.40625,2071.2890625,-6790.52734375,0
1.53125,-9028.3203125,926.26953125,-14861.81640625,-2638.671875,0
1.53515625,15784.66796875,14956.54296875,-13940.91796875,-10189.94140625,0
1.5390625,-3064.94140625,-13565.91796875,1445.80078125,586.42578125,0
1.54296875,-11049.31640625,-1048.828125,-4883.30078125,1369.140625,0
1.546875,15175.29296875,15073.73046875,-14433.59375,-10291.9921875,0
1.55078125,-14441.89453125,-13565.4296875,-4430.6640625,-8292.48046875,0
1.5546875,-7052.24609375,947.265625,-12886.23046875,-8668.45703125,0
1.55859375,15378.41796875,15214.35546875,-14285.15625,-10502.9296875,0
1.5625,-13692.3828125,-11941.40625,-4805.6640625,-9416.9921875,0
1.56640625,-1058.59375,-9047.8515625,13123.53515625,-8653.80859375,0
1.5703125,15339.35546875,15394.04296875,-14074.21875,-10307.6171875,0
1.57421875,-12065.91796875,-13941.40625,-2681.15234375,-4290.0390625,0
1.578125,4953.125,941.40625,-6896.484375,11355.95703125,0
1.58203125,15198.73046875,14909.66796875,-14410.15625,-10518.5546875,0
1.5859375,-10189.453125,14059.08203125,-2804.6875,-4664.55078125,0
1.58984375,2943.84765625,-15048.33984375,-14893.5546875,3340.33203125,0
1.59375,14854.98046875,14917.48046875,-14503.90625,-10752.9296875,0
1.59765625,-15440.4296875,15184.08203125,-4180.17578125,-9541.9921875,0
1.6015625,12962.40234375,-9032.71484375,7112.3046875,-4663.57421875,0
1.60546875,15354.98046875,15323.73046875,-14277.34375,-10534.1796875,0
1.609375,-6063.96484375,-11815.4296875,-2555.17578125,-4665.0390625,0
1.61328125,8955.56640625,4939.94140625,-10898.92578125,-8660.64453125,0
1.6171875,15136.23046875,15003.41796875,-14558.59375,-10729.4921875,0
1.62109375,-13690.91796875,-14190.4296875,-7557.12890625,-11667.48046875,0
1.625,-5043.9453125,-9048.33984375,15085.9375,-12676.7578125,0
1.62890625,15612.79296875,15034.66796875,-14363.28125,-10643.5546875,0
1.6328125,-4814.453125,-15066.40625,-5181.640625,-10917.48046875,0
1.63671875,-1013.671875,2935.546875,7095.703125,15329.1015625,0
1.640625,-15886.71875,14979.98046875,-14378.90625,-10549.8046875,0
1.64453125,6313.96484375,14558.10546875,-5807.12890625,-7540.52734375,0
1.6484375,-14954.1015625,-7044.921875,-896.97265625,7369.140625,0
1.65234375,-15339.84375,15300.29296875,-14441.40625,-10166.9921875,0
1.65625,8939.453125,-15567.3828125,-9932.12890625,-2540.52734375,0
1.66015625,-6958.49609375,10934.08203125,11088.8671875,-645.01953125,0
1.6640625,-14871.09375,15190.91796875,-14574.21875,-10135.7421875,0
1.66796875,-8807.6171875,-11690.91796875,-6931.640625,-2415.52734375,0
1.671875,-10922.36328125,-9056.15234375,-6914.0625,9346.6796875,0
1.67578125,-14816.40625,15011.23046875,-14535.15625,-10377.9296875,0
1.6796875,-11806.15234375,-14940.4296875,-6806.640625,-6165.52734375,0
1.68359375,-2890.13671875,937.5,-4902.83203125,-8653.3203125,0
1.6875,-14323.73046875,14823.73046875,-14621.09375,-10588.8671875,0
1.69140625,195.80078125,-14315.91796875,-10433.10546875,-4040.52734375,0
1.6953125,3117.67578125,6925.78125,-10924.31640625,-4660.64453125,0
1.69921875,-14058.10546875,14823.73046875,-14660.15625,-10487.3046875,0
1.703125,2320.80078125,14183.10546875,-9432.6171875,-7541.50390625,0
1.70703125,9140.625,-15052.734375,-6923.33984375,1333.0078125,0
1.7109375,-13612.79296875,15151.85546875,-14785.15625,-10541.9921875,0
1.71484375,7323.2421875,-13189.94140625,-13308.10546875,-7290.52734375,0
1.71875,-10820.3125,-5045.41015625,-2920.8984375,7351.07421875,0
1.72265625,-13354.98046875,15073.73046875,-14785.15625,-10541.9921875,0
1.7265625,13323.73046875,-12690.91796875,-15558.59375,-8166.015625,0
1.73046875,-8821.77734375,14939.94140625,3083.49609375,7341.30859375,0
1.734375,-13112.79296875,14964.35546875,-14597.65625,-10487.3046875,0
1.73828125,11697.265625,-14940.91796875,-10682.6171875,-8666.50390625,0
1.7421875,11154.296875,-3051.26953125,-8932.6171875,1327.1484375,0
1.74609375,-13386.23046875,15315.91796875,-14941.40625,-10666.9921875,0
1.75,-15425.78125,-9816.40625,-12433.59375,-7166.50390625,0
1.75390625,-6831.54296875,8943.359375,-925.29296875,9326.66015625,0
1.7578125,-13448.73046875,15089.35546875,-14613.28125,-10651.3671875,0
1.76171875,10697.265625,-15690.91796875,-9058.10546875,-7166.50390625,0
1.765625,7163.57421875,10952.63671875,-924.31640625,-12660.64453125,0
1.76953125,-13089.35546875,15167.48046875,-14636.71875,-10354.4921875,0
1.7734375,-15050.78125,-13690.91796875,-9432.6171875,-3289.55078125,0
1.77734375,7189.453125,-5054.6875,5060.546875,7372.55859375,0
1.78125,-13034.66796875,15362.79296875,-15035.15625,-10237.3046875,0
1.78515625,13572.75390625,-9315.91796875,-12558.10546875,-6165.52734375,0
1.7890625,-4825.68359375,-15058.59375,-8927.734375,9361.328125,0
1.79296875,-12862.79296875,15151.85546875,-14925.78125,-10033.69140625,0
1.796875,-13051.26953125,-9314.94140625,14565.91796875,1460.44921875,0
1.80078125,-6823.2421875,-15051.26953125,-6929.6875,-12641.6015625,0
1.8046875,-13167.48046875,15206.54296875,-14886.71875,-10229.4921875,0
1.80859375,13448.2421875,-9439.94140625,-14057.6171875,-2914.55078125,0
1.8125,-824.21875,6956.0546875,9083.49609375,13370.60546875,0
1.81640625,-13300.29296875,15003.41796875,-14847.65625,-10276.3671875,0
1.8203125,8697.265625,14559.5703125,14690.91796875,-6916.015625,0
1.82421875,15166.9921875,8956.54296875,7060.05859375,-14651.3671875,0
1.828125,-13409.66796875,15151.85546875,-15105.46875,-10393.5546875,0
1.83203125,5820.80078125,-13690.4296875,13941.40625,-4415.52734375,0
1.8359375,-12859.86328125,-11033.203125,3075.68359375,15355.46875,0
1.83984375,-14136.71875,15222.16796875,-14808.59375,-10354.4921875,0
1.84375,-7806.640625,-12815.91796875,15065.4296875,-5040.0390625,0
1.84765625,-4905.2734375,-3054.6875,15062.01171875,-10646.97265625,0
1.8515625,-14675.78125,15214.35546875,-14824.21875,-10276.3671875,0
1.85546875,-13558.59375,-12814.94140625,-15683.59375,-5165.52734375,0
1.859375,9079.1015625,979.00390625,11083.0078125,11375.48828125,0
1.86328125,-14816.40625,15409.66796875,-14878.90625,-10096.6796875,0
1.8671875,12940.91796875,-14441.40625,12816.40625,-4790.52734375,0
1.87109375,3052.734375,-11050.78125,9072.265625,-14646.484375,0
1.875,-15449.21875,15323.73046875,-14925.78125,-10612.3046875,0
1.87890625,10315.91796875,-8939.453125,15816.89453125,-10915.52734375,0
1.8828125,-2949.21875,12968.75,5070.80078125,13347.65625,0
1.88671875,-15363.28125,15542.48046875,-15097.65625,-10526.3671875,0
1.890625,13065.91796875,-7564.94140625,13940.4296875,-3164.0625,0
1.89453125,15053.7109375,12953.61328125,-6950.1953125,5373.53515625,0
1.8984375,-15035.15625,15300.29296875,-15105.46875,-9994.62890625,0
1.90234375,-9807.12890625,-7939.94140625,-14058.10546875,2711.42578125,0
1.90625,-8904.296875,12967.7734375,1065.91796875,5386.23046875,0
1.91015625,-14378.90625,15425.29296875,-15050.78125,-9775.87890625,0
1.9140625,-6805.6640625,-10939.453125,13815.4296875,3461.9140625,0
1.91796875,-12869.62890625,-9031.73828125,-947.265625,-2601.07421875,0
1.921875,-13777.34375,15331.54296875,-14933.59375,-9463.37890625,0
1.92578125,-931.640625,-10440.4296875,-13559.08203125,9712.40234375,0
1.9296875,7104.98046875,-1050.29296875,15037.109375,5388.18359375,0
1.93359375,-14136.71875,15058.10546875,-15402.34375,-9854.00390625,0
1.9375,-3305.17578125,-13690.4296875,13815.91796875,3837.40234375,0
1.94140625,15131.8359375,-1024.90234375,-10934.08203125,11418.9453125,0
1.9453125,-13792.48046875,15558.10546875,-15027.34375,-9260.25390625,0
1.94921875,6821.2890625,-10065.91796875,15189.94140625,8211.42578125,0
1.953125,7135.7421875,14952.63671875,-965.8203125,-12616.69921875,0
1.95703125,-13699.21875,15347.16796875,-15324.21875,-9658.69140625,0
1.9609375,-430.17578125,-11190.91796875,12565.4296875,4086.42578125,0
1.96484375,9122.55859375,-1059.08203125,5040.0390625,13385.25390625,0
1.96875,-13964.35546875,14964.35546875,-15269.53125,-9729.00390625,0
1.97265625,1569.82421875,-14316.89453125,10064.453125,5210.44921875,0
1.9765625,3124.0234375,6938.4765625,5063.4765625,-624.0234375,0
1.98046875,-14136.71875,15276.85546875,-14988.28125,-10041.9921875,0
1.984375,-5181.15234375,-14816.89453125,13065.91796875,-2414.0625,0
1.98828125,13093.26171875,-3068.84765625,7052.734375,13371.09375,0
1.9921875,-14425.78125,14909.66796875,-15324.21875,-10111.81640625,0
1.99609375,-805.17578125,-14316.40625,8814.94140625,460.44921875,0
2.0,-2887.20703125,6940.91796875,11045.8984375,5358.88671875,0
2.00390625,-14128.90625,15198.73046875,-15371.09375,-10221.6796875,0
2.0078125,-2056.15234375,-12565.91796875,11940.91796875,-2290.0390625,0
2.01171875,7102.05078125,-5046.875,1060.05859375,11356.4453125,0
2.015625,-14417.96875,15261.23046875,-15027.34375,-10338.8671875,0
2.01953125,-9306.640625,-14566.40625,12064.94140625,-7541.015625,0
2.0234375,-10882.8125,-11048.828125,-4955.078125,11350.5859375,0
2.02734375,-14097.65625,15237.79296875,-15394.53125,-10463.8671875,0
2.03125,-5181.640625,-12940.91796875,12565.91796875,-11917.48046875,0
2.03515625,13098.6328125,944.82421875,-14952.1484375,15331.0546875,0
2.0390625,-14441.40625,15081.54296875,-15472.65625,-10776.3671875,0
2.04296875,-5055.6640625,-13566.40625,10439.94140625,-11666.9921875,0
2.046875,3124.0234375,12926.26953125,-14954.1015625,15337.890625,0
2.05078125,-13831.54296875,15050.29296875,-15121.09375,-10448.2421875,0
2.0546875,2070.3125,-11564.94140625,10689.453125,-8791.015625,0
2.05859375,-12880.859375,963.37890625,11035.15625,5338.8671875,0
2.0625,-14175.78125,15253.41796875,-15417.96875,-10690.4296875,0
2.06640625,-5556.15234375,14558.10546875,11690.4296875,-10291.015625,0
2.0703125,13112.79296875,-7052.734375,-10957.03125,7349.609375,0
2.07421875,-14433.59375,15167.48046875,-15324.21875,-10549.8046875,0
2.078125,-6430.6640625,-11190.4296875,12064.94140625,-7165.52734375,0
2.08203125,-12892.08984375,14941.89453125,-2963.37890625,-8650.87890625,0
2.0859375,-14402.34375,14979.98046875,-15589.84375,-10581.0546875,0
2.08984375,-5806.15234375,-15191.40625,6314.94140625,-10666.9921875,0
2.09375,-12899.90234375,10927.734375,15046.38671875,-2663.57421875,0
2.09765625,-14550.78125,14706.54296875,-15441.40625,-10713.8671875,0
2.1015625,-10181.15234375,11183.10546875,8939.94140625,-12041.015625,0
2.10546875,-14879.39453125,-13039.55078125,7034.66796875,-14634.765625,0
2.109375,-14175.78125,15347.16796875,-15464.84375,-10260.7421875,0
2.11328125,-3805.6640625,14808.10546875,9814.453125,-7791.9921875,0
2.1171875,13128.90625,-5050.29296875,-14961.42578125,-2659.66796875,0
2.12109375,-13854.98046875,15065.91796875,-15488.28125,-10581.0546875,0
2.125,445.3125,-15315.91796875,6438.4765625,-8790.52734375,0
2.12890625,-6850.09765625,-11050.29296875,-2966.30859375,5361.328125,0
2.1328125,-13495.60546875,15323.73046875,-15308.59375,-10276.3671875,0
2.13671875,3945.3125,-10440.91796875,8939.453125,-8166.9921875,0
2.140625,-8861.328125,-15055.6640625,11038.57421875,-12663.57421875,0
2.14453125,-13620.60546875,15183.10546875,-15246.09375,-10393.5546875,0
2.1484375,6196.2890625,-11940.4296875,9688.96484375,-6791.50390625,0
2.15234375,-2852.05078125,958.984375,7037.109375,9330.078125,0
2.15625,-13542.48046875,15433.10546875,-15222.65625,-10745.1171875,0
2.16015625,6571.77734375,-12065.91796875,11064.94140625,-13542.48046875,0
2.1640625,-10849.12109375,6960.9375,-957.03125,5318.84765625,0
2.16796875,-13784.66796875,15448.73046875,-15519.53125,-11104.4921875,0
2.171875,7696.77734375,-12065.91796875,6688.96484375,15706.54296875,0
2.17578125,9130.859375,-13035.64453125,-8956.0546875,-4685.05859375,0
2.1796875,-13854.98046875,15495.60546875,-15316.40625,-10791.9921875,0
2.18359375,4946.77734375,-10815.4296875,9815.4296875,-13292.96875,0
2.1875,15158.69140625,2958.49609375,7051.26953125,-6672.8515625,0
2.19140625,-13237.79296875,15214.35546875,-15175.78125,-10620.1171875,0
2.1953125,10321.77734375,-15816.40625,10439.94140625,-13042.48046875,0
2.19921875,-4854.00390625,14945.3125,-14970.21484375,-14685.05859375,0
2.203125,-13854.98046875,15190.91796875,-15746.09375,-11159.1796875,0
2.20703125,3071.2890625,-11189.94140625,8064.94140625,15957.03125,0
2.2109375,-14851.5625,-15041.9921875,11045.8984375,-683.10546875,0
2.21484375,-13776.85546875,15183.10546875,-15261.71875,-11065.4296875,0
2.21875,2321.2890625,-13065.91796875,10064.94140625,15457.03125,0
2.22265625,-12854.00390625,-3039.0625,15049.31640625,3311.03515625,0
2.2265625,-13832.03125,15229.98046875,-15183.59375,-10995.1171875,0
2.23046875,-681.15234375,-15940.91796875,10939.94140625,-15418.45703125,0
2.234375,-2903.3203125,8950.68359375,1036.62109375,13306.640625,0
2.23828125,-14449.21875,15042.48046875,-15371.09375,-10956.0546875,0
2.2421875,-7182.6171875,15184.08203125,10939.94140625,14706.0546875,0
2.24609375,-922.8515625,-15045.41015625,-12955.56640625,-12700.68359375,0
2.25,-14730.46875,15206.54296875,-15378.90625,-11448.2421875,0
2.25390625,-9931.15234375,-13065.91796875,9064.453125,6329.1015625,0
2.2578125,9124.51171875,12945.80078125,-14955.56640625,-716.30859375,0
2.26171875,-14050.78125,14925.29296875,-15207.03125,-11518.5546875,0
2.265625,-1429.19921875,12433.10546875,9814.453125,3078.125,0
2.26953125,3152.34375,-9051.7578125,-954.1015625,-4732.91015625,0
2.2734375,-13378.41796875,14901.85546875,-15308.59375,-11596.6796875,0
2.27734375,10572.75390625,13684.08203125,10314.94140625,3453.125,0
2.28125,9148.92578125,-7047.36328125,13050.29296875,-14756.34765625,0
2.28515625,-13940.91796875,15089.35546875,-15292.96875,-12401.85546875,0
2.2890625,945.3125,-13691.40625,12065.4296875,-5923.33984375,0
2.29296875,9124.0234375,-11058.10546875,1035.15625,3222.16796875,0
2.296875,-14097.65625,14933.10546875,-15300.78125,-12495.60546875,0
2.30078125,-4681.15234375,14684.08203125,13565.4296875,-7548.33984375,0
2.3046875,3092.28515625,6946.77734375,-6935.546875,1226.5625,0
2.30859375,-14542.96875,15128.41796875,-14957.03125,-12284.66796875,0
2.3125,-3179.19921875,-12565.91796875,15316.40625,-2546.875,0
2.31640625,-2863.28125,-3076.66015625,15059.08203125,-10758.30078125,0
2.3203125,-14003.90625,14815.91796875,-15175.78125,-12370.60546875,0
2.32421875,-556.15234375,-12316.40625,15065.4296875,-4298.828125,0
2.328125,-4886.71875,6924.8046875,-10953.125,5220.21484375,0
2.33203125,-14003.90625,14979.98046875,-15175.78125,-12284.66796875,0
2.3359375,-4180.6640625,13932.6171875,7939.94140625,-9924.31640625,0
2.33984375,-10864.2578125,-13053.22265625,5070.80078125,13236.328125,0
2.34375,-13729.98046875,15097.16796875,-15121.09375,-12315.91796875,0
2.34765625,3070.80078125,14683.10546875,9065.4296875,-8924.8046875,0
2.3515625,-6848.6328125,-1058.10546875,11056.15234375,-4787.109375,0
2.35546875,-13183.10546875,15128.41796875,-15035.15625,-12472.16796875,0
2.359375,15198.2421875,-13940.4296875,15315.91796875,-9549.8046875,0
2.36328125,-833.49609375,12940.4296875,-6944.82421875,-8792.48046875,0
2.3671875,-13042.48046875,15081.54296875,-14964.84375,-12464.35546875,0
2.37109375,-14803.22265625,-11941.40625,-11058.59375,-5924.31640625,0
2.375,15115.234375,-11067.3828125,-8952.63671875,5194.82421875,0
2.37890625,-14363.28125,14901.85546875,-15339.84375,-13315.91796875,0
2.3828125,-3930.17578125,14933.10546875,11440.4296875,9198.2421875,0
2.38671875,3112.79296875,-13054.6875,-2944.82421875,-806.15234375,0
2.390625,-14441.40625,15229.98046875,-15285.15625,-13019.04296875,0
2.39453125,-10432.6171875,-12566.89453125,13316.40625,15949.21875,0
2.3984375,-12924.31640625,6926.26953125,-12938.4765625,-12808.10546875,0
2.40234375,-15238.28125,14847.16796875,-15089.84375,-12886.23046875,0
2.40625,11815.91796875,14558.59375,14815.91796875,-12174.31640625,0
2.41015625,13048.33984375,-5053.22265625,-6947.75390625,-6795.41015625,0
2.4140625,-15277.34375,15144.04296875,-15136.71875,-12870.60546875,0
2.41796875,10939.453125,15807.12890625,-14308.59375,-14676.7578125,0
2.421875,3022.4609375,-1067.87109375,-6933.10546875,-6829.1015625,0
2.42578125,-15691.40625,15050.29296875,-15042.96875,-13214.35546875,0
2.4296875,6314.453125,-14690.4296875,-15058.10546875,13698.73046875,0
2.43359375,-10958.0078125,14953.61328125,-4928.22265625,-10809.5703125,0
2.4375,-15550.78125,15050.29296875,-15121.09375,-13229.98046875,0
2.44140625,9940.4296875,15559.08203125,14816.89453125,12948.73046875,0
2.4453125,5026.3671875,-15051.26953125,-4927.734375,-14831.54296875,0
2.44921875,-15582.03125,15003.41796875,-15066.40625,-13495.60546875,0
2.453125,6188.4765625,-11939.453125,-13432.6171875,3944.82421875,0
2.45703125,990.234375,14968.26171875,-14928.22265625,-12901.85546875,0
2.4609375,15237.79296875,15331.54296875,-14425.78125,-14910.15625,0
2.46484375,11808.10546875,-9939.453125,-8433.10546875,8814.453125,0
2.46875,10920.8984375,2979.98046875,5073.2421875,-2991.69921875,0
2.47265625,14401.85546875,15691.40625,-14949.21875,15558.10546875,0
2.4765625,8805.17578125,2937.98828125,-14308.59375,-5564.94140625,0
2.48046875,14878.41796875,-13028.80859375,13060.05859375,6968.26171875,0
2.484375,14175.29296875,15550.29296875,-15183.59375,15620.60546875,0
2.48828125,805.17578125,-5938.4765625,10315.91796875,-12565.91796875,0
2.4921875,-15108.88671875,-985.83984375,-8940.91796875,-5044.43359375,0
2.49609375,14479.98046875,15917.96875,-14894.53125,15440.91796875,0
2.5,11181.15234375,1562.5,-13184.08203125,-7315.91796875,0
2.50390625,-15095.21484375,10971.19140625,-14936.5234375,-7048.33984375,0
2.5078125,15198.73046875,15886.71875,-14511.71875,15761.23046875,0
2.51171875,-13317.87109375,7313.96484375,-7432.6171875,-3939.94140625,0
2.515625,-9057.12890625,13014.6484375,9093.26171875,-15017.08984375,0
2.51953125,15370.60546875,-15699.21875,-14362.79296875,15933.59375,0
2.5234375,-8189.94140625,8189.94140625,3571.2890625,2687.5,0
2.52734375,8955.56640625,-12973.6328125,1113.76953125,-10996.58203125,0
2.53125,15269.04296875,-15722.65625,-13784.66796875,-15902.83203125,0
2.53515625,-15316.89453125,4063.4765625,6321.2890625,-687.98828125,0
2.5390625,-13084.47265625,11029.296875,15149.90234375,-3009.765625,0
2.54296875,14784.66796875,-15394.53125,-13245.60546875,-15746.09375,0
2.546875,-12315.91796875,10690.4296875,-14050.29296875,10813.96484375,0
2.55078125,-9054.6875,-12953.125,-10800.78125,-972.16796875,0
2.5546875,15034.66796875,-15089.84375,-12386.23046875,-15566.40625,0
2.55859375,10808.10546875,-14807.12890625,-919.921875,4065.4296875,0
2.5625,-7053.22265625,-12886.23046875,15326.171875,1060.546875,0
2.56640625,15370.60546875,-14035.15625,-10518.5546875,-14925.78125,0
2.5703125,-1063.96484375,-3306.15234375,-5163.57421875,-11934.08203125,0
2.57421875,12990.234375,7166.9921875,13409.1796875,5066.40625,0
2.578125,-15628.90625,-12854.98046875,-8822.265625,-14574.21875,0
2.58203125,3813.96484375,-13421.875,1595.21484375,-11432.12890625,0
2.5859375,-4945.3125,11293.45703125,15575.68359375,1058.59375,0
2.58984375,-15300.78125,-11409.1796875,-6142.08984375,15800.29296875,0
2.59375,10566.40625,-15414.0625,7856.93359375,-14192.3828125,0
2.59765625,9076.171875,3404.78515625,-4236.81640625,-7102.5390625,0
2.6015625,-14621.09375,-8775.390625,-3055.17578125,13893.5546875,0
2.60546875,-10432.6171875,6474.12109375,3497.55859375,-12200.68359375,0
2.609375,-6894.04296875,13618.65234375,-4024.4140625,-3207.51953125,0
2.61328125,-14308.59375,-5181.15234375,-437.98828125,12377.44140625,0
2.6171875,-8682.12890625,-3013.18359375,-6376.953125,-79.58984375,0
2.62109375,5081.54296875,-86.9140625,-8025.87890625,-5291.9921875,0
2.625,-15042.96875,-391.11328125,-406.73828125,10619.62890625,0
2.62890625,15441.40625,-7251.953125,-6501.953125,9292.96875,0
2.6328125,5060.05859375,-10025.390625,-8025.87890625,4714.84375,0
2.63671875,-15011.71875,-406.73828125,-406.73828125,11393.06640625,0
2.640625,-7184.08203125,-6376.953125,-6501.953125,-12085.9375,0
2.64453125,1024.90234375,-8025.87890625,-8025.87890625,-13433.10546875,0
2.6484375,-15214.84375,-406.73828125,-406.73828125,8736.328125,0
2.65234375,13939.94140625,-6376.953125,-6501.953125,4154.78515625,0
2.65625,-2971.19140625,-8025.87890625,-8025.87890625,-5517.578125,0
2.66015625,-15425.78125,-406.73828125,-406.73828125,8259.765625,0
2.6640625,-14060.05859375,-6501.953125,-6501.953125,14285.15625,0
2.66796875,-4974.12109375,-8025.87890625,-8025.87890625,10572.265625,0
2.671875,-15809.08203125,-406.73828125,-398.92578125,8814.453125,0
2.67578125,-6063.4765625,-6501.953125,-6376.953125,3032.71484375,0
2.6796875,12984.375,-8025.87890625,-8025.87890625,-5480.95703125,0
2.68359375,15698.73046875,-406.73828125,-406.73828125,7720.21484375,0
2.6875,-3316.89453125,-6501.953125,-6501.953125,-6099.12109375,0
2.69140625,-7105.95703125,-8025.87890625,-8025.87890625,14358.3984375,0
2.6953125,15401.85546875,-406.73828125,-406.73828125,5782.2265625,0
2.69921875,-5942.3828125,-6501.953125,-6501.953125,-10981.4453125,0
2.703125,2883.7890625,-8025.87890625,-8025.390625,-3733.3984375,0
2.70703125,13862.3046875,-406.73828125,-406.73828125,3992.67578125,0
2.7109375,-6450.1953125,-6501.953125,-6501.953125,-3238.28125,0
2.71484375,-11219.7265625,-8025.87890625,-8025.390625,-7768.06640625,0
2.71875,12432.6171875,-406.73828125,-398.92578125,4727.5390625,0
2.72265625,2797.8515625,-6501.953125,-6376.953125,8766.6015625,0
2.7265625,14754.39453125,-8025.87890625,-8025.87890625,-11757.32421875,0
2.73046875,12025.87890625,-406.73828125,-398.92578125,3954.1015625,0
2.734375,-2454.58984375,-6376.953125,-6376.953125,4145.01953125,0
2.73828125,4764.16015625,-8025.87890625,-8025.390625,10426.7578125,0
2.7421875,11932.12890625,-406.73828125,-398.92578125,7274.90234375,0
2.74609375,-10830.078125,-6501.953125,-6376.953125,-14971.19140625,0
2.75,8697.75390625,-8025.87890625,-8025.87890625,-1527.34375,0
2.75390625,11729.00390625,-398.92578125,-406.73828125,8087.40234375,0
2.7578125,-9458.984375,-6501.953125,-6376.953125,-11599.609375,0
2.76171875,-1309.08203125,-8025.87890625,-8025.87890625,4458.49609375,0
2.765625,11260.7421875,-406.73828125,-406.73828125,7564.453125,0
2.76953125,545.8984375,-6501.953125,-6501.953125,11286.1328125,0
2.7734375,-1342.28515625,-8025.87890625,-8025.87890625,-7454.1015625,0
2.77734375,10760.25390625,-406.73828125,-406.73828125,9502.44140625,0
2.78125,-6581.54296875,-6501.953125,-6501.953125,7540.52734375,0
2.78515625,-15342.28515625,-8025.87890625,-8025.390625,6623.53515625,0
2.7890625,10220.703125,-398.92578125,-406.73828125,9759.765625,0
2.79296875,-961.9140625,-6501.953125,-6501.953125,-8839.35546875,0
2.796875,-7399.4140625,-8025.87890625,-8025.87890625,-7434.5703125,0
2.80078125,9517.578125,-406.73828125,-406.73828125,8869.140625,0
2.8046875,-8966.30859375,-6501.953125,-6501.953125,11905.2734375,0
2.80859375,521.97265625,-8025.87890625,-8025.390625,12480.95703125,0
2.8125,7470.21484375,-406.73828125,-398.92578125,7126.46484375,0
2.81640625,-9468.26171875,-6501.953125,-6501.953125,-9467.28515625,0
2.8203125,414.55078125,-8025.87890625,-8025.87890625,2474.12109375,0
2.82421875,5344.7265625,-406.73828125,-406.73828125,7087.40234375,0
2.828125,-15604.98046875,-6501.953125,-6376.953125,-12344.7265625,0
2.83203125,-11693.359375,-6025.87890625,-8025.87890625,-11481.93359375,0
2.8359375,4055.17578125,-406.73828125,-406.73828125,8150.390625,0
2.83984375,-4236.328125,-6501.953125,-6501.953125,782.2265625,0
2.84375,-15817.87109375,-6025.390625,-8025.87890625,6503.90625,0
2.84765625,2586.42578125,-398.92578125,-406.73828125,7978.515625,0
2.8515625,9383.30078125,-6376.953125,-6501.953125,3781.73828125,0
2.85546875,6089.84375,-8025.390625,-6025.390625,8464.35546875,0
2.859375,1320.3125,-406.73828125,-406.73828125,7399.90234375,0
2.86328125,13503.41796875,-6376.953125,-6501.953125,15525.390625,0
2.8671875,10051.7578125,-8025.390625,-6025.87890625,10371.09375,0
2.87109375,0.0,-398.92578125,-406.73828125,4586.9140625,0
2.875,8377.44140625,-6501.953125,-6376.953125,-15105.95703125,0
2.87890625,12004.8828125,-6025.390625,-6025.390625,14216.30859375,0
2.8828125,0.0,-398.92578125,-406.73828125,3086.42578125,0
2.88671875,375.0,-6501.953125,-6501.953125,-10363.28125,0
2.890625,-15996.58203125,-8025.87890625,-8025.87890625,-13835.44921875,0
2.89453125,0.0,-398.92578125,-398.92578125,2007.8125,0
2.8984375,0.0,-6376.953125,-6501.953125,-10747.55859375,0
2.90234375,0.0,-6025.390625,-8025.390625,67.3828125,0
2.90625,0.0,-367.67578125,-406.73828125,1179.6875,0
2.91015625,0.0,-9625.9765625,-6376.953125,5126.46484375,0
2.9140625,0.0,15873.046875,-6025.87890625,-9903.80859375,0
2.91796875,0.0,-8082.03125,-398.92578125,2133.30078125,0
2.921875,0.0,12898.4375,-6501.953125,-15740.234375,0
2.92578125,0.0,-4000.0,-8025.87890625,-11826.66015625,0
2.9296875,0.0,210.9375,-398.92578125,4203.61328125,0
2.93359375,0.0,1375.0,-6376.953125,-5108.3984375,0
2.9375,0.0,0.0,-8025.390625,-1739.74609375,0
2.94140625,0.0,0.0,-398.92578125,3148.92578125,0
2.9453125,0.0,0.0,-6501.953125,-15617.1875,0
2.94921875,0.0,0.0,-6025.390625,4113.76953125,0
2.953125,0.0,0.0,-398.92578125,2156.73828125,0
2.95703125,0.0,0.0,-6501.953125,7383.7890625,0
2.9609375,0.0,0.0,-8025.390625,-5853.02734375,0
2.96484375,109.375,0.0,-406.73828125,2547.36328125,0
2.96875,500.48828125,0.0,-6376.953125,10885.7421875,0
2.97265625,-5966.796875,0.0,-6027.83203125,10172.8515625,0
2.9765625,101.5625,0.0,-320.80078125,2203.61328125,0
2.98046875,3501.953125,0.0,-12128.41796875,3385.7421875,0
2.984375,21.484375,0.0,9907.71484375,229.4921875,0
2.98828125,492.1875,0.0,-3423.33984375,3961.42578125,0
2.9921875,8251.953125,0.0,7717.7734375,-5486.81640625,0
2.99609375,2053.7109375,0.0,11342.28515625,-3782.2265625,0
3.0,671.875,0.0,-14309.08203125,3484.86328125,0
3.00390625,4376.953125,0.0,10298.828125,-9735.3515625,0
3.0078125,-1936.5234375,0.0,2651.85546875,-5736.328125,0
3.01171875,875.0,0.0,10463.37890625,4477.5390625,0
3.015625,13002.44140625,0.0,-3836.9140625,-10727.5390625,0
3.01953125,-15927.734375,0.0,-15575.68359375,-1593.26171875,0
3.0234375,1414.0625,0.0,6478.02734375,6673.33984375,0
3.02734375,15875.9765625,0.0,3890.625,6147.94921875,0
3.03125,-15931.640625,0.0,-1872.55859375,-15560.546875,0
3.03515625,1796.875,0.0,406.25,8454.58984375,0
3.0390625,-12120.60546875,0.0,0.0,-2722.16796875,0
3.04296875,-3897.4609375,0.0,14000.0,12474.609375,0
3.046875,1664.0625,0.0,0.0,7446.77734375,0
3.05078125,-13622.0703125,0.0,0.0,10148.4375,0
3.0546875,-13891.6015625,0.0,0.0,14415.52734375,0
3.05859375,1304.6875,0.0,0.0,6196.77734375,0
3.0625,-10742.1875,0.0,0.0,149.90234375,0
3.06640625,-7945.80078125,0.0,0.0,-9658.69140625,0
3.0703125,1242.1875,0.0,0.0,5970.21484375,0
3.07421875,-1245.1171875,0.0,0.0,6146.97265625,0
3.078125,10071.77734375,0.0,0.0,-5628.90625,0
3.08203125,2086.42578125,0.0,0.0,7267.578125,0
3.0859375,8008.7890625,0.0,0.0,158.203125,0
3.08984375,-1883.30078125,0.0,0.0,2577.1484375,0
3.09375,2719.23828125,0.0,0.0,11073.2421875,0
3.09765625,-10236.81640625,0.0,0.0,7801.7578125,0
3.1015625,6281.73828125,0.0,0.0,6934.5703125,0
3.10546875,4258.30078125,0.0,0.0,15354.98046875,0
3.109375,-6606.4453125,0.0,0.0,14562.5,0
3.11328125,10305.6640625,0.0,0.0,-2974.12109375,0
3.1171875,4860.3515625,0.0,0.0,-15003.41796875,0
3.12109375,-727.05078125,0.0,0.0,10198.73046875,0
3.125,-7610.83984375,0.0,0.0,1222.65625,0
3.12890625,5704.58984375,0.0,0.0,-12276.3671875,0
3.1328125,7527.83203125,0.0,0.0,15710.44921875,0
3.13671875,-7610.83984375,0.0,0.0,-669.921875,0
3.140625,7048.828125,0.0,23.4375,-9423.828125,0
3.14453125,5404.296875,0.0,1750.0,3717.7734375,0
3.1484375,-9524.4140625,0.0,-1817.3828125,1523.92578125,0
3.15234375,8642.578125,0.0,8901.85546875,-6087.40234375,0
3.15625,8908.69140625,0.0,-15669.921875,228.02734375,0
3.16015625,520.99609375,0.0,9530.76171875,-14356.93359375,0
3.1640625,9251.953125,0.0,-2766.11328125,-4923.33984375,0
3.16796875,-1212.40234375,0.0,-3877.44140625,-1642.578125,0
3.171875,-7391.11328125,0.0,-6026.85546875,7713.37890625,0
3.17578125,9557.12890625,0.0,-391.11328125,-4532.2265625,0
3.1796875,15543.9453125,0.0,-6501.953125,11987.79296875,0
3.18359375,-13307.12890625,0.0,-8025.390625,-6204.58984375,0
3.1875,11135.25390625,0.0,-406.73828125,-3102.5390625,0
3.19140625,-12826.66015625,0.0,-6501.953125,-15633.30078125,0
3.1953125,6795.41015625,0.0,-8025.87890625,-10100.09765625,0
3.19921875,11447.75390625,0.0,-406.73828125,-2907.2265625,1
3.203125,-826.171875,0.0,-6501.953125,-10758.7890625,1
3.20703125,-1194.82421875,0.0,-8025.87890625,-14134.27734375,1
3.2109375,13096.6796875,0.0,-406.73828125,-2282.2265625,1
3.21484375,7053.22265625,0.0,-6501.953125,12740.72265625,1
3.21875,-5117.1875,0.0,-8025.87890625,15844.7265625,1
3.22265625,13011.23046875,0.0,-406.73828125,-3555.6640625,1
3.2265625,4182.12890625,0.0,-6501.953125,-2383.7890625,1
3.23046875,12861.328125,0.0,-6025.87890625,-12222.65625,1
3.234375,14276.85546875,0.0,-406.73828125,-3086.9140625,1
3.23828125,3805.6640625,0.0,-6501.953125,-14385.7421875,1
3.2421875,-3071.77734375,0.0,-8025.87890625,-8149.4140625,1
3.24609375,15729.98046875,0.0,-406.73828125,-1133.30078125,1
3.25,-6565.91796875,0.0,-6501.953125,-7751.953125,1
3.25390625,-1024.4140625,0.0,-8025.87890625,13974.12109375,1
3.2578125,15284.66796875,0.0,-406.73828125,-406.73828125,1
3.26171875,-4061.03515625,0.0,-6501.953125,-6501.953125,1
3.265625,6946.2890625,0.0,-8025.87890625,-6025.87890625,1
3.26953125,15355.46875,0.0,-406.73828125,-406.73828125,1
3.2734375,6814.94140625,0.0,-6376.953125,-6626.953125,1
3.27734375,12981.4453125,0.0,-6025.87890625,-2028.3203125,1
3.28125,14753.90625,0.0,-406.73828125,-656.73828125,1
3.28515625,3566.89453125,0.0,-6501.953125,-7501.953125,1
3.2890625,15029.78515625,0.0,-8025.87890625,-26.85546875,1
3.29296875,15589.35546875,0.0,-406.73828125,-398.92578125,1
3.296875,13811.03515625,0.0,-6501.953125,-6501.953125,1
3.30078125,-2963.8671875,0.0,-8025.87890625,-8025.87890625,1
3.3046875,-15770.01953125,0.0,-406.73828125,-406.73828125,1
3.30859375,-7689.453125,0.0,-6501.953125,-6501.953125,1
3.3125,10973.6328125,0.0,-8025.87890625,-8025.87890625,1
3.31640625,15597.65625,0.0,-406.73828125,-406.73828125,1
3.3203125,1938.4765625,0.0,-6501.953125,-6501.953125,1
3.32421875,-15015.13671875,0.0,-8025.87890625,-8025.87890625,1
3.328125,15261.71875,0.0,-406.73828125,-406.73828125,1
3.33203125,814.453125,0.0,-6501.953125,-6501.953125,1
3.3359375,6978.515625,0.0,-8025.87890625,-8025.87890625,1
3.33984375,15457.03125,0.0,-406.73828125,-406.73828125,1
3.34375,7686.5234375,0.0,-6501.953125,-6501.953125,1
3.34765625,-7023.92578125,0.0,-8025.390625,-8025.87890625,1
3.3515625,-15410.15625,0.0,-398.92578125,-406.73828125,1
3.35546875,2186.03515625,0.0,-6376.953125,-6501.953125,1
3.359375,7063.96484375,0.0,-8025.87890625,-8025.87890625,1
3.36328125,-15371.58203125,0.0,-406.73828125,-406.73828125,1
3.3671875,-9062.01171875,0.0,-6501.953125,-6501.953125,1
3.37109375,-6949.70703125,0.0,-8025.390625,-8025.87890625,1
3.375,-15113.28125,0.0,-406.73828125,-406.73828125,1
3.37890625,8941.89453125,0.0,-8875.9765625,-6501.953125,1
3.3828125,-8910.15625,0.0,-4126.46484375,-8025.87890625,1
3.38671875,-14511.23046875,0.0,-6041.015625,-406.73828125,1
3.390625,5946.77734375,0.0,-6653.80859375,-6501.953125,1
3.39453125,-776.85546875,0.0,-10632.8125,-8025.87890625,1
3.3984375,-12347.16796875,0.0,-13246.09375,-406.73828125,1
3.40234375,-5793.9453125,0.0,11805.17578125,-6376.953125,1
3.40625,-10875.48828125,0.0,2318.84765625,-8025.87890625,1
3.41015625,-14245.1171875,0.0,0.0,-406.73828125,1
3.4140625,10826.66015625,5000.0,3500.0,-6501.953125,1
3.41796875,3076.66015625,241.69921875,-14000.0,13982.91015625,1
3.421875,14206.0546875,-12789.55078125,0.0,-1055.17578125,1
3.42578125,-5691.89453125,-12127.44140625,0.0,11123.53515625,1
3.4296875,2844.7265625,-43.45703125,0.0,-6045.8984375,1
3.43359375,12721.6796875,-320.80078125,0.0,-844.23828125,1
3.4375,14178.7109375,-6501.953125,0.0,-5751.953125,1
3.44140625,-15067.3828125,-6025.390625,14.16015625,-8026.3671875,1
3.4453125,13791.9921875,-398.92578125,0.0,-406.73828125,1
3.44921875,7048.33984375,-6376.953125,-15209.47265625,-6501.953125,1
3.453125,12782.71484375,-8025.87890625,7484.375,-8025.87890625,1
3.45703125,12924.8046875,-406.73828125,-1031.73828125,-406.73828125,1
3.4609375,-13950.68359375,-6501.953125,-7877.44140625,-6501.953125,1
3.46484375,-5154.296875,-8025.87890625,15977.05078125,-8025.87890625,1
3.46875,14174.8046875,-406.73828125,-406.73828125,-398.92578125,1
3.47265625,-72.75390625,-6501.953125,-6501.953125,-6501.953125,1
3.4765625,12806.15234375,-8025.87890625,-8025.87890625,-8025.87890625,1
3.48046875,13534.1796875,-406.73828125,-398.92578125,-398.92578125,1
3.484375,-444.3359375,-6501.953125,-6501.953125,-6501.953125,1
3.48828125,6928.22265625,-8025.390625,-8025.87890625,-8025.87890625,1
3.4921875,-15980.46875,-406.73828125,-398.92578125,-406.73828125,1
3.49609375,-15060.05859375,-6376.953125,-6501.953125,-6501.953125,1
3.5,-10942.87109375,-6025.87890625,-8025.390625,-8025.390625,1
3.50390625,-14011.23046875,-406.73828125,-406.73828125,-406.73828125,1
3.5078125,4692.3828125,-6501.953125,-6501.953125,-6501.953125,1
3.51171875,-4925.29296875,-8025.87890625,-8025.87890625,-8025.87890625,1
3.515625,-14355.46875,-406.73828125,-406.73828125,-406.73828125,1
3.51953125,-8054.19921875,-6501.953125,-6376.953125,-6501.953125,1
3.5234375,-829.58984375,-8025.390625,-8025.87890625,-8025.390625,1
3.52734375,-13620.60546875,-398.92578125,-406.73828125,-406.73828125,1
3.53125,1569.82421875,-6501.953125,-6501.953125,-6501.953125,1
3.53515625,-2859.375,-8025.87890625,-8025.390625,-8025.87890625,1
3.5390625,-13269.04296875,-406.73828125,-406.73828125,-406.73828125,1
3.54296875,10444.82421875,-6376.953125,-6501.953125,-6501.953125,1
3.546875,-10885.7421875,-6025.87890625,-8025.87890625,-8025.390625,1
3.55078125,-13761.23046875,-406.73828125,-406.73828125,-406.73828125,1
3.5546875,-12172.36328125,-6501.953125,-6501.953125,-6501.953125,1
3.55859375,-2778.3203125,-8025.390625,-8025.87890625,-8025.87890625,1
3.5625,-13675.29296875,-406.73828125,-406.73828125,-406.73828125,1
3.56640625,11074.21875,-6251.953125,-6501.953125,-6501.953125,1
3.5703125,-6808.59375,9974.12109375,-8025.87890625,-8025.87890625,1
3.57421875,-13097.16796875,-633.7890625,-406.73828125,-406.73828125,1
3.578125,-14798.33984375,15598.6328125,-6501.953125,-6501.953125,1
3.58203125,13245.1171875,-4668.45703125,-8025.87890625,-8025.87890625,1
3.5859375,-11573.2421875,-14215.33203125,-406.73828125,-406.73828125,1
3.58984375,14958.49609375,-2072.75390625,-6501.953125,-6501.953125,1
3.59375,-2666.50390625,8651.3671875,-8025.87890625,-8025.87890625,1
3.59765625,-11174.8046875,7469.7265625,-406.73828125,-406.73828125,1
3.6015625,14955.56640625,3258.7890625,-6501.953125,-6501.953125,1
3.60546875,-6734.375,4062.98828125,-8025.390625,-8025.87890625,1
3.609375,-11502.9296875,0.0,-406.73828125,-406.73828125,1
3.61328125,-10790.52734375,125.0,-6501.953125,-6501.953125,1
3.6171875,-12677.734375,4000.0,-8025.390625,-8025.87890625,1
3.62109375,-11018.5546875,0.0,-398.92578125,-406.73828125,1
3.625,-6292.48046875,0.0,-6501.953125,-6501.953125,1
3.62890625,-12698.2421875,0.0,11979.4921875,-8025.390625,1
3.6328125,-11268.5546875,0.0,-1118.1640625,-406.73828125,1
3.63671875,9206.0546875,0.0,-8888.18359375,-6501.953125,1
3.640625,-14706.0546875,0.0,5726.5625,-8025.87890625,1
3.64453125,-10698.2421875,0.0,-4782.71484375,-406.73828125,1
3.6484375,-6043.45703125,0.0,11220.703125,-6501.953125,1
3.65234375,13322.265625,0.0,-542.48046875,-8025.87890625,1
3.65625,-10416.9921875,0.0,-9026.3671875,-437.98828125,1
3.66015625,-7543.45703125,0.0,-45.41015625,-5628.41796875,1
3.6640625,-10704.1015625,0.0,9183.59375,-96.6796875,1
3.66796875,-11597.16796875,0.0,-14582.03125,-2172.8515625,1
3.671875,-1672.36328125,0.0,1558.10546875,-6259.765625,1
3.67578125,-2760.7421875,0.0,-11143.06640625,-8170.8984375,1
3.6796875,-11549.8046875,0.0,13502.9296875,-2289.55078125,1
3.68359375,-13794.921875,0.0,15918.9453125,1238.76953125,1
3.6875,3261.71875,0.0,-5368.65234375,7799.8046875,1
3.69140625,-11784.1796875,0.0,9017.08984375,-3032.2265625,1
3.6953125,8456.0546875,0.0,-1597.16796875,-14636.23046875,1
3.69921875,-12713.8671875,0.0,-1577.63671875,5811.03515625,1
3.703125,-10791.50390625,0.0,5805.6640625,-3040.0390625,1
3.70703125,4085.9375,0.0,-11857.91015625,-11388.18359375,1
3.7109375,1338.8671875,0.0,-11820.80078125,-6274.4140625,1
3.71484375,-10823.2421875,0.0,1445.3125,-4813.96484375,1
3.71875,-15915.0390625,0.0,3875.0,14356.4453125,1
3.72265625,-599.12109375,0.0,1.46484375,-4280.76171875,1
3.7265625,-9486.81640625,0.0,0.0,-4548.33984375,1
3.73046875,10961.42578125,0.0,0.0,-8020.01953125,1
3.734375,5372.0703125,0.0,0.0,15673.33984375,1
3.73828125,-9354.00390625,0.0,0.0,-4837.40234375,1
3.7421875,14339.35546875,0.0,0.0,-12019.04296875,1
3.74609375,7424.8046875,0.0,0.0,5687.01171875,1
3.75,-8736.81640625,0.0,0.0,-4642.08984375,1
3.75390625,-11287.59765625,0.0,0.0,-8646.484375,1
3.7578125,1399.90234375,0.0,0.0,-10349.609375,1
3.76171875,-8783.69140625,0.0,0.0,-4907.71484375,1
3.765625,-4533.203125,0.0,0.0,-5516.6015625,1
3.76953125,7472.65625,0.0,0.0,11766.6015625,1
3.7734375,-8096.19140625,0.0,0.0,-3415.52734375,1
3.77734375,14710.44921875,0.0,0.0,-1894.53125,1
3.78125,3390.625,0.0,0.0,-14300.29296875,1
3.78515625,-9260.25390625,0.0,0.0,-4657.71484375,1
3.7890625,12090.33203125,0.0,0.0,-14142.578125,1
3.79296875,1437.5,0.0,0.0,-10280.2734375,1
3.796875,-8869.62890625,0.0,0.0,-4735.83984375,1
3.80078125,-10285.64453125,0.0,0.0,-13645.99609375,1
3.8046875,13412.59765625,0.0,0.0,-6355.46875,1
3.80859375,-9213.37890625,0.0,0.0,-5712.40234375,1
3.8125,-14035.15625,0.0,0.0,5602.5390625,1
3.81640625,-12560.05859375,0.0,0.0,5630.859375,1
3.8203125,-8393.06640625,0.0,0.0,-5821.77734375,1
3.82421875,-7534.66796875,0.0,0.0,101.07421875,1
3.828125,5410.64453125,0.0,0.0,9587.890625,1
3.83203125,-10229.4921875,0.0,0.0,-7470.703125,1
3.8359375,-3911.62109375,0.0,0.0,5972.16796875,1
3.83984375,15440.4296875,0.0,0.0,-421.875,1
3.84375,-9869.62890625,0.0,0.0,-7517.578125,1
3.84765625,5086.42578125,0.0,0.0,6594.23828125,1
3.8515625,13354.4921875,0.0,0.0,-2508.7890625,1
3.85546875,-10315.4296875,0.0,0.0,-8064.453125,1
3.859375,-2539.0625,0.0,0.0,3470.21484375,1
3.86328125,-6599.12109375,0.0,0.0,3533.203125,1
3.8671875,-9666.50390625,0.0,0.0,-7814.94140625,1
3.87109375,1085.44921875,0.0,0.0,-4657.71484375,1
3.875,1377.44140625,0.0,0.0,-500.0,1
3.87890625,-9838.8671875,0.0,0.0,-7979.00390625,1
3.8828125,-8042.48046875,0.0,0.0,-6408.203125,1
3.88671875,-12683.59375,0.0,0.0,7475.09765625,1
3.890625,-10823.2421875,0.0,0.0,-8260.25390625,1
3.89453125,-10041.015625,0.0,0.0,-2906.25,1
3.8984375,-4640.13671875,0.0,0.0,5512.20703125,1
3.90234375,-10682.6171875,0.0,0.0,-8096.19140625,1
3.90625,13581.54296875,0.0,0.0,-6032.2265625,1
3.91015625,13331.54296875,0.0,0.0,5503.90625,1
3.9140625,-10362.3046875,0.0,0.0,-7580.078125,1
3.91796875,-4917.48046875,0.0,0.0,10219.23828125,1
3.921875,15365.72265625,0.0,0.0,-4449.70703125,1
3.92578125,-9362.3046875,0.0,0.0,-6673.828125,1
3.9296875,-5166.50390625,0.0,0.0,3592.7734375,1
3.93359375,3363.76953125,0.0,0.0,3511.23046875,1
3.9375,-10245.1171875,0.0,0.0,-7783.203125,1
3.94140625,-2914.0625,0.0,0.0,6096.6796875,1
3.9453125,7364.74609375,0.0,0.0,-12466.30859375,1
3.94921875,-10315.4296875,0.0,0.0,-8088.37890625,1
3.953125,-2540.0390625,0.0,0.0,-2657.2265625,1
3.95703125,15362.3046875,0.0,0.0,-6510.25390625,1
3.9609375,-10143.5546875,0.0,0.0,-8080.078125,1
3.96484375,-4790.52734375,0.0,0.0,843.75,1
3.96875,1363.28125,0.0,0.0,3502.44140625,1
3.97265625,-10534.1796875,0.0,0.0,-8095.703125,1
3.9765625,-8290.52734375,0.0,0.0,2595.703125,1
3.98046875,9312.5,0.0,0.0,-4489.2578125,1
3.984375,-11221.6796875,0.0,0.0,-7931.640625,1
3.98828125,-7166.015625,0.0,0.0,12096.6796875,1
3.9921875,1307.6171875,0.0,0.0,-6470.21484375,1
3.99609375,-11057.6171875,0.0,0.0,-7400.390625,1
4.0,13706.0546875,0.0,0.0,10471.19140625,0
4.00390625,1303.22265625,0.0,0.0,5541.50390625,0
4.0078125,-10995.1171875,0.0,0.0,-7236.328125,0
4.01171875,13829.58984375,0.0,0.0,12970.21484375,0
4.015625,13265.13671875,0.0,0.0,-6475.09765625,0
4.01953125,-11502.9296875,0.0,0.0,-7376.953125,0
4.0234375,3576.66015625,0.0,0.0,5843.75,0
4.02734375,7239.74609375,0.0,0.0,13518.06640625,0
4.03125,-11901.3671875,0.0,0.0,-7564.453125,0
4.03515625,3455.078125,0.0,0.0,3970.21484375,0
4.0390625,-8712.40234375,0.0,0.0,1511.23046875,0
4.04296875,-10916.9921875,0.0,0.0,-7634.765625,0
4.046875,15580.078125,0.0,0.0,3091.796875,0
4.05078125,-12681.15234375,0.0,0.0,-8496.09375,0
4.0546875,-10893.5546875,0.0,0.0,-7986.81640625,0
4.05859375,12079.58984375,0.0,0.0,-7658.203125,0
4.0625,-6692.87109375,0.0,0.0,-6499.0234375,0
4.06640625,-10799.8046875,0.0,0.0,-7642.578125,0
4.0703125,13208.984375,0.0,0.0,2596.19140625,0
4.07421875,-8598.6328125,0.0,0.0,7572.75390625,0
4.078125,-10831.0546875,0.0,0.0,-7955.56640625,0
4.08203125,4079.58984375,0.0,0.0,-13908.69140625,0
4.0859375,-10711.9140625,0.0,0.0,1485.3515625,0
4.08984375,-11252.9296875,0.0,0.0,-7884.765625,0
4.09375,10328.125,0.0,0.0,341.796875,0
4.09765625,-4754.39453125,0.0,0.0,-10524.4140625,0
4.1015625,-11518.5546875,0.0,0.0,-8150.87890625,0
4.10546875,11955.078125,0.0,0.0,-1031.73828125,0
4.109375,-10704.1015625,0.0,0.0,13491.2109375,0
4.11328125,-11026.3671875,0.0,0.0,-8275.87890625,0
4.1171875,-11541.015625,0.0,0.0,-1155.2734375,0
4.12109375,-6648.4375,0.0,0.0,3505.37109375,0
4.125,-10424.8046875,0.0,0.0,-8229.00390625,0
4.12890625,-7541.015625,0.0,0.0,-2780.76171875,0
4.1328125,-12650.87890625,0.0,0.0,7512.6953125,0
4.13671875,-10635.7421875,0.0,0.0,-7798.828125,0
4.140625,-12793.45703125,0.0,0.0,7845.703125,0
4.14453125,1292.48046875,0.0,0.0,-6453.61328125,0
4.1484375,-11393.5546875,0.0,0.0,-7056.640625,0
4.15234375,10580.078125,0.0,0.0,-15652.83203125,0
4.15625,7279.78515625,0.0,0.0,7525.390625,0
4.16015625,-11370.1171875,0.0,0.0,-8009.765625,0
4.1640625,-7915.0390625,0.0,0.0,10223.14453125,0
4.16796875,-14718.75,0.0,0.0,-12494.140625,0
4.171875,-11620.1171875,0.0,0.0,-8142.578125,0
4.17578125,-15666.9921875,0.0,0.0,7722.16796875,0
4.1796875,-12679.6875,0.0,0.0,3553.22265625,0
4.18359375,-11065.4296875,0.0,39.0625,-7095.703125,0
4.1875,14956.0546875,0.0,2750.9765625,-13403.3203125,0
4.19140625,5281.73828125,0.0,-13961.9140625,-8462.890625,0
4.1953125,-11612.3046875,0.0,945.3125,-7244.140625,0
4.19921875,10956.0546875,0.0,-10743.65234375,-12150.87890625,0
4.203125,9272.94921875,0.0,-15884.27734375,15578.125,0
4.20703125,-12433.10546875,0.0,1930.17578125,-7181.640625,0
4.2109375,-10672.8515625,0.0,1632.8125,9221.6796875,0
4.21484375,15265.625,0.0,-11865.234375,7571.77734375,0
4.21875,-11635.7421875,0.0,2344.23828125,-6533.203125,0
4.22265625,5454.1015625,0.0,2008.30078125,-13277.83203125,0
4.2265625,11251.46484375,0.0,-5860.3515625,3554.19921875,0
4.23046875,-12049.8046875,0.0,2203.61328125,-7150.390625,0
4.234375,1075.68359375,0.0,9384.765625,-15903.3203125,0
4.23828125,5180.6640625,0.0,12162.109375,11527.83203125,0
4.2421875,-12823.73046875,39.0625,2937.98828125,-7181.640625,0
4.24609375,15325.1953125,0.9765625,11137.20703125,12722.16796875,0
4.25,-6811.03515625,14035.64453125,221.19140625,-12458.984375,0
4.25390625,-13956.54296875,148.4375,2820.80078125,-8080.078125,0
4.2578125,6696.77734375,4000.9765625,9258.7890625,2594.23828125,0
4.26171875,1150.390625,0.0,14125.48828125,1500.9765625,0
4.265625,-13433.10546875,0.0,2078.125,-7962.890625,0
4.26953125,7321.77734375,1375.9765625,-368.1640625,4095.21484375,0
4.2734375,-12858.88671875,10025.87890625,4097.16796875,-10479.98046875,0
4.27734375,-13323.73046875,476.5625,1789.0625,-7494.140625,0
4.28125,-13425.78125,2500.9765625,-617.67578125,9345.703125,0
4.28515625,-6786.62109375,10037.59765625,6118.65234375,-12445.3125,0
4.2890625,-13034.66796875,117.1875,1617.1875,-7306.640625,0
4.29296875,6447.75390625,0.0,-9494.140625,3970.703125,0
4.296875,-12814.94140625,4000.0,-1895.5078125,11561.03515625,0
4.30078125,-12909.66796875,0.0,1570.3125,-6775.390625,0
4.3046875,-14676.7578125,0.0,-6369.62890625,-11152.34375,0
4.30859375,-8834.47265625,0.0,6073.73046875,7546.38671875,0
4.3125,-12956.54296875,0.0,1281.25,-6900.390625,0
4.31640625,-7673.828125,0.0,-10247.0703125,-5649.90234375,0
4.3203125,-6785.64453125,0.0,-7984.86328125,-404.296875,0
4.32421875,-12519.04296875,0.0,164.0625,-6353.515625,0
4.328125,-4672.8515625,0.0,1125.0,-2648.92578125,0
4.33203125,11183.10546875,0.0,0.0,-6400.390625,0
4.3359375,-13550.29296875,0.0,0.0,-6658.203125,0
4.33984375,10698.73046875,0.0,0.0,-9400.390625,0
4.34375,3186.5234375,0.0,0.0,-8388.18359375,0
4.34765625,-13198.73046875,0.0,0.0,-6431.15234375,0
4.3515625,-10548.828125,0.0,0.0,602.05078125,0
4.35546875,-4795.8984375,0.0,0.0,-10391.6015625,0
4.359375,-12581.54296875,0.0,0.0,-6189.453125,0
4.36328125,-9675.29296875,0.0,0.0,-5400.390625,0
4.3671875,-794.921875,0.0,0.0,15591.30859375,0
4.37109375,-12260.7421875,0.0,0.0,-6251.46484375,0
4.375,1076.171875,0.0,0.0,3601.07421875,0
4.37890625,-6787.59765625,0.0,0.0,-14390.625,0
4.3828125,-12425.29296875,0.0,0.0,-6165.52734375,0
4.38671875,-4298.33984375,0.0,0.0,2727.05078125,0
4.390625,11226.5625,0.0,0.0,1625.48828125,0
4.39453125,-12073.73046875,0.0,0.0,-5821.77734375,0
4.3984375,-1923.828125,0.0,0.0,2101.5625,0
4.40234375,-14783.69140625,0.0,0.0,-6389.16015625,0
4.40625,-12315.91796875,0.0,0.0,-6353.515625,0
4.41015625,-546.38671875,0.0,0.0,-2399.4140625,0
4.4140625,7270.5078125,0.0,0.0,11618.65234375,0
4.41796875,-11604.4921875,0.0,0.0,-6024.90234375,0
4.421875,14207.03125,0.0,0.0,5102.05078125,0
4.42578125,1312.5,0.0,0.0,-2390.13671875,0
4.4296875,-10956.0546875,0.0,0.0,-6400.390625,0
4.43359375,13457.51953125,0.0,0.0,-12525.87890625,0
4.4375,15323.73046875,0.0,0.0,-14401.85546875,0
4.44140625,-11174.8046875,0.0,0.0,-6603.515625,0
4.4453125,9455.56640625,0.0,0.0,-11026.85546875,0
4.44921875,5313.4765625,0.0,0.0,11590.33203125,0
4.453125,-10893.5546875,0.0,0.0,-6501.953125,0
4.45703125,13081.54296875,0.0,0.0,-13151.3671875,0
4.4609375,1352.5390625,0.0,0.0,1603.515625,0
4.46484375,-9870.1171875,0.0,0.0,-6048.828125,0
4.46875,-1290.0390625,0.0,0.0,-3775.87890625,0
4.47265625,11351.07421875,0.0,0.0,-10406.25,0
4.4765625,-10260.25390625,0.0,0.0,-6205.078125,0
4.48046875,585.9375,0.0,0.0,-1898.4375,0
4.484375,-6610.83984375,0.0,0.0,1631.8359375,0
4.48828125,-10057.6171875,0.0,0.0,-6142.578125,0
4.4921875,-8791.50390625,0.0,0.0,-7524.4140625,0
4.49609375,-8660.15625,0.0,0.0,3621.09375,0
4.5,-10284.1796875,0.0,0.0,-5806.15234375,0
4.50390625,-40.52734375,0.0,0.0,7727.5390625,0
4.5078125,-4661.62109375,0.0,0.0,-12354.98046875,0
4.51171875,-10416.9921875,0.0,0.0,-5321.77734375,0
4.515625,-1416.015625,0.0,0.0,15104.00390625,0
4.51953125,-2679.6875,0.0,0.0,-352.5390625,0
4.5234375,-10846.6796875,0.0,0.0,-5313.96484375,0
4.52734375,-12917.96875,0.0,0.0,12854.00390625,0
4.53125,3316.40625,0.0,0.0,3665.52734375,0
4.53515625,-10862.3046875,0.0,0.0,-5290.52734375,0
4.5390625,-11541.50390625,0.0,0.0,14479.98046875,0
4.54296875,-6649.90234375,0.0,0.0,-2315.4296875,0
4.546875,-10206.0546875,0.0,0.0,-4970.21484375,0
4.55078125,-5041.50390625,0.0,0.0,14728.515625,0
4.5546875,-10658.203125,0.0,0.0,-8338.37890625,0
4.55859375,-10260.7421875,0.0,0.0,-5196.77734375,0
4.5625,-3914.55078125,0.0,0.0,9729.00390625,0
4.56640625,-8605.46875,0.0,0.0,-2300.78125,0
4.5703125,-9885.7421875,0.0,0.0,-4985.83984375,0
4.57421875,-1039.55078125,0.0,0.0,12854.4921875,0
4.578125,-14631.34765625,0.0,0.0,9659.1796875,0
4.58203125,-10189.94140625,0.0,0.0,-5634.27734375,0
4.5859375,586.42578125,0.0,0.0,12729.98046875,0
4.58984375,1372.55859375,0.48828125,0.0,11676.26953125,0
4.59375,-10198.2421875,78.125,0.0,-4938.96484375,0
4.59765625,-7791.9921875,625.0,0.0,14728.515625,0
4.6015625,13312.01171875,0.48828125,0.0,13647.4609375,0
4.60546875,-11213.8671875,7.8125,0.0,-5595.21484375,0
4.609375,11206.0546875,1750.48828125,0.0,2601.07421875,0
4.61328125,11303.22265625,-7991.69921875,0.0,1617.67578125,0
4.6171875,-11299.8046875,15.625,0.0,-6134.27734375,0
4.62109375,13456.54296875,1000.48828125,0.0,1352.5390625,0
4.625,-8702.1484375,6020.99609375,0.0,5648.4375,0
4.62890625,-11479.4921875,335.9375,0.0,-5524.90234375,0
4.6328125,8704.58984375,3750.48828125,125.0,7478.02734375,0
4.63671875,5257.8125,14000.0,4000.0,5640.625,0
4.640625,-11877.9296875,281.25,0.0,-5728.02734375,0
4.64453125,2453.125,9625.48828125,125.0,5352.5390625,0
4.6484375,-14755.37109375,-8000.0,6000.0,-14368.65234375,0
4.65234375,-12010.7421875,7.8125,0.0,-5704.58984375,0
4.65625,4328.125,0.0,6250.48828125,13979.4921875,0
4.66015625,9251.46484375,0.0,-1980.95703125,-14328.125,0
4.6640625,-12222.16796875,0.0,617.1875,-5392.578125,0
4.66796875,-14051.26953125,0.0,7627.44140625,-273.4375,0
4.671875,13170.41015625,0.0,-1940.91796875,1641.6015625,0
4.67578125,-13378.41796875,0.0,1109.375,-5563.96484375,0
4.6796875,4819.82421875,0.0,-12496.09375,7978.02734375,0
4.68359375,-14865.234375,4006.8359375,4071.77734375,11660.64453125,0
4.6875,-13878.90625,78.125,1171.875,-5548.33984375,0
4.69140625,-3805.6640625,0.0,-15620.60546875,3602.5390625,0
4.6953125,13114.2578125,-11970.703125,-3924.31640625,-8358.88671875,0
4.69921875,-14402.34375,523.4375,1210.9375,-6041.015625,0
4.703125,-4556.15234375,5000.9765625,-8244.62890625,-274.4140625,0
4.70703125,-2916.50390625,4020.5078125,2067.87109375,7553.22265625,0
4.7109375,-14933.59375,203.125,1117.1875,-7854.00390625,0
4.71484375,9937.98828125,1000.9765625,-12996.58203125,-3407.71484375,0
4.71875,-999.0234375,2029.296875,-13952.63671875,5461.42578125,0
4.72265625,15651.85546875,867.1875,695.3125,-9158.69140625,0
4.7265625,-3686.03515625,-11370.1171875,6751.953125,11089.35546875,0
4.73046875,5013.671875,2050.78125,14020.99609375,5414.55078125,0
4.734375,15722.16796875,781.25,257.8125,-9658.69140625,0
4.73828125,-938.4765625,12626.46484375,4250.0,6836.9140625,0
4.7421875,4965.33203125,-5958.984375,0.0,7383.7890625,0
4.74609375,15511.23046875,632.8125,0.0,-9979.4921875,0
4.75,-9563.96484375,8252.44140625,0.0,-1664.0625,0
4.75390625,2997.55859375,6020.01953125,0.0,-6619.140625,0
4.7578125,15917.48046875,656.25,0.0,-9939.94140625,0
4.76171875,-6937.98828125,15630.859375,0.0,1338.37890625,0
4.765625,-6996.09375,-9905.76171875,0.0,13437.5,0
4.76953125,15737.79296875,531.25,0.0,-9010.25390625,0
4.7734375,-8064.453125,13005.37109375,0.0,13214.84375,0
4.77734375,-3035.64453125,-7907.2265625,0.0,-10552.24609375,0
4.78125,14901.85546875,1320.80078125,0.0,-9604.00390625,0
4.78515625,-8313.96484375,631.8359375,0.0,14465.33203125,0
4.7890625,-5078.125,-13950.1953125,0.0,-12610.3515625,0
4.79296875,14589.35546875,1805.17578125,0.0,-9814.94140625,0
4.796875,-14065.4296875,-7358.3984375,0.0,10589.35546875,0
4.80078125,948.73046875,-1685.546875,0.0,1435.05859375,0
4.8046875,15581.54296875,5274.4140625,15.625,-8604.00390625,0
4.80859375,-15691.40625,6146.97265625,125.0,11211.9140625,0
4.8125,6987.3046875,2380.37109375,-15926.7578125,-8575.1953125,0
4.81640625,15933.59375,5868.65234375,3157.71484375,-9197.75390625,0
4.8203125,7690.4296875,-13470.21484375,9163.57421875,-12784.66796875,0
4.82421875,9040.0390625,621.58203125,-13125.0,-6563.96484375,0
4.828125,-15308.59375,12925.78125,-12767.08984375,-9080.56640625,0
4.83203125,11064.453125,9585.44921875,10498.53515625,12586.42578125,0
4.8359375,-4872.55859375,-2348.14453125,-8033.69140625,13443.359375,0
4.83984375,-14277.34375,-5329.58984375,-492.67578125,-9197.75390625,0
4.84375,14693.359375,-11881.8359375,-6001.953125,463.8671875,0
4.84765625,-10919.921875,-4020.01953125,-8025.87890625,-12572.75390625,0
4.8515625,-14519.53125,-469.23828125,-398.92578125,-9025.87890625,0
4.85546875,-4935.05859375,-6751.953125,-6501.953125,-13162.59765625,0
4.859375,-2970.703125,-6025.87890625,-8025.87890625,15382.32421875,0
4.86328125,-14667.96875,-406.73828125,-406.73828125,-8838.37890625,0
4.8671875,-14058.59375,-6376.953125,-6501.953125,-13410.15625,0
4.87109375,3066.89453125,-8025.87890625,-8025.87890625,-10541.9921875,0
4.875,-15230.46875,-406.73828125,-406.73828125,-9033.69140625,0
4.87890625,8938.96484375,-6501.953125,-6501.953125,10713.37890625,0
4.8828125,-14966.30859375,-6025.87890625,-8025.87890625,1407.2265625,0
4.88671875,-15160.15625,-406.73828125,-406.73828125,-9205.56640625,0
4.890625,12188.96484375,-6501.953125,-6501.953125,10586.42578125,0
4.89453125,9019.53125,-6025.87890625,-8025.87890625,-2615.72265625,0
4.8984375,15917.48046875,-406.73828125,-398.92578125,-10237.3046875,0
4.90234375,-1938.4765625,-6501.953125,-6501.953125,-2414.0625,0
4.90625,10925.29296875,-8025.87890625,-10025.87890625,7330.078125,0
4.91015625,14034.66796875,-406.73828125,-406.73828125,-11393.5546875,0
4.9140625,5556.15234375,-6501.953125,-6501.953125,12331.0546875,0
4.91796875,-13101.07421875,-8025.87890625,-8025.87890625,3313.96484375,0
4.921875,14862.79296875,-406.73828125,-406.73828125,-10729.4921875,0
4.92578125,174.31640625,-6501.953125,-6501.953125,6200.1953125,0
4.9296875,4784.1796875,-8025.87890625,-8025.87890625,-14810.05859375,0
4.93359375,12283.69140625,-406.73828125,-406.73828125,-12925.29296875,0
4.9375,-457.03125,-6501.953125,-6501.953125,-12428.22265625,0
4.94140625,656.25,-8025.87890625,-8025.87890625,-14884.765625,0
4.9453125,11979.4921875,-406.73828125,-406.73828125,-12714.35546875,0
4.94921875,7672.8515625,-6501.953125,-6501.953125,-1297.8515625,0
4.953125,6695.3125,-8025.87890625,-8025.87890625,11170.41015625,0
4.95703125,10729.00390625,-406.73828125,-406.73828125,-13815.91796875,0
4.9609375,-15836.42578125,-6501.953125,-6376.953125,8693.84765625,0
4.96484375,-11431.15234375,-8025.87890625,-6025.390625,5045.8984375,0
4.96875,9274.90234375,-406.73828125,-406.73828125,-15043.45703125,0
4.97265625,-4848.14453125,-6501.953125,-6501.953125,-8817.3828125,0
4.9765625,2477.5390625,-8025.87890625,-8025.87890625,12997.0703125,0
4.98046875,6938.96484375,-406.73828125,-406.73828125,15519.04296875,0
4.984375,9026.3671875,-6501.953125,-6501.953125,-14316.89453125,0
4.98828125,-5538.0859375,-8025.87890625,-8025.87890625,-15037.109375,0
4.9921875,7384.27734375,-398.92578125,-406.73828125,15519.04296875,0
4.99609375,-5345.21484375,-7875.9765625,-6501.953125,-7440.4296875,0
5.0,478.02734375,9907.2265625,-8025.87890625,-9046.38671875,0
5.00390625,7735.83984375,-2821.2890625,-406.73828125,15323.73046875,0
5.0078125,-4719.7265625,-7886.23046875,-6501.953125,-9689.94140625,0
5.01171875,8473.6328125,-8240.234375,-8025.87890625,-7057.12890625,0
5.015625,7634.765625,-3805.6640625,-398.92578125,15120.60546875,0
5.01953125,5156.73828125,-10022.4609375,-6502.44140625,-4064.453125,0
5.0234375,-9500.48828125,-4557.12890625,-10014.6484375,12952.63671875,0
5.02734375,8259.765625,-9776.3671875,-2017.578125,15300.29296875,0
5.03125,4905.76171875,1819.82421875,-2409.66796875,-12316.89453125,0
5.03515625,-15478.02734375,5082.03125,9286.1328125,-7051.26953125,0
5.0390625,9181.640625,-15527.83203125,-14090.33203125,15815.91796875,0
5.04296875,12406.73828125,3051.26953125,-1451.66015625,-6066.89453125,0
5.046875,522.4609375,12807.12890625,-3372.0703125,938.4765625,0
5.05078125,9001.953125,13143.5546875,9438.96484375,15527.34375,0
5.0546875,-5087.890625,-6819.3359375,-11353.515625,5439.453125,0
5.05859375,10523.4375,10825.68359375,-15744.62890625,969.23828125,0
5.0625,8384.765625,12940.4296875,3516.11328125,15675.78125,0
5.06640625,15160.64453125,12173.33984375,3250.0,2063.4765625,0
5.0703125,-13421.38671875,12789.55078125,-13962.890625,3031.25,0
5.07421875,8791.015625,12768.5546875,617.1875,-15840.33203125,0
5.078125,8658.69140625,9047.36328125,0.0,-2187.98828125,0
5.08203125,-13489.2578125,-3281.25,2000.48828125,-5028.3203125,0
5.0859375,8150.390625,11713.8671875,0.0,15534.66796875,0
5.08984375,7031.25,3282.2265625,0.0,-7816.40625,0
5.09375,6453.125,10316.40625,0.0,-5093.26171875,0
5.09765625,7189.453125,5305.6640625,0.0,14589.84375,0
5.1015625,7029.296875,4256.34765625,0.0,810.05859375,0
5.10546875,-7606.4453125,2038.57421875,0.0,-13103.02734375,0
5.109375,6876.46484375,203.125,0.0,15292.96875,0
5.11328125,-842.7734375,5626.953125,0.0,4938.4765625,0
5.1171875,-13490.72265625,4000.0,0.0,-2992.67578125,0
5.12109375,8806.640625,0.0,0.0,-15121.09375,0
5.125,9157.2265625,125.0,0.0,7937.5,0
5.12890625,14513.18359375,0.0,0.0,13027.34375,0
5.1328125,8509.765625,0.0,0.0,-14823.73046875,0
5.13671875,-6838.8671875,0.0,0.0,1944.82421875,0
5.140625,530.76171875,0.0,0.0,-6906.73828125,0
5.14453125,8462.890625,0.0,0.0,-14292.48046875,0
5.1484375,10787.59765625,0.0,0.0,1949.70703125,0
5.15234375,-3340.33203125,0.0,0.0,7268.06640625,0
5.15625,9423.828125,0.0,0.0,-12636.23046875,0
5.16015625,-15209.9609375,0.0,0.0,12202.63671875,0
5.1640625,-3303.22265625,0.0,0.0,-12712.40234375,0
5.16796875,10658.69140625,0.0,0.0,-11948.73046875,0
5.171875,5166.50390625,0.0,0.0,-1421.38671875,0
5.17578125,-15279.78515625,0.0,0.0,13302.734375,0
5.1796875,10799.31640625,0.0,0.0,-11666.9921875,0
5.18359375,-11956.0546875,0.0,0.0,12831.54296875,0
5.1875,12611.328125,0.0,0.0,-4778.3203125,0
5.19140625,10103.515625,0.0,0.0,-11932.6171875,0
5.1953125,-1461.42578125,0.0,0.0,1453.61328125,0
5.19921875,2590.33203125,0.0,0.0,1240.234375,0
5.203125,8728.515625,0.0,0.0,-12870.60546875,0
5.20703125,9278.80859375,0.0,0.0,13944.3359375,0
5.2109375,-7623.53515625,0.0,0.0,15011.23046875,0
5.21484375,3953.125,0.0,0.0,14166.50390625,0
5.21875,15000.0,0.0,0.0,-10089.84375,0
5.22265625,4.39453125,0.0,0.0,-3611.328125,0
5.2265625,0.0,0.0,0.0,2000.0,0
5.23046875,0.0,0.0,0.0,0.0,0
5.234375,0.0,0.0,0.0,-13998.046875,0
5.23828125,0.0,0.0,0.0,0.0,0
5.2421875,0.0,0.0,0.0,0.0,0
5.24609375,0.0,0.0,0.0,0.0,0
5.25,0.0,0.0,0.0,0.0,0
5.25390625,0.0,0.0,0.0,0.0,0
5.2578125,0.0,0.0,0.0,0.0,0
5.26171875,0.0,0.0,0.0,0.0,0
5.265625,0.0,0.0,0.0,0.0,0
5.26953125,0.0,0.0,0.0,0.0,0
5.2734375,0.0,0.0,0.0,0.0,0
5.27734375,0.0,0.0,0.0,0.0,0
5.28125,0.0,0.0,0.0,0.0,0
5.28515625,0.0,0.0,0.0,0.0,0
5.2890625,0.0,0.0,0.0,0.0,0
5.29296875,0.0,0.0,0.0,0.0,0
5.296875,0.0,0.0,0.0,0.0,0
5.30078125,0.0,0.0,0.0,0.0,0
5.3046875,0.0,0.0,0.0,0.0,0
5.30859375,0.0,0.0,0.0,0.0,0
5.3125,0.0,0.0,0.0,0.0,0
5.31640625,0.0,0.0,0.0,0.0,0
5.3203125,0.0,0.0,0.0,0.0,0
5.32421875,0.0,0.0,0.0,0.0,0
5.328125,0.0,0.0,0.0,0.0,0
5.33203125,0.0,0.0,0.0,0.0,0
5.3359375,0.0,0.0,0.0,0.0,0
5.33984375,0.0,0.0,0.0,0.0,0
5.34375,0.0,0.0,0.0,0.0,0
5.34765625,0.0,0.0,0.0,0.0,0
5.3515625,0.0,0.0,0.0,0.0,0
5.35546875,0.0,0.0,0.0,0.0,0
5.359375,0.0,0.0,0.0,0.0,0
5.36328125,0.0,0.0,0.0,12.6953125,0
5.3671875,0.0,0.0,0.0,179.6875,0
5.37109375,0.0,0.0,0.0,0.0,0
5.375,0.0,0.0,0.0,2000.0,0
5.37890625,0.0,0.0,0.0,0.0,0
5.3828125,0.0,0.48828125,0.0,0.0,0
5.38671875,0.0,-11994.140625,0.0,10000.0,0
5.390625,0.0,705.56640625,0.0,320.3125,0
5.39453125,0.0,9850.09765625,0.0,10125.0,0
5.3984375,0.0,-12016.11328125,0.0,0.0,0
5.40234375,0.0,-687.98828125,0.0,70.3125,0
5.40625,0.0,-7626.46484375,0.0,501.46484375,0
5.41015625,0.0,1974.609375,0.0,6215.8203125,0
5.4140625,0.0,-398.92578125,0.0,8205.078125,0
5.41796875,0.0,-6376.953125,0.0,13409.1796875,0
5.421875,0.0,-6025.390625,0.0,-3306.640625,0
5.42578125,0.0,-398.92578125,0.0,12378.41796875,0
5.4296875,0.0,-6376.953125,0.0,4061.5234375,0
5.43359375,0.0,-6025.390625,0.0,13085.44921875,0
5.4375,0.0,-398.92578125,0.0,-12502.9296875,0
5.44140625,0.0,-6376.953125,0.0,-7659.66796875,0
5.4453125,0.0,-6025.390625,0.0,1555.17578125,0
5.44921875,0.0,-398.92578125,0.0,-4985.3515625,0
5.453125,0.0,-6376.953125,0.0,6490.72265625,0
5.45703125,6000.0,-6025.390625,0.0,11888.671875,0
5.4609375,234.375,-406.73828125,0.0,-1078.61328125,0
5.46484375,-13742.67578125,-6376.953125,0.0,-5501.953125,0
5.46875,-5828.125,-6025.390625,0.0,-14026.3671875,0
5.47265625,3930.6640625,-398.92578125,0.0,-406.73828125,0
5.4765625,-13852.5390625,-6376.953125,0.0,-6501.953125,0
5.48046875,-15574.21875,-8025.87890625,0.0,-8025.87890625,0
5.484375,7869.140625,-406.73828125,0.0,-406.73828125,0
5.48828125,12661.1328125,-6501.953125,0.0,-6501.953125,0
5.4921875,-7414.55078125,-6025.390625,0.0,-8025.87890625,0
5.49609375,10713.37890625,-398.92578125,0.0,-406.73828125,0
5.5,-15082.51953125,-6376.953125,0.0,-6501.953125,0
5.50390625,-15255.37109375,-6025.87890625,0.0,-8025.87890625,0
5.5078125,11588.37890625,-398.92578125,0.0,-406.73828125,0
5.51171875,-4328.125,-6376.953125,0.0,-6501.953125,0
5.515625,-3253.41796875,-8025.87890625,0.0,-8025.87890625,0
5.51953125,12385.7421875,-398.92578125,0.0,-406.73828125,0
5.5234375,11801.26953125,-6376.953125,0.0,-6501.953125,0
5.52734375,-13110.3515625,-6025.390625,0.0,-8025.87890625,0
5.53125,14901.85546875,-406.73828125,0.0,-406.73828125,0
5.53515625,15559.08203125,-6376.953125,0.0,-6501.953125,0
5.5390625,2940.91796875,-8032.2265625,0.0,-8025.390625,0
5.54296875,15229.98046875,-305.6640625,0.0,-406.73828125,0
5.546875,-3062.5,-274.90234375,0.0,-6501.953125,0
5.55078125,-2981.93359375,-4632.32421875,0.0,-8025.87890625,0
5.5546875,-15152.34375,-13348.14453125,0.0,-406.73828125,0
5.55859375,-13307.6171875,-7321.2890625,0.0,-6501.953125,0
5.5625,7123.046875,-1205.078125,0.0,-8025.87890625,0
5.56640625,-12862.79296875,11713.37890625,0.0,-406.73828125,0
5.5703125,-12547.36328125,-10083.49609375,0.0,-6501.953125,0
5.57421875,3272.94921875,-5397.94921875,0.0,-8025.87890625,0
5.578125,-12378.41796875,8595.703125,0.0,-406.73828125,0
5.58203125,-541.9921875,2280.76171875,0.0,-6376.953125,0
5.5859375,1316.40625,-5601.07421875,0.0,-8025.87890625,0
5.58984375,-11315.4296875,4454.1015625,0.0,-406.73828125,0
5.59375,-14546.38671875,12017.578125,0.0,-6501.953125,0
5.59765625,9260.7421875,4235.3515625,0.0,-8025.87890625,0
5.6015625,-10487.3046875,4023.92578125,0.0,-406.73828125,0
5.60546875,-2663.57421875,-2736.81640625,0.0,-6501.953125,0
5.609375,-10556.640625,-5769.04296875,0.0,-8025.87890625,0
5.61328125,-8947.75390625,3414.55078125,0.0,-406.73828125,0
5.6171875,4835.9375,8133.30078125,0.0,-6501.953125,0
5.62109375,-2594.23828125,4130.859375,0.0,-8025.87890625,0
5.625,-9588.37890625,1515.625,0.0,-406.73828125,0
5.62890625,11591.30859375,-12747.55859375,0.0,-6501.953125,0
5.6328125,-496.58203125,6038.57421875,0.0,-6025.87890625,0
5.63671875,-7885.25390625,1007.8125,0.0,-406.73828125,0
5.640625,-155.76171875,7125.0,0.0,-6501.953125,0
5.64453125,15515.625,0.48828125,0.0,-8025.87890625,0
5.6484375,-7384.765625,7.8125,0.0,-406.73828125,0
5.65234375,-14653.3203125,0.0,0.0,-6501.953125,0
5.65625,-12440.91796875,0.0,0.0,-8025.87890625,0
5.66015625,-6775.390625,0.0,0.0,-406.73828125,0
5.6640625,-13026.3671875,0.0,0.0,-6501.953125,0
5.66796875,15628.41796875,0.0,0.0,-8025.87890625,0
5.671875,-6025.390625,0.0,0.0,-398.92578125,0
5.67578125,-12525.390625,0.0,0.0,-6376.953125,0
5.6796875,5623.046875,0.0,0.0,-8025.87890625,0
5.68359375,-6032.71484375,0.0,0.0,-406.73828125,0
5.6875,1727.5390625,0.0,0.0,-6501.953125,0
5.69140625,-2352.5390625,0.0,0.0,-8025.87890625,0
5.6953125,-5923.828125,0.0,0.0,-398.92578125,0
5.69921875,-1897.94921875,0.0,0.0,-6376.953125,0
5.703125,13637.20703125,0.0,0.0,-8025.87890625,0
5.70703125,-5595.21484375,0.0,0.0,-398.92578125,0
5.7109375,11227.5390625,0.0,0.0,-6501.953125,0
5.71484375,13628.41796875,0.0,0.0,-8025.390625,0
5.71875,-6001.46484375,0.0,0.0,-406.73828125,0
5.72265625,3727.05078125,0.0,0.0,-6501.953125,0
5.7265625,1617.1875,0.0,0.0,-8025.87890625,0
5.73046875,-5814.453125,0.0,0.0,-406.73828125,0
5.734375,-3900.87890625,0.0,0.0,-6501.953125,0
5.73828125,-12414.0625,0.0,0.0,-8025.87890625,0
5.7421875,-6376.953125,0.0,0.0,-406.73828125,0
5.74609375,-649.4140625,0.0,0.0,-6501.953125,0
5.75,-2380.859375,0.0,0.0,-8025.87890625,0
5.75390625,-6392.578125,0.0,0.0,-406.73828125,0
5.7578125,-4273.92578125,0.0,0.0,-6501.953125,0
5.76171875,1633.7890625,0.0,0.0,-8025.87890625,0
5.765625,-4899.90234375,0.0,0.0,-406.73828125,0
5.76953125,-13898.92578125,0.0,0.0,-6501.953125,0
5.7734375,15571.2890625,0.0,0.0,-6025.87890625,0
5.77734375,-6063.96484375,0.0,0.0,-406.73828125,0
5.78125,11604.00390625,0.0,0.0,-7001.46484375,0
5.78515625,-358.88671875,0.0,0.0,3961.42578125,0
5.7890625,-6267.08984375,0.0,0.0,-1102.05078125,0
5.79296875,3478.515625,0.0,0.0,14120.1171875,0
5.796875,15672.8515625,0.0,0.0,-12070.3125,0
5.80078125,-5040.52734375,0.0,0.0,-1141.11328125,0
5.8046875,5601.07421875,0.0,0.9765625,1115.72265625,0
5.80859375,-8369.62890625,0.0,-1958.49609375,9863.76953125,0
5.8125,-5962.40234375,0.0,921.875,-2172.36328125,0
5.81640625,975.5859375,0.0,-6367.67578125,1616.2109375,0
5.8203125,1613.76953125,0.0,6136.71875,-10131.34765625,0
5.82421875,-6103.515625,0.0,2492.67578125,-1977.5390625,0
5.828125,-10777.83203125,0.0,7134.27734375,-8010.7421875,0
5.83203125,7566.40625,0.0,-1828.61328125,7843.26171875,0
5.8359375,-6712.890625,0.0,2867.67578125,-2321.2890625,0
5.83984375,12969.23828125,0.0,12011.71875,-13263.671875,0
5.84375,5516.6015625,0.0,14197.75390625,-14204.1015625,0
5.84765625,-7337.890625,0.0,2922.36328125,-2907.2265625,0
5.8515625,5719.7265625,0.0,-13862.3046875,-15886.71875,0
5.85546875,5536.62109375,0.0,10157.2265625,13823.73046875,0
5.859375,-6775.390625,0.0,2273.92578125,-2688.4765625,0
5.86328125,-9653.3203125,0.0,14509.765625,-14888.671875,0
5.8671875,-4417.48046875,0.0,-9853.02734375,-14196.77734375,0
5.87109375,-6032.71484375,0.0,2125.0,-2954.1015625,0
5.875,100.5859375,0.0,-5746.58203125,14487.79296875,0
5.87890625,-347.65625,0.0,-5945.3125,5838.8671875,0
5.8828125,-5657.71484375,31.25,554.6875,-2829.1015625,0
5.88671875,3353.515625,5751.46484375,1625.0,15363.28125,0
5.890625,3639.16015625,8018.06640625,14000.0,-8202.63671875,0
5.89453125,-6017.08984375,437.5,0.0,-3133.7890625,0
5.8984375,8104.4921875,10628.90625,0.0,-11510.7421875,0
5.90234375,-340.33203125,-13913.0859375,0.0,3807.6171875,0
5.90625,-5736.328125,1531.25,0.0,-3110.3515625,0
5.91015625,-1023.4375,-4616.2109375,0.0,15362.79296875,0
5.9140625,-10384.27734375,12146.97265625,0.0,-10207.51953125,0
5.91796875,-6212.40234375,2094.23828125,0.0,-3086.9140625,0
5.921875,7228.02734375,8385.25390625,0.0,-8261.71875,0
5.92578125,11626.46484375,-15814.453125,0.0,-2205.56640625,0
5.9296875,-6228.515625,3180.17578125,0.0,-3368.1640625,0
5.93359375,-6398.4375,-14612.79296875,0.0,7737.3046875,0
5.9375,-349.12109375,-3786.1328125,0.0,1812.5,0
5.94140625,-6072.265625,3602.05078125,0.0,-3110.3515625,0
5.9453125,-4398.92578125,-5985.3515625,0.0,11112.79296875,0
5.94921875,-10382.8125,-15755.37109375,0.0,-12186.5234375,0
5.953125,-6517.578125,3516.11328125,0.0,-3438.4765625,0
5.95703125,-8776.3671875,-4359.375,0.0,11237.79296875,0
5.9609375,7529.296875,6237.79296875,0.0,15792.96875,0
5.96484375,-8182.12890625,3773.92578125,0.0,-3469.7265625,0
5.96875,-3532.2265625,-2985.3515625,0.0,11361.81640625,0
5.97265625,15495.1171875,-9769.53125,0.0,-2196.77734375,0
5.9765625,-8048.828125,3391.11328125,0.0,-3008.7890625,0
5.98046875,6221.19140625,-11984.375,0.0,-11383.7890625,0
5.984375,-12509.27734375,4263.671875,0.0,13829.1015625,0
5.98828125,-8525.87890625,3492.67578125,0.0,-3352.5390625,0
5.9921875,-3281.73828125,-10486.328125,0.0,11362.3046875,0
5.99609375,9526.3671875,2245.60546875,0.0,-14162.109375,0
6.0,-7447.75390625,3664.55078125,0.0,-2579.1015625,0
6.00390625,-782.71484375,-12486.328125,0.0,13612.3046875,0
6.0078125,3479.4921875,-11754.39453125,0.0,5800.78125,0
6.01171875,-7994.62890625,4321.2890625,0.0,-2696.2890625,0
6.015625,-532.2265625,5140.625,0.0,-9510.7421875,0
6.01953125,-509.27734375,-3755.859375,0.0,-2170.8984375,0
6.0234375,-7869.140625,3946.2890625,0.0,-2672.8515625,0
6.02734375,7095.703125,767.08984375,0.0,-7258.7890625,0
6.03125,-8515.625,10261.23046875,0.0,5839.84375,0
6.03515625,-8979.00390625,3742.67578125,0.0,-3094.7265625,0
6.0390625,-12533.203125,-6235.3515625,0.0,15238.76953125,0
6.04296875,-14494.62890625,12258.7890625,0.0,-6141.11328125,0
6.046875,-7885.25390625,4211.9140625,0.0,-2000.9765625,0
6.05078125,-10159.66796875,1264.6484375,0.0,-12638.671875,0
6.0546875,15493.1640625,8233.88671875,0.0,-14185.05859375,0
6.05859375,-7986.81640625,3719.23828125,0.0,-2618.1640625,0
6.0625,-9535.15625,-4737.79296875,0.0,14611.328125,0
6.06640625,-8569.82421875,-1801.26953125,0.0,5771.484375,0
6.0703125,-9549.31640625,3195.80078125,0.0,-3899.4140625,0
6.07421875,9215.33203125,10009.27734375,0.0,4111.328125,0
6.078125,7433.10546875,-13811.03515625,0.0,-2225.09765625,0
6.08203125,-9541.50390625,2852.05078125,0.0,-4024.90234375,0
6.0859375,8587.890625,4507.32421875,0.0,-1891.6015625,0
6.08984375,13422.8515625,-7896.97265625,0.0,15747.0703125,0
6.09375,-8830.56640625,2242.67578125,0.0,-3806.15234375,0
6.09765625,6838.37890625,1756.34765625,0.0,-6641.6015625,0
6.1015625,-12541.50390625,14125.48828125,2000.0,1776.85546875,0
6.10546875,-8869.62890625,2180.17578125,156.25,-3329.1015625,0
6.109375,7461.42578125,256.34765625,3500.0,731.93359375,0
6.11328125,7406.25,12116.69921875,2014.6484375,-12279.296875,0
6.1171875,-9596.19140625,2164.0625,210.9375,-4454.58984375,0
6.12109375,6714.84375,-4118.65234375,3002.9296875,-6390.625,0
6.125,7445.80078125,12134.765625,6065.4296875,5755.859375,0
6.12890625,-9236.81640625,2085.9375,1132.8125,-4337.40234375,0
6.1328125,13714.35546875,-1743.65234375,-6993.65234375,-6767.578125,0
6.13671875,9434.08203125,-1885.7421875,-13889.16015625,1727.5390625,0
6.140625,-8689.94140625,2078.125,2195.80078125,-4243.65234375,0
6.14453125,-7156.73828125,-6368.1640625,8260.7421875,-4890.625,0
6.1484375,9500.9765625,-11862.79296875,2174.8046875,7738.28125,0
6.15234375,-8119.140625,1898.92578125,2859.86328125,-4728.02734375,0
6.15625,4470.21484375,3007.8125,-6484.375,-9643.5546875,0
6.16015625,13540.52734375,8135.7421875,10276.85546875,-6288.57421875,0
6.1640625,-7251.953125,2469.23828125,4821.2890625,-4563.96484375,0
6.16796875,7471.19140625,5133.7890625,14519.53125,-10267.08984375,0
6.171875,-8434.5703125,-3823.73046875,-9660.15625,9748.53515625,0
6.17578125,-7087.890625,2484.86328125,5579.1015625,-4454.58984375,0
6.1796875,10845.703125,1135.25390625,-5977.05078125,-14894.53125,0
6.18359375,1537.109375,14164.0625,-5620.1171875,3694.3359375,0
6.1875,-7142.578125,2594.23828125,6313.96484375,-4493.65234375,0
6.19140625,12594.23828125,12759.27734375,8900.390625,-10519.53125,0
6.1953125,1498.046875,-3831.54296875,-1566.40625,5698.73046875,0
6.19921875,-7791.50390625,2961.42578125,7259.27734375,-4540.52734375,0
6.203125,-5535.64453125,9885.25390625,-15974.12109375,-14020.99609375,1
6.20703125,11433.59375,2179.19921875,-11564.453125,-10310.05859375,1
6.2109375,-8932.12890625,2789.55078125,7024.90234375,-4782.71484375,1
6.21484375,13961.42578125,9634.765625,-13347.65625,-12519.53125,1
6.21875,-631.8359375,10161.1328125,12414.55078125,5673.828125,1
6.22265625,-9900.87890625,2773.92578125,6634.27734375,-4853.02734375,1
6.2265625,3962.890625,13010.7421875,8900.390625,-9017.578125,1
6.23046875,-6586.9140625,4177.24609375,8406.73828125,-269.53125,1
6.234375,-9760.7421875,2984.86328125,6290.52734375,-4548.33984375,1
6.23828125,-1041.9921875,14885.7421875,3023.4375,-10644.53125,1
6.2421875,11327.63671875,4177.24609375,2381.8359375,-6291.50390625,1
6.24609375,-10448.2421875,2789.55078125,6423.33984375,-4125.9765625,1
6.25,-5542.48046875,-15612.79296875,11649.90234375,1107.421875,1
6.25390625,-704.58984375,-9817.87109375,12382.8125,-2304.6875,1
6.2578125,-11385.7421875,2992.67578125,6165.0390625,-4681.15234375,1
6.26171875,8330.56640625,-14362.79296875,-2352.5390625,-8642.578125,1
6.265625,13300.29296875,-3777.34375,-7641.6015625,7729.00390625,1
6.26953125,-11284.1796875,3562.98828125,5485.3515625,-4501.46484375,1
6.2734375,12707.03125,-6485.83984375,-3225.5859375,-5015.625,1
6.27734375,-4676.7578125,-11778.80859375,380.859375,-14248.53515625,1
6.28125,-10706.0546875,3391.11328125,5875.9765625,-4017.08984375,1
6.28515625,-7664.0625,-9486.81640625,-6478.515625,-3891.11328125,1
6.2890625,-2616.2109375,14194.82421875,14364.2578125,-14253.41796875,1
6.29296875,-9439.94140625,3446.2890625,6517.08984375,-3672.8515625,1
6.296875,-14412.109375,14.16015625,15901.85546875,11485.3515625,1
6.30078125,15380.859375,-5776.85546875,4431.640625,-10241.69921875,1
6.3046875,-10041.50390625,3328.61328125,7103.02734375,-3860.3515625,1
6.30859375,2089.35546875,15388.671875,-12219.7265625,4362.79296875,1
6.3125,-6534.66796875,-11758.30078125,10542.48046875,7826.171875,1
6.31640625,-9291.50390625,3273.92578125,8431.640625,-3524.4140625,1
6.3203125,4961.42578125,-6986.328125,1282.2265625,1485.3515625,1
6.32421875,-10657.71484375,-9823.73046875,6501.46484375,-12265.13671875,1
6.328125,-10924.8046875,2734.86328125,8251.953125,-4556.15234375,1
6.33203125,-13666.50390625,7509.27734375,9907.71484375,-5015.625,1
6.3359375,-12665.52734375,-15834.9609375,-3479.00390625,15745.60546875,1
6.33984375,-10745.1171875,2062.98828125,8392.578125,-4470.21484375,1
6.34375,-7040.52734375,1258.7890625,8909.66796875,-4641.11328125,1
6.34765625,-4656.25,-13851.5625,10550.78125,1722.16796875,1
6.3515625,-10659.1796875,2148.4375,8470.703125,-4868.65234375,1
6.35546875,-4413.0859375,-2367.67578125,9784.1796875,-12017.578125,1
6.359375,-12582.03125,-9862.79296875,8544.921875,-14261.23046875,1
6.36328125,-9643.5546875,2250.48828125,8728.515625,-4642.08984375,1
6.3671875,-1539.55078125,381.34765625,11033.203125,11853.515625,1
6.37109375,13371.58203125,-7888.671875,-13466.30859375,-12337.40234375,1
6.375,-10385.7421875,1969.23828125,8392.578125,-5298.33984375,1
6.37890625,-5666.50390625,1506.8359375,8907.71484375,-15769.53125,1
6.3828125,-6683.10546875,-5879.39453125,-11479.4921875,13690.4296875,1
6.38671875,-10870.1171875,2258.30078125,8509.765625,-4892.08984375,1
6.390625,-14168.9453125,2756.8359375,7406.25,15104.00390625,1
6.39453125,9267.08984375,-13903.80859375,-1512.6953125,11644.04296875,1
6.3984375,-11690.4296875,1304.6875,7735.83984375,-5728.02734375,1
6.40234375,9204.1015625,-6867.1875,-2595.21484375,7728.02734375,1
6.40625,-14740.72265625,113.28125,-13527.34375,-14352.5390625,1
6.41015625,-11596.6796875,1757.8125,7665.52734375,-5587.40234375,1
6.4140625,6205.56640625,-6244.62890625,-3719.23828125,1977.5390625,1
6.41796875,-4677.734375,-5871.09375,-1500.48828125,-332.51953125,1
6.421875,-11041.9921875,1835.9375,7743.65234375,-5673.33984375,1
6.42578125,-14915.0390625,-4489.74609375,-1342.28515625,5229.98046875,1
6.4296875,7376.953125,10186.03515625,-1467.7734375,-2297.36328125,1
6.43359375,-9893.06640625,2812.98828125,8259.765625,-4946.77734375,1
6.4375,1961.9140625,6257.8125,1530.2734375,10729.4921875,1
6.44140625,-12588.37890625,-5865.234375,-5504.39453125,-8312.5,1
6.4453125,-9455.56640625,2602.05078125,8095.21484375,-5423.33984375,1
6.44921875,11338.37890625,11506.8359375,-5598.6328125,6977.05078125,1
6.453125,-12572.265625,-7896.484375,-5584.47265625,-4366.69921875,1
6.45703125,-8814.94140625,2383.30078125,6774.90234375,-5681.15234375,1
6.4609375,-11034.66796875,7008.30078125,12025.390625,5852.5390625,1
6.46484375,-534.66796875,14151.3671875,-13596.19140625,1647.94921875,1
6.46875,-8666.50390625,2477.05078125,6454.58984375,-5806.15234375,1
6.47265625,-13410.15625,6133.30078125,8774.4140625,4727.5390625,1
6.4765625,-8586.9140625,4114.2578125,6355.95703125,-6372.0703125,1
6.48046875,-9572.75390625,2430.17578125,6009.27734375,-5751.46484375,1
6.484375,6211.9140625,11383.30078125,2397.4609375,5102.5390625,1
6.48828125,-14613.76953125,-7853.02734375,-13637.20703125,13653.3203125,1
6.4921875,-10604.4921875,2445.80078125,5407.2265625,-5830.078125,1
6.49609375,15332.03125,7385.25390625,13894.53125,-272.4609375,1
6.5,-2681.640625,12155.76171875,-7659.66796875,5631.34765625,1
6.50390625,-10745.1171875,2625.48828125,5524.4140625,-5767.08984375,1
6.5078125,-11666.50390625,10135.7421875,-11479.4921875,6603.515625,1
6.51171875,-637.6953125,14164.0625,4338.37890625,-10327.1484375,1
6.515625,-10377.9296875,2148.92578125,5243.1640625,-5485.83984375,1
6.51953125,-7665.0390625,6635.7421875,-15730.95703125,5978.02734375,1
6.5234375,3351.5625,-7818.359375,4278.80859375,-12365.72265625,1
6.52734375,-10385.25390625,2555.17578125,4461.9140625,-5923.33984375,1
6.53125,7590.8203125,13641.11328125,-12102.05078125,12357.421875,1
6.53515625,11477.5390625,2303.7109375,14411.1328125,11740.72265625,1
6.5390625,-8221.19140625,4594.7265625,6649.90234375,-4087.40234375,1
6.54296875,-3030.76171875,890.13671875,3523.92578125,-5267.08984375,1
6.546875,9506.34765625,-9757.8125,-3626.46484375,5712.40234375,1
6.55078125,-8142.578125,3407.2265625,5540.0390625,-5056.15234375,1
6.5546875,11849.12109375,3269.04296875,-1975.09765625,-5514.6484375,1
6.55859375,-6374.51171875,10348.14453125,423.828125,-14192.3828125,1
6.5625,-6025.390625,5415.0390625,6493.1640625,-3056.15234375,1
6.56640625,-10026.85546875,5016.6015625,-101.5625,-517.08984375,1
6.5703125,11535.64453125,2269.53125,-11640.625,1713.8671875,1
6.57421875,-8205.56640625,4008.30078125,5141.6015625,-5087.40234375,1
6.578125,-8783.69140625,-2360.83984375,13017.578125,14605.95703125,1
6.58203125,-8535.15625,-3758.30078125,274.4140625,1695.3125,1
6.5859375,-8838.37890625,3805.17578125,4383.7890625,-4978.02734375,1
6.58984375,-13659.66796875,-5734.375,1014.6484375,15855.46875,1
6.59375,-8577.63671875,12239.2578125,14220.21484375,-14322.265625,1
6.59765625,-9275.87890625,3899.4140625,3484.86328125,-5149.90234375,1
6.6015625,-15410.64453125,1889.6484375,-8488.76953125,-15770.99609375,1
6.60546875,-6580.56640625,-7784.1796875,-3837.890625,-10345.703125,1
6.609375,-9213.37890625,2977.05078125,2187.98828125,-5728.02734375,1
6.61328125,-9158.69140625,-7109.86328125,882.8125,8479.4921875,1
6.6171875,-554.6875,-1760.25390625,87.40234375,13654.296875,1
6.62109375,-8588.37890625,3907.2265625,1007.8125,-5735.83984375,1
6.625,-2282.2265625,2140.13671875,13501.46484375,6102.5390625,1
6.62890625,-2500.9765625,-7761.71875,-7990.234375,-8349.609375,1
6.6328125,-7666.015625,3805.17578125,62.5,-5431.15234375,1
6.63671875,8720.21484375,-4484.375,0.0,8103.02734375,1
6.640625,9507.8125,2248.53515625,0.0,9637.6953125,1
6.64453125,-8033.203125,4133.7890625,0.0,-5806.15234375,1
6.6484375,1220.703125,10392.08984375,0.0,4228.02734375,1
6.65234375,9548.33984375,8284.66796875,0.0,-10335.44921875,1
6.65625,-7400.390625,4782.2265625,0.0,-5775.390625,1
6.66015625,9219.7265625,6892.578125,0.0,-1899.4140625,1
6.6640625,3499.51171875,-11709.9609375,0.0,-2395.99609375,1
6.66796875,-7455.078125,4985.3515625,0.0,-5946.77734375,1
6.671875,12221.19140625,-8730.95703125,0.0,4602.05078125,1
6.67578125,-14455.078125,14324.21875,2002.9296875,15630.37109375,1
6.6796875,-7947.75390625,5774.4140625,0.0,-6275.390625,1
6.68359375,-6283.203125,-3229.00390625,2626.953125,-3148.4375,1
6.6875,-10532.71484375,10332.51953125,-1951.66015625,-8367.67578125,1
6.69140625,-8689.94140625,5884.27734375,593.75,-6205.078125,1
6.6953125,-11408.69140625,397.94921875,8752.9296875,-5399.90234375,1
6.69921875,11462.890625,10375.0,4058.59375,13601.5625,1
6.703125,-8494.62890625,6009.27734375,882.8125,-6274.90234375,1
6.70703125,-2781.73828125,773.92578125,15628.90625,2477.05078125,1
6.7109375,9503.41796875,-3600.09765625,-11931.15234375,-14363.28125,1
6.71484375,-7986.81640625,6478.02734375,1281.25,-5603.515625,1
6.71875,-11036.62109375,8148.92578125,-14122.0703125,-1526.3671875,1
6.72265625,-8575.68359375,4375.9765625,4045.8984375,-10401.3671875,1
6.7265625,-9127.44140625,6360.83984375,851.5625,-6056.15234375,1
6.73046875,12964.35546875,5649.90234375,15753.90625,1103.02734375,1
6.734375,-2565.91796875,12397.94921875,-1939.94140625,9656.73828125,1
6.73828125,-9002.44140625,6399.90234375,1132.8125,-5446.77734375,1
6.7421875,12961.42578125,12774.4140625,-11122.0703125,6976.07421875,1
6.74609375,-10615.234375,4375.0,-1953.61328125,7621.58203125,1
6.75,-9533.69140625,6524.90234375,992.1875,-5790.52734375,1
6.75390625,7836.9140625,10901.3671875,-14120.60546875,2601.5625,1
6.7578125,-10615.72265625,-1584.9609375,-15932.12890625,-376.953125,1
6.76171875,-9830.56640625,6845.21484375,1257.8125,-5798.33984375,1
6.765625,2459.9609375,-13474.609375,-5494.62890625,5476.5625,1
6.76953125,-8635.7421875,12406.25,-5917.48046875,7629.8828125,1
6.7734375,-10127.9296875,6392.08984375,1468.75,-5978.515625,1
6.77734375,-1788.0859375,8151.85546875,-4868.1640625,-1023.4375,1
6.78125,-8582.03125,6416.015625,-3870.60546875,3618.65234375,1
6.78515625,-9096.19140625,6642.08984375,2328.61328125,-6111.328125,1
6.7890625,14839.84375,9526.3671875,8011.71875,-522.94921875,1
6.79296875,-6566.89453125,4430.17578125,14185.546875,-369.62890625,1
6.796875,-9939.94140625,6345.21484375,2227.05078125,-6814.453125,1
6.80078125,5338.8671875,6399.90234375,9262.20703125,-9523.92578125,1
6.8046875,3406.25,-9594.23828125,-13796.38671875,13602.5390625,1
6.80859375,-9533.69140625,6993.65234375,3477.05078125,-6353.515625,1
6.8125,5586.9140625,15276.3671875,-5985.83984375,-5899.90234375,1
6.81640625,9416.50390625,12466.796875,-1735.3515625,11633.7890625,1
6.8203125,-9268.06640625,7485.83984375,4258.7890625,-5837.890625,1
6.82421875,8712.890625,14776.3671875,3392.08984375,-398.4375,1
6.828125,-14586.9140625,-5592.7734375,10276.85546875,-10371.09375,1
6.83203125,-9424.31640625,6047.8515625,4633.7890625,-6017.578125,1
6.8359375,5087.40234375,-6229.4921875,10518.5546875,-2273.92578125,1
6.83984375,3408.203125,2315.91796875,10318.359375,11625.48828125,1
6.84375,-9580.56640625,4711.9140625,5266.6015625,-5853.02734375,1
6.84765625,7711.42578125,8891.11328125,-10730.46875,4226.07421875,1
6.8515625,-4611.81640625,-5762.20703125,-9677.24609375,3625.0,1
6.85546875,-9619.62890625,3656.73828125,5329.1015625,-5720.21484375,1
6.859375,8713.37890625,-10863.28125,-6977.5390625,7978.515625,1
6.86328125,11393.06640625,-7818.84765625,12361.81640625,13642.578125,1
6.8671875,-9752.44140625,3062.98828125,5993.65234375,-5462.40234375,1
6.87109375,5960.9375,-11363.76953125,5524.90234375,10978.02734375,1
6.875,15370.1171875,2172.8515625,-1592.28515625,-10337.40234375,1
6.87890625,-10151.3671875,2797.36328125,6657.71484375,-5462.40234375,1
6.8828125,-4164.55078125,7635.25390625,10651.3671875,6853.515625,1
6.88671875,15370.60546875,164.0625,4443.84765625,-6336.42578125,1
6.890625,-10135.7421875,2289.55078125,7103.02734375,-5306.15234375,1
6.89453125,-7291.9921875,3259.27734375,15903.3203125,7477.5390625,1
6.8984375,13344.7265625,6165.0390625,10474.609375,11661.1328125,1
6.90234375,-10362.3046875,2680.17578125,7688.96484375,-5267.08984375,1
6.90625,-7040.52734375,13261.71875,-5470.21484375,10228.515625,1
6.91015625,1354.00390625,2199.70703125,8497.0703125,-337.890625,1
6.9140625,-10666.9921875,3148.92578125,7986.328125,-5642.08984375,1
6.91796875,-11666.50390625,-10987.3046875,2657.71484375,7854.00390625,1
6.921875,-10659.66796875,6195.3125,-5458.49609375,7659.66796875,1
6.92578125,-10963.8671875,3203.61328125,8634.765625,-5939.453125,1
6.9296875,9331.54296875,-15861.81640625,5909.1796875,-8024.4140625,1
6.93359375,5322.75390625,-9739.2578125,12588.37890625,3627.44140625,1
6.9375,-11307.6171875,4086.42578125,9283.203125,-6384.765625,1
6.94140625,2453.125,-1233.3984375,-15088.37890625,-14527.83203125,1
6.9453125,7245.1171875,295.41015625,14589.84375,15530.76171875,1
6.94921875,-12558.10546875,4922.8515625,9431.640625,-8104.00390625,1
6.953125,13696.77734375,-12230.46875,-5588.8671875,-6534.66796875,1
6.95703125,1126.953125,-3681.640625,2553.22265625,1429.19921875,1
6.9609375,-14128.41796875,5407.71484375,8939.453125,-9244.62890625,1
6.96484375,319.3359375,1649.4140625,-8588.8671875,10712.890625,1
6.96875,-14900.390625,10357.91015625,12536.62109375,13391.11328125,1
6.97265625,-14167.48046875,5868.1640625,8603.515625,-9705.56640625,1
6.9765625,1195.80078125,-1102.5390625,14409.1796875,6086.42578125,1
6.98046875,11132.8125,-1621.58203125,10554.19921875,11371.09375,1
6.984375,-13612.79296875,6329.58984375,8767.578125,-9900.87890625,1
6.98828125,9822.265625,6397.4609375,3155.76171875,4085.9375,1
6.9921875,9149.90234375,8373.046875,-11512.6953125,3369.62890625,1
6.99609375,-13511.23046875,6032.2265625,7548.33984375,-9994.62890625,1
7.0,-14049.31640625,-2350.09765625,-4344.23828125,11965.33203125,0
7.00390625,-14761.23046875,2452.1484375,-9501.953125,11460.9375,0
7.0078125,-12300.29296875,6571.77734375,7595.21484375,-8830.56640625,0
7.01171875,-6547.8515625,523.4375,-8472.16796875,-14033.69140625,0
7.015625,3254.39453125,-9573.2421875,12452.1484375,9468.26171875,0
7.01953125,-11644.04296875,7196.2890625,7829.58984375,-8244.62890625,0
7.0234375,-920.8984375,-4354.00390625,12147.4609375,-7782.71484375,0
7.02734375,-4701.66015625,4370.1171875,8366.2109375,7491.2109375,0
7.03125,-11815.4296875,5962.40234375,5344.7265625,-8564.453125,0
7.03515625,15710.9375,9278.3203125,-2600.5859375,4223.14453125,0
7.0390625,7358.3984375,4395.01953125,-9662.109375,13551.7578125,0
7.04296875,-10495.1171875,5383.7890625,5055.6640625,-7478.515625,0
7.046875,-11667.48046875,-5354.00390625,14771.97265625,4469.23828125,0
7.05078125,-6637.6953125,-15687.5,12348.14453125,-8458.49609375,0
7.0546875,-9213.37890625,6540.52734375,5353.02734375,-6345.703125,0
7.05859375,7959.47265625,4767.578125,13531.25,-7778.3203125,0
7.0625,5360.3515625,4322.265625,-7451.171875,-10448.2421875,0
7.06640625,-9784.1796875,5266.11328125,9197.75390625,-6916.015625,0
7.0703125,-5164.0625,-6609.86328125,4670.41015625,9347.16796875,0
7.07421875,1368.65234375,-3706.54296875,-11217.28515625,-6444.82421875,0
7.078125,-10651.3671875,5079.1015625,13582.03125,-7751.953125,0
7.08203125,-7541.015625,-13484.86328125,7216.796875,3594.7265625,0
7.0859375,9283.203125,2165.0390625,-8099.12109375,-8521.484375,0
7.08984375,-12057.6171875,4368.65234375,-375.48828125,-8971.19140625,0
7.09375,6204.58984375,9903.80859375,-9001.953125,-7408.203125,0
7.09765625,7240.234375,4639.6484375,-4025.87890625,-10561.03515625,0
7.1015625,-12870.60546875,13621.09375,-406.73828125,-9518.5546875,0
7.10546875,11446.2890625,2069.3359375,-6501.953125,-41.50390625,0
7.109375,1186.5234375,-512.6953125,-8025.87890625,7376.953125,0
7.11328125,-13628.90625,-1469.23828125,-406.73828125,-10620.1171875,0
7.1171875,-14059.08203125,-5877.44140625,-6376.953125,4077.63671875,0
7.12109375,-6953.61328125,-14024.90234375,-8025.87890625,-8760.25390625,0
7.125,-14871.09375,-406.73828125,-406.73828125,-11729.98046875,0
7.12890625,12562.5,-6501.953125,-6501.953125,-4175.29296875,0
7.1328125,-11044.921875,-8025.87890625,-8025.87890625,11159.66796875,0
7.13671875,14511.23046875,-406.73828125,-406.73828125,-14159.66796875,0
7.140625,-9315.4296875,-6501.953125,-6501.953125,8822.265625,0
7.14453125,10932.6171875,-8026.3671875,-8025.87890625,-14865.234375,0
7.1484375,14893.5546875,-406.73828125,-406.73828125,-13964.84375,0
7.15234375,-4947.75390625,-6501.953125,-6501.953125,-15558.10546875,0
7.15625,-15163.57421875,-8025.87890625,-8025.87890625,11081.54296875,0
7.16015625,13674.8046875,-406.73828125,-406.73828125,-14472.65625,0
7.1640625,-8699.70703125,-6501.953125,-6501.953125,-7557.6171875,0
7.16796875,-9219.7265625,-8025.87890625,-6025.87890625,3047.8515625,0
7.171875,12354.4921875,-406.73828125,-406.73828125,-15347.65625,0
7.17578125,11044.43359375,-6501.953125,-6501.953125,-13812.98828125,0
7.1796875,2715.8203125,-8025.87890625,-8025.87890625,5008.7890625,0
7.18359375,11971.19140625,-406.73828125,-406.73828125,-15355.46875,0
7.1875,-7828.61328125,-6501.953125,-6501.953125,2190.4296875,0
7.19140625,-9221.19140625,-8025.87890625,-8025.87890625,-8915.0390625,0
7.1953125,12745.1171875,-406.73828125,-406.73828125,-14417.96875,0
7.19921875,5297.36328125,-6501.953125,-6501.953125,-11808.59375,0
7.203125,12807.6171875,-8025.87890625,-6025.87890625,11107.421875,0
7.20703125,12354.00390625,-406.73828125,-406.73828125,-14730.46875,0
7.2109375,-7329.1015625,-6501.953125,-6501.953125,8439.453125,0
7.21484375,12783.203125,-6025.390625,-6025.87890625,9082.03125,0
7.21875,13034.1796875,-406.73828125,-406.73828125,-13886.71875,0
7.22265625,11922.8515625,-6501.953125,-6501.953125,-3183.10546875,0
7.2265625,-13241.2109375,-6025.390625,-8025.87890625,3064.453125,0
7.23046875,12338.8671875,-406.73828125,-406.73828125,-14730.46875,0
7.234375,-11574.21875,-6501.953125,-6501.953125,-2181.15234375,0
7.23828125,-13155.76171875,-8025.87890625,-8025.87890625,11125.0,0
7.2421875,13604.4921875,-406.73828125,-406.73828125,-14112.79296875,0
7.24609375,-2066.89453125,-6501.953125,-6501.953125,1699.21875,0
7.25,-9053.22265625,-8025.87890625,-8025.87890625,-4806.15234375,0
7.25390625,15651.85546875,-406.73828125,-406.73828125,-12456.54296875,0
7.2578125,-13318.359375,-6501.953125,-6376.953125,-6174.8046875,0
7.26171875,-13005.859375,-8025.87890625,13977.5390625,15270.99609375,0
7.265625,-15582.03125,-406.73828125,-899.4140625,-11190.4296875,0
7.26953125,2188.96484375,-6501.953125,-1140.13671875,7204.58984375,0
7.2734375,-10995.60546875,-8025.87890625,15592.28515625,-2746.58203125,0
7.27734375,-15410.15625,-406.73828125,-9284.1796875,-11354.4921875,0
7.28125,-11057.12890625,-6501.953125,-3921.38671875,-7665.0390625,0
7.28515625,3065.4296875,-8025.87890625,2935.546875,-12665.52734375,0
7.2890625,-15582.03125,-406.73828125,11689.94140625,-11276.3671875,0
7.29296875,8821.2890625,-6501.953125,-3203.61328125,14836.9140625,0
7.296875,9174.8046875,-8025.87890625,-5391.6015625,-6573.73046875,0
7.30078125,-13933.59375,-406.73828125,8196.2890625,-9674.8046875,0
7.3046875,-4304.6875,-6501.953125,-2234.375,-1164.55078125,0
7.30859375,9202.63671875,-8025.87890625,-7847.65625,-566.89453125,0
7.3125,-12964.35546875,-406.73828125,0.0,-9424.31640625,0
7.31640625,-5176.26953125,-6126.953125,250.0,-8285.64453125,0
7.3203125,-12870.60546875,5969.23828125,12000.0,-14622.55859375,0
7.32421875,-13878.90625,-462.40234375,0.0,-9698.2421875,0
7.328125,802.24609375,-6166.015625,0.0,3693.359375,0
7.33203125,12736.81640625,5117.67578125,0.0,-10993.1640625,0
7.3359375,10188.96484375,-15824.70703125,0.0,14745.1171875,0
7.33984375,-2478.515625,2539.55078125,0.0,7163.57421875,0
7.34375,139.6484375,-9636.71875,0.0,-3557.6171875,0
7.34765625,242.1875,3047.36328125,0.0,5266.6015625,0
7.3515625,14379.8828125,13381.8359375,0.0,-1225.5859375,0
7.35546875,6038.0859375,0.0,0.0,-11654.296875,0
7.359375,648.4375,0.0,0.0,5633.7890625,0
7.36328125,7500.0,625.0,0.0,-8856.93359375,0
7.3671875,0.9765625,0.0,0.0,-1692.87109375,0
7.37109375,0.0,0.0,0.0,3789.55078125,0
7.375,0.0,0.0,0.0,3008.7890625,0
7.37890625,0.0,0.0,0.0,102.05078125,0
7.3828125,0.0,0.0,0.0,1648.92578125,0
7.38671875,0.0,0.0,0.0,13129.8828125,0
7.390625,0.0,0.0,0.0,-3919.921875,0
7.39453125,0.0,0.0,0.0,2898.92578125,0
7.3984375,0.0,0.0,0.0,7884.27734375,0
7.40234375,0.0,0.0,0.0,-15832.03125,0
7.40625,0.0,0.0,0.0,2844.23828125,0
7.41015625,0.0,0.0,0.0,-1984.86328125,0
7.4140625,0.0,0.0,0.0,10195.3125,0
7.41796875,0.0,0.0,0.0,4297.8515625,0
7.421875,125.0,0.0,0.0,14265.625,0
7.42578125,10.25390625,0.0,0.0,-7670.8984375,0
7.4296875,179.6875,0.0,0.0,6313.96484375,0
7.43359375,8129.39453125,0.0,0.0,7028.3203125,0
7.4375,10033.69140625,0.0,0.0,8416.50390625,0
7.44140625,1727.05078125,0.0,0.0,7478.515625,0
7.4453125,-14488.28125,0.0,0.0,12410.15625,0
7.44921875,-7774.4140625,0.0,0.0,583.49609375,0
7.453125,4461.9140625,0.0,0.0,10057.12890625,0
7.45703125,-1849.609375,0.0,0.0,-6326.66015625,0
7.4609375,404.78515625,0.0,0.0,-7213.37890625,0
7.46484375,7775.390625,0.0,0.0,14050.29296875,0
7.46875,4284.1796875,0.0,0.0,6432.6171875,0
7.47265625,6646.484375,0.0,0.0,9023.92578125,0
7.4765625,10541.50390625,0.0,0.0,-15347.65625,0
7.48046875,14296.875,0.0,0.0,14569.82421875,0
7.484375,-7200.68359375,0.0,0.0,9168.45703125,0
7.48828125,12472.16796875,0.0,0.0,-13354.98046875,0
7.4921875,930.6640625,0.0,0.0,-1171.875,0
7.49609375,-5139.6484375,0.0,2000.9765625,-4757.32421875,0
7.5,14690.91796875,0.0,70.3125,-11151.3671875,0
7.50390625,-10937.98828125,0.0,1750.48828125,-9539.0625,0
7.5078125,7019.04296875,0.0,-15982.91015625,-8601.5625,0
7.51171875,-14792.96875,0.0,406.25,-8979.00390625,0
7.515625,-6307.12890625,0.0,11252.44140625,-9659.66796875,0
7.51953125,-921.38671875,0.0,2040.52734375,-2543.9453125,0
7.5234375,-14261.23046875,0.0,906.25,-8001.953125,0
7.52734375,6698.2421875,0.0,14254.39453125,5846.6796875,0
7.53125,5169.921875,0.0,4086.42578125,-2433.10546875,0
7.53515625,-12971.6796875,0.0,1726.5625,-6634.27734375,0
7.5390625,4454.1015625,0.0,-242.1875,9729.00390625,0
7.54296875,-2744.62890625,0.0,14126.953125,3643.5546875,0
7.546875,-11377.9296875,0.0,2195.80078125,-5071.77734375,0
7.55078125,15831.54296875,0.0,-11236.81640625,-6142.578125,0
7.5546875,-716.796875,0.0,14179.19921875,-8302.734375,0
7.55859375,-11338.8671875,0.0,3305.6640625,-4509.27734375,0
7.5625,15328.125,0.0,263.18359375,-3270.5078125,0
7.56640625,-10762.20703125,0.0,12216.30859375,11663.0859375,0
7.5703125,-12729.98046875,0.0,3703.61328125,-5923.828125,0
7.57421875,15696.2890625,0.0,-7112.3046875,-3402.83203125,0
7.578125,-14932.6171875,0.0,-15812.98828125,13474.12109375,0
7.58203125,-15926.26953125,0.0,3336.42578125,-9221.6796875,0
7.5859375,5549.31640625,0.0,9259.765625,-15673.33984375,0
7.58984375,629.39453125,0.0,-7813.4765625,7073.2421875,0
7.59375,8728.02734375,0.0,2437.5,15308.10546875,0
7.59765625,-1101.07421875,0.0,-1496.09375,10176.26953125,0
7.6015625,12324.70703125,0.0,-15958.984375,14775.87890625,0
7.60546875,4422.8515625,0.0,515.625,12072.75390625,0
7.609375,5011.23046875,0.0,6750.9765625,-1458.0078125,0
7.61328125,4144.04296875,0.0,12013.671875,-5354.98046875,0
7.6171875,2375.0,0.0,156.25,10064.453125,0
7.62109375,-14868.65234375,0.0,1751.46484375,-14087.40234375,0
7.625,14122.0703125,0.0,10016.11328125,4598.14453125,0
7.62890625,1671.875,0.0,4591.30859375,9408.203125,0
7.6328125,12500.0,0.0,-14015.625,7275.390625,0
7.63671875,3.41796875,0.0,3101.5625,12429.6875,0
7.640625,101.5625,0.0,-11814.453125,7571.2890625,0
7.64453125,500.0,0.0,-1532.2265625,-9114.74609375,0
7.6484375,0.0,0.0,-8816.40625,-11925.78125,0
7.65234375,0.0,0.0,-12657.71484375,625.0,0
7.65625,0.0,1000.0,-12753.41796875,375.0,0
7.66015625,0.0,-3987.79296875,13999.51171875,0.9765625,0
7.6640625,0.0,4909.1796875,-11218.75,0.0,0
7.66796875,0.0,-5663.57421875,3250.0,0.0,0
7.671875,0.0,9830.078125,34.66796875,0.0,0
7.67578125,0.0,-328.61328125,0.0,0.0,0
7.6796875,0.0,-8751.953125,0.0,0.0,0
7.68359375,0.0,-8024.4140625,0.0,0.0,0
7.6875,0.0,-398.92578125,31.25,0.0,0
7.69140625,0.0,-6376.953125,1.46484375,0.0,0
7.6953125,0.0,-6025.390625,8118.1640625,0.0,0
7.69921875,0.0,-406.73828125,5111.328125,0.0,0
7.703125,0.0,-6376.953125,5169.43359375,375.0,0
7.70703125,0.0,-6025.390625,-10972.16796875,14.6484375,0
7.7109375,0.0,-398.92578125,-11174.31640625,1422.36328125,0
7.71484375,0.0,-6376.953125,-14028.3203125,12015.13671875,0
7.71875,0.0,-8025.390625,9704.58984375,12308.10546875,0
7.72265625,0.0,-398.92578125,-3156.73828125,6517.578125,0
7.7265625,0.0,-6501.953125,8498.046875,5288.0859375,0
7.73046875,0.0,-8025.390625,-8029.296875,-15312.98828125,0
7.734375,0.0,-398.92578125,-398.92578125,11995.60546875,0
7.73828125,0.0,-6501.953125,-11757.8125,1310.05859375,0
7.7421875,0.0,-6025.390625,5677.734375,4910.15625,0
7.74609375,0.0,-398.92578125,-9487.79296875,14229.98046875,0
7.75,0.0,-6376.953125,13936.5234375,12559.08203125,0
7.75390625,0.48828125,-4036.1328125,-3122.0703125,11023.4375,0
7.7578125,0.0,-196.2890625,11736.328125,-14917.96875,0
7.76171875,2252.9296875,-3781.25,-14973.14453125,-14306.640625,0
7.765625,8070.3125,13211.9140625,-11699.70703125,11099.12109375,0
7.76953125,1523.92578125,15580.56640625,3023.4375,-14269.04296875,0
7.7734375,13514.16015625,-465.33203125,-6999.0234375,9949.21875,0
7.77734375,-1730.95703125,-13751.46484375,12000.0,-14806.15234375,0
7.78125,5836.9140625,85.9375,31.25,-11854.98046875,0
7.78515625,-6358.88671875,500.0,0.0,-4179.6875,0
7.7890625,-7666.50390625,-12000.0,0.0,-2814.94140625,0
7.79296875,6353.02734375,0.0,0.0,-12307.6171875,0
7.796875,-12093.75,0.0,0.0,1080.56640625,0
7.80078125,-1453.61328125,0.0,0.0,-10684.5703125,0
7.8046875,9275.390625,0.0,0.0,-10713.8671875,0
7.80859375,-7959.47265625,0.0,0.0,-7163.57421875,0
7.8125,-3347.65625,0.0,0.0,15362.79296875,0
7.81640625,10572.75390625,0.0,0.0,-10307.12890625,0
7.8203125,-3451.171875,0.0,0.0,11091.30859375,0
7.82421875,-7216.30859375,0.0,0.0,15437.5,0
7.828125,13065.4296875,0.0,0.0,-8854.00390625,0
7.83203125,-1069.3359375,0.0,0.0,-280.76171875,0
7.8359375,-9050.29296875,0.0,0.0,-437.5,0
7.83984375,15847.16796875,0.0,0.0,-6548.828125,0
7.84375,-10689.453125,0.0,0.0,15972.65625,0
7.84765625,980.95703125,2.9296875,0.0,11564.94140625,0
7.8515625,15542.96875,0.0,0.0,-6970.703125,0
7.85546875,4939.453125,6757.32421875,0.0,-8775.87890625,0
7.859375,-2975.5859375,14144.04296875,0.0,-4418.9453125,0
7.86328125,-15378.90625,2399.4140625,0.0,-6313.96484375,0
7.8671875,-10805.6640625,4396.97265625,0.0,3352.5390625,0
7.87109375,7093.75,-1644.04296875,0.0,-10366.2109375,0
7.875,-14652.34375,6181.15234375,0.0,-6095.703125,0
7.87890625,-6179.6875,11400.390625,0.0,-897.4609375,0
7.8828125,-12814.453125,-15549.8046875,0.0,11688.4765625,0
7.88671875,-12862.79296875,7337.40234375,0.0,-4946.77734375,0
7.890625,-11800.29296875,14776.85546875,0.0,15855.46875,0
7.89453125,5197.265625,-9554.6875,0.0,1690.91796875,0
7.8984375,-12581.54296875,7321.77734375,0.0,-4931.15234375,0
7.90234375,-8299.31640625,-15600.09765625,0.0,15354.00390625,0
7.90625,-10771.484375,-7623.046875,0.0,-323.73046875,0
7.91015625,-11323.2421875,5493.1640625,0.0,-4345.21484375,0
7.9140625,-13169.921875,7637.6953125,0.0,-518.5546875,0
7.91796875,-14712.40234375,8150.390625,0.0,13703.125,0
7.921875,-10823.2421875,1539.0625,0.0,-4360.83984375,0
7.92578125,-2539.55078125,15126.46484375,0.0,-640.625,0
7.9296875,3317.3828125,-5999.0234375,0.0,3703.61328125,0
7.93359375,-10736.81640625,0.0,0.0,-4790.0390625,0
7.9375,5713.37890625,125.0,0.0,2985.83984375,0
7.94140625,-10622.0703125,0.0,0.0,3724.12109375,0
7.9453125,-10275.87890625,0.0,0.0,-4571.2890625,0
7.94921875,2213.8671875,0.0,0.0,236.328125,0
7.953125,15420.8984375,0.0,0.0,9762.20703125,0
7.95703125,-9924.31640625,0.0,0.0,-4376.46484375,0
7.9609375,2339.35546875,0.0,0.0,-5265.13671875,0
7.96484375,-6547.8515625,0.0,0.0,11776.3671875,0
7.96875,-9182.12890625,0.0,0.0,-3931.15234375,0
7.97265625,4961.42578125,0.0,0.0,-6893.06640625,0
7.9765625,-6565.4296875,0.0,0.0,-2236.328125,0
7.98046875,-8721.19140625,0.0,0.0,-3532.2265625,0
7.984375,-9783.203125,0.0,0.0,4986.328125,0
7.98828125,-2527.83203125,0.0,0.0,-214.35546875,0
7.9921875,-8682.12890625,0.0,0.0,-3923.33984375,0
7.99609375,13840.8203125,0.0,0.0,-6641.6015625,0
8.0,1526.85546875,0.0,0.0,-197.75390625,0
8.00390625,-7900.87890625,0.0,0.0,-3587.40234375,0
8.0078125,-6158.203125,0.0,0.0,-6392.08984375,0
8.01171875,-4522.94921875,0.0,0.0,9741.2109375,0
8.015625,-7876.953125,0.0,0.0,-3821.77734375,0
8.01953125,1970.703125,0.0,0.0,-265.13671875,0
8.0234375,7517.578125,0.0,0.0,-6233.3984375,0
8.02734375,-8259.765625,0.0,0.0,-4423.33984375,0
8.03125,1718.75,0.0,0.0,-6142.08984375,0
8.03515625,5512.6953125,0.0,0.0,-10263.18359375,0
8.0390625,-7627.44140625,0.0,0.0,-4251.46484375,0
8.04296875,-4281.25,0.0,0.0,-11891.6015625,0
8.046875,-2457.03125,0.0,0.0,-10245.1171875,0
8.05078125,-7361.328125,0.0,0.0,-4204.58984375,0
8.0546875,6095.703125,0.0,0.0,-6018.06640625,0
8.05859375,1570.80078125,0.0,0.0,11745.60546875,0
8.0625,-6931.640625,0.0,0.0,-3954.1015625,0
8.06640625,15848.6328125,0.0,0.0,2736.328125,0
8.0703125,5619.62890625,0.0,0.0,15807.6171875,0
8.07421875,-6416.015625,0.0,0.0,-3540.52734375,0
8.078125,-15151.3671875,0.0,0.0,-1264.6484375,0
8.08203125,-8410.15625,0.0,0.0,1782.71484375,0
8.0859375,-6470.703125,0.0,0.0,-3313.4765625,0
8.08984375,-10526.3671875,0.0,0.0,10361.328125,0
8.09375,9607.91015625,0.0,0.0,11801.7578125,0
8.09765625,-6033.203125,0.0,0.0,-2993.1640625,0
8.1015625,-2525.390625,0.0,0.0,15487.3046875,0
8.10546875,1620.60546875,0.0,0.0,-10178.7109375,0
8.109375,-6236.328125,0.0,0.0,-3243.1640625,0
8.11328125,-5898.92578125,0.0,0.0,10487.79296875,0
8.1171875,15597.16796875,0.0,0.0,-2212.890625,0
8.12109375,-6447.265625,0.0,0.0,-3352.5390625,0
8.125,-8526.3671875,0.0,0.0,7735.83984375,0
8.12890625,-8380.37109375,0.0,0.0,-2178.7109375,0
8.1328125,-6212.890625,0.0,0.0,-3165.0390625,0
8.13671875,-9399.90234375,0.0,0.0,6111.328125,0
8.140625,13603.02734375,0.0,0.0,7790.0390625,0
8.14453125,-6353.515625,0.0,0.0,-3086.9140625,0
8.1484375,-2899.4140625,0.0,0.0,-14762.6953125,0
8.15234375,-8406.25,0.0,0.0,15763.18359375,0
8.15625,-6533.203125,0.0,0.0,-3649.4140625,0
8.16015625,-8651.85546875,0.0,0.0,8109.86328125,0
8.1640625,-2415.52734375,0.0,0.0,-228.02734375,0
8.16796875,-6188.96484375,0.0,0.0,-3282.2265625,0
8.171875,3100.5859375,0.0,0.0,15736.81640625,0
8.17578125,-6377.44140625,0.0,0.0,-198.2421875,0
8.1796875,-5189.453125,0.0,0.0,-2235.3515625,0
8.18359375,-1401.85546875,0.0,0.0,-15890.625,0
8.1875,11592.28515625,0.0,0.0,15756.34765625,0
8.19140625,-6361.328125,0.0,0.0,-3735.3515625,0
8.1953125,-3022.94921875,0.0,0.0,8612.3046875,0
8.19921875,9601.5625,0.0,0.0,3769.53125,0
8.203125,-7189.453125,0.0,0.0,-4306.15234375,0
8.20703125,15348.6328125,0.0,0.0,-139.6484375,0
8.2109375,1590.33203125,0.0,0.0,13783.69140625,0
8.21484375,-6181.640625,0.0,0.0,-2954.1015625,0
8.21875,-7402.34375,0.0,0.0,8359.86328125,0
8.22265625,-14400.390625,0.0,0.0,15801.26953125,0
8.2265625,-6283.203125,0.0,0.0,-3180.6640625,0
8.23046875,14345.703125,0.0,0.0,6109.86328125,0
8.234375,11536.1328125,0.0,0.0,11761.71875,0
8.23828125,-7455.078125,0.0,0.0,-3555.6640625,0
8.2421875,12471.6796875,0.0,0.0,11612.3046875,0
8.24609375,13551.7578125,2000.0,0.0,3815.4296875,0
8.25,-6955.078125,320.3125,0.0,-2743.1640625,0
8.25390625,12095.703125,10501.953125,0.0,13862.79296875,0
8.2578125,-444.82421875,-9982.91015625,0.0,1815.4296875,0
8.26171875,-7080.078125,414.0625,0.0,-2985.3515625,0
8.265625,-13902.34375,-9870.1171875,0.0,-11386.71875,0
8.26953125,11525.390625,6045.41015625,0.0,-6220.703125,0
8.2734375,-7861.328125,1015.625,0.0,-3579.1015625,0
8.27734375,4470.703125,-12621.58203125,0.0,12237.3046875,0
8.28125,3548.33984375,2077.1484375,0.0,11807.12890625,0
8.28515625,-6798.828125,1828.125,0.0,-2563.4765625,0
8.2890625,9972.16796875,-15747.0703125,0.0,14863.28125,0
8.29296875,-14411.62109375,2089.84375,0.0,-4158.69140625,0
8.296875,-7994.62890625,1484.375,0.0,-3884.27734375,0
8.30078125,-6905.2734375,-9618.65234375,0.0,-3263.671875,0
8.3046875,-14467.7734375,6092.7734375,0.0,-14199.21875,0
8.30859375,-7330.078125,1367.1875,0.0,-3118.1640625,0
8.3125,-15403.3203125,-4869.62890625,0.0,-13887.20703125,0
8.31640625,-10441.89453125,-15886.71875,0.0,-6179.6875,0
8.3203125,-6884.765625,2266.11328125,0.0,-2657.2265625,0
8.32421875,-13025.87890625,4384.765625,0.0,-13135.7421875,0
8.328125,-14448.73046875,14170.8984375,0.0,13811.5234375,0
8.33203125,-7580.078125,2680.17578125,0.0,-3586.9140625,0
8.3359375,12972.65625,8760.25390625,0.0,12363.28125,0
8.33984375,5538.0859375,4175.29296875,0.0,-195.80078125,0
8.34375,-7150.390625,2891.11328125,0.0,-2907.2265625,0
8.34765625,-9026.85546875,10261.71875,0.0,-7885.25390625,0
8.3515625,15541.9921875,-1774.4140625,0.0,-14189.94140625,0
8.35546875,-7775.390625,3305.17578125,0.0,-3516.6015625,0
8.359375,2345.21484375,-11737.3046875,0.0,6361.81640625,0
8.36328125,11565.91796875,6207.03125,0.0,15826.171875,0
8.3671875,-6892.578125,3524.4140625,0.0,-2625.9765625,0
8.37109375,12096.6796875,2141.6015625,0.0,-12636.23046875,0
8.375,3568.84765625,4255.37109375,0.0,-10164.0625,0
8.37890625,-6548.828125,4282.2265625,0.0,-2235.3515625,0
8.3828125,13968.75,4265.625,0.0,-9012.6953125,0
8.38671875,-12490.234375,12261.23046875,0.0,1793.9453125,0
8.390625,-7423.828125,4235.3515625,0.0,-2750.9765625,0
8.39453125,10971.19140625,1390.625,0.0,-9010.7421875,0
8.3984375,-12449.21875,14245.1171875,0.0,9830.078125,0
8.40234375,-7009.765625,3320.80078125,0.0,-2493.1640625,0
8.40625,-13278.3203125,-6483.3984375,0.0,-6261.23046875,0
8.41015625,13528.3203125,10247.0703125,0.0,15818.359375,0
8.4140625,-7212.890625,4172.8515625,0.0,-2602.5390625,0
8.41796875,8968.75,638.18359375,0.0,15610.83984375,0
8.421875,-10454.58984375,4241.2109375,0.0,-12185.05859375,0
8.42578125,-6642.578125,4172.36328125,0.0,-2352.5390625,0
8.4296875,10218.75,-9988.28125,0.0,-14388.18359375,0
8.43359375,-8481.4453125,2198.2421875,0.0,11804.19921875,0
8.4375,-7111.328125,3703.61328125,0.0,-2758.7890625,0
8.44140625,15095.21484375,-1736.328125,0.0,-13762.6953125,0
8.4453125,5532.2265625,-9791.50390625,0.0,9796.38671875,0
8.44921875,-7197.265625,3383.30078125,0.0,-3204.1015625,0
8.453125,9722.65625,-9236.81640625,0.0,13614.74609375,0
8.45703125,-10407.71484375,4240.72265625,0.0,-14147.4609375,0
8.4609375,-7001.953125,4399.4140625,0.0,-2813.4765625,0
8.46484375,9220.703125,9639.16015625,0.0,13111.328125,0
8.46875,-10432.6171875,10228.515625,0.0,9806.640625,0
8.47265625,-7423.828125,4141.6015625,0.0,-3258.7890625,0
8.4765625,2719.7265625,15.625,0.0,7486.328125,0
8.48046875,-14489.2578125,6224.12109375,0.0,-8219.23828125,0
8.484375,-7798.828125,3524.4140625,0.0,-3625.9765625,0
8.48828125,8096.19140625,1391.11328125,0.0,8987.3046875,0
8.4921875,13515.625,4249.51171875,0.0,7773.4375,0
8.49609375,-8096.19140625,4336.9140625,0.0,-3774.4140625,0
8.5,-1030.76171875,11516.11328125,0.0,7111.328125,0
8.50390625,-10454.1015625,12269.04296875,0.0,-2182.12890625,0
8.5078125,-7557.12890625,4852.5390625,0.0,-2899.4140625,0
8.51171875,-5659.1796875,3515.13671875,0.0,8609.375,0
8.515625,-12541.015625,-3750.48828125,0.0,-10242.67578125,0
8.51953125,-8572.75390625,4118.1640625,0.0,-3563.4765625,0
8.5234375,-7907.2265625,11894.53125,0.0,7861.81640625,0
8.52734375,7457.03125,8289.0625,0.0,-14233.3984375,0
8.53125,-8572.75390625,4415.0390625,0.0,-3735.3515625,0
8.53515625,-2159.66796875,4892.08984375,0.0,9610.3515625,0
8.5390625,-12580.078125,6265.13671875,0.0,7737.79296875,0
8.54296875,-8830.56640625,4391.6015625,0.0,-3969.7265625,0
8.546875,-5784.66796875,15769.04296875,0.0,7608.88671875,0
8.55078125,13466.30859375,4309.5703125,0.0,5762.6953125,0
8.5546875,-7822.265625,5055.6640625,0.0,-3086.9140625,0
8.55859375,2963.8671875,13142.578125,0.0,13608.3984375,0
8.5625,1365.234375,-13743.65234375,0.0,-4302.24609375,0
8.56640625,-9314.94140625,4165.0390625,0.0,-4336.9140625,0
8.5703125,-15161.1328125,5890.625,0.0,858.88671875,0
8.57421875,-2555.17578125,-1720.21484375,0.0,-6253.41796875,0
8.578125,-8627.44140625,4336.9140625,0.0,-3868.1640625,0
8.58203125,-9284.66796875,4643.06640625,0.0,5609.86328125,0
8.5859375,5416.50390625,-3732.421875,0.0,-10273.92578125,0
8.58984375,-9283.69140625,4235.3515625,0.0,-4360.83984375,0
8.59375,15338.8671875,2015.625,0.0,-2891.6015625,0
8.59765625,5402.34375,-9719.23828125,0.0,-10270.5078125,0
8.6015625,-9502.44140625,4203.61328125,0.0,-4556.15234375,0
8.60546875,10339.35546875,-1858.88671875,0.0,-6516.6015625,0
8.609375,5422.36328125,-5723.14453125,0.0,-2270.5078125,0
8.61328125,-9182.12890625,4195.80078125,0.0,-4228.02734375,0
8.6171875,13712.890625,-2235.3515625,0.0,-2267.08984375,0
8.62109375,3421.875,-15748.046875,0.0,-6250.48828125,0
8.625,-8775.87890625,4063.4765625,0.0,-3876.46484375,0
8.62890625,-15536.1328125,1767.578125,0.0,-2141.6015625,0
8.6328125,11424.31640625,2291.50390625,0.0,-14265.13671875,0
8.63671875,-9729.00390625,4149.4140625,0.0,-4657.71484375,0
8.640625,5711.9140625,15.13671875,0.0,-7893.06640625,0
8.64453125,-10632.8125,-3804.19921875,0.0,-4323.73046875,0
8.6484375,-9799.31640625,2914.55078125,0.0,-5040.52734375,0
8.65234375,5961.9140625,-733.88671875,0.0,-11894.04296875,0
8.65625,-12603.515625,-1768.06640625,0.0,-10299.8046875,0
8.66015625,-9322.75390625,3602.05078125,0.0,-4579.58984375,0
8.6640625,15838.37890625,-986.328125,0.0,-4143.06640625,0
8.66796875,3402.34375,-11793.45703125,0.48828125,-8296.875,0
8.671875,-9604.4921875,3859.86328125,70.3125,-4735.83984375,0
8.67578125,-40.0390625,-735.83984375,1500.0,15104.98046875,0
8.6796875,-10602.05078125,-9763.671875,2008.30078125,3711.42578125,0
8.68359375,-9494.62890625,3523.92578125,257.8125,-4696.77734375,0
8.6875,9462.890625,-5108.88671875,5500.9765625,-10393.06640625,0
8.69140625,-4596.19140625,2263.18359375,6009.765625,1693.84765625,0
8.6953125,-9104.00390625,3945.80078125,734.375,-4696.77734375,0
8.69921875,9585.9375,-2983.88671875,15503.41796875,14728.515625,0
8.703125,-14619.62890625,4260.7421875,8069.82421875,-14331.0546875,0
8.70703125,-9635.25390625,4305.17578125,1257.8125,-5212.40234375,0
8.7109375,11213.37890625,-4236.328125,-7243.65234375,15855.46875,0
8.71484375,-577.1484375,-9692.3828125,-15884.27734375,9689.453125,0
8.71875,-9510.25390625,5040.0390625,1570.3125,-5181.15234375,0
8.72265625,3961.42578125,5891.11328125,-6618.1640625,10478.515625,0
8.7265625,11365.234375,6270.99609375,-5887.6953125,-350.09765625,0
8.73046875,-10237.3046875,4290.0390625,1797.36328125,-5579.58984375,0
8.734375,-1788.57421875,5016.6015625,3761.23046875,10354.4921875,0
8.73828125,5377.9296875,-9727.5390625,2174.31640625,-6336.9140625,0
8.7421875,-10361.81640625,4336.9140625,2547.36328125,-5696.77734375,0
8.74609375,8465.33203125,11895.5078125,-13236.328125,-14768.06640625,0
8.75,-12629.8828125,10281.25,-7822.265625,13626.953125,0
8.75390625,-10831.0546875,4125.9765625,2648.92578125,-6501.953125,0
8.7578125,15958.0078125,2889.16015625,11510.7421875,-4022.94921875,0
8.76171875,-2633.30078125,6239.2578125,10200.1953125,5647.4609375,0
8.765625,-9971.6796875,4743.1640625,3250.48828125,-5743.65234375,0
8.76953125,-2789.55078125,10142.08984375,-10361.328125,3353.02734375,0
8.7734375,-10619.62890625,-13676.7578125,-7812.01171875,15651.85546875,0
8.77734375,-10064.94140625,5125.9765625,2953.61328125,-5860.83984375,0
8.78125,8211.42578125,-14729.98046875,-6365.72265625,6102.5390625,0
8.78515625,-4655.2734375,-3720.703125,-7897.94921875,-10379.8828125,0
8.7890625,-10081.0546875,4719.7265625,2695.80078125,-5681.15234375,0
8.79296875,-539.0625,-15981.4453125,-14738.28125,5103.02734375,0
8.796875,-599.609375,-5680.17578125,-15754.39453125,9665.52734375,0
8.80078125,-9909.1796875,5016.6015625,4195.80078125,-5806.640625,0
8.8046875,-6416.015625,14894.04296875,2006.34765625,-2649.4140625,0
8.80859375,-624.0234375,6294.921875,-5818.359375,-6365.234375,0
8.8125,-10182.6171875,4844.7265625,3094.23828125,-5900.390625,0
8.81640625,-9541.9921875,-13980.46875,-15237.79296875,-648.92578125,0
8.8203125,-2647.4609375,12317.3828125,-5733.88671875,7625.48828125,0
8.82421875,-10096.6796875,5250.9765625,4649.4140625,-5822.265625,0
8.828125,-2416.50390625,-5603.515625,7142.578125,-1650.87890625,0
8.83203125,-6683.59375,-7680.17578125,-13693.359375,11575.68359375,0
8.8359375,-10291.9921875,5399.4140625,5477.5390625,-5985.83984375,0
8.83984375,-2916.50390625,-6354.4921875,-3603.02734375,1974.609375,0
8.84375,5351.5625,-9668.9453125,6364.2578125,11616.69921875,0
8.84765625,-10159.1796875,5829.1015625,5938.4765625,-5806.640625,0
8.8515625,-4415.52734375,-4229.4921875,-475.5859375,-1774.90234375,0
8.85546875,5359.86328125,6366.2109375,4430.6640625,-10367.1875,0
8.859375,-10557.6171875,6079.1015625,6657.71484375,-6033.203125,0
8.86328125,-8789.55078125,-9728.02734375,275.87890625,-2646.97265625,0
8.8671875,9344.23828125,2370.1171875,2437.01171875,5618.65234375,0
8.87109375,-10909.1796875,5821.77734375,6845.21484375,-6447.265625,0
8.875,-11917.48046875,1897.4609375,-14847.16796875,-399.4140625,0
8.87890625,-4673.33984375,-13669.43359375,-1543.9453125,15604.00390625,0
8.8828125,-10073.2421875,6353.02734375,7563.96484375,-5704.58984375,0
8.88671875,-3043.45703125,-15850.5859375,-7472.16796875,3348.14453125,0
8.890625,7325.68359375,2360.3515625,10467.28515625,-2435.546875,0
8.89453125,-10385.7421875,6095.21484375,7868.65234375,-6564.453125,0
8.8984375,-3664.55078125,6150.390625,-2719.7265625,-6900.390625,0
8.90234375,-8651.3671875,-1577.1484375,12477.5390625,-4406.25,0
8.90625,-10581.0546875,6649.90234375,7782.71484375,-6681.640625,0
8.91015625,-10416.015625,6649.90234375,-3718.75,-14650.390625,0
8.9140625,-8604.00390625,4423.33984375,-15462.890625,9644.53125,0
8.91796875,-10182.6171875,6642.08984375,8017.08984375,-6455.078125,0
8.921875,-11540.0390625,3650.87890625,-1467.28515625,-15775.390625,0
8.92578125,-6640.625,-5578.61328125,6510.7421875,-14406.25,0
8.9296875,-10354.4921875,6392.08984375,7845.21484375,-6814.453125,0
8.93359375,-5166.015625,10901.85546875,-92.28515625,-14902.34375,0
8.9375,15342.7734375,-11583.0078125,2513.18359375,3549.8046875,0
8.94140625,-10495.1171875,6462.40234375,8150.390625,-7111.328125,0
8.9453125,-7916.015625,11276.3671875,7408.203125,-13777.34375,0
8.94921875,-2645.99609375,-15593.26171875,2527.34375,-10434.5703125,0
8.953125,-10370.1171875,6454.58984375,8580.078125,-6736.328125,0
8.95703125,-12292.96875,8400.390625,7032.2265625,13345.21484375,0
8.9609375,-14677.734375,-5571.77734375,529.296875,-6456.0546875,0
8.96484375,-11307.6171875,6595.21484375,8556.640625,-7478.515625,0
8.96875,15083.49609375,6776.3671875,15160.15625,12347.16796875,0
8.97265625,-4690.91796875,-7588.8671875,8524.90234375,-10475.09765625,0
8.9765625,-11541.9921875,6392.08984375,8509.765625,-7845.703125,0
8.98046875,8206.0546875,8900.87890625,14785.15625,4220.703125,0
8.984375,9298.828125,-5567.3828125,-9454.58984375,-10466.796875,0
8.98828125,-11018.5546875,7009.27734375,8658.203125,-7205.078125,0
8.9921875,13204.58984375,-14725.09765625,-14089.84375,15470.21484375,0
8.99609375,3293.9453125,-9583.49609375,4570.3125,15531.73828125,0
9.0,-11627.9296875,7149.90234375,9033.203125,-7697.265625,0
9.00390625,2454.1015625,-13597.65625,11908.69140625,1594.23828125,0
9.0078125,13262.6953125,-15575.68359375,-9458.49609375,11496.09375,0
9.01171875,-11659.1796875,6938.96484375,8916.015625,-8057.12890625,0
9.015625,4705.078125,13901.3671875,14409.66796875,-2781.25,0
9.01953125,-14703.125,10446.2890625,14557.6171875,-12482.91015625,0
9.0234375,-11722.16796875,7048.33984375,8595.703125,-8150.87890625,0
9.02734375,-2796.875,10276.3671875,3782.71484375,-6532.2265625,0
9.03125,-4738.76953125,-15575.68359375,-3451.66015625,-6499.0234375,0
9.03515625,-11791.9921875,7048.33984375,8908.203125,-7916.50390625,0
9.0390625,451.66015625,-9847.16796875,13533.69140625,-1282.2265625,0
9.04296875,9222.65625,-7561.03515625,2537.109375,5487.3046875,0
9.046875,-12519.04296875,7118.65234375,8650.390625,-8111.81640625,0
9.05078125,-3047.36328125,-12723.6328125,13784.1796875,-156.73828125,0
9.0546875,1238.76953125,-1565.91796875,-15446.77734375,-492.1875,0
9.05859375,-12292.48046875,6813.96484375,8361.328125,-7955.078125,0
9.0625,-3545.8984375,14652.83203125,5159.66796875,3096.19140625,0
9.06640625,3245.60546875,448.73046875,-7470.21484375,3514.16015625,0
9.0703125,-12315.91796875,7642.08984375,8533.203125,-7939.453125,0
9.07421875,-4923.33984375,-9723.14453125,-15964.35546875,467.7734375,0
9.078125,-14755.859375,-9562.98828125,14566.40625,-12500.9765625,0
9.08203125,-12245.60546875,6782.71484375,8845.703125,-8229.00390625,0
9.0859375,-7298.828125,13402.34375,12158.203125,-6658.203125,0
9.08984375,-14757.8125,-1564.94140625,6562.01171875,-12513.671875,0
9.09375,-11916.9921875,7329.58984375,9205.078125,-8002.44140625,0
9.09765625,828.61328125,-8222.16796875,14410.15625,-1905.76171875,0
9.1015625,-8729.98046875,12442.87109375,12570.3125,5513.671875,0
9.10546875,-11784.1796875,7126.46484375,9048.828125,-7728.515625,0
9.109375,328.125,-13471.19140625,15784.1796875,7969.7265625,0
9.11328125,7251.46484375,-5539.55078125,-11443.84765625,-14500.48828125,0
9.1171875,-11971.6796875,7009.27734375,9298.828125,-7900.390625,0
9.12109375,2704.1015625,-13222.16796875,-11840.33203125,3343.75,0
9.125,1264.16015625,-5552.734375,-11431.15234375,-10484.375,0
9.12890625,-11893.5546875,7415.52734375,9283.203125,-7619.140625,0
9.1328125,1328.125,-7847.16796875,-12714.35546875,5468.75,0
9.13671875,11258.7890625,-7544.921875,12580.56640625,5508.7890625,0
9.140625,-11534.1796875,7220.21484375,9408.203125,-7541.015625,0
9.14453125,5328.125,13152.34375,-8087.40234375,2843.75,0
9.1484375,-12757.32421875,463.37890625,-7384.765625,-10489.2578125,0
9.15234375,-12120.1171875,7337.40234375,9759.765625,-7837.890625,0
9.15625,2829.1015625,-7720.703125,-3336.42578125,5971.19140625,0
9.16015625,5278.80859375,-13557.6171875,-15374.0234375,11555.17578125,0
9.1640625,-11237.3046875,7259.27734375,10080.078125,-6970.703125,0
9.16796875,4077.1484375,-10597.16796875,-2711.9140625,8969.7265625,0
9.171875,-750.48828125,-9537.109375,14620.1171875,-6475.09765625,0
9.17578125,-11901.3671875,7438.96484375,9806.640625,-7728.515625,0
9.1796875,3079.58984375,-9596.6796875,-833.984375,6596.6796875,0
9.18359375,-4732.421875,-1539.55078125,4656.25,13542.48046875,0
9.1875,-12362.79296875,7220.21484375,9916.015625,-8119.62890625,0
9.19140625,-8173.33984375,-14347.16796875,-4711.9140625,-6282.71484375,0
9.1953125,3222.65625,10468.75,-1362.3046875,-4534.1796875,0
9.19921875,-13300.29296875,7517.08984375,9978.515625,-9627.9296875,0
9.203125,70.3125,-10722.16796875,-1586.42578125,-1789.55078125,1
9.20703125,3107.421875,-15535.15625,6612.3046875,1331.0546875,1
9.2109375,-14292.96875,8751.953125,10416.50390625,-10643.5546875,1
9.21484375,-11809.5703125,8903.3203125,4162.109375,13328.125,1
9.21875,15050.29296875,10432.6171875,2564.453125,-12765.13671875,1
9.22265625,-15175.78125,7267.08984375,8845.703125,-12526.85546875,1
9.2265625,12689.453125,-218.26171875,15536.62109375,-11301.26953125,1
9.23046875,-14954.58984375,12489.74609375,-3421.875,-10818.84765625,1
9.234375,-14988.28125,7603.02734375,8595.703125,-12909.66796875,1
9.23828125,-11433.59375,-4593.26171875,13408.69140625,-13926.7578125,1
9.2421875,-12935.05859375,6541.50390625,-7474.12109375,9165.52734375,1
9.24609375,-14464.84375,8321.77734375,8626.953125,-12894.04296875,1
9.25,-7306.15234375,-5845.21484375,10659.66796875,-11799.31640625,1
9.25390625,3106.93359375,14536.1328125,-11417.48046875,7216.796875,1
9.2578125,-14011.23046875,8634.765625,8962.40234375,-12120.1171875,1
9.26171875,9446.77734375,1653.3203125,-4848.14453125,13082.03125,1
9.265625,11072.75390625,4441.40625,2437.01171875,-10741.2109375,1
9.26953125,-14996.09375,8329.58984375,7751.46484375,-11924.8046875,1
9.2734375,-6431.640625,-15976.07421875,-6975.5859375,14081.54296875,1
9.27734375,11131.8359375,8473.6328125,-1532.71484375,-6645.99609375,1
9.28125,-14457.03125,7274.90234375,8423.828125,-10666.9921875,1
9.28515625,11065.4296875,13779.78515625,-10577.63671875,10456.54296875,1
9.2890625,-14928.7109375,6459.9609375,-11013.671875,15337.40234375,1
9.29296875,-13769.53125,8080.078125,-11485.83984375,-9627.9296875,1
9.296875,-12684.5703125,11162.109375,-3750.9765625,-12293.9453125,1
9.30078125,15109.86328125,-3431.15234375,-2037.59765625,9358.3984375,1
9.3046875,-14839.84375,7571.2890625,-445.80078125,-10893.5546875,1
9.30859375,-10432.6171875,-1730.46875,-6251.953125,-12292.48046875,1
9.3125,11036.62109375,14465.8203125,-8025.87890625,7264.6484375,1
9.31640625,-15488.28125,9487.3046875,-406.73828125,-11885.7421875,1
9.3203125,-9431.640625,12433.10546875,-6501.953125,15206.54296875,1
9.32421875,-916.015625,-855.95703125,-8025.87890625,13266.11328125,1
9.328125,15854.98046875,-12464.35546875,-406.73828125,-13527.34375,1
9.33203125,11186.5234375,-3400.390625,-6501.953125,-8053.7109375,1
9.3359375,1050.29296875,-2052.24609375,-8025.87890625,9181.640625,1
9.33984375,-15840.33203125,-391.11328125,-406.73828125,-13785.15625,1
9.34375,10429.6875,-8751.953125,-6501.953125,14814.94140625,1
9.34765625,-1128.90625,-25.87890625,-8025.87890625,11036.62109375,1
9.3515625,14331.0546875,-406.73828125,-406.73828125,-14934.08203125,1
9.35546875,-12577.1484375,-6501.953125,-6501.953125,-1441.40625,1
9.359375,14801.26953125,-8026.3671875,-8025.87890625,6963.37890625,1
9.36328125,12486.81640625,-406.73828125,-406.73828125,15058.10546875,1
9.3671875,-8083.49609375,-6501.953125,-6501.953125,3677.734375,1
9.37109375,4691.89453125,-8025.87890625,-8025.87890625,6879.39453125,1
9.375,11596.19140625,-406.73828125,-406.73828125,14534.1796875,1
9.37890625,9666.015625,-6501.953125,-6501.953125,-11073.2421875,1
9.3828125,-15387.20703125,-8025.87890625,-8025.87890625,12791.015625,1
9.38671875,9111.328125,-406.73828125,-406.73828125,11939.94140625,1
9.390625,11658.69140625,-6501.953125,-6501.953125,-5329.1015625,1
9.39453125,14565.4296875,-8025.87890625,-8031.25,-7228.515625,1
9.3984375,6954.58984375,-406.73828125,-555.17578125,10283.69140625,1
9.40234375,14407.2265625,-6501.953125,-8752.44140625,6796.875,1
9.40625,4450.1953125,-8025.87890625,3953.61328125,-3312.01171875,1
9.41015625,6454.58984375,-406.73828125,-789.55078125,10087.890625,1
9.4140625,1270.5078125,-6501.953125,-13253.90625,-463.37890625,1
9.41796875,4373.046875,-8025.87890625,-4057.6171875,6634.765625,1
9.421875,6313.4765625,-406.73828125,-969.23828125,10650.390625,1
9.42578125,14767.578125,-6376.953125,15870.60546875,-10839.84375,1
9.4296875,4266.11328125,-8025.87890625,-12067.87109375,6557.12890625,1
9.43359375,3446.2890625,-398.92578125,-1117.67578125,8158.203125,1
9.4375,6767.578125,-6376.953125,13620.1171875,-12713.37890625,1
9.44140625,8245.1171875,-8025.87890625,-8074.21875,12544.43359375,1
9.4453125,4547.36328125,-406.73828125,-1211.42578125,9306.640625,1
9.44921875,-6487.79296875,-6626.953125,12370.1171875,9657.71484375,1
9.453125,-15687.5,-10025.87890625,5919.921875,12629.8828125,1
9.45703125,5563.4765625,-406.73828125,-1281.73828125,10580.56640625,1
9.4609375,-3850.09765625,-6501.953125,11244.62890625,15420.8984375,1
9.46484375,2473.14453125,-8025.87890625,7914.55078125,-15187.98828125,1
9.46875,8509.765625,-406.73828125,-1391.11328125,13987.79296875,1
9.47265625,-12960.44921875,-6501.953125,9369.140625,-15311.5234375,1
9.4765625,-1368.1640625,-8025.87890625,9904.78515625,-4979.98046875,1
9.48046875,10479.00390625,-406.73828125,-1492.67578125,-15332.03125,1
9.484375,-4706.0546875,-6501.953125,4490.72265625,-3932.6171875,1
9.48828125,-9354.98046875,-8025.87890625,-14129.39453125,-973.14453125,1
9.4921875,9338.37890625,-406.73828125,-4634.765625,15464.84375,1
9.49609375,8921.38671875,-6501.953125,3686.03515625,9195.80078125,1
9.5,-7306.640625,-8025.87890625,12419.43359375,7095.21484375,1
9.50390625,11126.953125,-406.73828125,6751.46484375,-14417.96875,1
9.5078125,-841.796875,-6501.953125,13646.484375,3807.6171875,1
9.51171875,-11565.91796875,-8025.390625,10283.203125,-3170.41015625,1
9.515625,4046.875,-406.73828125,4102.05078125,10274.90234375,1
9.51953125,-6749.0234375,-6501.953125,-3362.3046875,-102.05078125,1
9.5234375,6002.9296875,-6025.390625,10151.85546875,-11699.21875,1
9.52734375,0.0,-406.73828125,2140.625,2953.125,1
9.53125,0.0,-6501.953125,-5869.62890625,4250.0,1
9.53515625,0.0,-6025.390625,-9915.52734375,4.39453125,1
9.5390625,0.0,-398.92578125,1101.5625,0.0,1
9.54296875,0.0,-6376.953125,15003.41796875,0.0,1
9.546875,0.0,-4033.203125,-15938.96484375,0.0,1
9.55078125,0.0,-289.55078125,804.6875,0.0,1
9.5546875,0.0,6101.5625,12502.9296875,0.0,1
9.55859375,0.0,11357.91015625,-15956.0546875,0.0,1
9.5625,0.0,-12535.15625,734.375,0.0,1
9.56640625,0.0,12673.828125,11877.44140625,0.0,1
9.5703125,0.0,-13411.62109375,10041.015625,0.0,1
9.57421875,0.0,4844.23828125,632.8125,0.0,1
9.578125,0.0,4629.39453125,11002.9296875,0.0,1
9.58203125,0.0,4000.0,10049.8046875,0.0,1
9.5859375,0.0,23.4375,804.6875,0.0,1
9.58984375,0.0,125.0,14128.41796875,0.0,1
9.59375,0.0,0.0,10061.5234375,0.0,1
9.59765625,0.0,0.0,953.125,0.0,1
9.6015625,0.0,0.0,14753.90625,0.0,1
9.60546875,0.0,0.0,10083.0078125,0.0,1
9.609375,0.0,0.0,1320.3125,0.0,1
9.61328125,0.0,0.0,-13245.60546875,0.0,1
9.6171875,0.0,0.0,14078.61328125,0.0,1
9.62109375,0.0,0.0,1382.8125,0.0,1
9.625,0.0,0.0,-12620.60546875,0.0,1
9.62890625,0.0,0.0,8103.02734375,0.0,1
9.6328125,0.0,0.0,1640.625,117.1875,1
9.63671875,0.0,0.0,-9744.62890625,6876.46484375,1
9.640625,0.0,0.0,14092.7734375,-9906.25,1
9.64453125,0.0,0.0,1296.875,1719.23828125,1
9.6484375,0.0,0.0,-11869.62890625,8514.16015625,1
9.65234375,0.0,0.0,8079.58984375,-13815.4296875,1
9.65625,0.0,0.0,1281.25,4094.7265625,1
9.66015625,0.0,0.0,-13121.58203125,11019.04296875,1
9.6640625,0.0,0.0,12031.73828125,-1702.63671875,1
9.66796875,0.0,0.0,382.8125,4938.96484375,1
9.671875,125.0,0.0,2750.0,2652.83203125,1
9.67578125,21.97265625,0.0,0.0,14457.03125,1
9.6796875,757.8125,0.0,0.0,7563.96484375,1
9.68359375,10004.39453125,0.0,0.0,-7094.7265625,1
9.6875,8184.5703125,0.0,0.0,-13405.2734375,1
9.69140625,2257.8125,0.0,0.0,9173.828125,1
9.6953125,-12487.3046875,0.0,0.0,2289.55078125,1
9.69921875,-1725.09765625,0.0,0.0,6697.75390625,1
9.703125,3648.92578125,0.0,0.0,10338.37890625,1
9.70703125,-7354.00390625,0.0,0.0,5297.8515625,1
9.7109375,-5643.5546875,0.0,0.0,10785.64453125,1
9.71484375,5196.77734375,0.0,0.0,12143.5546875,1
9.71875,773.4375,0.0,0.0,14425.29296875,1
9.72265625,14382.32421875,0.0,-5985.83984375,-7186.5234375,1
9.7265625,6446.77734375,0.0,203.125,13135.7421875,1
9.73046875,-11471.19140625,0.0,5876.953125,-944.82421875,1
9.734375,-3533.69140625,0.0,-1934.5703125,6873.046875,1
9.73828125,8188.96484375,0.0,1500.0,14737.79296875,1
9.7421875,-3719.7265625,0.0,-6742.1875,6805.17578125,1
9.74609375,12560.546875,0.0,-15829.1015625,-1039.55078125,1
9.75,8916.015625,0.0,2437.98828125,15495.60546875,1
9.75390625,15161.1328125,0.0,12766.11328125,-9438.4765625,1
9.7578125,-5472.16796875,0.0,287.59765625,8943.359375,1
9.76171875,9314.453125,0.0,4696.2890625,-15910.15625,1
9.765625,-8840.8203125,0.0,11270.99609375,5686.5234375,1
9.76953125,-1414.0625,0.0,-15651.3671875,-10991.2109375,1
9.7734375,9494.62890625,0.0,5345.21484375,-15933.59375,1
9.77734375,2039.55078125,0.0,6151.85546875,11190.91796875,1
9.78125,-9396.484375,0.0,12392.08984375,-4966.796875,1
9.78515625,10260.25390625,0.0,5758.7890625,-14933.59375,1
9.7890625,6787.109375,0.0,10266.11328125,-8435.546875,1
9.79296875,12608.3984375,0.0,-5861.328125,9039.0625,1
9.796875,10119.62890625,0.0,0.0,-15214.84375,1
9.80078125,10166.50390625,0.0,-15617.67578125,-15431.640625,1
9.8046875,-9353.515625,0.0,4111.81640625,9084.47265625,1
9.80859375,10728.515625,0.0,3540.0390625,-14285.15625,1
9.8125,-1086.42578125,0.0,8266.6015625,-14309.08203125,1
9.81640625,706.0546875,0.0,-11702.63671875,-12860.83984375,1
9.8203125,11729.00390625,0.0,5259.27734375,-13144.04296875,1
9.82421875,15169.43359375,0.0,900.87890625,3447.265625,1
9.828125,14749.0234375,0.0,-5585.9375,11194.3359375,1
9.83203125,10900.87890625,0.0,6353.02734375,-13901.85546875,1
9.8359375,-10704.58984375,0.0,-15970.21484375,6698.2421875,1
9.83984375,10764.6484375,0.0,-5535.15625,5202.63671875,1
9.84375,12588.37890625,0.0,8369.140625,-12565.91796875,1
9.84765625,-9826.171875,0.0,13908.203125,4701.171875,1
9.8515625,-3152.34375,0.0,-7470.703125,-6713.37890625,1
9.85546875,13644.04296875,0.0,8853.515625,-11206.0546875,1
9.859375,4928.22265625,0.0,-6711.9140625,-11044.921875,1
9.86328125,-15208.984375,0.0,6615.234375,-759.27734375,1
9.8671875,13096.6796875,0.0,9955.56640625,-11635.7421875,1
9.87109375,-5820.80078125,0.0,10791.015625,-14667.96875,1
9.875,-11086.9140625,0.0,12638.671875,-10668.45703125,1
9.87890625,13768.5546875,0.0,10689.94140625,-11432.6171875,1
9.8828125,-15320.80078125,0.0,42.48046875,207.03125,1
9.88671875,2894.04296875,0.0,-9066.89453125,15353.02734375,1
9.890625,14472.16796875,0.0,-11470.703125,-10456.0546875,1
9.89453125,2804.19921875,0.0,8088.37890625,15582.51953125,1
9.8984375,-13086.9140625,0.0,876.953125,3383.30078125,1
9.90234375,15183.10546875,0.0,9086.9140625,-9463.37890625,1
9.90625,-5438.96484375,0.0,-10125.0,11463.8671875,1
9.91015625,3007.8125,0.0,14.16015625,-10537.59765625,1
9.9140625,-15699.70703125,0.0,0.0,-8862.3046875,1
9.91796875,2916.50390625,0.0,-5114.2578125,-13179.6875,1
9.921875,-13360.3515625,0.0,-7984.86328125,-8915.52734375,1
9.92578125,9078.61328125,0.0,4626.953125,-15638.18359375,1
9.9296875,-5000.0,0.48828125,4795.8984375,-14097.16796875,1
9.93359375,-13993.65234375,-10000.0,-4310.546875,-11728.515625,1
9.9375,54.6875,1635.7421875,-227.05078125,437.5,1
9.94140625,0.0,472.65625,-13253.41796875,1876.46484375,1
9.9453125,0.0,-12069.3359375,-5279.78515625,0.0,1
9.94921875,0.0,-508.30078125,0.0,773.92578125,1
9.953125,0.0,-8251.46484375,12875.0,12391.11328125,1
9.95703125,2.9296875,1974.609375,8000.0,-7722.16796875,1
9.9609375,0.0,-398.92578125,0.0,4860.83984375,1
9.96484375,8505.37109375,-6376.953125,0.0,-3963.37890625,1
9.96875,2093.26171875,-6025.390625,0.0,-5402.34375,1
9.97265625,1734.86328125,-406.73828125,0.0,10064.94140625,1
9.9765625,7265.13671875,-6376.953125,0.0,-15449.70703125,1
9.98046875,-5671.38671875,-6025.390625,0.0,-7089.84375,1
9.984375,6267.08984375,-398.92578125,0.0,15558.59375,1
9.98828125,-3965.33203125,-6376.953125,0.0,11943.84765625,1
9.9921875,2572.75390625,-6025.390625,0.0,13138.18359375,1
9.99609375,9768.06640625,-398.92578125,0.0,-12690.4296875,1
10.0,-9574.70703125,-6501.953125,0.0,12084.9609375,1
10.00390625,6842.28515625,-8025.87890625,0.0,-586.42578125,0
10.0078125,14261.23046875,-391.11328125,0.0,-8306.640625,0
10.01171875,-14441.89453125,-8376.46484375,0.0,8220.21484375,0
10.015625,-9074.21875,-6075.1953125,0.0,9513.18359375,0
10.01953125,15503.90625,-4916.015625,0.0,-7509.765625,0
10.0234375,3692.3828125,-2642.08984375,0.0,-12522.4609375,0
10.02734375,3071.77734375,-12222.16796875,0.0,13622.55859375,0
10.03125,-15300.78125,-4126.46484375,0.0,-6657.71484375,0
10.03515625,-2930.6640625,-7644.04296875,0.0,5351.5625,0
10.0390625,11046.38671875,-2403.80859375,0.0,-8434.08203125,0
10.04296875,-14800.78125,-7814.94140625,0.0,-6548.828125,0
10.046875,-12809.08203125,-15168.9453125,0.0,-10277.83203125,0
10.05078125,-14889.16015625,-4801.7578125,0.0,3575.68359375,0
10.0546875,-13722.16796875,-13972.65625,0.0,-6415.52734375,0
10.05859375,11823.73046875,10815.4296875,0.0,351.07421875,0
10.0625,-12902.34375,-8993.65234375,0.0,-8463.37890625,0
10.06640625,-13784.66796875,-15964.84375,0.0,-6611.328125,0
10.0703125,14822.75390625,8306.640625,0.0,-276.85546875,0
10.07421875,7187.01171875,-13189.453125,0.0,-8410.15625,0
10.078125,-13745.60546875,12862.3046875,0.0,-6783.203125,0
10.08203125,4197.265625,6291.015625,0.0,-10900.390625,0
10.0859375,-6829.58984375,-13416.015625,0.0,13607.421875,0
10.08984375,-12800.29296875,8626.46484375,0.0,-5774.90234375,0
10.09375,-12550.78125,-6849.12109375,0.0,5977.05078125,0
10.09765625,5210.9375,6371.58203125,0.0,-8338.37890625,0
10.1015625,-12722.16796875,4687.98828125,0.0,-5345.21484375,0
10.10546875,-4546.38671875,-14615.72265625,0.0,14480.46875,0
10.109375,13244.140625,4130.859375,0.0,7660.15625,0
10.11328125,-11659.66796875,1554.6875,0.0,-5001.46484375,0
10.1171875,-1550.29296875,4875.0,0.0,10476.07421875,0
10.12109375,7212.890625,2.44140625,0.0,9638.18359375,0
10.125,-12331.0546875,0.0,0.0,-5532.71484375,0
10.12890625,7953.61328125,0.0,0.0,-13145.5078125,0
10.1328125,-2804.6875,0.0,0.0,-387.6953125,0
10.13671875,-11987.3046875,0.0,0.0,-5556.15234375,0
10.140625,6953.61328125,0.0,0.0,10228.02734375,0
10.14453125,-4744.140625,0.0,0.0,5649.90234375,0
10.1484375,-11971.6796875,0.0,0.0,-5532.71484375,0
10.15234375,5456.54296875,250.0,0.0,9230.46875,0
10.15625,-12686.5234375,3.41796875,0.0,15686.03515625,0
10.16015625,-10831.0546875,531.25,0.0,-4907.71484375,0
10.1640625,15205.56640625,5125.0,0.0,15228.515625,0
10.16796875,-10705.56640625,17.578125,0.0,15669.43359375,0
10.171875,-11448.2421875,468.75,0.0,-5478.02734375,0
10.17578125,11332.51953125,752.44140625,0.0,7854.98046875,0
10.1796875,-6677.734375,12096.6796875,0.0,-10321.2890625,0
10.18359375,-11088.8671875,1766.11328125,0.0,-5571.77734375,0
10.1875,15708.0078125,2012.20703125,0.0,6104.4921875,0
10.19140625,-10666.50390625,10243.1640625,0.0,-10313.4765625,0
10.1953125,-10666.9921875,4258.7890625,0.0,-5063.96484375,0
10.19921875,-39.0625,-8976.07421875,0.0,-10017.578125,0
10.203125,-4652.83203125,-9587.40234375,0.0,9695.3125,0
10.20703125,-10924.8046875,6946.77734375,0.0,-5274.90234375,0
10.2109375,-14539.0625,7526.85546875,0.0,7230.46875,0
10.21484375,13423.33984375,6522.4609375,0.0,-2266.11328125,0
10.21875,-10182.6171875,7876.46484375,0.0,-5290.52734375,0
10.22265625,-11666.50390625,-4840.8203125,0.0,2978.02734375,0
10.2265625,-6639.6484375,10511.23046875,0.0,-338.8671875,0
10.23046875,-9745.1171875,7994.140625,0.0,-5009.27734375,0
10.234375,-289.55078125,6905.76171875,0.0,14228.515625,0
10.23828125,5374.51171875,8444.82421875,0.0,-4335.44921875,0
10.2421875,-9432.12890625,6556.15234375,0.0,-4931.15234375,0
10.24609375,-12911.1328125,7023.92578125,0.0,-7518.5546875,0
10.25,-8579.58984375,-13628.41796875,0.0,3687.98828125,0
10.25390625,-8846.19140625,5375.9765625,0.0,-4884.27734375,0
10.2578125,-6159.66796875,14894.04296875,0.0,-11645.99609375,0
10.26171875,3410.15625,-5695.80078125,0.0,3617.67578125,0
10.265625,-8830.56640625,5383.7890625,0.0,-5618.65234375,0
10.26953125,-15159.1796875,7264.16015625,0.0,10230.46875,0
10.2734375,7445.80078125,2221.6796875,0.0,1678.22265625,0
10.27734375,-9885.25390625,2602.05078125,0.0,-5884.27734375,0
10.28125,13966.30859375,1007.8125,0.0,-15767.08984375,0
10.28515625,-14578.61328125,12119.140625,0.0,-14302.734375,0
10.2890625,-9689.94140625,1890.625,0.0,-5001.46484375,0
10.29296875,11589.84375,-1370.1171875,0.0,-11018.5546875,0
10.296875,11433.59375,12033.203125,0.0,-6304.19921875,0
10.30078125,-8775.87890625,484.375,0.0,-4571.77734375,0
10.3046875,-10285.64453125,4625.0,0.0,-6143.06640625,0
10.30859375,-556.15234375,0.0,0.0,15712.890625,0
10.3125,-8666.50390625,0.0,0.0,-4423.33984375,0
10.31640625,-15034.1796875,0.0,0.0,-9642.578125,0
10.3203125,-8527.34375,0.0,0.0,-10261.71875,0
10.32421875,-8432.12890625,0.0,0.0,-4149.4140625,0
10.328125,-3282.71484375,0.0,0.0,1485.3515625,0
10.33203125,11493.1640625,0.0,0.0,-8205.56640625,0
10.3359375,-7775.390625,0.0,0.0,-3055.6640625,0
10.33984375,968.75,0.0,0.0,13487.79296875,0
10.34375,-8514.6484375,0.0,0.0,-4188.4765625,0
10.34765625,-8291.015625,0.0,0.0,-2922.8515625,0
10.3515625,4469.23828125,0.0,0.0,-8135.7421875,0
10.35546875,-8520.5078125,0.0,0.0,3799.31640625,0
10.359375,-8338.37890625,0.0,0.0,-3008.7890625,0
10.36328125,-2157.2265625,0.0,0.0,-12886.23046875,0
10.3671875,-2507.8125,0.0,0.0,5812.5,0
10.37109375,-8174.31640625,0.0,0.0,-3172.8515625,0
10.375,-3655.76171875,0.0,0.0,12362.79296875,0
10.37890625,13535.15625,0.0,0.0,-182.12890625,0
10.3828125,-8018.06640625,0.0,0.0,-3422.8515625,0
10.38671875,-9407.71484375,0.0,0.0,984.86328125,0
10.390625,9504.8828125,0.0,0.0,-208.49609375,0
10.39453125,-7908.203125,0.0,0.0,-3196.2890625,0
10.3984375,3718.75,0.0,0.0,13861.81640625,0
10.40234375,15471.19140625,0.0,0.0,15757.8125,0
10.40625,-8182.12890625,0.0,0.0,-3891.6015625,0
10.41015625,-2406.25,0.0,0.0,1985.83984375,0
10.4140625,-8480.46875,4.39453125,0.0,1783.69140625,0
10.41796875,-8494.62890625,281.25,0.0,-4086.9140625,0
10.421875,-8157.71484375,12877.9296875,0.0,110.3515625,0
10.42578125,-2505.859375,-1930.6640625,0.0,5769.04296875,0
10.4296875,-7533.203125,1578.125,0.0,-3047.8515625,0
10.43359375,465.33203125,14504.39453125,0.0,7106.93359375,0
10.4375,13449.70703125,8104.4921875,0.0,5713.8671875,0
10.44140625,-8502.44140625,1914.55078125,0.0,-4235.3515625,0
10.4453125,-3280.76171875,134.27734375,0.0,4486.81640625,0
10.44921875,9513.671875,10191.89453125,0.0,7784.66796875,0
10.453125,-8064.453125,3008.30078125,0.0,-3821.2890625,0
10.45703125,3094.23828125,-11736.81640625,0.0,3609.86328125,0
10.4609375,5481.4453125,-13783.203125,0.0,7740.234375,0
10.46484375,-8432.12890625,3305.17578125,0.0,-4493.65234375,0
10.46875,-6156.73828125,15637.20703125,0.0,-12142.578125,0
10.47265625,-12486.328125,10205.56640625,0.0,15755.859375,0
10.4765625,-7893.06640625,4125.9765625,0.0,-3931.15234375,0
10.48046875,-2281.73828125,11017.08984375,0.0,-4266.6015625,0
10.484375,15504.8828125,14224.12109375,0.0,1742.1875,0
10.48828125,-7501.953125,3344.7265625,0.0,-3743.1640625,0
10.4921875,9217.28515625,3889.6484375,0.0,3482.421875,0
10.49609375,-2541.015625,-1752.9296875,0.0,3693.359375,0
10.5,-8650.87890625,4719.7265625,0.0,-4892.08984375,0
10.50390625,-5656.73828125,8518.06640625,0.0,-11017.578125,0
10.5078125,-8500.9765625,-13688.4765625,0.0,15727.05078125,0
10.51171875,-8135.25390625,4743.1640625,0.0,-4313.96484375,0
10.515625,-1157.2265625,14018.06640625,0.0,-3142.08984375,0
10.51953125,-538.0859375,-3729.4921875,0.0,13702.63671875,0
10.5234375,-8463.37890625,4164.55078125,0.0,-4892.08984375,0
10.52734375,-2907.2265625,-8239.74609375,0.0,-10018.06640625,0
10.53125,-4485.83984375,-11801.7578125,0.0,5729.98046875,0
10.53515625,-7798.828125,3398.92578125,0.0,-4235.83984375,0
10.5390625,718.26171875,13760.25390625,0.0,-8518.06640625,0
10.54296875,-14518.5546875,6125.48828125,0.0,-10295.8984375,0
10.546875,-8197.265625,1460.9375,15.625,-4587.40234375,0
10.55078125,1718.26171875,-12121.58203125,625.0,-7142.578125,0
10.5546875,-481.93359375,-15933.59375,19.04296875,7735.83984375,0
10.55859375,-7424.31640625,890.625,570.3125,-4228.02734375,0
10.5625,-2157.2265625,2625.0,3500.9765625,-12144.04296875,0
10.56640625,-12477.05078125,0.9765625,4056.15234375,11726.5625,0
10.5703125,-7932.12890625,0.0,906.25,-4501.46484375,0
10.57421875,-5656.25,0.0,10378.41796875,-11267.578125,0
10.578125,-2488.76953125,0.0,-9919.921875,-14281.25,0
10.58203125,-8025.87890625,0.0,1281.25,-4571.77734375,0
10.5859375,-4658.69140625,0.0,-10993.65234375,-11769.04296875,0
10.58984375,-12520.5078125,0.0,-9880.859375,-291.015625,0
10.59375,-8197.265625,0.0,2055.17578125,-4681.15234375,0
10.59765625,218.75,0.0,10009.765625,-7517.578125,0
10.6015625,-502.9296875,0.0,-11839.84375,-4290.52734375,0
10.60546875,-7955.56640625,0.0,3039.55078125,-4485.83984375,0
10.609375,-3031.73828125,0.0,11510.25390625,-5892.08984375,0
10.61328125,3522.4609375,0.0,-13779.78515625,-8256.34765625,0
10.6171875,-8127.44140625,0.0,3156.73828125,-4774.90234375,0
10.62109375,-3156.25,0.0,13887.20703125,-15769.04296875,0
10.625,5483.88671875,0.0,-9811.5234375,1690.91796875,0
10.62890625,-8134.765625,0.0,2844.23828125,-4618.1640625,0
10.6328125,9719.7265625,0.0,-6235.3515625,2107.421875,0
10.63671875,-528.3203125,0.0,-1779.296875,-12340.33203125,0
10.640625,-8525.87890625,0.0,3547.36328125,-5267.08984375,0
10.64453125,-9909.1796875,0.0,-8110.83984375,12979.00390625,0
10.6484375,-2534.66796875,0.0,6231.93359375,-6333.49609375,0
10.65234375,-8377.44140625,0.0,3656.73828125,-5462.40234375,0
10.65625,-2281.25,0.0,-4984.86328125,8979.4921875,0
10.66015625,-12519.53125,0.0,12232.91015625,-331.0546875,0
10.6640625,-8416.015625,0.0,3594.7265625,-5384.27734375,0
10.66796875,4093.75,0.0,2392.08984375,-14395.01953125,0
10.671875,-6530.2734375,0.48828125,10258.7890625,-354.4921875,0
10.67578125,-8611.81640625,0.0,4157.2265625,-5634.27734375,0
10.6796875,-10534.1796875,1125.9765625,5766.6015625,8727.5390625,0
10.68359375,-6527.34375,-7967.28515625,-13746.09375,15647.94921875,0
10.6875,-8588.37890625,484.375,4086.9140625,-5728.02734375,0
10.69140625,-11033.69140625,6001.953125,8393.5546875,2977.5390625,0
10.6953125,15461.9140625,12049.8046875,-15690.91796875,15644.04296875,0
10.69921875,-8650.87890625,960.9375,4860.3515625,-5821.77734375,0
10.703125,-11283.69140625,-11743.65234375,10894.04296875,727.5390625,0
10.70703125,13458.49609375,2115.72265625,-3665.52734375,13652.83203125,0
10.7109375,-8557.12890625,1742.1875,5579.1015625,-5493.65234375,0
10.71484375,-4906.25,-6117.1875,-3352.05078125,13105.95703125,0
10.71875,13501.46484375,-3846.19140625,-5630.859375,1688.96484375,0
10.72265625,-7556.640625,2305.17578125,6626.46484375,-4767.08984375,0
10.7265625,5339.35546875,9010.7421875,-10849.609375,-13647.94921875,0
10.73046875,-14580.56640625,-13839.84375,-7594.7265625,15617.67578125,0
10.734375,-9049.31640625,2187.5,7181.15234375,-5915.52734375,0
10.73828125,12464.84375,-239.74609375,-6843.26171875,4353.02734375,0
10.7421875,-12541.50390625,175.29296875,4533.69140625,-14342.28515625,0
10.74609375,-8627.44140625,2852.05078125,8947.265625,-5188.96484375,0
10.75,-4533.69140625,-15489.2578125,-7212.890625,13728.02734375,0
10.75390625,-10564.94140625,14177.734375,2589.84375,-2368.65234375,0
10.7578125,-8846.19140625,2773.92578125,9619.140625,-5681.15234375,0
10.76171875,-13784.66796875,7884.27734375,-4085.44921875,6728.02734375,0
10.765625,-14499.0234375,4175.78125,4667.48046875,5683.59375,0
10.76953125,-8158.69140625,2898.92578125,10627.44140625,-5103.02734375,0
10.7734375,-11910.64453125,-14364.74609375,12041.9921875,6851.07421875,0
10.77734375,1409.66796875,8123.046875,-9338.37890625,-2384.27734375,0
10.78125,-8955.56640625,2680.17578125,10854.00390625,-5579.58984375,0
10.78515625,-13035.64453125,-15990.72265625,15042.48046875,7476.07421875,0
10.7890625,11451.171875,-15853.515625,703.61328125,-4365.72265625,0
10.79296875,-8564.94140625,2547.36328125,11604.00390625,-5634.27734375,0
10.796875,-10533.69140625,8133.30078125,-4204.1015625,6728.515625,0
10.80078125,3455.56640625,-1878.41796875,-1260.25390625,-12359.86328125,0
10.8046875,-8932.12890625,2031.25,11744.62890625,-6142.578125,0
10.80859375,-14784.1796875,-1369.140625,-4703.125,-1773.92578125,0
10.8125,1470.703125,-7853.02734375,-13228.515625,-4353.515625,0
10.81640625,-8268.06640625,2852.05078125,12033.69140625,-5580.078125,0
10.8203125,-12787.59765625,2881.34765625,-1453.125,-4526.85546875,0
10.82421875,-2590.33203125,12090.33203125,-9233.3984375,-415.0390625,0
10.828125,-9150.87890625,1578.61328125,12526.3671875,-6470.703125,0
10.83203125,-14785.64453125,381.34765625,10923.828125,-3274.90234375,0
10.8359375,-12560.05859375,14105.46875,8793.9453125,5598.14453125,0
10.83984375,-8416.50390625,1906.25,13331.0546875,-5986.328125,0
10.84375,15337.890625,-14618.65234375,-15326.66015625,-7526.85546875,0
10.84765625,3424.31640625,8124.51171875,-11217.7734375,7572.75390625,0
10.8515625,-9557.12890625,1437.5,12729.4921875,-7283.203125,0
10.85546875,6088.8671875,-8745.1171875,14675.78125,10097.65625,0
10.859375,-6527.83203125,4107.421875,8856.93359375,3600.5859375,0
10.86328125,-8830.56640625,1843.75,13604.4921875,-6853.515625,0
10.8671875,710.9375,-12745.1171875,13676.26953125,343.75,0
10.87109375,13409.1796875,12083.984375,2839.84375,-12450.68359375,0
10.875,-9236.81640625,1187.5,13596.6796875,-7001.953125,0
10.87890625,8710.9375,-5369.140625,-1946.77734375,11095.21484375,0
10.8828125,-10608.88671875,-3897.4609375,-5157.2265625,3527.83203125,0
10.88671875,-9674.31640625,1992.1875,13714.35546875,-7283.203125,0
10.890625,9840.33203125,-5494.62890625,7058.59375,11348.6328125,0
10.89453125,-10569.82421875,-13882.32421875,2907.71484375,5574.70703125,0
10.8984375,-9643.06640625,1929.6875,14136.23046875,-7486.328125,0
10.90234375,5711.9140625,-5867.1875,6556.15234375,9221.6796875,0
10.90625,11389.16015625,-15870.1171875,-1081.0546875,3548.33984375,0
10.91015625,-9689.94140625,2062.98828125,14995.60546875,-7283.203125,0
10.9140625,5212.890625,6385.25390625,13558.10546875,12097.16796875,0
10.91796875,15399.4140625,-7842.7734375,-13071.77734375,-444.82421875,0
10.921875,-9346.19140625,2609.86328125,15073.73046875,-7009.765625,0
10.92578125,12462.40234375,12009.765625,-7314.94140625,-14903.3203125,0
10.9296875,9412.109375,4165.0390625,-3024.4140625,5560.05859375,0
10.93359375,-9416.50390625,2922.36328125,15745.60546875,-7181.640625,0
10.9375,5088.37890625,-13737.79296875,-2061.5234375,6471.6796875,0
10.94140625,7421.875,210.44921875,-4965.33203125,-2437.01171875,0
10.9453125,-9541.50390625,3172.36328125,-15613.28125,-7376.953125,0
10.94921875,14090.33203125,-12236.81640625,9065.4296875,15722.65625,0
10.953125,-14579.1015625,-15791.50390625,-953.61328125,-6463.8671875,0
10.95703125,-9525.87890625,2953.61328125,-15097.65625,-7455.078125,0
10.9609375,7587.890625,14888.18359375,-11932.12890625,12346.19140625,0
10.96484375,7439.453125,-11753.41796875,7122.55859375,-4451.66015625,0
10.96875,-8955.56640625,3875.48828125,-13917.96875,-7283.203125,0
10.97265625,7212.40234375,-8110.83984375,-3930.6640625,10221.19140625,0
10.9765625,1421.38671875,-9744.62890625,7130.37109375,13547.8515625,0
10.98046875,-9041.50390625,4149.4140625,-13839.35546875,-7056.640625,0
10.984375,9962.890625,1392.08984375,1570.80078125,11095.703125,0
10.98828125,5408.69140625,8279.296875,-12861.81640625,-14453.125,0
10.9921875,-9604.00390625,4438.4765625,-13683.10546875,-7251.953125,0
10.99609375,9087.40234375,12644.04296875,10823.2421875,11346.19140625,0
11.0,7379.39453125,6320.3125,-827.1484375,-8463.8671875,0
11.00390625,-9916.50390625,5282.2265625,-13245.60546875,-7564.453125,0
11.0078125,9840.33203125,-14103.515625,-15674.8046875,14473.6328125,0
11.01171875,-14587.40234375,346.19140625,3182.12890625,1526.3671875,0
11.015625,-9611.81640625,5540.0390625,-12933.10546875,-8009.765625,0
11.01953125,10962.40234375,-3601.5625,-9049.8046875,3469.7265625,0
11.0234375,-10624.51171875,-7595.21484375,1192.3828125,1506.34765625,0
11.02734375,-9932.12890625,6517.08984375,-12683.10546875,-7650.390625,0
11.03125,6088.37890625,7776.3671875,-8048.828125,10222.16796875,0
11.03515625,13441.40625,6423.33984375,15235.3515625,11570.3125,0
11.0390625,-9651.3671875,6220.21484375,-12323.73046875,-7697.75390625,0
11.04296875,-5291.015625,6651.3671875,-7924.31640625,-2657.2265625,0
11.046875,5341.30859375,-3586.9140625,9224.609375,-2503.41796875,0
11.05078125,-10245.1171875,6478.02734375,-11971.6796875,-7697.265625,0
11.0546875,-2789.0625,-15345.703125,5204.58984375,5970.21484375,0
11.05859375,-4610.83984375,14483.88671875,11260.25390625,-14464.84375,0
11.0625,-10065.4296875,7751.46484375,-12041.9921875,-7705.56640625,0
11.06640625,-6916.50390625,-9971.6796875,1204.1015625,-2281.73828125,0
11.0703125,-12648.4375,10453.61328125,-4744.140625,-10493.65234375,0
11.07421875,-10127.9296875,7181.15234375,-12041.9921875,-7759.765625,0
11.078125,-5041.015625,-10845.703125,1202.63671875,4469.23828125,0
11.08203125,-8633.7890625,-1476.07421875,-2724.609375,-2468.75,0
11.0859375,-10432.6171875,8149.90234375,-11573.2421875,-7775.390625,0
11.08984375,-3664.55078125,-4219.7265625,6829.1015625,5844.7265625,0
11.09375,-6656.25,-11502.44140625,-8762.6953125,-6505.859375,0
11.09765625,-10495.1171875,8063.96484375,-12190.4296875,-8205.56640625,0
11.1015625,-914.55078125,-843.75,1453.61328125,-1906.73828125,0
11.10546875,-2646.97265625,-15489.2578125,9241.2109375,-6526.3671875,0
11.109375,-10408.69140625,7916.015625,-12276.3671875,-8384.765625,0
11.11328125,3461.42578125,7784.1796875,4580.078125,5969.23828125,0
11.1171875,9341.796875,6518.5546875,9254.39453125,9468.26171875,0
11.12109375,-10323.2421875,8384.765625,-11909.1796875,-8244.62890625,0
11.125,-7416.015625,405.76171875,1077.63671875,-6408.203125,0
11.12890625,15340.8203125,14496.58203125,13248.046875,-6529.296875,0
11.1328125,-10479.4921875,7978.515625,-11643.5546875,-8424.31640625,0
11.13671875,-789.55078125,5532.2265625,7080.078125,-1781.73828125,0
11.140625,3345.703125,-15499.51171875,5290.0390625,-6511.23046875,0
11.14453125,-10291.9921875,8541.015625,-11127.9296875,-8143.06640625,0
11.1484375,-8292.48046875,7280.76171875,12704.58984375,-4033.203125,0
11.15234375,-6661.62109375,4521.484375,15286.62109375,5478.02734375,0
11.15625,-10682.6171875,8509.765625,-11424.8046875,-8385.25390625,0
11.16015625,-10165.52734375,3658.203125,6330.56640625,-7406.25,0
11.1640625,-643.06640625,10529.78515625,-14705.56640625,-14497.55859375,0
11.16796875,-10385.7421875,8009.765625,-11213.8671875,-8182.12890625,0
11.171875,-5916.9921875,2534.1796875,-15168.45703125,-281.73828125,0
11.17578125,-12698.73046875,555.6640625,11295.41015625,-14523.92578125,0
11.1796875,-11487.3046875,8470.703125,-11510.7421875,-8674.31640625,0
11.18359375,-13666.9921875,4031.73828125,10580.56640625,-4157.71484375,0
11.1875,-10675.78125,-15469.23828125,-2707.51953125,-4522.4609375,0
11.19140625,-10565.4296875,8353.515625,-11213.8671875,-7978.515625,0
11.1953125,-7916.50390625,4157.2265625,9705.56640625,1968.26171875,0
11.19921875,13346.19140625,12526.85546875,-12696.2890625,-2503.41796875,0
11.203125,-10635.7421875,9072.265625,-11065.4296875,-8104.00390625,0
11.20703125,7329.1015625,-12592.28515625,11703.61328125,-7159.1796875,0
11.2109375,-695.80078125,-3483.88671875,-6747.55859375,13469.23828125,0
11.21484375,-11088.8671875,8517.578125,-11635.7421875,-8291.50390625,0
11.21875,14832.51953125,14785.15625,11205.56640625,-3532.2265625,0
11.22265625,-8684.5703125,12554.19921875,-4716.796875,5467.7734375,0
11.2265625,-11338.8671875,8658.203125,-12128.41796875,-8760.25390625,0
11.23046875,14208.0078125,13285.64453125,-2920.41015625,-9407.71484375,0
11.234375,-8687.01171875,10578.61328125,-8725.09765625,5475.09765625,0
11.23828125,-11534.1796875,9017.578125,-12190.91796875,-8596.19140625,0
11.2421875,11957.51953125,14536.62109375,-2296.38671875,-10533.203125,0
11.24609375,7318.84765625,8550.29296875,15272.94921875,-513.18359375,0
11.25,-10909.1796875,8001.953125,-11706.54296875,-8291.50390625,0
11.25390625,11454.58984375,11284.66796875,-5924.8046875,-12286.1328125,0
11.2578125,5293.45703125,-11445.80078125,-773.4375,-554.6875,0
11.26171875,-10916.9921875,8712.890625,-12456.54296875,-8705.56640625,0
11.265625,-12042.96875,15662.59765625,-11676.7578125,-8283.203125,0
11.26953125,5316.89453125,-7402.34375,-2832.51953125,3466.796875,0
11.2734375,-10463.8671875,9267.578125,-13089.35546875,-8236.81640625,0
11.27734375,-10042.96875,-13215.33203125,14573.2421875,-5783.69140625,0
11.28125,13335.9375,2553.22265625,7182.6171875,3471.19140625,0
11.28515625,-10690.4296875,8861.328125,-13472.16796875,-8736.81640625,0
11.2890625,-10790.52734375,9533.203125,444.82421875,-10157.71484375,0
11.29296875,13344.23828125,-3430.17578125,9102.05078125,3459.47265625,0
11.296875,-11151.3671875,8431.640625,-14863.28125,-9143.06640625,0
11.30078125,11956.0546875,1784.66796875,-13682.12890625,13215.33203125,0
11.3046875,-14697.265625,12561.5234375,5070.80078125,9465.8203125,0
11.30859375,-10807.6171875,8533.203125,-14785.15625,-8111.81640625,0
11.3125,-11041.9921875,908.203125,-10307.12890625,-4032.71484375,0
11.31640625,15324.70703125,8563.4765625,13084.9609375,3476.5625,0
11.3203125,-10995.1171875,8525.390625,-14902.34375,-8588.37890625,0
11.32421875,-13668.9453125,3781.25,-13684.08203125,-5783.69140625,0
11.328125,7289.55078125,10482.421875,-12942.87109375,7450.1953125,0
11.33203125,-10713.8671875,7610.83984375,-14605.46875,-8213.37890625,0
11.3359375,-12293.9453125,-5468.75,-14185.05859375,-3158.203125,0
11.33984375,-12703.61328125,-11517.08984375,5039.55078125,-10536.62109375,0
11.34375,-11221.6796875,7306.15234375,-15386.71875,-8822.75390625,0
11.34765625,-14917.48046875,-5845.21484375,-15058.59375,-6907.2265625,0
11.3515625,-6687.5,10482.421875,-10959.47265625,-2525.390625,0
11.35546875,-10963.8671875,7978.515625,-15167.96875,-8361.81640625,0
11.359375,15330.078125,3906.73828125,11688.96484375,-7035.15625,0
11.36328125,9283.203125,-5494.140625,5019.04296875,1432.6171875,0
11.3671875,-11229.4921875,8118.65234375,-15714.84375,-8713.37890625,0
11.37109375,-15041.9921875,-218.75,7814.94140625,-6782.2265625,0
11.375,-2669.921875,-5469.7265625,9032.2265625,11501.953125,0
11.37890625,-10768.5546875,8775.390625,-15847.65625,-8002.44140625,0
11.3828125,-6540.52734375,11532.71484375,3563.96484375,-1031.25,0
11.38671875,11325.68359375,14530.2734375,-975.09765625,-14508.30078125,0
11.390625,-10940.4296875,8830.078125,-15464.84375,-8197.75390625,0
11.39453125,-15793.9453125,13534.66796875,8438.4765625,-5909.1796875,0
11.3984375,-10700.68359375,8559.08203125,15003.90625,-6539.0625,0
11.40234375,-10846.6796875,8892.578125,-15738.28125,-8322.265625,0
11.40625,-4416.50390625,-9465.33203125,11939.453125,1343.26171875,0
11.41015625,9304.19921875,14539.55078125,9009.27734375,3473.6328125,0
11.4140625,-10909.1796875,9009.765625,-15613.28125,-8479.00390625,0
11.41796875,-11793.9453125,-13965.33203125,11312.98828125,-5784.1796875,0
11.421875,-4714.84375,-9429.6875,-15001.953125,7437.01171875,0
11.42578125,-11182.6171875,9455.078125,-15816.89453125,-8705.56640625,0
11.4296875,-14794.43359375,-14841.30859375,-1314.94140625,-9785.64453125,0
11.43359375,-10738.28125,12521.97265625,-13032.2265625,9392.08984375,0
11.4375,-11643.5546875,8541.015625,-15910.15625,-9643.06640625,0
11.44140625,8826.171875,-8464.84375,6562.5,8584.47265625,0
11.4453125,-819.82421875,14490.72265625,12982.421875,-8686.5234375,0
11.44921875,-13933.10546875,7822.265625,15323.73046875,-11706.0546875,0
11.453125,2697.75390625,13909.66796875,-6564.453125,6830.56640625,0
11.45703125,15073.2421875,-15529.296875,8898.4375,11193.84765625,0
11.4609375,-15378.90625,6806.15234375,14261.23046875,-13347.16796875,0
11.46484375,-7683.10546875,-5842.7734375,1426.7578125,-8675.29296875,0
11.46875,5052.734375,4530.2734375,-13157.2265625,9186.03515625,0
11.47265625,-14253.90625,9798.828125,15362.79296875,-12120.60546875,0
11.4765625,-4434.08203125,14898.4375,11796.875,-1175.29296875,0
11.48046875,12982.421875,2340.33203125,-5247.0703125,11123.53515625,0
11.484375,-15800.78125,7572.265625,13948.73046875,-13495.1171875,0
11.48828125,-308.59375,399.4140625,11926.7578125,4450.68359375,0
11.4921875,-12982.91015625,-13623.53515625,-7184.5703125,-8833.0078125,0
11.49609375,-15144.53125,7079.58984375,14652.34375,-12886.23046875,0
11.5,11566.89453125,9276.3671875,-11666.015625,15949.21875,0
11.50390625,-10827.1484375,2461.9140625,-10381.8359375,-10750.9765625,0
11.5078125,-13308.10546875,6610.83984375,-2531.73828125,-12229.98046875,0
11.51171875,1193.84765625,15402.83203125,-5376.953125,-13051.7578125,0
11.515625,-10875.0,10409.66796875,7972.16796875,15187.98828125,0
11.51953125,-14104.98046875,4508.7890625,-391.11328125,-12972.16796875,0
11.5234375,2573.73046875,8521.484375,-6501.953125,-10422.36328125,0
11.52734375,15183.59375,2264.6484375,-8025.87890625,-6744.140625,0
11.53125,-12917.48046875,3540.0390625,-406.73828125,-11682.6171875,0
11.53515625,14445.80078125,8145.01953125,-6501.953125,3326.171875,0
11.5390625,-8854.98046875,338.37890625,-8025.87890625,7222.16796875,0
11.54296875,-12753.41796875,5415.0390625,-406.73828125,-11753.41796875,0
11.546875,-14681.640625,15767.578125,-6501.953125,-3304.19921875,0
11.55078125,-6875.0,-9653.3203125,-8025.87890625,-8847.16796875,0
11.5546875,-13644.53125,7322.265625,-406.73828125,-13339.35546875,0
11.55859375,-2179.19921875,-4571.2890625,-6501.953125,1695.3125,0
11.5625,7067.87109375,-10836.42578125,-8025.87890625,-6947.75390625,0
11.56640625,-15621.09375,-6164.55078125,-406.73828125,-15973.14453125,0
11.5703125,4690.91796875,-9751.953125,-6502.44140625,-186.03515625,0
11.57421875,7070.80078125,11966.796875,-36.62109375,-4967.7734375,0
11.578125,-15457.51953125,-375.48828125,-1274.90234375,15862.79296875,0
11.58203125,7304.19921875,-6501.953125,-3803.7109375,1428.7109375,0
11.5859375,-3062.5,-8025.390625,-11527.34375,-9072.75390625,0
11.58984375,14073.2421875,-406.73828125,5907.71484375,14073.2421875,0
11.59375,-10571.2890625,-6501.953125,13906.25,-11571.77734375,0
11.59765625,-9128.90625,-8025.390625,10305.17578125,8874.0234375,0
11.6015625,12659.1796875,-398.92578125,23.4375,12971.6796875,0
11.60546875,5423.33984375,-6376.953125,1.953125,7298.33984375,0
11.609375,8721.19140625,-6025.390625,10082.03125,6724.12109375,0
11.61328125,10111.81640625,-398.92578125,1276.85546875,10283.69140625,0
11.6171875,12419.921875,-6501.953125,15983.88671875,14169.921875,0
11.62109375,-15346.19140625,-8025.87890625,15443.84765625,14676.26953125,0
11.625,10455.56640625,-406.73828125,-11518.06640625,11112.3046875,0
11.62890625,-8831.0546875,-6501.953125,7822.265625,2546.875,0
11.6328125,-1282.2265625,-8025.87890625,-3685.546875,12757.8125,0
11.63671875,10619.140625,-406.73828125,0.0,11471.19140625,0
11.640625,-4458.49609375,-6501.953125,11003.41796875,11921.38671875,0
11.64453125,-15331.54296875,-8025.87890625,6142.08984375,-9229.4921875,0
11.6484375,10916.50390625,-406.73828125,2703.61328125,12635.7421875,0
11.65234375,15285.15625,-6501.953125,14762.6953125,12417.96875,0
11.65625,2592.7734375,-6025.390625,2283.203125,-7264.6484375,0
11.66015625,11627.44140625,-406.73828125,6868.65234375,13893.5546875,0
11.6640625,13917.96875,-6501.953125,15526.85546875,-13822.75390625,0
11.66796875,-1292.48046875,-6025.87890625,-13468.75,-3153.80859375,0
11.671875,9799.31640625,-406.73828125,10291.50390625,12081.0546875,0
11.67578125,-14708.984375,-6501.953125,-1076.171875,-9950.68359375,0
11.6796875,-15305.6640625,-8025.87890625,-5130.37109375,-9162.109375,0
11.68359375,11252.44140625,-406.73828125,14151.85546875,13588.8671875,0
11.6875,2039.55078125,-6501.953125,7561.03515625,9549.31640625,0
11.69140625,-13383.7890625,-8025.87890625,1033.203125,756.34765625,0
11.6953125,10775.87890625,-406.73828125,-11580.56640625,13151.85546875,0
11.69921875,-7709.47265625,-6501.953125,9962.890625,4301.26953125,0
11.703125,10657.71484375,-8025.87890625,-584.47265625,-7182.6171875,0
11.70703125,11893.06640625,-406.73828125,-9150.87890625,14198.73046875,0
11.7109375,-4330.56640625,-6501.953125,-9035.64453125,3554.6875,0
11.71484375,-15231.4453125,-8025.87890625,-10553.7109375,-15085.44921875,0
11.71875,12674.8046875,-406.73828125,-8854.00390625,15284.66796875,0
11.72265625,4802.24609375,-6501.953125,-12779.78515625,15562.5,0
11.7265625,10917.48046875,-8025.87890625,1508.7890625,-14912.109375,0
11.73046875,14644.53125,-406.73828125,-8080.56640625,-14597.16796875,0
11.734375,1814.453125,-6501.953125,-783.203125,-15798.33984375,0
11.73828125,-9127.44140625,-8025.87890625,-2541.015625,5062.5,0
11.7421875,12549.8046875,-406.73828125,-8908.69140625,15487.79296875,0
11.74609375,4038.57421875,-6501.953125,9086.9140625,-14700.1953125,0
11.75,-13444.82421875,-8025.87890625,11420.41015625,14740.72265625,0
11.75390625,7681.15234375,-406.73828125,-9986.81640625,10447.265625,0
11.7578125,3396.484375,-6501.953125,-12785.15625,-14716.796875,0
11.76171875,2241.69921875,-8025.87890625,1393.06640625,14424.8046875,0
11.765625,2117.1875,-406.73828125,-12378.90625,4938.4765625,0
11.76953125,-1362.3046875,-6501.953125,831.0546875,13149.4140625,0
11.7734375,-5806.640625,-8025.87890625,3293.9453125,-5615.234375,0
11.77734375,2054.6875,-406.73828125,15863.28125,4922.8515625,0
11.78125,-4745.1171875,-6376.953125,-6418.45703125,10766.11328125,0
11.78515625,-13962.40234375,-8028.3203125,5158.203125,-1791.9921875,0
11.7890625,320.3125,-500.48828125,-15644.04296875,3282.2265625,0
11.79296875,-14247.55859375,-2757.32421875,2948.73046875,887.6953125,0
11.796875,6000.0,-10206.54296875,9087.40234375,-13889.6484375,0
11.80078125,648.4375,-2961.9140625,14722.16796875,3008.7890625,0
11.8046875,-11497.0703125,-10506.34765625,-13795.8984375,1639.16015625,0
11.80859375,-11998.046875,-12136.71875,11351.07421875,-11804.19921875,0
11.8125,1914.55078125,-1445.80078125,-10198.73046875,4892.08984375,0
11.81640625,15009.27734375,-7625.48828125,-2422.36328125,146.484375,0
11.8203125,-13831.0546875,-6115.234375,3389.6484375,-9624.0234375,0
11.82421875,1570.80078125,-4657.2265625,-9322.75390625,4657.2265625,0
11.828125,12883.30078125,-11516.11328125,4596.19140625,-7105.46875,0
11.83203125,12016.11328125,-10482.91015625,-2112.3046875,14185.546875,0
11.8359375,0.0,-9111.81640625,-1750.48828125,2132.8125,0
11.83984375,500.0,-11290.0390625,1867.67578125,15503.90625,0
11.84375,0.0,-4757.8125,-6111.81640625,14108.3984375,0
11.84765625,0.0,-11190.91796875,-1836.42578125,1828.61328125,0
11.8515625,0.0,-9177.734375,2367.1875,1757.8125,0
11.85546875,0.0,11079.58984375,-6119.62890625,-5820.3125,0
11.859375,31.25,15261.23046875,-1938.4765625,2719.23828125,0
11.86328125,1.46484375,2547.8515625,-633.30078125,15389.6484375,0
11.8671875,8045.8984375,-1338.37890625,7862.3046875,4251.953125,0
11.87109375,0.0,8712.890625,-2227.5390625,3125.9765625,0
11.875,-14492.1875,-8344.7265625,-4885.7421875,13021.97265625,0
11.87890625,14155.2734375,12315.4296875,-10195.3125,-9630.37109375,0
11.8828125,3414.55078125,5422.8515625,-3188.4765625,7079.58984375,0
11.88671875,-1110.3515625,-15729.4921875,12236.328125,-3970.21484375,0
11.890625,-3753.41796875,-15744.140625,15771.97265625,14489.2578125,0
11.89453125,4806.15234375,1078.125,-3735.3515625,8705.078125,0
11.8984375,1399.4140625,11250.9765625,3984.86328125,-1834.47265625,0
11.90234375,-5626.46484375,-12000.0,-14257.32421875,-3371.09375,0
11.90625,6438.96484375,7.8125,-4063.96484375,9978.515625,0
11.91015625,3026.3671875,0.0,-3642.578125,-7209.9609375,0
11.9140625,-11517.08984375,0.0,-6279.296875,2695.80078125,0
11.91796875,7212.40234375,0.0,-4634.27734375,10541.50390625,0
11.921875,-10842.7734375,0.0,-9518.06640625,10670.41015625,0
11.92578125,-13455.56640625,0.0,1705.56640625,6739.2578125,0
11.9296875,8595.21484375,0.0,-4665.52734375,11658.69140625,0
11.93359375,-5342.28515625,0.0,-13645.01953125,14419.921875,0
11.9375,14619.62890625,0.0,-2295.41015625,10807.6171875,0
11.94140625,8970.703125,0.0,-5142.08984375,11854.00390625,0
11.9453125,412.59765625,0.0,8353.02734375,13174.8046875,0
11.94921875,-9392.578125,0.0,13630.37109375,-9196.77734375,0
11.953125,9220.703125,0.0,-5767.08984375,12159.1796875,0
11.95703125,-3214.84375,0.0,2351.07421875,12295.41015625,0
11.9609375,2557.6171875,0.0,-8387.20703125,-15279.296875,0
11.96484375,9377.44140625,0.0,-6791.015625,12252.9296875,0
11.96875,14791.9921875,0.0,-8775.390625,-2569.82421875,0
11.97265625,-1386.23046875,0.0,3572.75390625,12836.42578125,0
11.9765625,10025.390625,0.0,-7002.44140625,13682.6171875,0
11.98046875,-14208.0078125,0.0,-2657.2265625,12680.6640625,0
11.984375,-13304.6875,0.0,-8491.2109375,907.71484375,0
11.98828125,11025.87890625,0.0,-6674.8046875,14675.29296875,0
11.9921875,-2084.47265625,0.0,-2174.8046875,-7945.3125,0
11.99609375,-13382.32421875,0.0,15285.15625,-5130.37109375,0
12.0,9807.12890625,0.0,-13003.41796875,13933.10546875,0
12.00390625,293.9453125,0.0,4200.68359375,4311.03515625,0
12.0078125,12660.64453125,0.0,-4785.15625,-5080.56640625,0
12.01171875,10705.56640625,0.0,-14097.65625,14729.98046875,0
12.015625,-12582.51953125,0.0,14692.87109375,-8565.91796875,0
12.01953125,-9386.23046875,0.0,-2798.828125,6891.11328125,0
12.0234375,10221.19140625,0.0,-13457.03125,14729.98046875,0
12.02734375,-5581.0546875,0.0,-9058.59375,-4939.453125,0
12.03125,6670.8984375,0.0,15118.1640625,6967.28515625,0
12.03515625,10182.12890625,0.0,-15965.33203125,14604.98046875,0
12.0390625,-14331.54296875,0.0,-306.640625,-7688.4765625,0
12.04296875,6682.6171875,0.0,9063.96484375,-3048.33984375,0
12.046875,11275.87890625,0.0,-15355.46875,15511.23046875,0
12.05078125,14664.55078125,0.0,-13061.03515625,-8692.87109375,0
12.0546875,14735.83984375,0.0,999.0234375,-8998.046875,0
12.05859375,11924.31640625,0.0,-14949.70703125,15886.23046875,0
12.0625,8166.50390625,125.0,-814.453125,8057.6171875,0
12.06640625,-11307.6171875,9.27734375,-15030.76171875,-15061.5234375,0
12.0703125,11783.69140625,148.4375,-15339.84375,15714.35546875,0
12.07421875,-14581.0546875,0.9765625,3683.59375,-14065.91796875,0
12.078125,-5316.89453125,-13992.67578125,14939.94140625,-3082.03125,0
12.08203125,11346.19140625,296.875,-15933.59375,15026.85546875,0
12.0859375,-1833.984375,3756.8359375,10810.05859375,-7820.3125,0
12.08984375,-13344.7265625,-11869.62890625,-11054.6875,10875.48828125,0
12.09375,11330.56640625,141.11328125,-15565.91796875,14948.73046875,0
12.09765625,-14583.984375,1760.7421875,10946.2890625,9555.6640625,0
12.1015625,-5279.78515625,-9886.71875,8979.98046875,2938.4765625,0
12.10546875,12080.56640625,2415.0390625,-15417.96875,15308.10546875,0
12.109375,-11329.58984375,1518.5546875,-10436.03515625,5932.6171875,0
12.11328125,6754.8828125,-1716.30859375,2981.4453125,14969.23828125,0
12.1171875,11588.37890625,4821.2890625,14979.98046875,14948.73046875,0
12.12109375,-7455.56640625,9395.99609375,-14815.4296875,-15191.89453125,0
12.125,2724.12109375,8435.05859375,-11042.96875,-7070.80078125,0
12.12890625,10955.56640625,6228.02734375,12690.4296875,14291.9921875,0
12.1328125,6916.50390625,7397.94921875,3802.24609375,-3195.3125,0
12.13671875,12692.87109375,-5679.6875,12488.28125,6899.4140625,0
12.140625,11588.37890625,6134.27734375,1328.125,14901.85546875,0
12.14453125,-2706.54296875,-10594.7265625,-3745.1171875,-11942.3828125,0
12.1484375,-1327.1484375,-13567.3828125,-9983.88671875,-5111.81640625,0
12.15234375,13526.85546875,6142.08984375,1007.8125,-14901.85546875,0
12.15625,-3459.9609375,12020.01953125,-13990.234375,-8320.80078125,0
12.16015625,-3751.953125,14150.390625,14367.1875,6491.2109375,0
12.1640625,1968.75,1085.9375,4085.9375,6055.17578125,0
12.16796875,3250.0,3500.0,8.30078125,-12370.60546875,0
12.171875,2.44140625,120.1171875,-15673.33984375,-13994.62890625,0
12.17578125,7.8125,12114.74609375,1289.0625,656.25,0
12.1796875,0.0,-8631.8359375,0.48828125,13011.23046875,0
12.18359375,68.84765625,-10021.97265625,10000.0,-13603.02734375,0
12.1875,1445.3125,-586.42578125,0.0,5860.3515625,0
12.19140625,1627.44140625,-5876.953125,0.0,15648.92578125,0
12.1953125,-1855.95703125,-6025.87890625,0.0,-1527.34375,0
12.19921875,3157.2265625,-406.73828125,0.0,8212.890625,0
12.203125,1645.01953125,-6501.953125,0.0,-15085.44921875,1
12.20703125,-7595.21484375,-6025.87890625,0.0,-13278.3203125,1
12.2109375,7509.765625,-398.92578125,0.0,12682.6171875,1
12.21484375,9665.52734375,-6376.953125,0.0,-6066.40625,1
12.21875,10692.87109375,-6025.87890625,0.0,-11017.08984375,1
12.22265625,9479.00390625,-398.92578125,0.0,14214.35546875,1
12.2265625,7044.921875,-6376.953125,0.0,-15310.546875,1
12.23046875,-1254.39453125,-6025.390625,0.0,13088.37890625,1
12.234375,12229.4921875,-398.92578125,0.0,-13995.60546875,1
12.23828125,6549.31640625,-6376.953125,0.0,3447.265625,1
12.2421875,-13119.62890625,-8025.87890625,0.0,-6755.37109375,1
12.24609375,15096.6796875,-398.92578125,0.0,-11034.66796875,1
12.25,-7824.21875,-6376.953125,0.0,-4425.29296875,1
12.25390625,910.64453125,-8025.390625,0.0,9278.80859375,1
12.2578125,14627.9296875,-406.73828125,0.0,-11268.5546875,1
12.26171875,-2320.3125,-6501.953125,0.0,6080.078125,1
12.265625,12879.8828125,-8025.87890625,0.0,-14730.46875,1
12.26953125,15456.54296875,-398.92578125,0.0,-10283.69140625,1
12.2734375,-8321.2890625,-6501.953125,0.0,329.1015625,1
12.27734375,-3130.37109375,-2034.66796875,0.0,-12745.60546875,1
12.28125,15245.60546875,-234.86328125,0.0,-10659.1796875,1
12.28515625,-14941.89453125,5850.5859375,0.0,-13168.45703125,1
12.2890625,-11013.18359375,11362.3046875,0.0,-4648.4375,1
12.29296875,15722.16796875,-12964.84375,0.0,-10424.8046875,1
12.296875,-8813.96484375,3177.734375,0.0,-7165.52734375,1
12.30078125,6989.2578125,14681.15234375,0.0,13359.375,1
12.3046875,-15644.53125,8478.02734375,0.0,-9697.75390625,1
12.30859375,12565.4296875,2890.13671875,0.0,12337.890625,1
12.3125,15048.33984375,12138.18359375,0.0,-10594.23828125,1
12.31640625,-14792.48046875,523.4375,0.0,-9213.37890625,1
12.3203125,1569.82421875,0.0,0.0,-7282.71484375,1
12.32421875,-12892.08984375,12000.0,0.0,-8517.578125,1
12.328125,-14144.04296875,0.0,0.0,-8306.640625,1
12.33203125,3073.2421875,0.0,0.0,346.19140625,1
12.3359375,-10867.67578125,0.0,0.0,7488.76953125,1
12.33984375,-14246.09375,0.0,0.0,-8830.56640625,1
12.34375,-2052.734375,0.0,0.0,-12781.73828125,1
12.34765625,13213.8671875,0.0,0.0,11548.828125,1
12.3515625,-12667.48046875,0.0,0.0,-7181.640625,1
12.35546875,15699.70703125,0.0,0.0,8596.6796875,1
12.359375,-2832.51953125,0.0,0.0,15517.578125,1
12.36328125,-13722.16796875,0.0,0.0,-8048.828125,1
12.3671875,11324.21875,0.0,0.0,8221.6796875,1
12.37109375,-4804.19921875,0.0,0.0,5540.52734375,1
12.375,-12268.5546875,0.0,0.0,-6775.390625,1
12.37890625,9076.171875,0.0,0.0,-4029.296875,1
12.3828125,-14802.24609375,0.0,0.0,-10488.28125,1
12.38671875,-11995.60546875,0.0,0.0,-7111.328125,1
12.390625,-9423.33984375,0.0,0.0,4346.19140625,1
12.39453125,-2761.23046875,0.0,0.0,15544.43359375,1
12.3984375,-13058.10546875,0.0,0.0,-8134.765625,1
12.40234375,-8548.33984375,0.0,0.0,4094.23828125,1
12.40625,-2760.7421875,0.0,0.0,13519.53125,1
12.41015625,-12214.35546875,23.4375,0.0,-7846.19140625,1
12.4140625,-2796.875,0.0,0.0,-2407.2265625,1
12.41796875,1245.60546875,-7952.63671875,0.0,-2500.48828125,1
12.421875,-12338.8671875,476.5625,0.0,-8064.453125,1
12.42578125,4830.078125,4126.46484375,0.0,7721.19140625,1
12.4296875,3228.02734375,-9998.53515625,0.0,5480.46875,1
12.43359375,-11862.3046875,0.0,0.0,-7798.828125,1
12.4375,6951.171875,375.0,0.0,8342.28515625,1
12.44140625,-14778.80859375,7.8125,0.0,9470.21484375,1
12.4453125,-12299.8046875,234.375,0.0,-8494.62890625,1
12.44921875,331.54296875,1.953125,0.0,-4154.78515625,1
12.453125,1341.796875,6039.55078125,0.0,5557.6171875,1
12.45703125,-11433.10546875,0.0,0.0,-7736.81640625,1
12.4609375,-11547.8515625,0.0,0.0,-13782.2265625,1
12.46484375,-2714.35546875,4000.0,0.0,7539.0625,1
12.46875,-11698.2421875,0.0,0.0,-7619.140625,1
12.47265625,328.61328125,0.0,0.0,1219.23828125,1
12.4765625,-8730.95703125,0.0,0.0,-14486.328125,1
12.48046875,-11706.0546875,0.0,0.0,-8072.265625,1
12.484375,-15918.9453125,0.0,0.0,11720.703125,1
12.48828125,-10774.90234375,0.0,0.0,11456.0546875,1
12.4921875,-12518.5546875,0.0,0.0,-8580.078125,1
12.49609375,7082.03125,0.0,0.0,4722.16796875,1
12.5,-10717.28515625,0.0,0.0,-12484.375,1
12.50390625,-11471.6796875,0.0,0.0,-7947.265625,1
12.5078125,9581.54296875,875.0,0.0,2719.7265625,1
12.51171875,3310.05859375,24.4140625,0.0,1503.90625,1
12.515625,-11432.6171875,2047.36328125,0.0,-8283.69140625,1
12.51953125,7454.1015625,6758.30078125,0.0,-2408.203125,1
12.5234375,7268.5546875,8162.109375,0.0,-544.921875,1
12.52734375,-11151.3671875,2719.23828125,0.0,-8463.37890625,1
12.53125,7953.125,7633.7890625,0.0,-8660.15625,1
12.53515625,-6723.14453125,6120.60546875,0.0,-2545.41015625,1
12.5390625,-10846.6796875,2086.42578125,0.0,-7955.078125,1
12.54296875,-14669.921875,2630.859375,0.0,1467.28515625,1
12.546875,-2713.8671875,14076.66015625,0.0,5479.00390625,1
12.55078125,-11354.4921875,812.5,0.0,-8197.265625,1
12.5546875,13081.54296875,4750.9765625,0.0,718.75,1
12.55859375,-12693.84765625,4007.8125,0.0,-10498.53515625,1
12.5625,-11065.4296875,0.0,0.0,-7783.203125,1
12.56640625,-10166.50390625,0.0,0.0,10972.65625,1
12.5703125,-2712.40234375,0.0,0.0,13528.80859375,1
12.57421875,-11776.3671875,0.0,0.0,-7923.828125,1
12.578125,7955.56640625,0.0,0.0,1593.26171875,1
12.58203125,-4674.8046875,0.0,0.0,9498.53515625,1
12.5859375,-10635.7421875,0.0,0.0,-8041.50390625,1
12.58984375,-9165.52734375,0.0,0.0,-1156.73828125,1
12.59375,7363.28125,0.0,0.0,-490.234375,1
12.59765625,-10245.1171875,0.0,0.0,-7885.25390625,1
12.6015625,-7916.9921875,0.0,0.0,-906.73828125,1
12.60546875,-684.5703125,0.0,0.0,7490.234375,1
12.609375,-10814.94140625,0.0,0.0,-7900.390625,1
12.61328125,335.44921875,0.0,0.0,14473.14453125,1
12.6171875,-4662.59765625,0.0,0.0,-441.89453125,1
12.62109375,-10612.3046875,0.0,0.0,-6986.328125,1
12.625,-4914.0625,0.0,0.0,-10649.90234375,1
12.62890625,13390.13671875,0.0,0.0,15604.98046875,1
12.6328125,-10354.4921875,0.0,0.0,-6822.265625,1
12.63671875,-9791.015625,0.0,0.0,13720.703125,1
12.640625,1358.88671875,0.0,0.0,5527.34375,1
12.64453125,-9831.0546875,0.0,0.0,-6978.515625,1
12.6484375,-3917.48046875,0.0,0.0,-15903.80859375,1
12.65234375,3324.21875,0.0,0.0,-14449.70703125,1
12.65625,-9698.2421875,0.0,0.0,-6251.953125,1
12.66015625,-2044.43359375,0.0,0.0,-6654.296875,1
12.6640625,-691.40625,0.0,0.0,-6467.7734375,1
12.66796875,-10940.4296875,0.0,0.0,-7291.015625,1
12.671875,-13165.52734375,0.0,0.0,15598.14453125,1
12.67578125,-12611.328125,0.0,0.0,11600.09765625,1
12.6796875,-10409.1796875,0.0,0.0,-6767.578125,1
12.68359375,-13666.015625,0.0,0.0,11471.6796875,1
12.6875,11353.02734375,0.0,0.0,-452.1484375,1
12.69140625,-9877.44140625,0.0,0.0,-6939.453125,1
12.6953125,4085.44921875,0.0,0.0,-11401.85546875,1
12.69921875,-8636.23046875,0.0,0.0,13571.77734375,1
12.703125,-10448.2421875,0.0,0.0,-7072.265625,1
12.70703125,-7791.015625,0.0,0.0,13972.16796875,1
12.7109375,5350.09765625,0.0,0.0,-10428.7109375,1
12.71484375,-9916.50390625,0.0,0.0,-6392.578125,1
12.71875,583.49609375,0.0,0.0,-5652.83203125,1
12.72265625,15345.703125,0.0,0.0,-10446.2890625,1
12.7265625,-10573.2421875,93.75,0.0,-7033.203125,1
12.73046875,-12541.9921875,4.39453125,0.0,10970.703125,1
12.734375,-10691.89453125,-3797.8515625,0.0,5519.53125,1
12.73828125,-10463.37890625,2695.3125,0.0,-6908.203125,1
12.7421875,4083.0078125,-1621.58203125,0.0,-2153.80859375,1
12.74609375,3263.671875,-1900.390625,0.0,-2499.0234375,1
12.75,-11479.4921875,3406.73828125,0.0,-7283.203125,1
12.75390625,15331.54296875,-14240.72265625,0.0,-15153.3203125,1
12.7578125,-6701.171875,-3891.6015625,0.0,-475.09765625,1
12.76171875,-11409.1796875,218.75,0.0,-8111.328125,1
12.765625,-11417.48046875,0.0,0.0,5219.7265625,1
12.76953125,-14709.9609375,8000.0,0.0,1479.4921875,1
12.7734375,-11073.2421875,15.625,0.0,-8158.69140625,1
12.77734375,-13417.48046875,0.48828125,0.0,-1406.73828125,1
12.78125,11307.12890625,-5980.95703125,0.0,-12507.8125,1
12.78515625,-10995.1171875,210.9375,0.0,-8181.640625,1
12.7890625,-8292.48046875,4626.46484375,0.0,1093.26171875,1
12.79296875,-700.68359375,10140.13671875,0.0,-6523.4375,1
12.796875,-11448.2421875,4415.0390625,0.0,-8494.62890625,1
12.80078125,11583.49609375,5763.18359375,0.0,-6655.76171875,1
12.8046875,9349.12109375,227.05078125,0.0,5522.94921875,1
12.80859375,-10838.8671875,2719.23828125,0.0,-8010.25390625,1
12.8125,11456.54296875,1013.671875,0.0,-6157.71484375,1
12.81640625,15333.984375,12316.40625,0.0,-2503.90625,1
12.8203125,-11073.2421875,5587.40234375,0.0,-8502.44140625,1
12.82421875,12206.54296875,-15965.33203125,0.0,-11534.1796875,1
12.828125,-6690.91796875,8549.31640625,0.0,-14548.33984375,1
12.83203125,-10557.12890625,8572.75390625,0.0,-8408.203125,1
12.8359375,3709.47265625,9918.9453125,0.0,7719.23828125,1
12.83984375,3276.3671875,12663.0859375,0.0,9440.91796875,1
12.84375,-11682.6171875,10604.00390625,0.0,-8971.19140625,1
12.84765625,12707.03125,4664.0625,0.0,-10658.203125,1
12.8515625,7326.171875,14662.59765625,0.0,1475.5859375,1
12.85546875,-10331.0546875,11010.25390625,0.0,-8260.25390625,1
12.859375,-2041.9921875,-11829.58984375,0.0,-3159.1796875,1
12.86328125,11305.6640625,14729.4921875,0.0,15441.40625,1
12.8671875,-10502.9296875,12362.3046875,0.0,-8283.69140625,1
12.87109375,-8418.45703125,6169.43359375,0.0,-6160.64453125,1
12.875,5318.84765625,14708.984375,0.0,9443.84765625,1
12.87890625,-10549.31640625,12049.8046875,0.0,-8486.328125,1
12.8828125,1585.9375,8172.36328125,0.0,718.26171875,1
12.88671875,15333.0078125,-9253.90625,0.0,-10531.73828125,1
12.890625,-10627.9296875,12018.06640625,0.0,-8377.44140625,1
12.89453125,-12167.96875,-203.125,0.0,-7283.69140625,1
12.8984375,1301.26953125,-1249.0234375,0.0,5457.51953125,1
12.90234375,-10627.9296875,12206.0546875,0.0,-8166.015625,1
12.90625,-2666.50390625,8546.38671875,0.0,2092.7734375,1
12.91015625,3343.75,-15278.80859375,0.0,13493.1640625,1
12.9140625,-10651.3671875,11588.37890625,0.0,-8346.19140625,1
12.91796875,-9915.0390625,-6454.1015625,0.0,-6907.2265625,1
12.921875,1336.9140625,-1250.0,0.0,7465.33203125,1
12.92578125,-10831.0546875,11166.50390625,0.0,-8361.81640625,1
12.9296875,-11291.015625,6412.59765625,0.0,-3407.2265625,1
12.93359375,7382.32421875,-5393.06640625,0.0,5514.6484375,1
12.9375,-10682.6171875,10166.015625,0.0,-8229.00390625,1
12.94140625,4957.51953125,-6715.33203125,0.0,-15907.71484375,1
12.9453125,-8628.90625,6552.734375,0.0,-4481.93359375,1
12.94921875,-10674.8046875,8580.078125,0.0,-8494.62890625,1
12.953125,-15416.9921875,5409.1796875,0.0,-13283.69140625,1
12.95703125,7322.265625,501.46484375,0.0,-521.484375,1
12.9609375,-10760.7421875,7947.265625,0.0,-8221.19140625,1
12.96484375,15955.078125,9406.73828125,0.0,-5784.1796875,1
12.96875,15293.9453125,4497.0703125,0.48828125,-2535.64453125,1
12.97265625,-10807.6171875,7728.02734375,0.0,-8322.265625,1
12.9765625,-4291.50390625,-4219.7265625,5625.9765625,4594.23828125,1
12.98046875,5329.58984375,-13541.9921875,-1985.83984375,-2509.765625,1
12.984375,-10760.7421875,7063.96484375,398.4375,-8346.19140625,1
12.98828125,-15792.48046875,-12847.16796875,10005.37109375,-7657.2265625,1
12.9921875,-10691.89453125,-3572.265625,8058.10546875,-10531.25,1
12.99609375,-10737.3046875,7212.40234375,843.75,-8447.75390625,1
13.0,-10046.38671875,-3971.6796875,-9871.58203125,-4536.1328125,1
13.00390625,-2734.86328125,12455.56640625,4066.40625,13424.8046875,0
13.0078125,-11284.1796875,7618.65234375,1445.3125,-8557.12890625,0
13.01171875,13832.51953125,-11473.6328125,-10745.1171875,-6782.71484375,0
13.015625,9307.12890625,-11542.96875,-5907.71484375,-12517.08984375,0
13.01953125,-11424.8046875,7524.90234375,1367.1875,-8885.25390625,0
13.0234375,11205.078125,-14219.7265625,-11119.62890625,12964.84375,0
13.02734375,-711.9140625,8496.58203125,-1902.34375,-2540.52734375,0
13.03125,-10963.8671875,7540.52734375,1546.875,-8416.50390625,0
13.03515625,-11418.9453125,-1844.7265625,-7245.60546875,-6909.66796875,0
13.0390625,-734.375,-1521.484375,-7927.24609375,3427.24609375,0
13.04296875,-11987.3046875,7321.77734375,1210.9375,-9244.62890625,0
13.046875,6580.078125,-11469.7265625,-6116.2109375,-15534.66796875,0
13.05078125,-730.95703125,-7529.78515625,107.421875,-12569.82421875,0
13.0546875,-11174.8046875,7400.390625,1382.8125,-8830.56640625,0
13.05859375,-13921.38671875,5656.73828125,-1993.1640625,-5910.15625,0
13.0625,-8771.97265625,-11541.50390625,-3913.57421875,13391.11328125,0
13.06640625,-11791.9921875,7962.890625,1617.67578125,-9174.31640625,0
13.0703125,12081.0546875,1027.83203125,5883.7890625,-9284.1796875,0
13.07421875,15252.44140625,10482.91015625,10113.76953125,-2563.96484375,0
13.078125,-13112.79296875,7899.90234375,1632.8125,-9854.00390625,0
13.08203125,-13296.875,-7344.7265625,-1741.2109375,6465.33203125,0
13.0859375,5266.6015625,-15497.0703125,-3855.46875,-14540.52734375,0
13.08984375,-11799.8046875,7509.27734375,1914.0625,-8838.37890625,0
13.09375,6331.0546875,-8716.30859375,-4117.67578125,-11782.2265625,0
13.09765625,-12738.28125,2524.90234375,-5895.5078125,-6535.64453125,0
13.1015625,-12432.6171875,7735.83984375,1523.4375,-9268.06640625,0
13.10546875,1954.1015625,-1469.23828125,-3993.65234375,-13908.69140625,0
13.109375,-705.078125,-11471.19140625,6142.08984375,9482.421875,0
13.11328125,-11104.4921875,8806.640625,2492.1875,-8252.44140625,0
13.1171875,5331.0546875,7157.2265625,-5118.1640625,-14533.203125,0
13.12109375,-675.78125,6500.9765625,2131.8359375,5503.90625,0
13.125,-11745.60546875,8267.578125,1531.25,-8650.87890625,0
13.12890625,-3547.36328125,-13215.8203125,-9244.140625,10963.37890625,0
13.1328125,-6720.21484375,12524.4140625,8090.8203125,11440.4296875,0
13.13671875,-11151.3671875,8634.765625,1664.0625,-8768.06640625,0
13.140625,7580.56640625,5659.1796875,-5743.1640625,15591.30859375,0
13.14453125,-14681.15234375,-1459.47265625,-15906.25,-10515.625,0
13.1484375,-10260.7421875,8892.578125,1593.75,-7768.06640625,0
13.15234375,9448.73046875,-12842.7734375,-4120.60546875,-13039.55078125,0
13.15625,-12770.99609375,8552.24609375,-9888.671875,5412.109375,0
13.16015625,-12354.98046875,9291.015625,1812.5,-9744.62890625,0
13.1640625,-7421.875,14659.1796875,-2492.1875,3713.8671875,0
13.16796875,-14720.703125,-3446.2890625,-9872.0703125,-8562.01171875,0
13.171875,-11331.0546875,9017.578125,2258.30078125,-8713.37890625,0
13.17578125,8579.58984375,-8214.35546875,6258.7890625,-8409.1796875,0
13.1796875,3242.67578125,-11422.36328125,-5856.4453125,-8560.05859375,0
13.18359375,-12432.6171875,9212.890625,2297.36328125,-9252.44140625,0
13.1875,5206.0546875,-13337.890625,10511.23046875,-14158.69140625,0
13.19140625,9232.91015625,-15412.109375,6172.36328125,-2583.984375,0
13.1953125,-12846.6796875,9548.828125,3109.86328125,-9518.06640625,0
13.19921875,2454.1015625,-2212.890625,-2610.83984375,-7783.203125,0
13.203125,-12752.44140625,-7429.19921875,4253.41796875,-14551.7578125,0
13.20703125,-11776.85546875,10189.94140625,5657.2265625,-8393.06640625,0
13.2109375,-9675.78125,14038.0859375,-10231.93359375,-12912.109375,0
13.21484375,11315.91796875,614.2578125,14383.7890625,-8489.74609375,0
13.21875,-11417.48046875,10103.515625,6305.6640625,-8072.75390625,0
13.22265625,15202.63671875,14664.0625,-4349.12109375,4963.8671875,0
13.2265625,-6724.609375,10749.51171875,-7517.08984375,-2548.33984375,0
13.23046875,-12433.10546875,10572.265625,7618.65234375,-9604.4921875,0
13.234375,-9922.36328125,-15708.49609375,-10843.26171875,-662.109375,0
13.23828125,7225.09765625,-1312.98828125,2536.1328125,-10605.95703125,0
13.2421875,-12761.23046875,10947.75390625,8955.078125,-9956.0546875,0
13.24609375,12574.70703125,-4327.63671875,-9710.9375,-2164.0625,0
13.25,-12744.62890625,8765.13671875,-13296.38671875,9417.48046875,0
13.25390625,-11362.3046875,12331.0546875,11666.50390625,-9025.87890625,0
13.2578125,9704.58984375,13053.22265625,-8202.63671875,13338.37890625,0
13.26171875,-2734.375,900.390625,14791.9921875,7413.0859375,0
13.265625,-11596.6796875,14659.66796875,13096.6796875,-8830.56640625,0
13.26953125,13329.1015625,-7440.4296875,-4071.77734375,-8535.64453125,0
13.2734375,-8715.33203125,941.89453125,-5102.5390625,9454.1015625,0
13.27734375,-10518.5546875,15964.84375,15784.66796875,-7752.44140625,0
13.28125,-13293.45703125,12318.359375,-2437.98828125,-3783.69140625,0
13.28515625,9322.265625,-2892.578125,13018.06640625,13481.4453125,0
13.2890625,-10111.81640625,-14128.41796875,-15261.71875,-7517.578125,0
13.29296875,-11286.1328125,14197.265625,-2180.17578125,-1650.87890625,0
13.296875,-4630.37109375,-861.81640625,15116.69921875,-445.80078125,0
13.30078125,-9791.50390625,-13386.23046875,-13729.98046875,-6767.08984375,0
13.3046875,-10281.73828125,-8420.8984375,-14173.828125,2478.02734375,0
13.30859375,1516.11328125,5331.54296875,13274.4140625,-6312.5,0
13.3125,-6188.96484375,-10166.9921875,-9799.31640625,-3430.6640625,0
13.31640625,6351.07421875,-1787.109375,1459.47265625,14110.83984375,0
13.3203125,13555.6640625,-14620.1171875,7333.0078125,3715.8203125,0
13.32421875,-6642.08984375,-9900.87890625,-10283.69140625,-3883.30078125,0
13.328125,-5517.578125,-1278.3203125,-3905.2734375,4742.1875,0
13.33203125,-8289.55078125,3493.1640625,5554.19921875,-12134.27734375,0
13.3359375,-3352.5390625,-7962.890625,-6220.703125,-1148.92578125,0
13.33984375,7485.3515625,13599.609375,-13526.3671875,10745.60546875,0
13.34375,7893.5546875,-10295.8984375,3723.6328125,3972.16796875,0
13.34765625,-203.61328125,-3790.52734375,-3376.46484375,-469.23828125,0
13.3515625,-13014.16015625,-268.5546875,-10024.90234375,-3879.39453125,0
13.35546875,-6321.2890625,-8347.65625,-6458.49609375,1855.95703125,0
13.359375,-2266.11328125,-3547.36328125,-5056.15234375,-922.36328125,0
13.36328125,-14888.671875,2111.328125,-2276.85546875,-2628.90625,0
13.3671875,3730.95703125,-6303.22265625,1501.46484375,-14097.65625,0
13.37109375,-3978.02734375,-4563.4765625,-7955.56640625,-1641.6015625,0
13.375,9351.5625,3360.83984375,9834.9609375,-14013.671875,0
13.37890625,7580.078125,5691.40625,3337.40234375,-6257.8125,0
13.3828125,-8463.37890625,-5892.08984375,-11604.4921875,-5688.96484375,0
13.38671875,-1153.80859375,3600.09765625,5455.078125,13481.93359375,0
13.390625,13429.19921875,-6447.265625,5163.0859375,13579.1015625,0
13.39453125,-10518.5546875,-7283.203125,-14917.96875,-8268.06640625,0
13.3984375,-3290.0390625,3342.7734375,-6055.17578125,-1281.25,0
13.40234375,15360.3515625,-12482.91015625,9104.4921875,-8484.375,0
13.40625,-10596.6796875,-8260.25390625,-14972.65625,-8205.56640625,0
13.41015625,12082.03125,-15536.62109375,11065.4296875,-12408.69140625,0
13.4140625,-6668.45703125,15391.6015625,9013.671875,7461.42578125,0
13.41796875,-11347.16796875,-9971.6796875,15519.04296875,-9221.6796875,0
13.421875,-9422.36328125,-13293.45703125,-14439.453125,-3663.0859375,0
13.42578125,7308.10546875,9321.77734375,-997.0703125,7440.91796875,0
13.4296875,-11894.04296875,-11573.73046875,15597.16796875,-9612.3046875,0
13.43359375,-13798.33984375,-5300.29296875,15558.59375,-4789.55078125,0
13.4375,5263.18359375,-12812.98828125,2968.26171875,-12598.14453125,0
13.44140625,-11206.0546875,-11463.8671875,15815.91796875,-8877.44140625,0
13.4453125,14453.61328125,-10670.41015625,-7815.4296875,-12787.109375,0
13.44921875,-12749.51171875,5228.02734375,12975.09765625,5397.94921875,0
13.453125,-11627.9296875,-13644.04296875,15347.16796875,-9564.94140625,0
13.45703125,-13422.8515625,-15173.828125,-8440.91796875,14460.9375,0
13.4609375,-4728.515625,-14800.29296875,980.46875,1410.15625,0
13.46484375,-10159.1796875,-11354.4921875,-15480.95703125,-8393.06640625,0
13.46875,-13919.921875,12954.1015625,-1689.453125,15963.8671875,0
13.47265625,-727.5390625,-12770.99609375,-13020.01953125,-10583.0078125,0
13.4765625,-11377.9296875,-12987.79296875,15706.54296875,-9197.75390625,0
13.48046875,9078.125,-8672.8515625,-9315.4296875,13337.890625,0
13.484375,1266.11328125,-8803.7109375,963.8671875,3415.0390625,0
13.48828125,-11495.1171875,-13354.98046875,15495.60546875,-9158.69140625,0
13.4921875,2704.1015625,-15297.8515625,-11064.94140625,10339.84375,0
13.49609375,-750.9765625,7228.515625,2948.2421875,-12569.3359375,0
13.5,-13073.73046875,-13331.54296875,14651.85546875,-10182.6171875,0
13.50390625,-15925.78125,11696.2890625,15309.08203125,-288.0859375,0
13.5078125,-14785.64453125,-14844.7265625,2950.1953125,3395.99609375,0
13.51171875,-13417.96875,-13472.65625,14597.16796875,-10377.9296875,0
13.515625,-800.29296875,-4682.6171875,4557.6171875,-7161.62109375,0
13.51953125,9181.15234375,1040.0390625,-3119.140625,11387.20703125,0
13.5234375,-13933.10546875,-15902.83203125,13714.35546875,-10776.3671875,0
13.52734375,7947.75390625,-11444.82421875,15557.6171875,-5290.0390625,0
13.53125,-8818.359375,2857.91015625,-7063.96484375,15377.9296875,0
13.53515625,-9267.578125,-14268.5546875,-12846.6796875,-6336.9140625,0
13.5390625,-275.87890625,695.80078125,-4794.921875,8483.88671875,0
13.54296875,-10494.140625,11125.48828125,7247.55859375,-10320.3125,0
13.546875,-9838.8671875,-15457.51953125,-13230.46875,-6564.453125,0
13.55078125,-3666.015625,-9944.3359375,-1805.6640625,-13652.83203125,0
13.5546875,-2689.94140625,-15211.42578125,-6900.390625,-12487.3046875,0
13.55859375,-10690.4296875,12018.5546875,-14535.15625,-7596.19140625,0
13.5625,11324.21875,7424.31640625,13687.01171875,-4288.0859375,0
13.56640625,-4821.77734375,4761.23046875,4978.02734375,-6611.328125,0
13.5703125,-12870.60546875,11939.94140625,15769.53125,-9416.50390625,0
13.57421875,-4922.8515625,-2831.0546875,436.03515625,-13409.1796875,0
13.578125,5202.63671875,-9444.82421875,14932.12890625,3428.22265625,0
13.58203125,-13550.29296875,7470.21484375,14651.85546875,-9713.37890625,0
13.5859375,947.265625,-1597.65625,10307.12890625,2713.37890625,0
13.58984375,1166.015625,10287.59765625,-3104.00390625,11418.9453125,0
13.59375,-13378.41796875,3171.875,13979.98046875,-9354.00390625,0
13.59765625,15822.265625,-3748.53515625,6179.19921875,-13661.62109375,0
13.6015625,-6866.69921875,4000.0,-11165.0390625,1372.0703125,0
13.60546875,-13433.10546875,1829.1015625,13487.3046875,-9744.62890625,0
13.609375,6944.3359375,-8599.12109375,-13951.171875,3459.9609375,0
13.61328125,-8858.3984375,-11571.77734375,8800.78125,-4608.3984375,0
13.6171875,-13855.46875,8048.828125,12784.1796875,-9916.9921875,0
13.62109375,-5304.6875,-14967.28515625,7048.828125,-4039.0625,0
13.625,-14869.140625,-1600.5859375,4750.0,9365.72265625,0
13.62890625,-13956.54296875,5047.8515625,11650.87890625,-10331.0546875,0
13.6328125,3696.2890625,10893.5546875,-1328.125,-4789.0625,0
13.63671875,-10865.72265625,-3606.93359375,12732.421875,1367.1875,0
13.640625,-13832.03125,7821.77734375,11549.31640625,-10268.5546875,0
13.64453125,-179.6875,-5098.6328125,-9205.56640625,-6666.015625,0
13.6484375,11157.2265625,8471.19140625,-7255.37109375,-4620.1171875,0
13.65234375,-13917.96875,8501.46484375,11830.56640625,-10166.9921875,0
13.65625,-8431.15234375,-845.703125,-4955.078125,-9790.52734375,0
13.66015625,-2882.8125,10448.73046875,-9291.50390625,3364.74609375,0
13.6640625,-14144.53125,6500.9765625,11705.56640625,-9963.8671875,0
13.66796875,-13934.08203125,5261.23046875,-10330.56640625,-12919.43359375,0
13.671875,-8900.390625,-13855.95703125,4736.328125,11334.9609375,0
13.67578125,-14464.84375,1132.8125,11557.12890625,-10534.1796875,0
13.6796875,-9431.640625,4875.0,-13080.56640625,-11916.9921875,0
13.68359375,11099.12109375,0.9765625,12738.76953125,-4653.3203125,0
13.6875,-14246.09375,0.0,12088.37890625,-10370.1171875,0
13.69140625,-7184.08203125,0.0,-1207.03125,-9543.9453125,0
13.6953125,1029.78515625,0.0,10688.4765625,-10724.12109375,0
13.69921875,-14996.09375,0.0,11682.12890625,-11323.2421875,0
13.703125,-12182.6171875,0.0,-9706.0546875,12456.54296875,0
13.70703125,5084.47265625,0.0,-13266.6015625,-8679.19921875,0
13.7109375,-14777.34375,0.0,11533.69140625,-11034.1796875,0
13.71484375,-14933.59375,0.0,-12331.0546875,15707.51953125,0
13.71875,-14904.78515625,0.0,-9276.3671875,-12662.109375,0
13.72265625,-14371.09375,0.0,11486.81640625,-10729.4921875,0
13.7265625,-6681.640625,375.0,-8456.0546875,-12167.48046875,0
13.73046875,-12932.6171875,-12000.0,-15331.0546875,-10714.35546875,0
13.734375,-14417.96875,2118.65234375,11088.37890625,-11088.8671875,0
13.73828125,-5683.59375,6409.1796875,-8457.03125,-12417.96875,0
13.7421875,-12869.62890625,4632.32421875,8696.2890625,1361.81640625,0
13.74609375,-13714.84375,12018.5546875,11424.31640625,-10182.6171875,0
13.75,-14309.08203125,-3690.91796875,-10955.56640625,14706.54296875,0
13.75390625,-14941.40625,7085.9375,-3299.8046875,1297.36328125,0
13.7578125,-14886.71875,-12565.4296875,10729.00390625,-11393.5546875,0
13.76171875,-6432.12890625,-14159.66796875,-15581.54296875,14331.54296875,0
13.765625,15084.9609375,-4539.55078125,-5284.66796875,-14691.89453125,0
13.76953125,-14441.40625,-11394.04296875,11674.31640625,-10971.6796875,0
13.7734375,-8055.6640625,8078.61328125,-7454.58984375,15707.51953125,0
13.77734375,11151.85546875,5360.3515625,744.140625,13354.4921875,0
13.78125,-13527.34375,-10292.48046875,12025.87890625,-10151.3671875,0
13.78515625,-4557.6171875,-8432.12890625,-6955.56640625,-11417.96875,0
13.7890625,7109.375,-14804.19921875,10755.859375,-638.18359375,0
13.79296875,-14152.34375,-11370.1171875,11979.00390625,-10401.3671875,0
13.796875,-10308.10546875,6330.56640625,-10581.54296875,12455.56640625,0
13.80078125,-4892.578125,-649.4140625,-7287.59765625,5316.40625,0
13.8046875,-13933.59375,-10174.8046875,11533.69140625,-10791.9921875,0
13.80859375,-3806.640625,-2665.52734375,-6705.56640625,13331.0546875,0
13.8125,1104.98046875,9334.9609375,-11286.62109375,-6680.6640625,0
13.81640625,-14058.10546875,-10260.7421875,11799.31640625,-10659.1796875,0
13.8203125,2320.80078125,-1040.52734375,-329.1015625,-9292.48046875,0
13.82421875,7102.05078125,9330.56640625,-3258.30078125,-2697.265625,0
13.828125,-14839.84375,-10893.5546875,11799.31640625,-11456.0546875,0
13.83203125,-12057.6171875,13454.1015625,-4454.1015625,10081.0546875,0
13.8359375,7093.26171875,13237.79296875,8738.76953125,15309.08203125,0
13.83984375,-14105.46875,-12558.10546875,11877.44140625,-10846.6796875,0
13.84375,-54.6875,7572.75390625,-2830.078125,-12292.48046875,0
13.84765625,13103.02734375,-2737.79296875,-9301.7578125,-14688.96484375,0
13.8515625,-14472.65625,-11972.16796875,10846.19140625,-11135.7421875,0
13.85546875,-9434.5703125,-4421.875,7038.57421875,6827.1484375,0
13.859375,-6948.73046875,11204.58984375,-3373.046875,-8773.4375,0
13.86328125,-14464.84375,-13277.34375,10572.75390625,-11799.8046875,0
13.8671875,-3558.59375,-14941.40625,7037.59765625,5701.66015625,0
13.87109375,-6954.58984375,-5045.41015625,-9398.4375,-4777.34375,0
13.875,-15371.09375,13534.1796875,10111.81640625,-12534.66796875,0
13.87890625,8188.96484375,9929.19921875,11791.9921875,-10049.31640625,0
13.8828125,15035.64453125,-7078.125,14657.71484375,-8770.01953125,0
13.88671875,-15074.21875,15371.09375,10869.62890625,-12222.16796875,0
13.890625,12438.4765625,7314.94140625,-11207.03125,-4799.8046875,0
13.89453125,-7011.23046875,-2969.7265625,14671.38671875,-4832.51953125,0
13.8984375,-15675.78125,-15277.34375,11416.50390625,-12956.54296875,0
13.90234375,14815.91796875,-14683.59375,-5205.56640625,-7299.31640625,0
13.90625,9073.73046875,1037.109375,6722.65625,15229.00390625,0
13.91015625,-14707.03125,-15761.71875,11361.81640625,-12433.10546875,0
13.9140625,-15432.12890625,10189.94140625,-11955.078125,-12549.31640625,0
13.91796875,7108.88671875,-8946.2890625,4743.1640625,-10773.92578125,0
13.921875,-14714.84375,-14886.71875,11861.81640625,-12854.98046875,0
13.92578125,-11306.15234375,14564.94140625,-2328.61328125,-14924.8046875,0
13.9296875,-14889.16015625,-6962.890625,8734.375,3186.03515625,0
13.93359375,-14058.10546875,-15848.14453125,11869.62890625,-12979.98046875,0
13.9375,10321.2890625,-3437.5,-204.1015625,-10301.26953125,0
13.94140625,-14909.1796875,7014.16015625,2742.67578125,-8853.02734375,0
13.9453125,-15121.09375,15870.60546875,11799.31640625,-14207.03125,0
13.94921875,9819.82421875,-10438.96484375,-7952.63671875,-5425.78125,0
13.953125,-8852.05078125,-996.58203125,-1234.86328125,3211.9140625,0
13.95703125,-14496.09375,15612.79296875,11909.1796875,-13276.85546875,0
13.9609375,-1308.10546875,-1688.4765625,8546.38671875,-14178.7109375,0
13.96484375,5059.5703125,971.6796875,6722.16796875,-10857.91015625,0
13.96875,-14675.78125,15582.03125,12174.8046875,-13355.46875,0
13.97265625,6809.08203125,5689.453125,5670.8984375,-5562.5,0
13.9765625,4918.9453125,7004.8828125,4696.77734375,-9035.15625,0
13.98046875,15277.34375,-15527.34375,11252.44140625,15871.09375,0
13.984375,813.4765625,13315.4296875,-7455.078125,7315.4296875,0
13.98828125,10982.91015625,15047.8515625,705.56640625,13044.43359375,0
13.9921875,15535.15625,-15183.59375,11072.75390625,-14988.28125,0
13.99609375,5939.94140625,-11932.12890625,-9455.078125,-1554.6875,0
14.0,13049.8046875,9047.8515625,-15307.6171875,-4868.65234375,0
14.00390625,-14652.34375,-14206.54296875,10713.37890625,-13417.48046875,0
14.0078125,13690.91796875,4067.87109375,6540.52734375,7823.2421875,0
14.01171875,11107.91015625,-900.390625,-1328.125,11220.21484375,0
14.015625,-14191.40625,-13972.16796875,10580.56640625,-12229.4921875,0
14.01953125,-1429.6875,1070.80078125,6165.52734375,1704.58984375,0
14.0234375,9141.11328125,-10828.125,-13349.609375,1289.55078125,0
14.02734375,-13065.91796875,-13402.34375,10432.12890625,-10901.3671875,0
14.03125,-9548.828125,-53.22265625,8666.50390625,-7790.0390625,0
14.03515625,13194.82421875,-12835.44921875,10655.2734375,-12654.78515625,0
14.0390625,-13315.91796875,-14190.91796875,10064.94140625,-10893.5546875,0
14.04296875,-10674.31640625,196.77734375,2789.0625,-6665.0390625,0
14.046875,-12808.59375,13130.37109375,4618.1640625,7355.95703125,0
14.05078125,-13042.48046875,-14542.96875,10104.00390625,-10455.56640625,0
14.0546875,-8923.33984375,-12308.59375,6789.55078125,1336.9140625,0
14.05859375,3216.796875,-2981.93359375,-15387.20703125,3368.1640625,0
14.0625,-12073.73046875,-15887.20703125,10338.37890625,-9533.69140625,0
14.06640625,-7674.8046875,-5064.453125,1163.0859375,2709.9609375,0
14.0703125,7234.375,-9019.53125,-3363.28125,-2612.79296875,0
14.07421875,-11925.29296875,15300.29296875,10158.203125,-9518.06640625,0
14.078125,-1548.33984375,11804.19921875,-1211.42578125,8836.9140625,0
14.08203125,1243.1640625,-1123.53515625,12635.7421875,9384.765625,0
14.0859375,-12042.48046875,13815.4296875,10150.390625,-9666.50390625,0
14.08984375,-6174.8046875,-11324.70703125,-1461.9140625,4460.44921875,0
14.09375,3228.02734375,14785.15625,4631.34765625,-2603.02734375,0
14.09765625,-12073.73046875,12635.7421875,10220.703125,-9534.1796875,0
14.1015625,-9925.78125,12796.38671875,-5588.37890625,-2291.015625,0
14.10546875,13204.1015625,-7307.12890625,8601.07421875,-10640.625,0
14.109375,-12206.54296875,11612.3046875,9970.703125,-9830.56640625,0
14.11328125,-6925.29296875,6296.38671875,-2838.37890625,2834.9609375,0
14.1171875,9209.9609375,-5280.76171875,-11408.69140625,5359.375,0
14.12109375,-12339.35546875,11275.87890625,9541.015625,-9846.19140625,0
14.125,-6297.36328125,-14458.0078125,-5836.42578125,3211.9140625,0
14.12890625,1250.0,8641.6015625,-15381.34765625,3385.25390625,0
14.1328125,-12456.0546875,10096.19140625,9345.703125,-10150.87890625,0
14.13671875,79.58984375,4915.52734375,-7461.42578125,4712.890625,0
14.140625,-770.5078125,-1373.046875,6584.9609375,7358.88671875,0
14.14453125,-12761.23046875,9712.890625,9275.390625,-10518.5546875,0
14.1484375,-4045.8984375,-3338.37890625,-6962.40234375,-1913.57421875,0
14.15234375,-12726.07421875,10583.984375,14611.81640625,-14610.83984375,0
14.15625,-12034.66796875,9634.765625,9595.703125,-10096.6796875,0
14.16015625,-1172.36328125,-12589.84375,-6461.42578125,-4290.52734375,0
14.1640625,-4749.51171875,575.1953125,4623.046875,-4641.6015625,0
14.16796875,-11987.3046875,8970.703125,9814.94140625,-10221.6796875,0
14.171875,3704.1015625,8407.71484375,39.55078125,-1664.55078125,0
14.17578125,9239.74609375,6528.3203125,-11392.08984375,11347.16796875,0
14.1796875,-12269.04296875,8408.203125,9525.390625,-10526.3671875,0
14.18359375,-3798.828125,3156.73828125,-4961.42578125,-6790.52734375,0
14.1875,-6786.62109375,2535.15625,14638.671875,1359.86328125,0
14.19140625,-12737.79296875,8259.765625,10150.87890625,-10620.1171875,0
14.1953125,-10548.828125,3156.25,3415.0390625,-11916.50390625,0
14.19921875,13216.30859375,-9518.06640625,-9360.83984375,5322.75390625,0
14.203125,-12597.16796875,8283.203125,10439.94140625,-10706.0546875,0
14.20703125,-12799.8046875,3155.2734375,6415.0390625,-10916.9921875,0
14.2109375,-14783.69140625,-1539.0625,-11345.21484375,-6668.9453125,0
14.21484375,-12628.41796875,7423.828125,10947.75390625,-10541.9921875,0
14.21875,-14800.29296875,405.2734375,-12081.0546875,-6040.52734375,0
14.22265625,13225.09765625,-7513.18359375,-13295.41015625,15370.1171875,0
14.2265625,-11854.98046875,8158.203125,11486.81640625,-9784.1796875,0
14.23046875,-4802.734375,1404.296875,-1579.1015625,-1917.96875,0
14.234375,-12845.703125,-13532.71484375,742.1875,7315.91796875,0
14.23828125,-13472.16796875,7759.27734375,11932.12890625,-10885.7421875,0
14.2421875,8448.2421875,-7346.19140625,-3328.125,-15541.50390625,0
14.24609375,-4818.84765625,489.74609375,763.18359375,9339.84375,0
14.25,-13112.79296875,8228.515625,12659.1796875,-10549.8046875,0
14.25390625,-15300.78125,905.76171875,-14573.73046875,-7791.015625,0
14.2578125,15186.03515625,-3497.0703125,-5145.5078125,11345.703125,0
14.26171875,-12823.73046875,7939.453125,14229.98046875,-10557.6171875,0
14.265625,-5298.33984375,4281.25,11808.59375,-6041.015625,0
14.26953125,7205.56640625,469.23828125,930.6640625,1321.2890625,0
14.2734375,-12644.04296875,7962.890625,15167.48046875,-10706.0546875,0
14.27734375,-13927.24609375,1404.78515625,-5688.4765625,-10668.45703125,0
14.28125,-4812.98828125,6466.796875,9011.23046875,-14689.94140625,0
14.28515625,-12956.54296875,7556.15234375,-15472.65625,-10924.8046875,0
14.2890625,-15802.24609375,-6597.16796875,10565.4296875,-15918.9453125,0
14.29296875,-2849.12109375,-13551.26953125,-12929.19921875,7295.8984375,0
14.296875,-13167.48046875,7634.27734375,-14323.73046875,-10979.4921875,0
14.30078125,-15177.24609375,14777.83203125,945.3125,-13417.96875,0
14.3046875,-4837.890625,-1474.12109375,15137.6953125,-8686.5234375,0
14.30859375,-13573.73046875,7813.96484375,-13487.79296875,-11166.9921875,0
14.3125,15572.75390625,-1718.26171875,-12675.29296875,-11792.96875,0
14.31640625,-6857.91015625,-5508.7890625,-10812.98828125,-6705.078125,0
14.3203125,-13292.48046875,7767.578125,-12541.9921875,-10995.1171875,0
14.32421875,13446.77734375,6031.73828125,202.1484375,-14919.921875,0
14.328125,-852.05078125,12471.6796875,-764.16015625,-6736.328125,0
14.33203125,-12823.73046875,7767.08984375,-11549.8046875,-11221.6796875,0
14.3359375,-10801.26953125,-6720.703125,9203.125,14580.078125,0
14.33984375,1183.59375,2482.91015625,15265.625,-8701.66015625,0
14.34375,-12956.54296875,8040.52734375,-11104.4921875,-11065.4296875,0
14.34765625,10572.265625,-345.703125,12205.078125,5828.125,0
14.3515625,11174.31640625,-7539.0625,11300.29296875,-2714.35546875,0
14.35546875,-12519.04296875,8017.578125,-10768.5546875,-10838.8671875,0
14.359375,-9802.734375,5154.296875,-13043.45703125,14327.63671875,0
14.36328125,3154.78515625,-9527.34375,-12684.5703125,11225.5859375,0
14.3671875,-12987.79296875,7993.65234375,-10557.6171875,-12019.04296875,0
14.37109375,14323.2421875,-2594.23828125,-8292.96875,-1547.8515625,0
14.375,-8810.05859375,14504.8828125,-6685.546875,-767.578125,0
14.37890625,-13292.48046875,7814.453125,-10791.9921875,-12589.35546875,0
14.3828125,12948.2421875,1907.71484375,-9166.50390625,-4172.8515625,0
14.38671875,13172.36328125,14517.08984375,3324.21875,-12758.30078125,0
14.390625,-12917.48046875,8517.578125,-10690.4296875,-11604.4921875,0
14.39453125,10821.2890625,-15090.33203125,-11041.9921875,8204.1015625,0
14.3984375,15172.8515625,10531.25,-14656.25,-14708.49609375,0
14.40234375,-12831.54296875,8775.390625,-10557.6171875,-10916.9921875,0
14.40625,8946.77734375,14283.69140625,-11542.48046875,8453.61328125,0
14.41015625,-6835.44921875,-9435.546875,-8682.6171875,-10719.23828125,0
14.4140625,-13729.98046875,9009.765625,-11315.4296875,-11463.8671875,0
14.41796875,7947.265625,-13588.8671875,13207.03125,11205.56640625,0
14.421875,-10838.37890625,-5429.6875,-688.96484375,-10721.19140625,0
14.42578125,-13245.60546875,8869.140625,-10870.1171875,-11432.6171875,0
14.4296875,14448.2421875,13910.15625,-11793.45703125,12205.078125,0
14.43359375,-8837.40234375,-3423.33984375,3292.48046875,15289.55078125,0
14.4375,-13315.91796875,9470.703125,-11510.7421875,-11120.1171875,0
14.44140625,8072.75390625,-9588.37890625,3704.58984375,9080.56640625,0
14.4453125,1159.66796875,-7403.3203125,-2714.84375,9290.0390625,0
14.44921875,-13956.54296875,8978.515625,-11909.1796875,-11682.6171875,0
14.453125,5822.75390625,-15338.37890625,5455.56640625,12457.51953125,0
14.45703125,9122.0703125,-13409.66796875,1248.53515625,-10706.54296875,0
14.4609375,-14425.29296875,9548.828125,-12253.41796875,-11471.6796875,0
14.46484375,195.80078125,-8088.8671875,-1422.8515625,15206.0546875,0
14.46875,-10856.4453125,579.58984375,15244.140625,-677.734375,0
14.47265625,-13276.85546875,9408.203125,-11870.60546875,-10291.9921875,0
14.4765625,5695.3125,-12087.40234375,-7050.78125,-12417.96875,0
14.48046875,-8843.26171875,12611.328125,13215.33203125,-12658.203125,0
14.484375,-13151.85546875,9767.578125,-12159.66796875,-10401.3671875,0
14.48828125,5820.3125,-7463.37890625,-12552.734375,15330.56640625,0
14.4921875,-14858.3984375,10612.3046875,-12824.21875,7297.8515625,0
14.49609375,-13558.10546875,9478.515625,-12714.35546875,-11206.0546875,0
14.5,8321.77734375,-12588.37890625,-12677.24609375,10955.56640625,0
14.50390625,7166.50390625,612.3046875,-2844.7265625,-4681.640625,0
14.5078125,-13315.91796875,9986.81640625,-13331.54296875,-11174.8046875,0
14.51171875,11322.75390625,4413.0859375,14697.75390625,13081.0546875,0
14.515625,11157.71484375,6582.51953125,5152.34375,13284.1796875,0
14.51953125,-13604.98046875,9869.62890625,-13581.54296875,-11221.6796875,0
14.5234375,8447.75390625,2789.0625,3821.2890625,15456.54296875,0
14.52734375,11161.62109375,10626.46484375,-4838.8671875,-4687.98828125,0
14.53125,-13503.41796875,10142.578125,-13511.23046875,-11174.8046875,0
14.53515625,12075.1953125,-1210.44921875,5196.77734375,14833.49609375,0
14.5390625,13176.7578125,-1338.37890625,11132.8125,-4688.4765625,0
14.54296875,-13761.23046875,10096.19140625,-14222.65625,-11549.8046875,0
14.546875,5572.75390625,40.0390625,-3179.6875,9457.03125,0
14.55078125,-831.0546875,-13355.95703125,7117.67578125,-14682.12890625,0
14.5546875,-13659.66796875,10361.81640625,-14613.28125,-11174.8046875,0
14.55859375,8948.2421875,5164.55078125,-7305.17578125,-15792.96875,0
14.5625,13168.45703125,-7358.88671875,-12889.6484375,15299.31640625,0
14.56640625,-13214.35546875,10385.25390625,-14136.71875,-10956.0546875,0
14.5703125,11946.2890625,6415.52734375,-2306.640625,-10667.96875,0
14.57421875,-10849.12109375,-3335.9375,13099.609375,9308.10546875,0
14.578125,-13190.91796875,10291.50390625,-14644.53125,-11018.5546875,0
14.58203125,11196.77734375,5291.9921875,-14183.10546875,-13542.96875,0
14.5859375,-8855.95703125,-7323.2421875,-930.6640625,-4704.58984375,0
14.58984375,-13394.04296875,10869.62890625,-14777.34375,-10932.6171875,0
14.59375,11321.2890625,9665.0390625,-11434.08203125,-11918.45703125,0
14.59765625,15135.25390625,-11343.75,7046.875,-10695.3125,0
14.6015625,-13479.98046875,10510.25390625,-15308.59375,-10995.1171875,0
14.60546875,15572.75390625,9291.015625,10438.96484375,-13542.48046875,0
14.609375,3140.13671875,8652.83203125,-4977.5390625,3321.77734375,0
14.61328125,-13784.66796875,10650.87890625,-15550.78125,-10924.8046875,0
14.6171875,1196.2890625,10039.0625,3687.98828125,12956.0546875,0
14.62109375,15166.015625,-3333.984375,7020.01953125,13319.3359375,0
14.625,-13222.16796875,10861.81640625,-15566.40625,-10776.3671875,0
14.62890625,7320.80078125,7667.48046875,4562.98828125,-15793.9453125,0
14.6328125,-8855.46875,676.7578125,-6980.46875,11293.45703125,0
14.63671875,-13573.73046875,10682.12890625,-15761.71875,-11143.5546875,0
14.640625,14699.21875,14417.48046875,6312.98828125,-9541.50390625,0
14.64453125,1145.99609375,10671.875,14984.375,1306.15234375,0
14.6484375,-14019.04296875,10783.69140625,15815.91796875,-10995.1171875,0
14.65234375,4570.3125,13541.50390625,-1063.4765625,-9917.48046875,0
14.65625,-10889.6484375,-11341.30859375,14971.19140625,15300.78125,0
14.66015625,-13784.66796875,10322.75390625,15526.85546875,-11010.7421875,0
14.6640625,8572.75390625,4416.9921875,-6188.96484375,-12791.50390625,0
14.66796875,-10822.75390625,6716.30859375,4983.88671875,-6647.94921875,0
14.671875,-13573.73046875,11283.69140625,15448.73046875,-10799.8046875,0
14.67578125,4323.2421875,13417.96875,-15441.40625,-13916.50390625,0
14.6796875,11186.5234375,10685.546875,-11041.015625,-6652.34375,0
14.68359375,-13198.73046875,10791.50390625,15175.29296875,-10510.7421875,0
14.6875,11321.2890625,14291.50390625,15683.59375,-6416.9921875,0
14.69140625,-6855.46875,-1326.66015625,948.2421875,13328.125,0
14.6953125,-13526.85546875,10783.69140625,15214.35546875,-10502.9296875,0
14.69921875,5946.77734375,-13831.0546875,11181.640625,-11041.50390625,0
14.703125,11152.34375,-1297.36328125,10929.19921875,-14643.06640625,0
14.70703125,-13862.79296875,11213.37890625,14511.23046875,-10604.4921875,0
14.7109375,4196.77734375,-13707.03125,8057.12890625,-5415.52734375,0
14.71484375,1125.0,-5305.6640625,2877.9296875,1313.96484375,0
14.71875,-14214.35546875,11119.62890625,13784.66796875,-10956.0546875,0
14.72265625,1695.3125,-12207.51953125,929.6875,-10916.9921875,0
14.7265625,9123.046875,14680.6640625,-9118.65234375,13352.5390625,0
14.73046875,-13839.35546875,11354.00390625,14042.48046875,-10088.8671875,0
14.734375,4196.2890625,13415.52734375,2680.6640625,-1539.55078125,0
14.73828125,-14874.0234375,-1356.4453125,14862.79296875,9339.35546875,0
14.7421875,-14144.53125,10361.81640625,13690.4296875,-10745.1171875,0
14.74609375,-5680.17578125,10416.50390625,-6446.77734375,-11665.52734375,0
14.75,15117.1875,-7336.9140625,4856.4453125,5359.86328125,0
14.75390625,-14535.15625,10127.44140625,13549.8046875,-10502.9296875,0
14.7578125,-556.15234375,6289.55078125,-6948.73046875,-3666.50390625,0
14.76171875,5092.7734375,-13361.328125,14826.66015625,13333.0078125,0
14.765625,-14159.66796875,10189.94140625,13557.6171875,-10385.7421875,0
14.76953125,195.3125,2040.0390625,-7573.73046875,-2540.52734375,0
14.7734375,15123.53515625,-11349.609375,-15166.015625,-8655.2734375,0
14.77734375,-13776.85546875,10517.578125,13651.3671875,-10127.9296875,0
14.78125,1444.3359375,-2711.9140625,-14201.171875,-4916.9921875,0
14.78515625,-12868.1640625,10654.296875,6805.17578125,-14646.97265625,0
14.7890625,-13573.73046875,10377.44140625,13385.7421875,-10088.8671875,0
14.79296875,1695.80078125,2539.55078125,-15575.1953125,-6166.015625,0
14.796875,-14828.125,10639.6484375,4818.359375,-12633.7890625,0
14.80078125,-13276.85546875,10197.75390625,12940.4296875,-10135.25390625,0
14.8046875,15073.73046875,7290.0390625,14300.29296875,3586.42578125,0
14.80859375,7132.8125,-1333.984375,-3212.40234375,-650.390625,0
14.8125,-14136.23046875,11041.50390625,12526.3671875,-10721.6796875,0
14.81640625,3072.265625,10667.48046875,5047.36328125,-9415.0390625,0
14.8203125,-14820.80078125,4718.26171875,6759.27734375,15377.9296875,0
14.82421875,-13065.91796875,11783.69140625,12307.6171875,-9932.6171875,0
14.828125,11322.75390625,-7833.984375,9173.33984375,-1790.0390625,0
14.83203125,13199.21875,660.64453125,12784.1796875,-10600.5859375,0
14.8359375,-13074.21875,11572.75390625,12737.3046875,-9534.1796875,0
14.83984375,-2930.6640625,-11582.51953125,5172.36328125,-9041.50390625,0
14.84375,-4851.5625,-3303.22265625,6761.71875,5363.28125,0
14.84765625,-13456.54296875,11104.00390625,12143.5546875,-10033.69140625,0
14.8515625,13574.70703125,-13831.54296875,2172.36328125,6838.8671875,0
14.85546875,11209.9609375,8685.05859375,-13232.421875,9435.546875,0
14.859375,-12753.41796875,10768.06640625,12206.0546875,-9002.44140625,0
14.86328125,-12799.31640625,9289.55078125,2297.36328125,14714.84375,0
14.8671875,-8770.01953125,-5354.98046875,2763.18359375,-8544.921875,0
14.87109375,-12088.8671875,10807.12890625,12198.2421875,-8643.06640625,0
14.875,4329.1015625,12290.0390625,4047.36328125,-5158.203125,0
14.87890625,13226.07421875,-15336.42578125,-13264.16015625,7442.3828125,0
14.8828125,-12714.35546875,11111.81640625,11502.44140625,-8924.31640625,0
14.88671875,-14299.8046875,9666.015625,-8328.125,10587.890625,0
14.890625,-14778.80859375,-5290.52734375,2772.4609375,-12583.49609375,0
14.89453125,-12800.29296875,11143.06640625,12018.5546875,-9361.81640625,0
14.8984375,-10925.29296875,14542.48046875,1171.875,15963.37890625,0
14.90234375,5187.98828125,2653.80859375,2734.86328125,-10591.30859375,0
14.90625,-12534.66796875,10744.62890625,12143.5546875,-9127.44140625,0
14.91015625,-11426.26953125,-9329.1015625,1420.8984375,11713.37890625,0
14.9140625,15179.19921875,-7258.30078125,-3268.06640625,11419.921875,0
14.91796875,-13456.54296875,11275.87890625,11479.00390625,-9784.1796875,0
14.921875,3946.77734375,13418.45703125,-5579.58984375,-3039.0625,0
14.92578125,15154.296875,12737.79296875,-15286.62109375,-10608.88671875,0
14.9296875,-13636.23046875,11682.12890625,11455.56640625,-9814.94140625,0
14.93359375,9322.75390625,-10454.58984375,-2453.61328125,5587.40234375,0
14.9375,11152.34375,12729.4921875,4736.328125,-12609.86328125,0
14.94140625,-13573.73046875,11666.50390625,11775.87890625,-9783.69140625,0
14.9453125,9945.80078125,-329.58984375,-3705.078125,7085.9375,0
14.94921875,-872.0703125,-9291.015625,4711.9140625,-2628.90625,0
14.953125,-13808.10546875,11322.75390625,11588.37890625,-9729.00390625,0
14.95703125,4696.2890625,-6954.58984375,-3704.58984375,7587.40234375,0
14.9609375,-10867.67578125,717.7734375,14714.35546875,-2613.28125,0
14.96484375,-14019.04296875,11564.94140625,11471.19140625,-10002.9296875,0
14.96875,1946.2890625,-4455.56640625,-7455.56640625,-665.0390625,0
14.97265625,7137.6953125,-15264.6484375,-13280.2734375,-4632.32421875,0
14.9765625,-13933.10546875,12299.8046875,11494.62890625,-10159.1796875,0
14.98046875,1320.3125,8174.8046875,-10080.56640625,-3040.0390625,0
14.984375,11112.3046875,12785.15625,10701.66015625,1351.5625,0
14.98828125,-13854.98046875,12799.8046875,11549.31640625,-10041.9921875,0
14.9921875,2693.84765625,14173.33984375,-2455.078125,-791.50390625,0
14.99609375,-12897.4609375,8784.66796875,717.7734375,-12666.015625,0
15.0,-14308.59375,12706.0546875,11650.87890625,-10643.5546875,0
15.00390625,-929.6875,5921.875,-2829.58984375,-9166.9921875,0
15.0078125,-8887.6953125,-11252.9296875,-3286.1328125,-6685.546875,0
15.01171875,-14144.53125,12315.4296875,11400.87890625,-11018.5546875,0
15.015625,-1555.17578125,9048.828125,-6328.61328125,14581.54296875,0
15.01953125,-10878.41796875,-15211.9140625,14749.0234375,-14687.01171875,0
15.0234375,-14550.78125,12432.6171875,11760.25390625,-11127.9296875,0
15.02734375,-9931.640625,6923.33984375,-5329.58984375,14206.0546875,0
15.03125,-8887.20703125,-11223.14453125,-15258.7890625,-8687.98828125,0
15.03515625,-14105.46875,12338.8671875,12065.4296875,-10815.4296875,0
15.0390625,-5807.6171875,8048.33984375,1046.38671875,14705.078125,0
15.04296875,-10904.78515625,787.109375,-15238.76953125,11296.875,0
15.046875,-14112.79296875,13010.7421875,12291.9921875,-10862.3046875,0
15.05078125,8946.77734375,15675.29296875,9173.33984375,-7417.48046875,0
15.0546875,-4897.94921875,14804.6875,-13255.859375,15282.2265625,0
15.05859375,-14433.59375,13081.0546875,12081.0546875,-11291.9921875,0
15.0625,-2054.19921875,15175.29296875,8049.8046875,15582.51953125,0
15.06640625,11118.65234375,-7185.05859375,780.76171875,-14693.84765625,0
15.0703125,-14308.10546875,12612.3046875,12229.4921875,-11448.2421875,0
15.07421875,1319.82421875,10424.8046875,7299.31640625,13706.54296875,0
15.078125,-6889.6484375,14785.15625,-3204.1015625,-10690.91796875,0
15.08203125,-14113.28125,12752.9296875,12870.1171875,-10791.9921875,0
15.0859375,-3430.17578125,15675.29296875,15925.29296875,-9791.015625,0
15.08984375,15117.1875,12803.7109375,-7197.75390625,11335.9375,0
15.09375,-14206.54296875,12799.8046875,12924.8046875,-10854.4921875,0
15.09765625,570.3125,14049.31640625,-12698.73046875,-13416.9921875,0
15.1015625,-8873.046875,8790.0390625,4805.6640625,9328.125,0
15.10546875,-14207.03125,12370.1171875,12948.2421875,-11143.5546875,0
15.109375,-1930.17578125,6675.29296875,-7072.265625,15332.03125,0
15.11328125,7103.02734375,-3201.66015625,-11179.19921875,3293.9453125,0
15.1171875,-13948.73046875,12948.2421875,13463.8671875,-11049.8046875,0
15.12109375,2319.3359375,14049.8046875,-5698.73046875,-15669.43359375,0
15.125,3109.375,-13184.5703125,-13175.29296875,5293.9453125,0
15.12890625,-14159.66796875,13026.3671875,13370.1171875,-11190.4296875,0
15.1328125,1946.2890625,-15198.73046875,-8946.2890625,14832.51953125,0
15.13671875,-8880.37109375,808.10546875,4853.515625,-14689.453125,0
15.140625,-14363.28125,12948.2421875,13518.5546875,-11354.4921875,0
15.14453125,-6932.6171875,-14950.68359375,-10073.2421875,11955.078125,0
15.1484375,-12918.45703125,-11197.75390625,-9141.6015625,13270.01953125,0
15.15234375,-14347.65625,13456.0546875,14010.7421875,-11291.9921875,0
15.15625,-4182.12890625,-13200.1953125,-2948.2421875,11329.1015625,0
15.16015625,5077.63671875,-11196.77734375,-7164.55078125,-720.703125,0
15.1640625,-14433.59375,12620.1171875,13682.6171875,-11291.9921875,0
15.16796875,-3306.15234375,10676.26953125,-1820.80078125,13455.078125,0
15.171875,-6898.92578125,-5156.73828125,8856.93359375,-736.328125,0
15.17578125,-14496.09375,13307.6171875,13651.3671875,-12010.7421875,0
15.1796875,-11305.6640625,-7821.77734375,-3819.82421875,1830.078125,0
15.18359375,15121.09375,-13155.76171875,880.859375,5278.3203125,0
15.1875,-14347.65625,13870.60546875,13854.98046875,-11823.2421875,0
15.19140625,-2054.6875,1178.7109375,3305.6640625,5579.58984375,0
15.1953125,7127.44140625,-13151.3671875,6883.30078125,3268.5546875,0
15.19921875,-14402.34375,13237.3046875,13854.4921875,-11737.3046875,0
15.203125,-9306.15234375,-14322.75390625,-6195.80078125,2078.61328125,0
15.20703125,-10881.8359375,6842.28515625,-1103.02734375,-4730.95703125,1
15.2109375,-13972.16796875,13041.9921875,14315.91796875,-11573.2421875,1
15.21484375,7697.265625,14426.7578125,3429.6875,10328.61328125,1
15.21875,-14872.0703125,-3171.38671875,14875.0,-12769.04296875,1
15.22265625,-14003.41796875,13291.9921875,14151.85546875,-11987.3046875,1
15.2265625,2569.82421875,-4697.75390625,3054.6875,7579.1015625,1
15.23046875,-4876.46484375,-11170.41015625,10872.55859375,-4732.421875,1
15.234375,-14089.84375,13291.9921875,13870.1171875,-11823.73046875,1
15.23828125,-8556.640625,-11823.2421875,-4695.80078125,-1545.8984375,1
15.2421875,-884.27734375,10833.0078125,14880.37109375,1277.34375,1
15.24609375,-14261.71875,13198.2421875,13909.1796875,-11682.6171875,1
15.25,-6055.6640625,-10447.75390625,-2445.80078125,4454.1015625,1
15.25390625,-14860.3515625,-7157.2265625,-11125.0,1285.15625,1
15.2578125,-13910.15625,13518.5546875,13768.5546875,-11510.7421875,1
15.26171875,-1679.6875,-11449.70703125,-4945.80078125,4079.1015625,1
15.265625,-6870.60546875,797.36328125,861.81640625,-729.98046875,1
15.26953125,-13972.16796875,12776.3671875,13627.9296875,-11510.7421875,1
15.2734375,4819.82421875,13801.26953125,-4195.80078125,12204.1015625,1
15.27734375,-10914.55078125,-7180.17578125,10854.4921875,15238.76953125,1
15.28125,-14589.84375,13221.6796875,13534.1796875,-12159.1796875,1
15.28515625,-6057.12890625,-9699.21875,-2321.2890625,2578.61328125,1
15.2890625,-14925.78125,-3178.22265625,14848.6328125,-4747.0703125,1
15.29296875,-14652.34375,13354.4921875,13510.7421875,-11745.1171875,1
15.296875,-8557.6171875,-10323.73046875,-7571.77734375,7954.58984375,1
15.30078125,-903.3203125,-15183.59375,-7135.25390625,11288.0859375,1
15.3046875,-14511.71875,12948.2421875,13674.8046875,-11252.9296875,1
15.30859375,-12183.10546875,14550.29296875,-6446.77734375,10080.078125,1
15.3125,-12911.62109375,-11178.22265625,2845.21484375,-14708.0078125,1
15.31640625,-14308.59375,13502.9296875,13518.5546875,-11291.9921875,1
15.3203125,-7307.12890625,-6073.73046875,-8322.75390625,7329.58984375,1
15.32421875,15080.56640625,-3170.8984375,835.9375,9279.78515625,1
15.328125,-14816.40625,13557.6171875,13229.4921875,-11698.2421875,1
15.33203125,-11431.15234375,-8697.265625,-11696.77734375,4080.078125,1
15.3359375,11106.4453125,-5150.390625,838.37890625,15279.296875,1
15.33984375,-14363.28125,13252.9296875,13166.9921875,-11729.4921875,1
15.34375,-3930.17578125,-13822.265625,-13574.70703125,6330.078125,1
15.34765625,-6876.953125,14868.65234375,12796.38671875,-12716.796875,1
15.3515625,-14394.53125,13972.16796875,12776.3671875,-11682.6171875,1
15.35546875,-1430.17578125,5054.6875,-13824.21875,8330.078125,1
15.359375,15105.95703125,-13144.53125,-1194.3359375,15273.92578125,1
15.36328125,-14214.84375,13416.9921875,12823.2421875,-11674.8046875,1
15.3671875,-1179.6875,-8446.2890625,15551.26953125,8580.56640625,1
15.37109375,-4885.7421875,864.74609375,-7196.2890625,15270.01953125,1
15.375,-14214.84375,13799.8046875,12588.8671875,-11479.4921875,1
15.37890625,-4432.6171875,-6697.265625,9548.828125,8078.61328125,1
15.3828125,7080.078125,868.65234375,-5196.2890625,15274.4140625,1
15.38671875,-14566.40625,14394.04296875,12893.5546875,-11541.9921875,1
15.390625,-13433.59375,4430.17578125,7547.8515625,1577.63671875,1
15.39453125,15084.9609375,-15124.51171875,2776.85546875,-6737.79296875,1
15.3984375,-14542.96875,13581.54296875,12643.5546875,-11807.6171875,1
15.40234375,-9933.10546875,1432.12890625,13925.29296875,3328.61328125,1
15.40625,-2931.640625,8897.4609375,-13209.47265625,-750.0,1
15.41015625,-14925.78125,14120.1171875,12479.4921875,-12183.10546875,1
15.4140625,-14557.6171875,-1070.3125,7174.31640625,-3922.8515625,1
15.41796875,15080.56640625,4900.390625,10814.94140625,-12754.8828125,1
15.421875,-14839.84375,14425.29296875,13041.9921875,-11901.85546875,1
15.42578125,-14184.08203125,5930.17578125,13048.828125,-173.33984375,1
15.4296875,11058.10546875,-5137.20703125,-13208.984375,13243.65234375,1
15.43359375,-15019.53125,13659.1796875,12893.5546875,-11964.35546875,1
15.4375,14939.94140625,-445.3125,15299.8046875,-2298.828125,1
15.44140625,-10939.453125,14878.90625,2785.15625,-8770.5078125,1
15.4453125,-14535.15625,14261.23046875,12588.8671875,-12136.23046875,1
15.44921875,-11808.10546875,5430.6640625,15050.78125,-3797.8515625,1
15.453125,-929.19921875,883.7890625,12801.7578125,-12769.53125,1
15.45703125,-15113.28125,14370.60546875,12612.3046875,-12558.10546875,1
15.4609375,-15933.10546875,10805.17578125,11550.78125,-5798.33984375,1
15.46484375,-10934.5703125,-13105.95703125,12812.98828125,-4773.4375,1
15.46875,-15324.21875,14464.35546875,12807.6171875,-12487.79296875,1
15.47265625,10815.91796875,431.15234375,14175.78125,-9173.33984375,1
15.4765625,-8937.98828125,919.43359375,-13183.10546875,13239.74609375,1
15.48046875,-15199.21875,14472.16796875,13135.7421875,-12401.85546875,1
15.484375,15441.40625,4682.12890625,-10947.75390625,-7423.33984375,1
15.48828125,5048.828125,-3061.5234375,-15177.24609375,-10780.76171875,1
15.4921875,-15308.59375,14815.91796875,13229.4921875,-12581.54296875,1
15.49609375,-14682.12890625,10432.12890625,-5572.265625,-4297.8515625,1
15.5,3093.26171875,4928.22265625,14831.0546875,3237.79296875,1
15.50390625,-14371.09375,14917.48046875,13440.4296875,-11894.04296875,1
15.5078125,-13561.03515625,6179.19921875,-7197.75390625,-4300.78125,1
15.51171875,-964.84375,2879.8828125,8838.8671875,-10804.19921875,1
15.515625,-14902.34375,14495.60546875,13456.0546875,-12425.29296875,1
15.51953125,-11308.10546875,7429.6875,-5445.80078125,-4173.33984375,1
15.5234375,-2919.43359375,4871.09375,-9123.53515625,7224.609375,1
15.52734375,-14722.65625,13940.4296875,14010.7421875,-12433.10546875,1
15.53125,-11307.12890625,-3195.3125,-1820.80078125,-8797.8515625,1
15.53515625,-2907.71484375,4884.27734375,-3128.41796875,1238.76953125,1
15.5390625,-14941.40625,13909.1796875,13643.5546875,-12745.60546875,1
15.54296875,10940.91796875,-4445.3125,-5445.80078125,-14924.8046875,1
15.546875,-10935.546875,-11110.3515625,2874.51171875,-2772.4609375,1
15.55078125,-14894.53125,14151.85546875,14049.8046875,-12229.98046875,1
15.5546875,-12059.08203125,2804.6875,-445.80078125,-3798.828125,1
15.55859375,-937.98828125,14882.8125,-11111.81640625,-8776.3671875,1
15.5625,-14886.71875,14127.9296875,14378.41796875,-12198.73046875,1
15.56640625,14564.94140625,-5573.2421875,2804.6875,-6299.8046875,1
15.5703125,-4945.80078125,-3150.87890625,-15097.65625,-770.01953125,1
15.57421875,-15082.03125,13792.48046875,14464.35546875,-12229.98046875,1
15.578125,14565.4296875,6181.15234375,5806.15234375,-6548.828125,1
15.58203125,-951.66015625,-7121.09375,8893.5546875,-6776.85546875,1
15.5859375,-15433.59375,14394.04296875,14261.23046875,-12511.23046875,1
15.58984375,5439.453125,7180.6640625,2805.6640625,-12424.8046875,1
15.59375,3037.59765625,10890.625,4898.92578125,9215.33203125,1
15.59765625,-15261.71875,14284.66796875,14378.41796875,-12558.10546875,1
15.6015625,14190.4296875,4180.17578125,7056.640625,-9924.8046875,1
15.60546875,15045.8984375,-1112.3046875,6909.1796875,-10786.62109375,1
15.609375,-15214.84375,13916.9921875,14526.85546875,-12612.79296875,1
15.61328125,13065.91796875,-4068.359375,7932.12890625,-8797.8515625,1
15.6171875,15089.35546875,10942.87109375,917.96875,1248.046875,1
15.62109375,-14964.84375,14323.2421875,14104.98046875,-12331.54296875,1
15.625,8564.94140625,-1319.82421875,4806.640625,-8424.31640625,1
15.62890625,11043.9453125,12900.390625,-11094.7265625,11220.703125,1
15.6328125,-15527.34375,14222.16796875,14604.98046875,-12604.98046875,1
15.63671875,5813.4765625,179.6875,9056.640625,-10424.31640625,1
15.640625,-12983.88671875,14870.60546875,907.2265625,-2787.59765625,1
15.64453125,-15574.21875,14011.23046875,14612.79296875,-12425.29296875,1
15.6484375,12440.4296875,6181.15234375,13182.6171875,-2672.8515625,1
15.65234375,-14968.26171875,-1104.98046875,8904.296875,-6783.69140625,1
15.65625,-15136.71875,14073.2421875,14808.10546875,-12433.10546875,1
15.66015625,11688.4765625,-444.3359375,15432.6171875,-6799.31640625,1
15.6640625,-8961.42578125,10897.4609375,-3068.84765625,11217.28515625,1
15.66796875,-15128.90625,14245.60546875,14925.29296875,-12308.10546875,1
15.671875,13940.4296875,2930.17578125,15933.10546875,-4423.828125,1
15.67578125,-8940.91796875,-11118.65234375,-5078.125,-6779.78515625,1
15.6796875,-15042.96875,13823.2421875,14667.48046875,-12565.91796875,1
15.68359375,-15808.59375,-2321.2890625,-14440.91796875,-6548.828125,1
15.6875,1079.1015625,14881.8359375,-1042.48046875,-12772.4609375,1
15.69140625,-14628.90625,14300.29296875,15245.60546875,-12237.79296875,1
15.6953125,-8931.15234375,2056.640625,-12814.94140625,-2421.875,1
15.69921875,1072.75390625,-9092.7734375,953.61328125,-12759.27734375,1
15.703125,-15191.40625,14065.4296875,14948.73046875,-12542.48046875,1
15.70703125,-15683.10546875,-1445.80078125,14683.59375,-7548.33984375,1
15.7109375,-12929.19921875,-1114.74609375,-3048.828125,-6775.390625,1
