timestamp,TP9,AF7,AF8,TP10,label
0.0,15995.60546875,-15996.09375,-15996.58203125,15995.60546875,0
0.00390625,-62.5,62.01171875,-62.98828125,-62.5,0
0.0078125,-11011.71875,-4997.0703125,-10994.62890625,-1017.08984375,0
0.01171875,-14940.91796875,15753.41796875,15440.91796875,-14479.98046875,0
0.015625,11823.2421875,-10314.453125,5430.17578125,-546.875,0
0.01953125,-14809.5703125,4972.16796875,4877.9296875,3252.9296875,0
0.0234375,-12878.41796875,15448.73046875,13878.41796875,-12011.23046875,0
0.02734375,15947.75390625,-7564.453125,430.6640625,-2548.828125,0
0.03125,9163.0859375,14967.7734375,4895.01953125,-12776.3671875,0
0.03515625,-13214.35546875,15511.23046875,14409.66796875,-12269.04296875,0
0.0390625,15824.21875,-7439.453125,6681.15234375,-1546.875,0
0.04296875,-8815.91796875,12974.609375,905.76171875,-737.3046875,0
0.046875,-13175.29296875,15354.98046875,14260.7421875,-12050.29296875,0
0.05078125,10697.265625,-11689.94140625,-69.82421875,-5048.33984375,0
0.0546875,-8820.80078125,-13024.4140625,-15118.65234375,-12761.23046875,0
0.05859375,-12909.66796875,15769.04296875,14097.16796875,-11987.79296875,0
0.0625,15698.73046875,-6939.94140625,7431.640625,-1297.8515625,0
0.06640625,7177.24609375,6972.16796875,896.97265625,15240.234375,0
0.0703125,-13183.10546875,15433.10546875,14315.91796875,-12159.66796875,0
0.07421875,13573.2421875,-7438.96484375,8682.12890625,-1797.8515625,0
0.078125,-823.2421875,14971.19140625,10903.3203125,-4769.53125,0
0.08203125,-13229.98046875,15573.73046875,14331.54296875,-12425.29296875,0
0.0859375,11573.73046875,-6564.94140625,4430.6640625,-7423.33984375,0
0.08984375,-14799.31640625,10968.75,-13082.51953125,-12743.65234375,0
0.09375,-12722.16796875,15683.10546875,14808.10546875,-11854.98046875,0
0.09765625,-13927.734375,-6315.4296875,8179.6875,-3298.828125,0
0.1015625,15149.4140625,-9053.22265625,8879.39453125,13224.12109375,0
0.10546875,-13120.60546875,15300.29296875,14690.91796875,-12128.41796875,0
0.109375,15698.2421875,-7938.96484375,12181.640625,-2548.33984375,0
0.11328125,11171.38671875,-15014.6484375,890.625,13235.3515625,0
0.1171875,-13065.91796875,15558.10546875,14190.91796875,-12081.54296875,0
0.12109375,-11425.29296875,-5939.453125,6932.12890625,-2798.33984375,0
0.125,-10827.63671875,-5051.7578125,12917.48046875,-14779.296875,0
0.12890625,-13339.35546875,15456.54296875,14394.04296875,-12526.85546875,0
0.1328125,12697.75390625,-3313.96484375,7432.6171875,-5798.828125,0
0.13671875,-4829.58984375,12969.23828125,6918.9453125,-2775.390625,0
0.140625,-13159.66796875,15487.79296875,14440.91796875,-12323.73046875,0
0.14453125,15449.21875,-6188.4765625,8057.6171875,-5672.8515625,0
0.1484375,-821.2890625,2976.5625,916.015625,1234.86328125,0
0.15234375,-13222.16796875,15394.04296875,14550.29296875,-12292.48046875,0
0.15625,15574.70703125,-11064.453125,7431.640625,-3797.36328125,0
0.16015625,-793.9453125,10985.3515625,-7093.75,15254.8828125,0
0.1640625,-12761.23046875,15628.41796875,14581.54296875,-11987.79296875,0
0.16796875,-12425.78125,-4938.96484375,12556.640625,-923.33984375,0
0.171875,3186.03515625,10967.7734375,-11076.171875,9228.515625,0
0.17578125,-12839.35546875,15511.23046875,14878.41796875,-12120.60546875,0
0.1796875,15699.21875,-7440.4296875,8181.640625,-3422.8515625,0
0.18359375,-10788.0859375,6953.125,-3072.75390625,-4751.46484375,0
0.1875,-13011.23046875,15612.79296875,14620.60546875,-12198.73046875,0
0.19140625,12448.2421875,-3438.96484375,8806.15234375,-7424.31640625,0
0.1953125,-12816.40625,-11030.2734375,-13091.30859375,-4774.4140625,0
0.19921875,-13112.79296875,15620.60546875,14823.73046875,-12323.73046875,0
0.203125,13698.73046875,-4938.96484375,12557.12890625,-4923.828125,0
0.20703125,11181.640625,2972.16796875,-7086.42578125,-4787.59765625,0
0.2109375,-13097.16796875,15394.04296875,14550.29296875,-12550.29296875,0
0.21484375,14198.73046875,-10065.4296875,6180.6640625,-6423.828125,0
0.21875,11184.5703125,-3051.26953125,-11096.19140625,-4778.80859375,0
0.22265625,-13151.85546875,15362.79296875,14690.91796875,-12417.48046875,0
0.2265625,9698.2421875,-10315.4296875,10181.15234375,-7923.828125,0
0.23046875,1182.6171875,-11037.109375,-3088.8671875,-10774.90234375,0
0.234375,-13136.23046875,15159.66796875,14519.04296875,-12573.73046875,0
0.23828125,11823.2421875,-10313.4765625,5681.640625,-8799.31640625,0
0.2421875,9172.36328125,14977.05078125,-9081.0546875,-2787.59765625,0
0.24609375,-13362.79296875,15378.41796875,14604.98046875,-12706.54296875,0
0.25,10823.73046875,-6437.98828125,9931.640625,-9798.33984375,0
0.25390625,-6806.15234375,6993.65234375,-7093.75,7235.83984375,0
0.2578125,-13050.29296875,15362.79296875,14589.35546875,-12308.10546875,0
0.26171875,11197.265625,-11189.453125,13683.10546875,-10050.29296875,0
0.265625,15166.015625,-9030.2734375,-13080.078125,-796.875,0
0.26953125,-13120.60546875,15714.35546875,14511.23046875,-12573.73046875,0
0.2734375,-15426.26953125,-3689.94140625,12182.6171875,-5798.828125,0
0.27734375,7164.0625,4959.9609375,-3085.44921875,13211.9140625,0
0.28125,-13409.66796875,15511.23046875,14425.29296875,-12597.16796875,0
0.28515625,12823.2421875,-6814.453125,8182.12890625,-7923.828125,0
0.2890625,-4814.453125,-9021.484375,8920.41015625,5224.609375,0
0.29296875,-12862.79296875,15714.35546875,14831.54296875,-12198.73046875,0
0.296875,-14176.26953125,-8564.94140625,10931.640625,-3673.828125,0
0.30078125,-6820.3125,10970.703125,-7081.54296875,7214.84375,0
0.3046875,-13276.85546875,15464.35546875,14401.85546875,-12815.91796875,0
0.30859375,13198.73046875,-7188.96484375,3431.640625,-13174.8046875,0
0.3125,3167.48046875,4965.33203125,10926.26953125,-10798.828125,0
0.31640625,-13229.98046875,15378.41796875,14870.60546875,-12737.79296875,0
0.3203125,14197.75390625,-6438.96484375,13432.12890625,-11675.78125,0
0.32421875,9145.99609375,-7016.6015625,-3096.19140625,-14818.359375,0
0.328125,-13550.29296875,15573.73046875,14253.41796875,-12948.73046875,0
0.33203125,11947.75390625,-13191.40625,5431.15234375,-14551.26953125,0
0.3359375,-6839.84375,-13040.52734375,-13103.02734375,-4809.08203125,0
0.33984375,-13347.16796875,15440.91796875,14565.91796875,-12628.41796875,0
0.34375,13198.2421875,-12064.453125,15558.59375,-9549.31640625,0
0.34765625,-831.0546875,8973.14453125,2935.05859375,5212.40234375,0
0.3515625,-13354.98046875,15409.66796875,14854.98046875,-12636.23046875,0
0.35546875,13448.73046875,-5064.453125,12807.12890625,-8424.31640625,0
0.359375,1169.921875,10945.80078125,-13083.984375,9203.61328125,0
0.36328125,-13339.35546875,15237.79296875,14659.66796875,-12706.54296875,0
0.3671875,11573.73046875,-6188.96484375,10056.640625,-10049.31640625,0
0.37109375,1171.875,-7043.45703125,10904.296875,-2786.1328125,0
0.375,-13503.41796875,15261.23046875,14386.23046875,-12722.16796875,0
0.37890625,9948.2421875,-6939.453125,8432.6171875,-10924.31640625,0
0.3828125,-4816.40625,-1023.4375,-13077.1484375,-8775.87890625,0
0.38671875,-13144.04296875,15628.41796875,14573.73046875,-12511.23046875,0
0.390625,10822.265625,-4439.453125,8682.12890625,-11050.29296875,0
0.39453125,-4828.125,10966.796875,4927.734375,-4793.45703125,0
0.3984375,-13050.29296875,15526.85546875,14854.98046875,-12675.29296875,0
0.40234375,13323.73046875,-9813.96484375,10682.6171875,-10298.828125,0
0.40625,7196.77734375,4987.3046875,4920.41015625,7216.796875,0
0.41015625,-13245.60546875,15542.48046875,14464.35546875,-12769.04296875,0
0.4140625,9823.73046875,-9439.94140625,8557.12890625,-10673.828125,0
0.41796875,-12809.08203125,-9027.34375,2911.1328125,3216.30859375,0
0.421875,-12956.54296875,15589.35546875,14667.48046875,-12558.10546875,0
0.42578125,-15426.26953125,-6689.453125,10056.15234375,-6924.31640625,0
0.4296875,-2823.2421875,-3031.73828125,-7095.21484375,-12800.29296875,0
0.43359375,-13081.54296875,15425.29296875,14644.04296875,-12823.73046875,0
0.4375,-14550.29296875,-5938.96484375,10682.12890625,-9173.33984375,0
0.44140625,3191.40625,-9026.85546875,-5076.171875,-10775.87890625,0
0.4453125,-12792.48046875,15714.35546875,14433.10546875,-12409.66796875,0
0.44921875,-8174.31640625,-5314.94140625,5807.6171875,-5923.828125,0
0.453125,11198.73046875,6973.14453125,14934.08203125,7224.12109375,0
0.45703125,-13206.54296875,15464.35546875,14589.35546875,-12683.10546875,0
0.4609375,9197.75390625,-11940.4296875,6806.15234375,15198.73046875,0
0.46484375,13173.33984375,14971.19140625,-15100.09765625,-12803.22265625,0
0.46875,-13183.10546875,15636.23046875,14417.48046875,-12847.16796875,0
0.47265625,-15175.78125,-7689.94140625,5304.6875,-10174.31640625,0
0.4765625,7185.546875,14971.6796875,10865.72265625,13213.8671875,0
0.48046875,-12831.54296875,15683.10546875,13534.1796875,-12448.73046875,0
0.484375,-14802.24609375,-9064.94140625,-13324.21875,-10925.78125,0
0.48828125,-12839.84375,-5020.5078125,-9189.94140625,-2812.01171875,0
0.4921875,-13315.91796875,15690.91796875,12909.1796875,-12886.23046875,0
0.49609375,14448.2421875,-6064.94140625,14549.8046875,-13551.26953125,0
0.5,-10836.42578125,-3041.015625,-11201.66015625,-2817.3828125,0
0.50390625,-13354.98046875,15378.41796875,12729.4921875,-12956.54296875,0
0.5078125,11947.265625,-6439.453125,8548.33984375,-14800.78125,0
0.51171875,-4849.609375,-5036.1328125,2770.01953125,5190.91796875,0
0.515625,-13511.23046875,15292.48046875,12338.8671875,-12894.04296875,0
0.51953125,10322.265625,-9814.94140625,8423.33984375,-13300.78125,0
0.5234375,-840.33203125,-9038.0859375,-1225.5859375,-2807.6171875,0
0.52734375,-13347.16796875,15370.60546875,12346.6796875,-12862.79296875,0
0.53125,10072.75390625,-8440.4296875,5297.8515625,-14551.26953125,0
0.53515625,-6829.58984375,-13053.7109375,-13249.51171875,-4815.4296875,0
0.5390625,-13558.10546875,15425.29296875,12104.4921875,-13190.91796875,0
0.54296875,6697.265625,-6688.4765625,2171.38671875,11323.2421875,0
0.546875,-6827.1484375,2990.72265625,14762.20703125,-4812.01171875,0
0.55078125,-13206.54296875,15495.60546875,12338.8671875,-12917.48046875,0
0.5546875,13073.2421875,-8939.453125,2172.36328125,15823.73046875,0
0.55859375,-8834.47265625,-1031.73828125,8775.390625,5182.12890625,0
0.5625,-13558.10546875,15308.10546875,12252.9296875,-13120.60546875,0
0.56640625,8198.2421875,-11940.4296875,1172.8515625,15323.73046875,0
0.5703125,1185.546875,-13031.73828125,772.94921875,-12809.08203125,0
0.57421875,-12894.04296875,15597.16796875,12291.9921875,-12714.35546875,0
0.578125,-12550.29296875,-9066.40625,2797.8515625,-10675.29296875,0
0.58203125,-10812.01171875,-3046.875,8769.53125,-6818.84765625,0
0.5859375,-13175.29296875,15604.98046875,12252.9296875,-13003.41796875,0
0.58984375,10948.2421875,-7314.94140625,3922.8515625,-14050.78125,0
0.59375,11181.640625,-11030.2734375,-1223.6328125,-8802.734375,0
0.59765625,-13042.48046875,15433.10546875,12362.3046875,-12815.91796875,0
0.6015625,14073.2421875,-9190.4296875,7923.33984375,-13300.78125,0
0.60546875,-8816.89453125,-5048.33984375,-3233.88671875,-6811.03515625,0
0.609375,-13112.79296875,15409.66796875,12401.3671875,-12901.85546875,0
0.61328125,12199.21875,-6689.453125,5672.36328125,-15675.29296875,0
0.6171875,13208.984375,14962.40234375,14774.4140625,-12794.43359375,0
0.62109375,-13073.73046875,15347.16796875,12323.2421875,-13081.54296875,0
0.625,8822.75390625,-9065.4296875,6548.828125,12948.2421875,0
0.62890625,7173.33984375,-11056.640625,4776.3671875,-10823.2421875,0
0.6328125,-13019.04296875,15300.29296875,12487.3046875,-12972.16796875,0
0.63671875,-14176.26953125,-4189.453125,8923.33984375,-12425.29296875,0
0.640625,-6824.70703125,-7042.48046875,-13228.02734375,-10819.82421875,0
0.64453125,-13089.35546875,15206.54296875,12276.3671875,-13136.23046875,0
0.6484375,-12425.78125,-9939.94140625,5797.8515625,-12050.29296875,0
0.65234375,-8833.984375,-7045.8984375,-15237.79296875,13183.10546875,0
0.65625,-13347.16796875,15151.85546875,12182.6171875,-13206.54296875,0
0.66015625,9446.77734375,-14066.40625,422.36328125,10822.75390625,0
0.6640625,-10842.7734375,-11052.734375,-13232.91015625,-2825.1953125,0
0.66796875,-13136.23046875,15464.35546875,12299.8046875,-13034.66796875,0
0.671875,-15302.24609375,-4939.453125,8548.828125,-13176.26953125,0
0.67578125,5165.52734375,12967.28515625,10785.15625,-10814.453125,0
0.6796875,-13089.35546875,15479.98046875,12666.9921875,-12933.10546875,0
0.68359375,13947.75390625,-9815.4296875,9048.33984375,-15550.78125,0
0.6875,15166.50390625,12957.03125,-1212.40234375,11182.6171875,0
0.69140625,-13112.79296875,15370.60546875,12635.7421875,-12901.85546875,0
0.6953125,15197.75390625,-13192.3828125,7797.8515625,-13176.26953125,0
0.69921875,15157.2265625,-7065.91796875,2769.53125,9173.33984375,0
0.703125,-13339.35546875,15464.35546875,12416.9921875,-12979.98046875,0
0.70703125,11321.77734375,-8316.40625,5047.8515625,15697.75390625,0
0.7109375,-8860.3515625,-7054.6875,-3218.26171875,-10832.03125,0
0.71484375,-13675.29296875,15198.73046875,12510.7421875,-13308.10546875,0
0.71875,7822.265625,-13189.94140625,8298.828125,10823.2421875,0
0.72265625,-14845.703125,4959.9609375,12781.25,-14818.84765625,0
0.7265625,-13597.16796875,14870.60546875,12573.2421875,-13128.41796875,0
0.73046875,8197.265625,15185.05859375,13675.29296875,15198.73046875,0
0.734375,13155.76171875,12978.02734375,-13205.56640625,-816.40625,0
0.73828125,-13448.73046875,15690.91796875,12518.5546875,-13112.79296875,0
0.7421875,8571.77734375,-6814.94140625,8924.8046875,13823.2421875,0
0.74609375,7152.34375,4958.984375,-15185.546875,3179.19921875,0
0.75,-13706.54296875,15151.85546875,12799.8046875,-13261.23046875,0
0.75390625,7197.265625,-13315.4296875,8799.31640625,10448.73046875,0
0.7578125,15145.5078125,6945.80078125,14794.43359375,13173.828125,0
0.76171875,-13776.85546875,15112.79296875,12690.4296875,-13362.79296875,0
0.765625,570.3125,-15565.4296875,10299.8046875,10823.73046875,0
0.76953125,9137.6953125,10979.00390625,-11178.7109375,9198.2421875,0
0.7734375,-13878.41796875,15612.79296875,13120.1171875,-12886.23046875,0
0.77734375,819.82421875,-9690.4296875,15674.31640625,-15926.7578125,0
0.78125,-12885.7421875,12948.2421875,-1210.44921875,-12836.9140625,0
0.78515625,-14097.16796875,15128.41796875,12666.9921875,-13386.23046875,0
0.7890625,694.82421875,-10689.94140625,13175.29296875,13699.21875,0
0.79296875,-6880.859375,-13049.31640625,-7198.73046875,-12812.5,0
0.796875,-13808.10546875,15253.41796875,12596.6796875,-13112.79296875,0
0.80078125,3944.82421875,-9315.91796875,12425.78125,14698.2421875,0
0.8046875,1107.421875,2947.75390625,812.98828125,-4840.8203125,0
0.80859375,-14207.03125,15323.73046875,13073.2421875,-13659.66796875,0
0.8125,-54.6875,-10814.94140625,-15075.1953125,9072.75390625,0
0.81640625,1133.30078125,8959.9609375,-3188.96484375,-12827.63671875,0
0.8203125,-13651.85546875,15323.73046875,13112.3046875,-13089.35546875,0
0.82421875,1070.3125,-12190.4296875,11174.31640625,10822.265625,0
0.828125,5137.20703125,12952.1484375,-7176.26953125,11161.62109375,0
0.83203125,-13542.48046875,15112.79296875,13159.1796875,-13104.98046875,0
0.8359375,6445.80078125,-13692.3828125,-13948.2421875,15197.265625,0
0.83984375,-2853.515625,-13085.44921875,-9162.109375,15156.73828125,0
0.84375,-13808.10546875,14862.79296875,13284.1796875,-13487.79296875,0
0.84765625,5947.75390625,-13314.94140625,-10322.265625,12949.21875,0
0.8515625,-4848.14453125,4946.77734375,-11170.41015625,5164.0625,0
0.85546875,-13745.60546875,14854.98046875,13002.9296875,-13604.98046875,0
0.859375,5696.77734375,15934.08203125,-14073.2421875,7822.265625,0
0.86328125,-12833.984375,14939.94140625,14833.984375,-2824.21875,0
0.8671875,-13323.73046875,14745.60546875,13315.4296875,-13300.29296875,0
0.87109375,8322.75390625,10807.6171875,-8071.77734375,5822.265625,0
0.875,5175.78125,14931.15234375,2837.40234375,9166.9921875,0
0.87890625,-13144.04296875,15081.54296875,13518.5546875,-13284.66796875,0
0.8828125,13322.265625,-15942.87109375,-4697.75390625,12572.265625,0
0.88671875,-6843.75,-3075.1953125,-9169.43359375,-4845.21484375,0
0.890625,-13354.98046875,14925.29296875,13588.8671875,-13472.16796875,0
0.89453125,12197.75390625,14557.6171875,-4822.75390625,10572.75390625,0
0.8984375,-8826.66015625,12913.0859375,8854.4921875,-6823.2421875,0
0.90234375,-13144.04296875,14550.29296875,13932.6171875,-13214.35546875,0
0.90625,9697.265625,10807.12890625,-6322.75390625,5820.80078125,0
0.91015625,-14838.37890625,14907.71484375,-7150.87890625,-846.19140625,0
0.9140625,-13300.29296875,14573.73046875,13463.8671875,-13331.54296875,0
0.91796875,10822.265625,8180.6640625,-10072.265625,9821.77734375,0
0.921875,11167.48046875,10897.4609375,8846.19140625,-6832.03125,0
0.92578125,-13175.29296875,14495.60546875,13659.1796875,-13190.91796875,0
0.9296875,14698.73046875,6555.6640625,-5321.77734375,9571.77734375,0
0.93359375,5181.640625,-13108.88671875,4855.95703125,15154.78515625,0
0.9375,-13347.16796875,14308.10546875,13463.8671875,-13472.16796875,0
0.94140625,6072.265625,6681.15234375,-8322.265625,6446.77734375,0
0.9453125,5169.43359375,10894.53125,-7148.4375,1153.80859375,0
0.94921875,-13308.10546875,14292.48046875,13831.0546875,-13370.60546875,0
0.953125,12948.73046875,6181.15234375,-1197.265625,11573.2421875,0
0.95703125,-2809.5703125,-7099.12109375,-3166.9921875,7170.41015625,0
0.9609375,-13058.10546875,14253.41796875,13534.1796875,-13409.66796875,0
0.96484375,11197.265625,2053.7109375,-4446.77734375,7696.77734375,0
0.96875,-12832.51953125,-1138.671875,-7147.4609375,13147.94921875,0
0.97265625,-13339.35546875,13643.5546875,13424.8046875,-13894.04296875,0
0.9765625,8197.75390625,-9197.265625,-11448.2421875,696.2890625,0
0.98046875,15181.15234375,2841.796875,-11168.45703125,3145.99609375,0
0.984375,-13050.29296875,13299.8046875,13291.9921875,-13667.48046875,0
0.98828125,12698.73046875,-14324.70703125,-10447.75390625,6322.265625,0
0.9921875,13191.89453125,8789.55078125,-11157.2265625,-4828.125,0
0.99609375,-12909.66796875,12486.81640625,13401.3671875,-13308.10546875,0
1.0,15323.2421875,-7338.8671875,-10698.2421875,10572.75390625,0
1.00390625,13170.8984375,-11483.88671875,8829.58984375,-8837.40234375,0
1.0078125,-13026.85546875,8423.828125,13541.9921875,-13378.41796875,0
1.01171875,-11800.29296875,11158.203125,-5072.75390625,12697.75390625,0
1.015625,15192.87109375,-3486.81640625,14836.42578125,-12833.984375,0
1.01953125,-12815.91796875,8439.453125,13643.5546875,-13261.23046875,0
1.0234375,-12675.29296875,2401.3671875,-3197.265625,12447.75390625,0
1.02734375,7191.89453125,-13624.0234375,6837.890625,5166.015625,0
1.03125,-12933.10546875,5602.5390625,13627.9296875,-13073.73046875,0
1.03515625,-13175.78125,-12104.98046875,-5196.77734375,15948.73046875,0
1.0390625,-10819.82421875,-15689.94140625,10851.07421875,11174.31640625,0
1.04296875,-13144.04296875,4750.9765625,13471.6796875,-13448.73046875,0
1.046875,14949.21875,13019.53125,-9572.265625,8447.75390625,0
1.05078125,-8795.8984375,6322.75390625,-3137.6953125,-4811.03515625,0
1.0546875,-12800.29296875,5133.7890625,13698.2421875,-12979.98046875,0
1.05859375,-11049.8046875,-9228.515625,-6572.265625,15073.73046875,0
1.0625,5215.8203125,-7634.765625,2850.09765625,13191.89453125,0
1.06640625,-12456.54296875,6212.40234375,13737.3046875,-12886.23046875,0
1.0703125,15948.2421875,3398.92578125,-4447.265625,13947.75390625,0
1.07421875,13183.59375,-9589.35546875,14852.05078125,11161.1328125,0
1.078125,-13034.66796875,6946.77734375,13651.3671875,-13370.60546875,0
1.08203125,13322.75390625,12526.3671875,-8197.75390625,7321.2890625,0
1.0859375,-2828.61328125,6473.14453125,-3152.83203125,15156.25,0
1.08984375,-13237.79296875,8236.328125,13565.4296875,-13315.91796875,0
1.09375,13073.2421875,6283.203125,-7821.77734375,10072.75390625,0
1.09765625,-10812.01171875,10561.5234375,4871.58203125,5183.59375,0
1.1015625,-12917.48046875,9314.453125,13909.1796875,-12870.60546875,0
1.10546875,-15676.26953125,-8087.40234375,-5196.2890625,-13551.26953125,0
1.109375,3166.50390625,-9375.48828125,6854.00390625,-4824.21875,0
1.11328125,-13378.41796875,10502.44140625,13526.3671875,-13136.23046875,0
1.1171875,10072.265625,-14831.54296875,-5571.77734375,10696.77734375,0
1.12109375,-832.03125,-15296.38671875,8847.65625,5150.87890625,0
1.125,-13339.35546875,11635.25390625,13518.5546875,-13620.60546875,0
1.12890625,10948.2421875,-1578.61328125,-5821.2890625,7322.75390625,0
1.1328125,-6820.3125,-1232.91015625,-3141.11328125,-6832.03125,0
1.13671875,-13237.79296875,12581.0546875,13573.2421875,-13409.66796875,0
1.140625,13948.73046875,12551.26953125,-3821.2890625,11198.2421875,0
1.14453125,-4824.70703125,-7160.64453125,12857.91015625,5162.109375,0
1.1484375,-13269.04296875,13338.8671875,13745.1171875,-13440.91796875,0
1.15234375,13198.2421875,-5695.80078125,-2821.2890625,10072.265625,0
1.15625,-10815.4296875,10866.2109375,2855.46875,-4831.54296875,0
1.16015625,-12964.35546875,13995.60546875,13713.8671875,-13206.54296875,0
1.1640625,-13925.29296875,4806.15234375,-3571.2890625,12697.75390625,0
1.16796875,5190.4296875,-11090.8203125,8867.67578125,-2829.58984375,0
1.171875,-12979.98046875,14675.29296875,13901.3671875,-13323.73046875,0
1.17578125,11947.265625,11558.10546875,-6197.265625,8072.265625,0
1.1796875,-2829.58984375,-13051.7578125,14852.5390625,13165.52734375,0
1.18359375,-13222.16796875,15354.98046875,13612.3046875,-13464.35546875,0
1.1875,10947.265625,-6688.96484375,-5821.77734375,7822.75390625,0
1.19140625,15164.0625,-11010.25390625,12862.3046875,9168.9453125,0
1.1953125,-13440.91796875,15917.48046875,13674.8046875,-13456.54296875,0
1.19921875,8572.265625,-62.5,-10322.75390625,8447.265625,0
1.203125,-835.44921875,15019.53125,-7137.20703125,-12839.84375,0
1.20703125,-13495.60546875,-15589.84375,13737.3046875,-13511.23046875,0
1.2109375,9698.73046875,5314.453125,-2445.80078125,10448.73046875,0
1.21484375,11164.0625,-10956.0546875,-1143.5546875,9166.50390625,0
1.21875,-13620.60546875,-15496.09375,13526.3671875,-13644.04296875,0
1.22265625,9572.265625,10691.89453125,-7822.75390625,8197.265625,0
1.2265625,15150.390625,7068.84765625,-1145.01953125,7146.97265625,0
1.23046875,-13417.48046875,-15316.40625,13972.16796875,-13456.54296875,0
1.234375,14698.73046875,10441.40625,679.19921875,11947.75390625,0
1.23828125,11166.50390625,-915.52734375,857.91015625,-12838.8671875,0
1.2421875,-13550.29296875,-14753.90625,13612.3046875,-13573.73046875,0
1.24609375,6947.75390625,-12433.10546875,-6071.77734375,8573.2421875,0
1.25,3173.828125,15070.3125,-5144.53125,3178.22265625,0
1.25390625,-13136.23046875,-14488.28125,13862.3046875,-13253.41796875,0
1.2578125,-14426.26953125,-4181.640625,-696.2890625,13573.2421875,0
1.26171875,-6847.65625,-14926.26953125,6852.5390625,-841.30859375,0
1.265625,-13581.54296875,-15011.71875,13729.4921875,-13511.23046875,0
1.26953125,8822.265625,-12057.12890625,-4322.265625,8071.77734375,0
1.2734375,9162.109375,1091.30859375,-9140.625,-2833.49609375,0
1.27734375,-13198.73046875,-14371.09375,13956.0546875,-13261.23046875,0
1.28125,14573.73046875,-6181.15234375,-2070.80078125,12198.2421875,0
1.28515625,-10812.98828125,-8884.765625,869.140625,-2822.75390625,0
1.2890625,-13081.54296875,-14277.34375,14010.7421875,-13159.66796875,0
1.29296875,14073.73046875,-6681.640625,-320.80078125,12698.2421875,0
1.296875,13176.26953125,-890.625,866.2109375,-10821.2890625,0
1.30078125,-13253.41796875,-14472.65625,13674.8046875,-13269.04296875,0
1.3046875,15323.2421875,-7180.6640625,-1195.80078125,14448.73046875,0
1.30859375,-6838.37890625,-14904.78515625,-9139.16015625,-12833.984375,0
1.3125,-13386.23046875,-14566.40625,13909.1796875,-13401.85546875,0
1.31640625,10697.75390625,-8682.12890625,-4446.2890625,10072.75390625,0
1.3203125,-2832.51953125,11099.12109375,4869.140625,-6824.70703125,0
1.32421875,-13394.04296875,-14417.96875,13588.8671875,-13261.23046875,0
1.328125,13198.73046875,-7431.640625,-6696.2890625,12072.75390625,0
1.33203125,9170.41015625,7089.84375,4855.46875,-2832.51953125,0
1.3359375,-13261.23046875,-14496.09375,13752.9296875,-13300.29296875,0
1.33984375,11822.75390625,-7682.12890625,-2446.2890625,9447.265625,0
1.34375,-824.70703125,-14900.390625,-15140.625,-12835.44921875,0
1.34765625,-13073.73046875,-14246.09375,13839.35546875,-13292.48046875,0
1.3515625,14822.265625,-4057.6171875,2178.7109375,14572.75390625,0
1.35546875,5137.20703125,-926.7578125,824.21875,9132.8125,0
1.359375,-13706.54296875,-14527.34375,13534.1796875,-13769.04296875,0
1.36328125,5196.2890625,-9183.10546875,-3446.2890625,7072.265625,0
1.3671875,-2851.07421875,-12918.45703125,-5131.8359375,11163.0859375,0
1.37109375,-13433.10546875,-14667.96875,13807.6171875,-13370.60546875,0
1.375,11071.77734375,-12058.59375,-2071.77734375,8820.80078125,0
1.37890625,3152.34375,-10942.3828125,-13158.203125,-4855.95703125,0
1.3828125,-13292.48046875,-14753.90625,13761.23046875,-13401.85546875,0
1.38671875,8446.2890625,-10433.59375,179.19921875,9822.75390625,0
1.390625,-10860.3515625,-10934.08203125,-7133.30078125,3167.48046875,0
1.39453125,-13706.54296875,-14824.21875,13854.4921875,-13237.79296875,0
1.3984375,7321.2890625,-12558.10546875,-4822.75390625,13197.265625,0
1.40234375,3140.625,1064.94140625,-11154.296875,-12841.796875,0
1.40625,-13729.98046875,-15261.71875,13463.8671875,-13503.41796875,0
1.41015625,8822.265625,12566.40625,-6571.2890625,9947.75390625,0
1.4140625,5130.37109375,3077.1484375,10857.91015625,-6837.890625,0
1.41796875,-13979.98046875,-14667.96875,13690.4296875,-13487.79296875,0
1.421875,3071.2890625,-13183.59375,-5321.77734375,7822.75390625,0
1.42578125,-10867.1875,-4931.15234375,-13144.04296875,13163.0859375,0
1.4296875,-13815.91796875,-15011.71875,13776.3671875,-13292.48046875,0
1.43359375,10196.77734375,15691.40625,-1446.77734375,15447.265625,0
1.4375,-10867.67578125,-14930.17578125,-11150.87890625,-6847.65625,0
1.44140625,-13542.48046875,-14832.03125,13940.91796875,-13222.16796875,0
1.4453125,10196.77734375,-15183.59375,929.19921875,13697.75390625,0
1.44921875,11141.6015625,9055.17578125,6863.76953125,3152.34375,0
1.453125,-13589.35546875,-15238.28125,13698.2421875,-13479.98046875,0
1.45703125,9072.265625,15566.40625,-4570.80078125,8697.265625,0
1.4609375,3152.83203125,11061.03515625,866.69921875,15175.29296875,0
1.46484375,-13503.41796875,-15089.84375,13791.9921875,-13151.85546875,0
1.46875,7446.77734375,13439.94140625,-3321.2890625,13698.73046875,0
1.47265625,-8841.796875,-4951.171875,-9130.859375,-8819.3359375,0
1.4765625,-13511.23046875,-15027.34375,13870.1171875,-13167.48046875,0
1.48046875,5071.77734375,14565.91796875,-5321.2890625,10072.265625,0
1.484375,7149.4140625,11040.0390625,4875.0,-12835.44921875,0
1.48828125,-13573.73046875,-15511.71875,14104.98046875,-13284.66796875,0
1.4921875,7820.80078125,13190.91796875,1928.7109375,9321.2890625,0
1.49609375,-14864.74609375,1056.15234375,-13151.85546875,15144.04296875,0
1.5,-13964.35546875,-15207.03125,13424.8046875,-13761.23046875,0
1.50390625,195.80078125,12440.4296875,-5195.80078125,3446.77734375,0
1.5078125,-12854.4921875,15043.9453125,-9129.8828125,7164.0625,0
1.51171875,-13597.16796875,-15308.59375,13886.23046875,-13370.60546875,0
1.515625,4696.77734375,9439.94140625,54.6875,7697.265625,0
1.51953125,1145.01953125,-14954.1015625,-5130.859375,13149.90234375,0
1.5234375,-13761.23046875,-15355.46875,13933.10546875,-13714.35546875,0
1.52734375,5696.2890625,11189.94140625,804.19921875,8072.265625,0
1.53125,-8859.375,13049.8046875,6857.91015625,-12848.14453125,0
1.53515625,-13636.23046875,-15011.71875,13823.2421875,-13612.79296875,0
1.5390625,5946.2890625,8688.96484375,-820.80078125,4821.77734375,0
1.54296875,-6835.9375,9050.78125,-11135.25390625,7166.015625,0
1.546875,-13292.48046875,-15066.40625,13854.98046875,-13370.60546875,0
1.55078125,6195.3125,12813.96484375,178.7109375,5820.80078125,0
1.5546875,-2867.1875,-10967.7734375,853.515625,3135.7421875,0
1.55859375,-13706.54296875,-15308.59375,13831.0546875,-13761.23046875,0
1.5625,4071.77734375,8063.4765625,-3945.80078125,4822.265625,0
1.56640625,5156.25,-8965.33203125,8873.53515625,13165.52734375,0
1.5703125,-13542.48046875,-15378.90625,13924.8046875,-13534.66796875,0
1.57421875,6571.2890625,6313.96484375,-2947.265625,5446.2890625,0
1.578125,-14852.05078125,-6958.984375,8850.09765625,5139.6484375,0
1.58203125,-13550.29296875,-15535.15625,13682.6171875,-13769.04296875,0
1.5859375,9321.2890625,5564.453125,-5446.2890625,3820.80078125,0
1.58984375,-10869.140625,7041.50390625,12873.046875,-4856.93359375,0
1.59375,-13589.35546875,-15324.21875,14151.85546875,-13542.48046875,0
1.59765625,6570.80078125,8439.453125,1428.7109375,8196.77734375,0
1.6015625,-854.00390625,3031.73828125,14842.7734375,11148.92578125,0
1.60546875,-13612.79296875,-15535.15625,13666.9921875,-13550.29296875,0
1.609375,5070.80078125,7188.96484375,-821.2890625,7446.77734375,0
1.61328125,11150.390625,-8958.984375,-15131.8359375,7160.15625,0
1.6171875,-13120.60546875,-15277.34375,14245.60546875,-13112.79296875,0
1.62109375,11571.77734375,5437.98828125,3179.6875,10696.2890625,0
1.625,7142.08984375,-980.46875,2857.91015625,13137.6953125,0
1.62890625,-13925.29296875,-15777.34375,13495.1171875,-13909.66796875,0
1.6328125,1446.77734375,2688.4765625,-4820.80078125,2696.77734375,0
1.63671875,-12846.6796875,-8963.37890625,6869.140625,5149.90234375,0
1.640625,-13745.60546875,-15566.40625,13987.79296875,-13769.04296875,0
1.64453125,5071.2890625,3563.4765625,2554.6875,3820.80078125,0
1.6484375,11149.4140625,15020.99609375,-15130.37109375,-2862.3046875,0
1.65234375,-13409.66796875,-15738.28125,13956.54296875,-13698.73046875,0
1.65625,6571.77734375,2562.98828125,1055.17578125,3946.77734375,0
1.66015625,-14841.30859375,3020.01953125,-15110.83984375,-10831.54296875,0
1.6640625,-13558.10546875,-15667.96875,14104.4921875,-13472.16796875,0
1.66796875,5070.80078125,561.5234375,-2696.77734375,4195.3125,0
1.671875,11145.99609375,-2998.046875,10863.28125,-866.2109375,0
1.67578125,-13706.54296875,-15839.84375,13940.4296875,-13784.66796875,0
1.6796875,5697.265625,1437.5,-1195.3125,3445.80078125,0
1.68359375,5155.76171875,-15001.953125,14888.671875,13146.97265625,0
1.6875,-13511.23046875,15933.59375,14167.48046875,-13503.41796875,0
1.69140625,7445.80078125,3313.4765625,6430.6640625,10196.77734375,0
1.6953125,-4864.2578125,-4995.1171875,-3123.046875,-14869.140625,0
1.69921875,-13714.35546875,15792.48046875,13995.1171875,-13878.41796875,0
1.703125,8197.75390625,-2312.01171875,-819.82421875,5697.265625,0
1.70703125,-14837.40234375,2999.0234375,6905.76171875,13160.15625,0
1.7109375,-13347.16796875,-15980.95703125,14222.16796875,-13479.98046875,0
1.71484375,6195.80078125,-313.4765625,805.6640625,3320.3125,0
1.71875,-6833.0078125,987.79296875,14897.4609375,-14849.12109375,0
1.72265625,-13198.73046875,15534.66796875,14198.73046875,-13378.41796875,0
1.7265625,8946.77734375,-8188.96484375,1179.6875,5445.80078125,0
1.73046875,-8850.09765625,-3016.6015625,-3109.375,3139.16015625,0
1.734375,-13573.73046875,15651.85546875,14401.85546875,-13831.54296875,0
1.73828125,8072.265625,-8314.453125,7180.6640625,1820.80078125,0
1.7421875,-12847.65625,2980.95703125,-5111.81640625,-10866.2109375,0
1.74609375,-13612.79296875,15714.35546875,13940.4296875,-14042.48046875,0
1.75,9198.73046875,-5938.4765625,-1569.3359375,446.2890625,0
1.75390625,-8816.89453125,10981.4453125,-7102.5390625,-6854.98046875,0
1.7578125,-13479.98046875,15401.85546875,14112.3046875,-14089.84375,0
1.76171875,7695.80078125,-11315.91796875,-4072.265625,-430.17578125,0
1.765625,15125.0,-9041.9921875,4877.9296875,-4875.48828125,0
1.76953125,-13831.54296875,15198.73046875,14362.79296875,-13862.79296875,0
1.7734375,2445.3125,-15691.40625,4054.6875,319.82421875,0
1.77734375,9118.65234375,938.96484375,-13126.953125,-883.30078125,0
1.78125,-14042.48046875,15026.85546875,14019.04296875,-14253.90625,0
1.78515625,4946.77734375,-12941.40625,3305.17578125,-2805.17578125,0
1.7890625,-4845.21484375,14918.45703125,-9116.69921875,15126.953125,0
1.79296875,-13409.66796875,14675.29296875,14104.4921875,-14035.15625,0
1.796875,5195.3125,8179.6875,-2820.80078125,-5681.640625,0
1.80078125,-6854.00390625,14854.4921875,-15101.07421875,-2890.625,0
1.8046875,-13651.85546875,13448.2421875,14198.2421875,-14410.15625,0
1.80859375,4696.2890625,-10446.77734375,-570.80078125,-7932.12890625,0
1.8125,-2852.5390625,-15135.25390625,14870.60546875,-923.828125,0
1.81640625,-13714.35546875,13893.5546875,14034.1796875,-14878.90625,0
1.8203125,2445.80078125,-696.2890625,-1821.2890625,-15308.10546875,0
1.82421875,-854.4921875,-13137.20703125,4865.72265625,-2902.34375,0
1.828125,-13706.54296875,13807.6171875,14089.35546875,-14300.78125,0
1.83203125,6071.2890625,-8074.21875,7806.15234375,-930.6640625,0
1.8359375,1138.18359375,12802.24609375,-3099.609375,-4889.6484375,0
1.83984375,-13683.10546875,12721.6796875,14323.73046875,-14199.21875,0
1.84375,2946.2890625,10924.31640625,2305.17578125,-1304.6875,0
1.84765625,3147.4609375,-11206.0546875,12888.671875,9124.0234375,0
1.8515625,-13722.16796875,12745.1171875,14198.73046875,-14019.04296875,0
1.85546875,5821.77734375,9548.33984375,679.6875,69.3359375,0
1.859375,11150.390625,6773.4375,8876.953125,-12890.625,0
1.86328125,-13565.91796875,12565.4296875,14058.10546875,-14128.90625,0
1.8671875,8072.265625,12675.29296875,7305.6640625,-179.6875,0
1.87109375,-12843.75,14797.36328125,-3116.69921875,-8875.9765625,0
1.875,-13675.29296875,12721.6796875,14386.23046875,-14042.48046875,0
1.87890625,4696.77734375,12300.29296875,8806.15234375,2321.2890625,0
1.8828125,-2831.54296875,-5161.1328125,10896.484375,7142.08984375,0
1.88671875,-13386.23046875,13377.9296875,14323.73046875,-13808.10546875,0
1.890625,10197.75390625,-8946.77734375,6806.640625,4321.77734375,0
1.89453125,11145.99609375,-1141.11328125,-5109.375,-12854.98046875,0
1.8984375,-13995.60546875,13792.48046875,13995.60546875,-13839.35546875,0
1.90234375,820.3125,430.17578125,679.6875,3446.2890625,0
1.90625,-866.69921875,892.578125,-13108.88671875,15138.18359375,0
1.91015625,-13690.91796875,14612.79296875,14331.54296875,-13761.23046875,0
1.9140625,6821.2890625,15183.10546875,5930.6640625,8446.2890625,0
1.91796875,-8861.81640625,2926.7578125,-13118.1640625,-4867.67578125,0
1.921875,-13690.91796875,15065.91796875,13987.79296875,-13792.48046875,0
1.92578125,6321.2890625,-12439.94140625,2305.17578125,4571.2890625,0
1.9296875,-14856.4453125,-13033.203125,14881.8359375,13135.7421875,0
1.93359375,-13667.48046875,15308.10546875,14229.98046875,-13745.60546875,0
1.9375,8072.75390625,-7437.98828125,5680.17578125,8697.75390625,0
1.94140625,13148.92578125,-14998.53515625,-7117.67578125,13157.2265625,0
1.9453125,-13526.85546875,-15785.64453125,14190.91796875,-13425.29296875,0
1.94921875,5569.82421875,-1438.4765625,2555.17578125,7570.80078125,0
1.953125,-864.2578125,11005.37109375,10900.87890625,-14858.88671875,0
1.95703125,-13519.04296875,-15839.84375,14761.23046875,-13308.10546875,0
1.9609375,5319.82421875,2188.4765625,9805.17578125,11196.2890625,0
1.96484375,-14879.39453125,11021.97265625,12880.37109375,-12854.00390625,0
1.96875,-13956.54296875,-15878.90625,14057.6171875,-13823.73046875,0
1.97265625,4570.80078125,3563.96484375,-695.3125,3946.2890625,0
1.9765625,13122.55859375,7016.6015625,2886.23046875,-10870.1171875,0
1.98046875,-13917.48046875,-15550.78125,14206.54296875,-13933.10546875,0
1.984375,4195.80078125,10564.453125,1930.17578125,2571.2890625,0
1.98828125,-12862.79296875,15032.2265625,-13109.86328125,7152.83203125,0
1.9921875,-13808.59375,-15222.65625,14206.54296875,-13589.35546875,0
1.99609375,-1055.17578125,15065.4296875,2930.17578125,3570.80078125,0
2.0,1120.60546875,-6954.1015625,6890.13671875,13140.625,0
2.00390625,-13933.10546875,-15441.40625,14276.85546875,-13604.98046875,0
2.0078125,5446.2890625,9814.94140625,7181.15234375,8946.2890625,0
2.01171875,-8872.55859375,-14962.40234375,10882.32421875,-6871.58203125,0
2.015625,-13862.79296875,-15449.21875,13964.35546875,-13831.54296875,0
2.01953125,4696.2890625,7314.453125,430.6640625,2445.80078125,0
2.0234375,5146.97265625,-14948.73046875,2911.62109375,-6837.890625,0
2.02734375,-13628.41796875,-15011.71875,14589.35546875,-13261.23046875,0
2.03125,3945.3125,14065.4296875,4180.17578125,6695.80078125,0
2.03515625,-12869.62890625,1063.96484375,-15106.93359375,5137.20703125,0
2.0390625,-13855.46875,-14988.28125,14151.85546875,-13863.28125,0
2.04296875,-680.17578125,12815.4296875,2180.6640625,-1429.6875,0
2.046875,-4863.28125,5053.22265625,8892.578125,7142.08984375,0
2.05078125,-13722.16796875,-15121.09375,14276.85546875,-13745.60546875,0
2.0546875,3695.3125,11939.453125,1929.6875,2320.3125,0
2.05859375,-12871.58203125,7021.97265625,12891.11328125,-2863.76953125,0
2.0625,-13878.41796875,-15480.46875,14331.54296875,-13808.10546875,0
2.06640625,946.2890625,13566.40625,4180.6640625,3071.77734375,0
2.0703125,3144.53125,13058.59375,-9102.5390625,-8850.09765625,0
2.07421875,-13823.73046875,-15425.78125,14206.54296875,-13800.29296875,0
2.078125,3570.3125,9815.91796875,3305.17578125,6696.2890625,0
2.08203125,-14867.1875,9060.546875,12887.20703125,-8856.4453125,0
2.0859375,-13839.84375,-15175.78125,14222.16796875,-13659.66796875,0
2.08984375,-429.6875,9689.94140625,554.6875,3071.77734375,0
2.09375,13141.11328125,7051.26953125,-1097.16796875,1158.69140625,0
2.09765625,-13644.04296875,-15167.96875,14440.91796875,-13519.04296875,0
2.1015625,2695.80078125,12815.4296875,2429.6875,8071.77734375,0
2.10546875,-14845.703125,-10946.77734375,10888.18359375,-14838.37890625,0
2.109375,-13698.73046875,-15167.96875,14448.73046875,-13308.10546875,0
2.11328125,1445.80078125,7438.4765625,6805.6640625,6946.77734375,0
2.1171875,3129.39453125,5040.52734375,-9108.88671875,7147.94921875,0
2.12109375,-13948.73046875,-15191.40625,14112.79296875,-13800.29296875,0
2.125,2446.2890625,12690.4296875,5181.15234375,4571.77734375,0
2.12890625,9142.578125,-10962.890625,876.953125,-851.5625,0
2.1328125,-13628.41796875,-15316.40625,14065.91796875,-13620.60546875,0
2.13671875,3570.3125,10189.453125,3680.6640625,6696.77734375,0
2.140625,11124.0234375,-6960.9375,14891.6015625,11141.6015625,0
2.14453125,-14097.16796875,-15519.53125,14221.6796875,-13808.10546875,0
2.1484375,2570.80078125,6939.453125,-570.80078125,6696.77734375,0
2.15234375,-874.0234375,-12958.984375,895.5078125,-10848.6328125,0
2.15625,-14050.78125,-15582.03125,14472.16796875,-13612.79296875,0
2.16015625,-930.17578125,5689.453125,4054.6875,3696.2890625,0
2.1640625,9125.48828125,3034.1796875,-11114.2578125,13156.73828125,0
2.16796875,-13862.79296875,-15527.34375,14448.73046875,-13253.41796875,0
2.171875,943.84765625,6814.453125,7805.6640625,11320.80078125,0
2.17578125,-2899.4140625,-14961.42578125,10883.30078125,-2875.48828125,0
2.1796875,-14237.79296875,-15472.65625,14034.66796875,-13972.16796875,0
2.18359375,445.3125,7939.453125,3430.6640625,1695.3125,0
2.1875,15114.74609375,13027.83203125,876.46484375,-12872.55859375,0
2.19140625,-14332.03125,-15988.28125,13924.8046875,-13956.54296875,0
2.1953125,-2680.17578125,2564.94140625,-945.3125,1321.2890625,0
2.19921875,-12879.8828125,-6952.1484375,-11119.62890625,1148.4375,0
2.203125,-14128.90625,-15394.53125,14019.04296875,-13612.79296875,0
2.20703125,-4930.17578125,7189.453125,3056.15234375,4696.2890625,0
2.2109375,5121.09375,-959.9609375,-15093.75,-2848.14453125,0
2.21484375,-14097.16796875,-15566.40625,14409.66796875,-13667.48046875,0
2.21875,444.82421875,6064.453125,4305.17578125,4696.77734375,0
2.22265625,-4867.67578125,13050.29296875,-1106.4453125,13165.0390625,0
2.2265625,-13910.15625,-15300.78125,14261.23046875,-13339.35546875,0
2.23046875,-1305.17578125,9063.4765625,6806.640625,7945.80078125,0
2.234375,-10874.0234375,7009.765625,12912.59765625,15136.23046875,0
2.23828125,-13957.03125,-15753.90625,14519.04296875,-13675.29296875,0
2.2421875,-1055.17578125,5564.453125,8181.640625,6822.265625,0
2.24609375,-10875.9765625,-8979.00390625,889.16015625,1151.85546875,0
2.25,-14175.78125,-15933.59375,14089.35546875,-13698.73046875,0
2.25390625,-1804.6875,6689.453125,430.6640625,7572.265625,0
2.2578125,-8863.76953125,3024.4140625,2912.109375,-8840.8203125,0
2.26171875,-13847.16796875,-15714.84375,14628.41796875,-13401.85546875,0
2.265625,195.3125,2562.98828125,7806.15234375,8071.77734375,0
2.26953125,11138.671875,-976.5625,-9090.33203125,3154.296875,0
2.2734375,-13792.48046875,-15652.34375,14581.54296875,-13417.48046875,0
2.27734375,2445.80078125,4688.96484375,7056.640625,8447.265625,0
2.28125,11139.6484375,3027.83203125,2906.73828125,5155.76171875,0
2.28515625,-13776.85546875,-15785.15625,14511.23046875,-13581.54296875,0
2.2890625,2945.3125,562.98828125,9431.640625,9947.265625,0
2.29296875,5123.53515625,3012.6953125,-3091.30859375,-12866.69921875,0
2.296875,-14167.48046875,-15722.65625,14222.16796875,-13925.29296875,0
2.30078125,70.3125,5062.98828125,7682.12890625,8322.265625,0
2.3046875,15108.88671875,15000.9765625,-5095.703125,5133.30078125,0
2.30859375,-14253.90625,-15847.65625,14409.66796875,-14050.78125,0
2.3125,-2180.17578125,7939.453125,10182.12890625,-554.6875,0
2.31640625,5112.79296875,15015.625,8906.25,-862.3046875,0
2.3203125,-14097.16796875,-15792.96875,14472.16796875,-13729.98046875,0
2.32421875,1945.80078125,6938.4765625,8056.15234375,5696.2890625,0
2.328125,-4867.67578125,-14995.1171875,8886.71875,-8867.67578125,0
2.33203125,-14152.34375,-15917.96875,14245.60546875,-14026.85546875,0
2.3359375,-1804.6875,2312.98828125,8306.15234375,320.80078125,0
2.33984375,-8866.2109375,-4988.76953125,14899.90234375,1136.71875,0
2.34375,-13847.16796875,-15800.78125,14722.16796875,-13753.41796875,0
2.34765625,1695.3125,2937.98828125,12306.15234375,4070.80078125,0
2.3515625,1118.65234375,11015.13671875,-5106.4453125,-12866.2109375,0
2.35546875,-13901.85546875,-15722.65625,14448.73046875,-13683.10546875,0
2.359375,4695.3125,4937.98828125,11431.640625,9072.265625,0
2.36328125,13126.46484375,-6995.60546875,10901.85546875,11147.4609375,0
2.3671875,-13800.29296875,-15949.21875,14472.16796875,-13722.16796875,0
2.37109375,2696.2890625,1687.5,5806.640625,3821.2890625,0
2.375,-8847.16796875,998.046875,4911.62109375,-6853.515625,0
2.37890625,-13886.23046875,-15636.71875,14401.85546875,-13823.73046875,0
2.3828125,2445.80078125,9563.96484375,7305.6640625,1195.3125,0
2.38671875,-2873.046875,11013.18359375,10889.16015625,1112.79296875,0
2.390625,-13792.48046875,-15714.84375,14761.23046875,-14230.46875,0
2.39453125,3444.82421875,3562.5,13306.640625,-7558.10546875,0
2.3984375,5112.3046875,3012.20703125,14902.83203125,1050.78125,0
2.40234375,-13729.98046875,-15707.03125,14628.41796875,-15144.53125,0
2.40625,8820.3125,5688.4765625,11556.15234375,13187.98828125,0
2.41015625,-2880.859375,-6991.69921875,-13107.91015625,-1016.6015625,0
2.4140625,-14152.34375,-15785.15625,14097.16796875,15362.79296875,0
2.41796875,-1179.19921875,4562.98828125,3306.15234375,-10439.453125,0
2.421875,7140.625,13015.13671875,-5093.26171875,8971.19140625,0
2.42578125,-13722.16796875,-15613.28125,14519.04296875,15370.60546875,0
2.4296875,5446.2890625,6188.4765625,7805.6640625,-9439.94140625,0
2.43359375,-2846.19140625,11015.625,-5106.93359375,-9025.87890625,0
2.4375,-13479.98046875,-15769.53125,14394.04296875,15667.48046875,0
2.44140625,5945.80078125,2187.5,7806.640625,-7690.4296875,0
2.4453125,3127.9296875,-14991.2109375,-15101.07421875,-1034.66796875,0
2.44921875,-14089.84375,-15839.84375,14190.91796875,15589.35546875,0
2.453125,-2304.6875,1562.5,7057.12890625,-1562.01171875,0
2.45703125,-4865.234375,-8986.81640625,14914.55078125,-4998.046875,0
2.4609375,-14035.15625,-15746.09375,14573.73046875,15925.78125,0
2.46484375,-1180.17578125,3562.98828125,8556.15234375,2812.98828125,0
2.46875,-4870.60546875,-12992.1875,6899.90234375,-8989.2578125,0
2.47265625,-13854.98046875,-15957.03125,14409.66796875,-15957.51953125,0
2.4765625,1445.3125,437.98828125,6431.15234375,-937.98828125,0
2.48046875,15132.32421875,1006.34765625,-5095.703125,-9002.9296875,0
2.484375,-13769.04296875,-15839.84375,14534.66796875,-15824.21875,0
2.48828125,4820.3125,4062.98828125,8680.17578125,9565.4296875,0
2.4921875,-4885.25390625,-14993.1640625,14883.7890625,15039.0625,0
2.49609375,-14332.03125,-15847.65625,14386.23046875,-15769.53125,0
2.5,-4180.17578125,3062.5,4806.15234375,187.01171875,0
2.50390625,-867.1875,-983.3984375,12913.0859375,10980.95703125,0
2.5078125,-13651.85546875,-15652.34375,14604.98046875,15581.54296875,0
2.51171875,7071.2890625,5814.453125,9056.640625,-7314.453125,0
2.515625,9131.34765625,-4965.8203125,-5076.66015625,-3006.8359375,0
2.51953125,-13964.35546875,-15621.09375,14597.16796875,-15894.53125,0
2.5234375,5570.3125,10314.94140625,11557.6171875,8814.453125,0
2.52734375,-2890.625,11019.53125,-13090.8203125,15011.71875,0
2.53125,-14160.15625,-15769.53125,14456.54296875,-15714.84375,0
2.53515625,-5431.640625,6940.4296875,7432.12890625,3188.4765625,0
2.5390625,5067.87109375,11039.0625,-15081.54296875,1009.27734375,0
2.54296875,-15285.15625,-15730.46875,14472.16796875,15808.10546875,0
2.546875,6060.546875,10817.87109375,9057.12890625,-10193.359375,0
2.55078125,2957.51953125,1073.73046875,8913.57421875,4892.08984375,0
2.5546875,15269.04296875,-15113.28125,14448.73046875,14159.1796875,0
2.55859375,14932.12890625,-12807.6171875,8057.6171875,-2196.77734375,0
2.5625,4879.8828125,15085.9375,-9104.4921875,10829.1015625,0
2.56640625,14253.41796875,-14574.21875,14151.85546875,13612.3046875,0
2.5703125,6305.6640625,-12808.59375,8931.15234375,-1696.77734375,0
2.57421875,-11110.83984375,-12942.87109375,-1120.60546875,-11145.5078125,0
2.578125,14604.98046875,-14542.96875,14245.60546875,14269.04296875,0
2.58203125,14181.15234375,-2556.15234375,10806.640625,9430.17578125,0
2.5859375,-1077.1484375,7078.125,12877.9296875,10910.15625,0
2.58984375,14815.91796875,-15191.40625,13643.5546875,14808.10546875,0
2.59375,11558.59375,-8306.640625,-6071.77734375,9557.6171875,0
2.59765625,-15032.71484375,5073.2421875,-13147.4609375,6948.73046875,0
2.6015625,15487.79296875,-14276.85546875,13612.3046875,15401.85546875,0
2.60546875,15809.08203125,1069.82421875,-7197.265625,-13815.4296875,0
2.609375,-15038.0859375,5149.90234375,12847.16796875,-15033.69140625,0
2.61328125,15433.10546875,-12956.54296875,13948.2421875,15824.21875,0
2.6171875,-9189.453125,-10296.38671875,-11700.68359375,1562.5,0
2.62109375,-10995.60546875,5326.171875,-13160.15625,13028.80859375,0
2.625,-15871.09375,-9783.69140625,13487.3046875,-15378.90625,0
2.62890625,3938.4765625,8218.26171875,-14448.73046875,11565.4296875,0
2.6328125,-14977.05078125,-6446.77734375,-9183.59375,7055.6640625,0
2.63671875,-15972.65625,-6892.08984375,12620.1171875,-15417.96875,0
2.640625,3315.4296875,-13762.20703125,15053.22265625,11567.3828125,0
2.64453125,-14954.1015625,7829.58984375,-9116.2109375,7065.91796875,0
2.6484375,-15660.15625,-1875.48828125,14167.48046875,-15089.84375,0
2.65234375,4439.453125,-8751.953125,11562.5,15066.89453125,0
2.65625,9016.6015625,-2028.3203125,11082.51953125,-2934.08203125,0
2.66015625,-15886.71875,-398.92578125,-13909.66796875,-15175.78125,0
2.6640625,3438.4765625,-6376.953125,-412.109375,-14433.10546875,0
2.66796875,-8976.5625,-8025.87890625,-4354.00390625,-8934.08203125,0
2.671875,-15628.90625,-406.73828125,-1406.73828125,-14785.15625,0
2.67578125,8187.98828125,-6501.953125,-4752.44140625,-5182.6171875,0
2.6796875,-995.60546875,-8025.390625,-8024.90234375,-14933.10546875,0
2.68359375,-15605.46875,-406.73828125,-398.92578125,-14722.65625,0
2.6875,14813.4765625,-6501.953125,-6376.953125,-5682.6171875,0
2.69140625,-5000.48828125,-6025.87890625,-8025.87890625,1042.96875,0
2.6953125,-15543.45703125,-406.73828125,-406.73828125,-14972.65625,0
2.69921875,-187.98828125,-6501.953125,-6501.953125,11314.94140625,0
2.703125,15028.3203125,-8025.87890625,-6025.87890625,7072.75390625,0
2.70703125,15933.10546875,-406.73828125,-406.73828125,-15238.28125,0
2.7109375,-5688.4765625,-6501.953125,-6501.953125,10565.4296875,0
2.71484375,8969.23828125,-8025.87890625,-8025.87890625,3024.90234375,0
2.71875,15526.85546875,-406.73828125,-406.73828125,-15621.58203125,0
2.72265625,-12939.453125,-6501.953125,-6501.953125,-1686.03515625,0
2.7265625,-5038.0859375,-8025.87890625,-8025.87890625,-6975.5859375,0
2.73046875,15112.79296875,-406.73828125,-406.73828125,-15808.59375,0
2.734375,-7816.40625,-6501.953125,-6501.953125,8562.01171875,0
2.73828125,4908.69140625,-8025.87890625,-8025.87890625,-15031.25,0
2.7421875,14886.23046875,-406.73828125,-398.92578125,15597.65625,0
2.74609375,-7940.4296875,-6501.953125,-6501.953125,1813.4765625,0
2.75,8917.96875,-8025.87890625,-8025.87890625,8979.4921875,0
2.75390625,14784.66796875,-406.73828125,-398.92578125,15854.98046875,0
2.7578125,11432.12890625,-6501.953125,-6501.953125,-3313.96484375,0
2.76171875,-3092.28515625,-8025.87890625,-8025.87890625,-1018.5546875,0
2.765625,14815.91796875,-406.73828125,-406.73828125,15753.90625,0
2.76953125,-2192.87109375,-6501.953125,-6501.953125,9186.5234375,0
2.7734375,-3119.62890625,-8025.87890625,-8025.87890625,-11031.73828125,0
2.77734375,14745.60546875,-406.73828125,-406.73828125,15925.29296875,0
2.78125,8305.17578125,-6376.953125,-6501.953125,-5440.91796875,0
2.78515625,8936.03515625,-8025.87890625,-8025.390625,-4999.0234375,0
2.7890625,15065.91796875,-406.73828125,-406.73828125,-15753.90625,0
2.79296875,11681.640625,-6501.953125,-6501.953125,687.01171875,0
2.796875,923.33984375,-8025.87890625,-8025.87890625,11004.8828125,0
2.80078125,14628.41796875,-406.73828125,-406.73828125,-15957.03125,0
2.8046875,14561.5234375,-6501.953125,-6501.953125,5065.4296875,0
2.80859375,2940.4296875,-8025.87890625,-8025.390625,15010.25390625,0
2.8125,15440.91796875,-406.73828125,-398.92578125,-15292.96875,0
2.81640625,-7567.3828125,-6376.953125,-6501.953125,12687.98828125,0
2.8203125,982.421875,-8025.87890625,-8025.87890625,11062.98828125,0
2.82421875,15542.48046875,-406.73828125,-406.73828125,-15199.21875,0
2.828125,15560.05859375,-6501.953125,-6501.953125,7315.91796875,0
2.83203125,-7085.9375,-8025.87890625,-8025.87890625,-14990.72265625,0
2.8359375,14792.48046875,-406.73828125,-406.73828125,-15777.34375,0
2.83984375,-9190.91796875,-6501.953125,-6501.953125,15189.94140625,0
2.84375,-13010.7421875,-8025.87890625,-8025.87890625,-4921.38671875,0
2.84765625,-15746.09375,-406.73828125,-406.73828125,-14402.34375,0
2.8515625,7563.96484375,-6501.953125,-6501.953125,-5556.640625,0
2.85546875,-10986.81640625,-6025.87890625,-6025.87890625,-2917.96875,0
2.859375,15980.46875,-406.73828125,-406.73828125,-15136.71875,0
2.86328125,7067.87109375,-6501.953125,-6501.953125,-12303.7109375,0
2.8671875,-14950.68359375,-8025.87890625,-8025.87890625,-8887.20703125,0
2.87109375,-15503.90625,-406.73828125,-406.73828125,-14519.04296875,0
2.875,-8934.5703125,-6501.953125,-6501.953125,4943.84765625,0
2.87890625,-12994.140625,-8025.87890625,-8025.87890625,-2936.03515625,0
2.8828125,-15699.70703125,-406.73828125,-406.73828125,-14847.65625,0
2.88671875,-813.4765625,-6501.953125,-6501.953125,12689.453125,0
2.890625,2956.0546875,-8025.87890625,-8025.87890625,3009.27734375,0
2.89453125,15323.73046875,-406.73828125,-406.73828125,-15910.64453125,0
2.8984375,-14068.84765625,-6501.953125,-6501.953125,-4691.40625,0
2.90234375,8871.09375,-6032.2265625,-8025.87890625,8918.45703125,0
2.90625,13893.5546875,-305.17578125,-406.73828125,14659.1796875,0
2.91015625,-10200.1953125,10355.95703125,-6501.953125,-3698.2421875,0
2.9140625,14824.70703125,15497.55859375,-8025.87890625,10866.69921875,0
2.91796875,12909.1796875,-9166.50390625,-406.73828125,13612.3046875,0
2.921875,13672.8515625,-12415.0390625,-6501.953125,-9825.68359375,0
2.92578125,14751.953125,-12762.20703125,-8025.87890625,-11216.30859375,0
2.9296875,12307.12890625,-12839.35546875,-406.73828125,12510.7421875,0
2.93359375,-2328.61328125,-8046.875,-6501.953125,47.8515625,0
2.9375,-5293.9453125,13151.3671875,-8025.87890625,6728.02734375,0
2.94140625,10830.56640625,15502.9296875,-406.73828125,10877.44140625,0
2.9453125,13665.52734375,-9824.21875,-6501.953125,10665.52734375,0
2.94921875,-15384.27734375,6741.69921875,-8025.87890625,-15369.140625,0
2.953125,10182.12890625,11737.3046875,-406.73828125,10424.31640625,0
2.95703125,6911.62109375,11792.96875,-6501.953125,10287.109375,0
2.9609375,4538.0859375,8605.95703125,-8025.87890625,-3453.125,0
2.96484375,8783.203125,9095.703125,-406.73828125,8853.515625,0
2.96875,7032.71484375,7525.87890625,-6501.953125,8407.71484375,0
2.97265625,-13470.703125,324.21875,-8025.87890625,12527.83203125,0
2.9765625,9025.390625,6532.2265625,-406.73828125,8845.703125,0
2.98046875,-10215.33203125,10637.6953125,-6501.953125,15407.71484375,0
2.984375,-9397.94921875,6250.0,-8025.87890625,-13437.01171875,0
2.98828125,9447.265625,2320.80078125,-406.73828125,8822.265625,0
2.9921875,13662.109375,14637.6953125,-6501.953125,7910.15625,0
2.99609375,-7441.89453125,-15884.27734375,-8025.87890625,4501.46484375,0
3.0,9291.50390625,2250.0,-406.73828125,8572.265625,0
3.00390625,1786.62109375,15626.46484375,-6501.953125,-8091.796875,0
3.0078125,6500.9765625,12017.08984375,-8025.87890625,-5550.29296875,0
3.01171875,8587.890625,0.0,-406.73828125,7658.203125,0
3.015625,-2965.8203125,2000.0,-6501.953125,13030.2734375,0
3.01953125,12555.17578125,2000.0,-8025.87890625,-11514.16015625,0
3.0234375,9775.390625,0.0,-406.73828125,8580.078125,0
3.02734375,-4714.35546875,0.0,-6501.953125,8155.2734375,0
3.03125,12565.91796875,0.0,-6025.87890625,-13518.5546875,0
3.03515625,10236.328125,0.0,-406.73828125,8884.765625,0
3.0390625,-3842.28515625,0.0,-6501.953125,4403.80859375,0
3.04296875,-7397.94921875,0.0,-8025.87890625,6546.875,0
3.046875,10587.890625,15.625,-406.73828125,9509.765625,0
3.05078125,-3962.40234375,1.46484375,-6501.953125,9283.203125,0
3.0546875,12604.98046875,-11973.14453125,-8025.87890625,-1459.9609375,0
3.05859375,9783.203125,109.375,-406.73828125,8447.265625,0
3.0625,-8085.9375,10126.46484375,-6501.953125,3784.1796875,0
3.06640625,-3374.0234375,-7931.640625,-8025.390625,-1457.03125,0
3.0703125,8830.56640625,640.625,-406.73828125,7681.640625,0
3.07421875,5288.57421875,12130.37109375,-6501.953125,-12340.8203125,0
3.078125,14498.53515625,-3997.55859375,-8025.87890625,-13566.89453125,0
3.08203125,8846.19140625,1484.86328125,-406.73828125,7712.890625,0
3.0859375,3035.64453125,-1117.1875,-6376.953125,13656.25,0
3.08984375,-11457.51953125,2000.0,-8025.390625,-15526.3671875,0
3.09375,8283.203125,656.73828125,-406.73828125,7056.15234375,0
3.09765625,14534.66796875,3253.90625,-6501.953125,-4970.21484375,0
3.1015625,2533.69140625,-12000.0,-8025.87890625,2459.47265625,0
3.10546875,9103.515625,46.875,-406.73828125,7798.33984375,0
3.109375,9783.203125,250.48828125,-6501.953125,-14222.65625,0
3.11328125,10580.56640625,8002.9296875,-8025.87890625,12489.74609375,0
3.1171875,9541.015625,0.0,-406.73828125,8071.77734375,0
3.12109375,-11586.42578125,125.0,-6376.953125,-8093.26171875,0
3.125,-5387.6953125,0.0,-6025.390625,-5499.51171875,0
3.12890625,10212.890625,0.0,-406.73828125,8306.15234375,0
3.1328125,-13841.796875,0.0,-6501.953125,-7223.14453125,0
3.13671875,6671.38671875,0.0,-8027.34375,-1428.22265625,0
3.140625,10525.87890625,0.0,-336.42578125,8830.078125,0
3.14453125,-14958.0078125,0.0,-11128.90625,-13340.33203125,0
3.1484375,6660.64453125,0.0,-25.87890625,12553.7109375,0
3.15234375,11299.31640625,0.0,-391.11328125,9384.765625,0
3.15625,-13831.54296875,0.0,-6751.953125,-14714.84375,0
3.16015625,14675.29296875,0.0,-6025.87890625,-11453.61328125,0
3.1640625,11557.6171875,0.0,-406.73828125,9533.203125,0
3.16796875,169.43359375,0.0,-6501.953125,-838.8671875,0
3.171875,-15298.828125,0.0,-8025.87890625,4575.68359375,0
3.17578125,10807.12890625,0.0,-406.73828125,8853.515625,0
3.1796875,-3954.58984375,0.0,-6501.953125,-4837.40234375,0
3.18359375,-1333.49609375,0.0,-8025.87890625,-3443.84765625,0
3.1875,10088.37890625,0.0,-406.73828125,8330.078125,0
3.19140625,12291.9921875,0.0,-6376.953125,13409.66796875,0
3.1953125,-9369.62890625,0.0,-6025.87890625,515.13671875,0
3.19921875,9806.640625,0.0,-406.73828125,7806.15234375,1
3.203125,-10335.9375,0.0,-6501.953125,-10343.26171875,1
3.20703125,6614.74609375,0.0,-6025.87890625,4493.1640625,1
3.2109375,10087.890625,0.0,-406.73828125,7853.02734375,1
3.21484375,-9592.7734375,0.0,-6501.953125,-11725.09765625,1
3.21875,-1415.0390625,0.0,-12023.92578125,6442.3828125,1
3.22265625,8978.515625,0.0,-492.67578125,7032.71484375,1
3.2265625,4536.1328125,0.0,15872.0703125,4652.34375,1
3.23046875,10570.3125,0.0,-6035.64453125,-1562.01171875,1
3.234375,8939.453125,0.0,-1133.30078125,6633.7890625,1
3.23828125,1030.76171875,0.0,3242.67578125,-3727.5390625,1
3.2421875,14600.09765625,0.0,-14116.69921875,449.21875,1
3.24609375,9619.140625,0.0,-3250.9765625,7079.58984375,1
3.25,-11086.9140625,0.0,-1883.30078125,14779.296875,1
3.25390625,8618.65234375,0.0,5693.84765625,-5505.37109375,1
3.2578125,9494.140625,0.0,-6376.46484375,7399.90234375,1
3.26171875,-6967.28515625,0.0,6726.5625,-8975.09765625,1
3.265625,-7450.68359375,0.0,-10404.296875,-9589.35546875,1
3.26953125,10837.890625,0.0,-5955.078125,8353.02734375,1
3.2734375,-964.35546875,0.0,-1277.83203125,-8348.14453125,1
3.27734375,14607.421875,0.0,13466.796875,-7504.8828125,1
3.28125,9025.390625,0.0,-7205.078125,7110.83984375,1
3.28515625,12286.62109375,0.0,-15034.1796875,6152.34375,1
3.2890625,-13413.0859375,0.0,-10466.30859375,6437.5,1
3.29296875,8924.31640625,0.0,-8064.453125,6157.71484375,1
3.296875,3915.52734375,0.0,1221.19140625,-11721.19140625,1
3.30078125,-7398.4375,0.0,-6571.77734375,-15589.35546875,1
3.3046875,10721.19140625,0.0,-8346.19140625,7845.21484375,1
3.30859375,7037.59765625,0.0,-11909.66796875,-11225.5859375,1
3.3125,-5415.52734375,0.0,-8533.69140625,14394.04296875,1
3.31640625,8994.62890625,23.4375,-10932.6171875,6282.71484375,1
3.3203125,5664.55078125,0.0,-3166.015625,-6346.6796875,1
3.32421875,-3458.984375,-1977.05078125,-755.37109375,-3625.48828125,1
3.328125,8470.703125,23.4375,-12292.48046875,5891.6015625,1
3.33203125,8283.203125,0.0,6193.359375,-2352.05078125,1
3.3359375,2537.109375,6000.0,-10920.8984375,-1625.0,1
3.33984375,7525.390625,0.0,-14996.09375,5259.27734375,1
3.34375,5031.73828125,3375.48828125,14808.59375,5522.4609375,1
3.34765625,14492.67578125,6000.0,-3136.23046875,4322.75390625,1
3.3515625,8251.953125,31.25,-15636.71875,5493.1640625,1
3.35546875,4782.71484375,0.0,15690.91796875,-4477.05078125,1
3.359375,-15418.9453125,-7978.515625,-4957.51953125,414.55078125,1
3.36328125,7938.96484375,23.4375,-15362.79296875,5555.6640625,1
3.3671875,-340.8203125,0.0,-11551.7578125,-5099.609375,1
3.37109375,-7464.35546875,2001.953125,3134.27734375,-1605.95703125,1
3.375,8869.140625,0.0,-13386.23046875,6595.21484375,1
3.37890625,-15714.84375,6877.9296875,1198.2421875,13651.3671875,1
3.3828125,-7443.84765625,6000.0,7213.8671875,8430.17578125,1
3.38671875,8783.203125,0.0,-13987.79296875,6868.65234375,1
3.390625,-12216.30859375,1375.0,14198.73046875,-11224.609375,1
3.39453125,558.10546875,53.7109375,-883.7890625,-15583.0078125,1
3.3984375,10682.12890625,1710.9375,-12378.41796875,8744.140625,1
3.40234375,4541.9921875,7378.41796875,11821.77734375,11284.66796875,1
3.40625,8729.98046875,8052.734375,-14813.96484375,-9375.9765625,1
3.41015625,11064.94140625,23.4375,-13222.16796875,9853.515625,1
3.4140625,-12706.54296875,4000.0,-11425.29296875,-4337.40234375,1
3.41796875,-1281.25,2000.0,13180.6640625,6627.44140625,1
3.421875,11760.25390625,7.8125,-15105.95703125,10525.87890625,1
3.42578125,-5706.54296875,0.0,-3180.17578125,11414.55078125,1
3.4296875,12762.20703125,0.0,-2947.75390625,-15310.546875,1
3.43359375,12862.3046875,0.0,12494.62890625,11736.81640625,1
3.4375,8929.6875,0.0,2789.55078125,-9948.73046875,1
3.44140625,-7250.48828125,0.0,-3701.171875,-7310.546875,1
3.4453125,7290.52734375,0.0,0.0,6110.3515625,1
3.44921875,14276.3671875,0.0,3125.0,-9103.515625,1
3.453125,-1505.859375,3.90625,-16000.0,2435.546875,1
3.45703125,4710.9375,0.0,0.0,3578.125,1
3.4609375,-9990.234375,2256.8359375,0.0,7629.8828125,1
3.46484375,-15900.390625,-5911.62109375,0.0,-5994.140625,1
3.46875,992.1875,0.0,0.0,0.0,1
3.47265625,-1733.3984375,125.0,0.0,253.41796875,1
3.4765625,8356.93359375,8000.0,0.0,2126.953125,1
3.48046875,6212.40234375,0.0,0.0,2937.98828125,1
3.484375,9151.3671875,0.0,0.0,-5860.83984375,1
3.48828125,-5568.84765625,0.0,0.0,4232.421875,1
3.4921875,8150.390625,0.0,0.0,4883.7890625,1
3.49609375,4657.71484375,0.0,0.0,-7851.5625,1
3.5,-7354.00390625,0.0,0.0,6466.796875,1
3.50390625,11627.44140625,0.0,0.0,8251.953125,1
3.5078125,-7208.984375,0.0,0.0,7279.78515625,1
3.51171875,6755.859375,0.0,0.0,12582.03125,1
3.515625,12706.0546875,0.0,0.0,10361.81640625,1
3.51953125,9800.78125,0.0,0.0,7166.9921875,1
3.5234375,12773.4375,0.0,0.0,4631.34765625,1
3.52734375,12557.6171875,0.0,0.0,10939.94140625,1
3.53125,-15323.73046875,0.0,0.0,-4704.1015625,1
3.53515625,2849.12109375,0.0,0.0,4756.34765625,1
3.5390625,13378.41796875,0.0,0.0,12596.6796875,1
3.54296875,433.10546875,0.0,0.0,-3942.87109375,1
3.546875,856.93359375,5.859375,0.0,-9129.39453125,1
3.55078125,12963.8671875,0.0,0.0,13300.29296875,1
3.5546875,-4821.2890625,-13615.72265625,0.0,430.17578125,1
3.55859375,12801.26953125,2026.85546875,0.0,826.171875,1
3.5625,12643.5546875,0.0,0.0,13089.35546875,1
3.56640625,-11821.77734375,3750.0,0.0,681.640625,1
3.5703125,14866.2109375,57.12890625,0.0,-3083.984375,1
3.57421875,13471.6796875,4415.52734375,0.0,14222.16796875,1
3.578125,-12319.82421875,1144.04296875,0.0,2933.59375,1
3.58203125,-13182.6171875,-13803.7109375,0.0,-11124.0234375,1
3.5859375,12088.8671875,3797.8515625,0.0,13268.5546875,1
3.58984375,11049.8046875,-6733.3984375,0.0,-4822.265625,1
3.59375,-5208.0078125,-13880.859375,0.0,4844.7265625,1
3.59765625,12940.4296875,257.8125,0.0,13995.60546875,1
3.6015625,-4322.265625,0.48828125,0.0,11932.12890625,1
3.60546875,-3178.7109375,0.0,0.0,12896.484375,1
3.609375,13378.41796875,367.67578125,0.0,14284.66796875,1
3.61328125,6429.19921875,-5850.5859375,0.0,-10440.91796875,1
3.6171875,-5218.26171875,-3755.859375,0.0,-3139.16015625,1
3.62109375,12776.3671875,289.0625,0.0,13886.23046875,1
3.625,-6696.77734375,0.0,0.0,9308.59375,1
3.62890625,-5176.26953125,-4000.0,0.0,917.96875,1
3.6328125,12839.35546875,0.0,0.0,14300.29296875,1
3.63671875,4683.59375,0.0,0.0,-8937.5,1
3.640625,-1188.96484375,0.48828125,0.0,-9113.76953125,1
3.64453125,11854.4921875,23.4375,0.0,13190.4296875,1
3.6484375,9551.7578125,2.9296875,0.0,-2568.359375,1
3.65234375,4852.05078125,-9940.4296875,0.0,14940.91796875,1
3.65625,13792.48046875,0.0,0.0,14854.98046875,1
3.66015625,9058.10546875,0.48828125,0.0,-9561.5234375,1
3.6640625,-7047.36328125,10000.0,8000.0,-8953.125,1
3.66796875,-15621.09375,1219.23828125,54.6875,-14386.23046875,1
3.671875,-15687.5,-3120.1171875,-8118.1640625,2567.3828125,1
3.67578125,10978.02734375,-6000.0,-1913.57421875,-14939.94140625,1
3.6796875,-15668.45703125,132.8125,2133.30078125,-14277.34375,1
3.68359375,-5437.01171875,0.0,2134.765625,-13681.15234375,1
3.6875,9014.16015625,0.0,-9818.359375,11103.515625,1
3.69140625,15058.10546875,0.0,2437.98828125,-15457.03125,1
3.6953125,-12189.94140625,0.0,6008.7890625,15315.91796875,1
3.69921875,-3064.94140625,0.0,8148.4375,15030.2734375,1
3.703125,14589.35546875,0.0,2132.8125,-15558.59375,1
3.70703125,7557.6171875,0.0,-6996.58203125,5188.4765625,1
3.7109375,6955.078125,0.0,-1927.734375,-943.359375,1
3.71484375,15081.54296875,0.0,1882.8125,-15082.03125,1
3.71875,10683.59375,0.0,-6494.62890625,7690.4296875,1
3.72265625,10944.3359375,0.0,8102.5390625,3062.01171875,1
3.7265625,15167.96875,0.0,2062.98828125,-14636.71875,1
3.73046875,438.96484375,0.0,9759.765625,-804.6875,1
3.734375,-5017.578125,5.37109375,-5823.73046875,13086.42578125,1
3.73828125,15464.84375,0.0,3547.36328125,-14746.09375,1
3.7421875,1685.05859375,10138.671875,-1236.81640625,-3182.6171875,1
3.74609375,-9089.35546875,4350.09765625,-11775.87890625,7030.2734375,1
3.75,14870.60546875,6821.77734375,4344.7265625,-15261.71875,1
3.75390625,-12437.98828125,-15715.33203125,7144.53125,-13680.17578125,1
3.7578125,-11002.44140625,-1335.9375,306.640625,7116.2109375,1
3.76171875,15354.98046875,9689.94140625,3985.3515625,-14644.53125,1
3.765625,-5815.91796875,-6077.63671875,12520.5078125,-3182.12890625,1
3.76953125,-15062.5,-13267.08984375,6331.0546875,-2914.55078125,1
3.7734375,15175.29296875,11033.69140625,5375.9765625,-14542.96875,1
3.77734375,-9815.4296875,7416.015625,-9978.515625,-4931.15234375,1
3.78125,14948.2421875,-7543.9453125,8377.44140625,1090.8203125,1
3.78515625,15534.66796875,3508.30078125,6767.08984375,-14292.96875,1
3.7890625,-4941.89453125,11267.08984375,15524.90234375,-1056.640625,1
3.79296875,8905.2734375,-13773.92578125,-5630.37109375,7069.82421875,1
3.796875,15097.16796875,328.125,6321.77734375,-14613.28125,1
3.80078125,-14441.40625,0.0,5649.4140625,-12057.6171875,1
3.8046875,2970.703125,-8000.0,-9575.1953125,13107.91015625,1
3.80859375,15464.35546875,0.0,6524.90234375,-14308.10546875,1
3.8125,-5187.98828125,0.0,273.92578125,571.77734375,1
3.81640625,-3068.84765625,0.0,2362.79296875,5086.42578125,1
3.8203125,14675.78125,0.0,5665.52734375,-14909.66796875,1
3.82421875,3811.5234375,0.0,4397.94921875,4820.3125,1
3.828125,-9113.28125,0.0,6319.82421875,-6944.82421875,1
3.83203125,14136.23046875,0.0,5149.4140625,-15410.15625,1
3.8359375,10433.10546875,0.0,-9228.02734375,15191.89453125,1
3.83984375,4927.734375,0.0,-15636.71875,-8933.59375,1
3.84375,15354.98046875,0.0,6086.9140625,-14339.35546875,1
3.84765625,-3563.96484375,0.0,-1852.5390625,1444.82421875,1
3.8515625,4934.5703125,0.0,2379.39453125,1082.03125,1
3.85546875,14972.16796875,0.0,5711.9140625,-14746.09375,1
3.859375,-11066.40625,0.0,-4475.5859375,-7307.12890625,1
3.86328125,14944.3359375,0.0,-9583.49609375,13087.40234375,1
3.8671875,15222.16796875,0.0,6595.21484375,-14425.78125,1
3.87109375,-7440.91796875,0.0,10899.90234375,-2556.15234375,1
3.875,-3065.91796875,0.0,-1596.19140625,11099.12109375,1
3.87890625,15362.79296875,0.0,6993.65234375,-14417.96875,1
3.8828125,-13316.40625,0.0,11524.90234375,-14058.59375,1
3.88671875,2958.0078125,0.0,-11576.66015625,-4897.4609375,1
3.890625,15980.46875,0.0,7282.71484375,-13597.16796875,1
3.89453125,686.5234375,0.0,-14099.12109375,6695.3125,1
3.8984375,-13000.0,0.0,10423.828125,7126.953125,1
3.90234375,-15855.46875,0.0,7095.21484375,-13909.66796875,1
3.90625,6064.453125,0.0,-12346.19140625,4071.77734375,1
3.91015625,13024.90234375,0.0,10471.6796875,-10845.21484375,1
3.9140625,-15667.96875,0.0,7446.77734375,-13526.85546875,1
3.91796875,1812.98828125,0.0,-13221.6796875,3071.2890625,1
3.921875,-6928.22265625,0.0,-9495.1171875,-10798.33984375,1
3.92578125,-15363.76953125,0.0,7774.90234375,-13261.71875,1
3.9296875,-7312.98828125,0.0,-11469.7265625,-3179.19921875,1
3.93359375,9027.34375,0.0,4488.28125,-10828.61328125,1
3.9375,-15355.46875,0.0,7915.52734375,-13073.73046875,1
3.94140625,7812.01171875,0.0,-597.16796875,13696.2890625,1
3.9453125,15017.578125,0.0,4454.1015625,-12836.42578125,1
3.94921875,-15136.71875,0.0,8220.21484375,-12761.23046875,1
3.953125,8690.4296875,0.0,-2968.75,14199.70703125,1
3.95703125,-8940.91796875,0.0,10530.76171875,1198.2421875,1
3.9609375,-15292.96875,0.0,7853.02734375,-13097.16796875,1
3.96484375,11317.3828125,0.0,-8594.7265625,-14548.33984375,1
3.96875,15111.328125,0.0,-15506.8359375,-739.2578125,1
3.97265625,-14855.46875,0.0,7454.58984375,-12479.98046875,1
3.9765625,9813.4765625,0.0,-15723.6328125,14947.75390625,1
3.98046875,3027.83203125,0.0,8435.546875,15192.3828125,1
3.984375,-14988.28125,0.0,7345.21484375,-12394.04296875,1
3.98828125,-9307.12890625,0.0,-5971.19140625,-921.875,1
3.9921875,9062.5,0.0,6457.51953125,1236.328125,1
3.99609375,-15488.28125,0.0,7134.27734375,-12714.35546875,1
4.0,10691.89453125,0.0,-13096.6796875,-10547.8515625,0
4.00390625,7080.56640625,0.0,12444.3359375,7232.421875,0
4.0078125,-14949.21875,0.0,7142.08984375,-12636.23046875,0
4.01171875,8314.453125,0.0,-14972.65625,-13299.8046875,0
4.015625,11060.05859375,0.0,8461.9140625,-777.83203125,0
4.01953125,-15042.96875,0.0,7595.21484375,-12534.66796875,0
4.0234375,15317.3828125,0.0,-13597.16796875,-11924.8046875,0
4.02734375,13074.21875,0.0,8478.02734375,-14771.97265625,0
4.03125,-15230.46875,39.0625,7134.27734375,-12573.73046875,0
4.03515625,7063.96484375,0.0,15777.83203125,13198.73046875,0
4.0390625,-6944.82421875,10106.93359375,-9542.96875,-8786.1328125,0
4.04296875,-14722.65625,1406.25,7110.83984375,-12347.16796875,0
4.046875,-6806.640625,0.0,-12468.75,-1546.875,0
4.05078125,-14932.6171875,6001.46484375,8489.74609375,1209.47265625,0
4.0546875,-14871.09375,0.0,7532.71484375,-12752.9296875,0
4.05859375,-1804.19921875,0.0,-3218.75,1454.58984375,0
4.0625,-909.66796875,0.0,-7502.9296875,-10771.97265625,0
4.06640625,-15378.90625,0.0,7540.52734375,-13300.29296875,0
4.0703125,-13555.6640625,0.0,-4094.23828125,-14048.33984375,0
4.07421875,3084.47265625,0.0,4481.93359375,7208.49609375,0
4.078125,-14777.34375,0.0,7673.33984375,-12722.16796875,0
4.08203125,-2554.6875,0.0,-1844.23828125,-5923.33984375,0
4.0859375,-4875.48828125,0.0,14474.609375,5219.23828125,0
4.08984375,-14089.84375,0.0,7837.890625,-12495.60546875,0
4.09375,-1429.19921875,0.0,9409.66796875,-6672.36328125,0
4.09765625,3135.25390625,0.0,-7450.68359375,15251.953125,0
4.1015625,-14027.34375,0.0,8517.578125,-12175.29296875,0
4.10546875,-3305.6640625,0.0,13159.1796875,-3297.8515625,0
4.109375,-2882.32421875,0.0,10536.1328125,13226.07421875,0
4.11328125,-14167.48046875,0.0,8751.953125,-12323.2421875,0
4.1171875,12701.171875,0.0,-7960.9375,10958.49609375,0
4.12109375,-10767.08984375,0.0,657.71484375,-14650.390625,0
4.125,-12542.48046875,0.0,11049.31640625,-10612.3046875,0
4.12890625,-7171.38671875,0.0,-9955.56640625,-7539.0625,0
4.1328125,-14763.671875,0.0,-1314.453125,11346.6796875,0
4.13671875,-12847.16796875,0.0,10604.00390625,-10932.6171875,0
4.140625,-13298.828125,0.0,7292.48046875,-15417.48046875,0
4.14453125,9187.98828125,0.0,2686.03515625,13295.8984375,0
4.1484375,-13386.23046875,0.0,10596.19140625,-11581.0546875,0
4.15234375,14697.75390625,0.0,10290.0390625,8454.58984375,0
4.15625,-8847.65625,0.0,-11382.8125,1257.8125,0
4.16015625,-12854.98046875,0.0,10400.87890625,-11526.3671875,0
4.1640625,-11428.22265625,0.0,13164.55078125,9828.61328125,0
4.16796875,13134.765625,0.0,12604.4921875,-4747.55859375,0
4.171875,-13769.04296875,0.0,9752.44140625,-11995.1171875,0
4.17578125,14326.66015625,0.0,9419.43359375,10708.0078125,0
4.1796875,13206.0546875,0.0,-13320.3125,-6691.40625,0
4.18359375,-13073.73046875,0.0,10955.56640625,-11424.8046875,0
4.1875,-9921.38671875,0.0,-8328.125,14709.9609375,0
4.19140625,7314.453125,0.0,2852.5390625,9423.828125,0
4.1953125,-10182.12890625,0.0,14636.23046875,-8799.31640625,0
4.19921875,8090.33203125,0.0,14185.546875,-4403.3203125,0
4.203125,9404.78515625,0.0,6945.3125,3516.11328125,0
4.20703125,-10768.5546875,0.0,14222.16796875,-8807.12890625,0
4.2109375,-14415.52734375,0.0,5931.640625,-15534.1796875,0
4.21484375,9357.91015625,0.48828125,-11084.9609375,-4542.96875,0
4.21875,-10682.6171875,0.0,14628.41796875,-9088.37890625,0
4.22265625,-8790.52734375,1750.48828125,12183.59375,15215.8203125,0
4.2265625,-618.65234375,-15998.046875,4968.75,7491.2109375,0
4.23046875,-9158.69140625,23.4375,-15292.96875,-7556.640625,0
4.234375,-5404.78515625,1125.0,-7554.6875,-14898.92578125,0
4.23828125,-6436.5234375,86.9140625,7182.6171875,-12341.796875,0
4.2421875,-7025.390625,3648.92578125,-12956.54296875,-5571.77734375,0
4.24609375,6720.21484375,5625.9765625,7947.265625,227.05078125,0
4.25,7562.98828125,-1997.0703125,-10812.98828125,13661.62109375,0
4.25390625,-6861.328125,15.625,-12815.91796875,-5446.77734375,0
4.2578125,-6773.92578125,0.0,-3046.38671875,10604.4921875,0
4.26171875,7639.6484375,0.0,-8699.21875,-14293.45703125,0
4.265625,-5540.52734375,0.0,-10377.9296875,-4165.52734375,0
4.26953125,7602.05078125,0.0,-11795.8984375,-3268.5546875,0
4.2734375,-8400.390625,0.0,13234.86328125,11674.31640625,0
4.27734375,-7228.515625,0.0,-12667.48046875,-5923.828125,0
4.28125,4469.7265625,0.0,-10423.33984375,-8525.87890625,0
4.28515625,15488.76953125,0.0,9184.08203125,3562.98828125,0
4.2890625,-8400.87890625,0.0,-13292.48046875,-7056.640625,0
4.29296875,-7156.25,0.0,9947.265625,15098.6328125,0
4.296875,3480.95703125,0.0,-824.21875,-12437.5,0
4.30078125,-8877.44140625,101.5625,-13073.73046875,-7611.328125,0
4.3046875,-4780.2734375,1.953125,-11049.31640625,12099.609375,0
4.30859375,-14473.14453125,-11773.4375,3226.5625,3610.3515625,0
4.3125,-8385.25390625,5563.96484375,-12675.29296875,-7338.37890625,0
4.31640625,13588.37890625,11408.203125,9321.77734375,-1157.2265625,0
4.3203125,3425.29296875,-15304.6875,-8836.9140625,-8504.8828125,0
4.32421875,-9314.94140625,13073.73046875,-13542.48046875,-8174.31640625,0
4.328125,6336.9140625,935.05859375,3818.84765625,-7034.1796875,0
4.33203125,-8607.91015625,987.3046875,-12903.3203125,-14549.31640625,0
4.3359375,-10143.5546875,-15902.83203125,-14308.59375,-8893.06640625,0
4.33984375,12954.1015625,8428.7109375,13937.98828125,3458.49609375,0
4.34375,-4726.5625,14870.60546875,-15006.34765625,-14666.50390625,0
4.34765625,-11682.6171875,14183.10546875,15526.85546875,-10627.9296875,0
4.3515625,1450.68359375,-2311.5234375,-9816.89453125,-15296.38671875,0
4.35546875,5186.03515625,-3093.26171875,-13085.44921875,-12753.41796875,0
4.359375,-12901.85546875,12596.6796875,14573.73046875,-11878.41796875,0
4.36328125,14822.265625,5546.38671875,4429.6875,-3174.31640625,0
4.3671875,9156.25,-7231.93359375,10876.46484375,-12776.3671875,0
4.37109375,-13604.98046875,13714.35546875,14120.60546875,-12394.04296875,0
4.375,319.82421875,-15940.91796875,929.19921875,-10424.8046875,0
4.37890625,9136.71875,-13052.24609375,-3146.484375,-12789.0625,0
4.3828125,-13503.41796875,15808.59375,13534.66796875,-12136.23046875,0
4.38671875,5819.3359375,2565.91796875,56.15234375,-674.8046875,0
4.390625,15127.9296875,-6933.59375,8924.31640625,5208.984375,0
4.39453125,-13550.29296875,15276.3671875,14706.54296875,-12409.66796875,0
4.3984375,8320.80078125,-2580.078125,5179.6875,-6549.8046875,0
4.40234375,-14882.32421875,-15464.84375,-3128.90625,-2802.734375,0
4.40625,-13988.28125,7899.90234375,13870.1171875,-12776.85546875,0
4.41015625,-2806.640625,-100.5859375,-5447.75390625,14072.265625,0
4.4140625,-14902.34375,-9615.234375,-7158.69140625,-4844.23828125,0
4.41796875,-14316.40625,5977.5390625,13612.3046875,-13597.16796875,0
4.421875,-4931.640625,-7972.65625,-12324.70703125,9446.77734375,0
4.42578125,3091.796875,4574.21875,819.82421875,-14867.67578125,0
4.4296875,-14746.09375,12089.35546875,13096.6796875,-14113.28125,0
4.43359375,-15933.59375,5557.6171875,15924.8046875,-4556.15234375,0
4.4375,-2944.82421875,-14989.74609375,-15216.796875,9084.47265625,0
4.44140625,-14878.90625,-13456.0546875,12940.4296875,-14417.96875,0
4.4453125,-10308.10546875,4836.42578125,13924.31640625,-3681.640625,0
4.44921875,-10939.453125,9429.6875,787.109375,9083.984375,0
4.453125,-15121.09375,-9635.25390625,12354.4921875,-14550.78125,0
4.45703125,13564.94140625,11093.75,5547.8515625,-7932.6171875,0
4.4609375,-4964.35546875,-8462.40234375,14753.41796875,15065.91796875,0
4.46484375,-15378.90625,-9026.3671875,12213.8671875,-14746.09375,0
4.46875,11314.453125,-11672.36328125,295.8984375,-10683.10546875,0
4.47265625,-939.94140625,-2704.58984375,-11233.88671875,-10902.83203125,0
4.4765625,-14722.65625,-9260.25390625,12487.3046875,-14160.15625,0
4.48046875,13814.453125,-11160.64453125,6046.38671875,-9059.08203125,0
4.484375,15037.109375,-499.0234375,-15266.11328125,-14944.3359375,0
4.48828125,-15519.53125,-7275.390625,11627.44140625,-15019.53125,0
4.4921875,12189.94140625,-15529.78515625,-7205.078125,-9307.12890625,0
4.49609375,-953.125,-14544.43359375,-15256.8359375,-10919.43359375,0
4.5,-15238.28125,-8009.765625,12166.50390625,-14675.78125,0
4.50390625,9189.453125,10221.6796875,-704.1015625,-14309.08203125,0
4.5078125,-6966.30859375,-6387.6953125,-13264.16015625,7058.10546875,0
4.51171875,-15261.71875,-5541.015625,11783.69140625,-14558.59375,0
4.515625,5437.98828125,14838.8671875,-7455.56640625,-13684.5703125,0
4.51953125,-6943.359375,13301.26953125,12713.37890625,-14920.41015625,0
4.5234375,-14582.03125,-11713.8671875,11643.5546875,-14277.34375,0
4.52734375,-6182.6171875,13832.03125,2296.875,-1056.15234375,0
4.53125,11089.84375,-2630.859375,6747.55859375,5111.81640625,0
4.53515625,-14378.90625,-8986.81640625,11869.62890625,-14105.46875,0
4.5390625,9689.453125,-7779.78515625,-8454.58984375,-13057.6171875,0
4.54296875,-10933.59375,-14389.16015625,-1254.39453125,11105.95703125,0
4.546875,-15011.71875,-6126.953125,11674.31640625,-14386.71875,0
4.55078125,-14682.12890625,11466.30859375,-5454.58984375,-4929.19921875,0
4.5546875,-4887.20703125,-2607.91015625,733.88671875,3145.01953125,0
4.55859375,-14207.03125,-10331.0546875,12002.9296875,-13784.66796875,0
4.5625,-7058.10546875,-7418.9453125,4297.36328125,3694.82421875,0
4.56640625,-940.4296875,13286.1328125,14751.46484375,-8902.34375,0
4.5703125,-15136.71875,-11331.0546875,11963.37890625,-14613.28125,0
4.57421875,15565.91796875,951.66015625,-1328.61328125,-8056.640625,0
4.578125,-2939.453125,-762.20703125,14734.375,-14897.4609375,0
4.58203125,-14894.53125,-12636.23046875,11791.50390625,-14042.48046875,0
4.5859375,-11683.10546875,13695.80078125,-1204.1015625,69.3359375,0
4.58984375,-14927.24609375,11033.69140625,8737.3046875,3121.09375,0
4.59375,-14910.15625,15370.60546875,11799.31640625,-14113.28125,0
4.59765625,15440.91796875,12058.10546875,-5078.61328125,-7181.15234375,0
4.6015625,-6924.8046875,-9065.4296875,6752.9296875,9128.41796875,0
4.60546875,-14558.59375,14112.3046875,11924.8046875,-13909.66796875,0
4.609375,-1430.17578125,-14205.078125,2047.36328125,5321.2890625,0
4.61328125,13083.984375,4754.39453125,-1249.51171875,-2879.39453125,0
4.6171875,-14331.54296875,13940.91796875,11854.4921875,-13878.41796875,0
4.62109375,2069.3359375,-11937.98828125,2047.36328125,7570.80078125,0
4.625,13089.35546875,6977.05078125,-1255.37109375,7111.328125,0
4.62890625,-14542.96875,15464.35546875,12065.4296875,-14191.40625,0
4.6328125,-4055.17578125,2672.36328125,7423.33984375,-929.19921875,0
4.63671875,-12851.5625,2662.59765625,-9200.68359375,11166.015625,0
4.640625,-12784.1796875,8173.33984375,13401.85546875,-12581.0546875,0
4.64453125,3081.0546875,7022.4609375,2557.12890625,4331.0546875,0
4.6484375,-738.76953125,-15765.13671875,-13119.140625,-14740.234375,0
4.65234375,-12417.48046875,875.0,13925.29296875,-12370.60546875,0
4.65625,-2923.33984375,0.0,2803.7109375,-5298.33984375,0
4.66015625,-6784.66796875,-16000.0,4830.56640625,1218.75,0
4.6640625,-12698.73046875,0.0,13495.1171875,-12659.66796875,0
4.66796875,-15801.7578125,0.0,-5573.2421875,-14176.26953125,0
4.671875,13185.05859375,-9992.67578125,832.51953125,-12810.05859375,0
4.67578125,-13058.10546875,0.0,13581.0546875,-12972.16796875,0
4.6796875,14198.2421875,0.0,-10073.2421875,-15800.78125,0
4.68359375,-10840.33203125,0.0,4812.98828125,1165.0390625,0
4.6875,-13722.16796875,0.0,12807.6171875,-13675.29296875,0
4.69140625,3570.80078125,0.0,12299.31640625,4445.80078125,0
4.6953125,-6861.328125,0.0,2791.50390625,-2863.76953125,0
4.69921875,-13707.03125,0.0,12815.4296875,-13776.85546875,0
4.703125,-2055.6640625,0.0,11174.31640625,570.80078125,0
4.70703125,15118.1640625,0.0,2791.9921875,1128.41796875,0
4.7109375,-14933.59375,0.0,12182.12890625,-14777.34375,0
4.71484375,8188.4765625,0.0,-3078.125,12438.96484375,0
4.71875,1001.953125,0.0,8778.3203125,-12980.46875,0
4.72265625,15534.66796875,0.0,12119.62890625,15878.41796875,0
4.7265625,10306.15234375,0.0,-6579.58984375,-14692.3828125,0
4.73046875,2907.71484375,0.0,8725.5859375,-9071.2890625,0
4.734375,14175.29296875,0.0,11346.19140625,14511.23046875,0
4.73828125,3180.6640625,0.0,-10330.078125,7182.6171875,0
4.7421875,-1119.140625,0.0,-13289.55078125,2917.48046875,0
4.74609375,13886.23046875,0.0,10830.56640625,14409.66796875,0
4.75,1930.17578125,0.0,5664.55078125,9682.6171875,0
4.75390625,-3103.02734375,0.0,-7347.65625,924.8046875,0
4.7578125,14636.23046875,0.0,10713.37890625,15050.29296875,0
4.76171875,-14441.89453125,0.0,-15584.47265625,-8190.4296875,0
4.765625,6914.55078125,0.0,-1379.8828125,-3033.203125,0
4.76953125,15370.60546875,140.625,9962.890625,-15550.78125,0
4.7734375,-9440.4296875,7.8125,-3963.37890625,3687.5,0
4.77734375,8966.796875,404.296875,-11396.97265625,-14980.95703125,0
4.78125,15019.04296875,8229.00390625,9025.390625,15776.85546875,0
4.78515625,-14063.4765625,13930.6640625,-15460.9375,-1811.03515625,0
4.7890625,12952.63671875,997.55859375,12606.4453125,15000.9765625,0
4.79296875,15073.73046875,-12361.328125,8947.265625,-15980.46875,0
4.796875,-4438.4765625,7604.00390625,11785.64453125,8564.453125,0
4.80078125,-5041.9921875,-10302.734375,14599.12109375,-8986.81640625,0
4.8046875,15246.09375,-2547.36328125,11417.48046875,-15691.40625,0
4.80859375,10068.359375,-4251.953125,11566.40625,-5928.7109375,0
4.8125,1130.37109375,11971.6796875,9248.53515625,-12806.15234375,0
4.81640625,-14371.09375,-391.11328125,-10760.7421875,-13308.59375,0
4.8203125,15191.89453125,-6501.953125,-904.296875,-6555.6640625,0
4.82421875,11075.68359375,-6025.87890625,-10357.421875,15122.0703125,0
4.828125,-14605.46875,-406.73828125,-4735.3515625,-14011.71875,0
4.83203125,9938.96484375,-6376.953125,-5501.953125,-9557.12890625,0
4.8359375,5091.30859375,-8025.87890625,-27.34375,11158.203125,0
4.83984375,-14887.20703125,-406.73828125,-445.80078125,-13535.15625,0
4.84375,-14560.546875,-6501.953125,-6251.953125,6816.89453125,0
4.84765625,9114.74609375,-8025.87890625,-6025.87890625,-14827.1484375,0
4.8515625,-13065.4296875,-406.73828125,-406.73828125,-13621.09375,0
4.85546875,-4292.96875,-6501.953125,-6376.953125,-13064.453125,0
4.859375,-4685.05859375,-8025.87890625,-8025.87890625,1034.1796875,0
4.86328125,-12214.84375,-406.73828125,-398.92578125,-14207.03125,0
4.8671875,10310.05859375,-6501.953125,-6501.953125,10562.98828125,0
4.87109375,-6987.3046875,-8025.87890625,-8025.87890625,-921.875,0
4.875,-15137.20703125,-406.73828125,-406.73828125,-14082.03125,0
4.87890625,-15318.359375,-6376.953125,-6501.953125,4812.01171875,0
4.8828125,-8947.75390625,-8025.87890625,-8025.87890625,-6867.1875,0
4.88671875,-15199.21875,-406.73828125,-406.73828125,-13878.90625,0
4.890625,3187.01171875,-6501.953125,-6376.953125,-305.17578125,0
4.89453125,-15070.80078125,-8025.87890625,-8025.87890625,9058.59375,0
4.8984375,15206.54296875,-406.73828125,-406.73828125,-14722.65625,0
4.90234375,-15565.4296875,-6501.953125,-6376.953125,-15432.6171875,0
4.90625,8981.93359375,-8026.3671875,-8025.87890625,5100.5859375,0
4.91015625,14377.9296875,-406.73828125,-406.73828125,-15809.08203125,0
4.9140625,-5194.82421875,-6501.953125,-6501.953125,-9437.5,0
4.91796875,-9144.04296875,-8025.87890625,-8025.87890625,979.00390625,0
4.921875,13104.4921875,-406.73828125,-406.73828125,15050.29296875,0
4.92578125,4177.24609375,-6376.953125,-6501.953125,5060.05859375,0
4.9296875,14930.17578125,-8025.87890625,-8025.87890625,-6964.35546875,0
4.93359375,14534.1796875,-406.73828125,-398.92578125,-15996.58203125,0
4.9375,-15075.68359375,-6501.953125,-6501.953125,9805.6640625,0
4.94140625,-5154.78515625,-8025.87890625,-8025.87890625,-3066.40625,0
4.9453125,12174.8046875,-406.73828125,-406.73828125,13338.8671875,0
4.94921875,14550.78125,-6501.953125,-6501.953125,-4697.265625,0
4.953125,759.765625,-8025.87890625,-8025.87890625,10789.55078125,0
4.95703125,12283.69140625,-406.73828125,-406.73828125,12791.50390625,0
4.9609375,-7077.63671875,-6626.953125,-6501.953125,-826.171875,0
4.96484375,8752.44140625,-8025.87890625,-8025.87890625,-11217.7734375,0
4.96875,12143.06640625,-406.73828125,-406.73828125,12369.62890625,0
4.97265625,-5582.03125,-6501.953125,-6501.953125,-1457.51953125,0
4.9765625,4760.25390625,-8025.87890625,-8025.87890625,2736.328125,0
4.98046875,12104.00390625,-406.73828125,-406.73828125,12025.87890625,0
4.984375,7541.9921875,-6376.953125,-6501.953125,6416.015625,0
4.98828125,-3287.109375,13970.21484375,-10025.87890625,-11302.24609375,0
4.9921875,11096.19140625,-696.2890625,-406.73828125,10971.19140625,0
4.99609375,10414.55078125,-9.27734375,-6501.953125,5538.57421875,0
5.0,12614.2578125,-10086.9140625,-8025.87890625,6595.21484375,0
5.00390625,10103.515625,-625.48828125,-406.73828125,9673.828125,0
5.0078125,-2958.0078125,-5626.953125,-6501.953125,-11836.42578125,0
5.01171875,2658.69140625,11974.609375,-8025.87890625,-11382.32421875,0
5.015625,10096.19140625,-406.73828125,-406.73828125,9783.69140625,0
5.01953125,5412.59765625,-6501.953125,-6501.953125,4162.109375,0
5.0234375,8645.01953125,-8025.87890625,-8025.87890625,-11371.09375,0
5.02734375,9853.515625,-406.73828125,-406.73828125,9971.19140625,0
5.03125,-956.54296875,-6501.953125,-6501.953125,4667.96875,0
5.03515625,-13334.47265625,-8025.87890625,-8025.87890625,-5373.046875,0
5.0390625,10354.00390625,-406.73828125,-406.73828125,9814.94140625,0
5.04296875,8791.50390625,-6501.953125,-6501.953125,5165.0390625,0
5.046875,12678.7109375,-8025.87890625,-8025.87890625,-9366.69921875,0
5.05078125,10634.765625,-406.73828125,-406.73828125,10228.515625,0
5.0546875,-4709.47265625,-6501.953125,-6501.953125,-6460.9375,0
5.05859375,-9311.5234375,13977.05078125,-10025.87890625,661.1328125,0
5.0625,10580.56640625,-758.30078125,-406.73828125,10392.578125,0
5.06640625,4917.48046875,5864.2578125,-6501.953125,-1834.47265625,0
5.0703125,6708.984375,11770.01953125,-8025.87890625,14700.1953125,0
5.07421875,11682.12890625,-4228.02734375,-406.73828125,11455.56640625,0
5.078125,-1202.1484375,10726.5625,-6501.953125,-5828.61328125,0
5.08203125,-13191.89453125,-8444.82421875,-8025.87890625,6774.90234375,0
5.0859375,11627.44140625,-9901.85546875,-406.73828125,11369.62890625,0
5.08984375,-11200.68359375,15315.4296875,-6626.953125,-14452.1484375,0
5.09375,-13209.47265625,-15153.3203125,-2032.2265625,-9224.12109375,0
5.09765625,11666.9921875,12737.3046875,-586.42578125,11354.00390625,0
5.1015625,3798.33984375,-13951.66015625,-6501.953125,-1202.63671875,0
5.10546875,-5267.578125,4719.23828125,-12025.87890625,-3274.4140625,0
5.109375,11745.1171875,9986.81640625,-555.17578125,11752.9296875,0
5.11328125,7548.828125,-15943.84765625,11241.69921875,5672.36328125,0
5.1171875,8800.78125,14802.734375,-6088.37890625,-3217.28515625,0
5.12109375,12822.75390625,7548.33984375,-782.2265625,12635.25390625,0
5.125,-6328.125,2400.87890625,-2640.13671875,-11579.58984375,0
5.12890625,14867.67578125,4513.18359375,-4162.109375,6845.21484375,0
5.1328125,13346.6796875,4492.67578125,-821.2890625,12995.1171875,0
5.13671875,8169.43359375,2379.8828125,-8018.06640625,1418.45703125,0
5.140625,-9224.12109375,-3944.82421875,3760.7421875,-3239.74609375,0
5.14453125,12658.69140625,2914.0625,-4251.46484375,12424.31640625,0
5.1484375,-5324.70703125,-7367.67578125,-8894.04296875,-12953.125,0
5.15234375,14815.91796875,2286.1328125,-386.71875,-3225.09765625,0
5.15625,12245.1171875,3898.92578125,-8690.91796875,11479.00390625,0
5.16015625,11671.38671875,9010.7421875,-4804.6875,-5332.51953125,0
5.1640625,2762.6953125,8360.3515625,-4718.75,-7281.73828125,0
5.16796875,12752.9296875,7712.890625,-12074.21875,11736.81640625,0
5.171875,5049.8046875,8033.203125,-4556.640625,14169.43359375,0
5.17578125,8784.1796875,14510.7421875,13114.2578125,717.7734375,0
5.1796875,12002.44140625,9924.8046875,-14144.04296875,10775.87890625,0
5.18359375,-5201.171875,921.875,3068.359375,6794.921875,0
5.1875,10719.7265625,-9329.1015625,6947.75390625,4649.4140625,0
5.19140625,12026.3671875,11416.50390625,-15035.15625,10721.19140625,0
5.1953125,13796.38671875,-8323.2421875,-5055.17578125,-8458.984375,0
5.19921875,14780.2734375,4862.79296875,1055.6640625,-1302.734375,0
5.203125,11572.75390625,10854.00390625,-15237.79296875,10518.06640625,0
5.20703125,-6201.66015625,-4450.1953125,7188.4765625,12043.9453125,0
5.2109375,10771.484375,-1137.6953125,9063.4765625,691.89453125,0
5.21484375,12697.75390625,12463.37890625,-12644.53125,11611.81640625,0
5.21875,-8329.1015625,4916.9921875,-14182.12890625,7291.9921875,0
5.22265625,-3222.16796875,12747.55859375,11225.5859375,14712.890625,0
5.2265625,11643.5546875,11564.94140625,-14863.28125,10908.69140625,0
5.23046875,1923.828125,9666.50390625,-11797.8515625,-12206.0546875,0
5.234375,4866.69921875,6639.6484375,-2735.83984375,-7221.19140625,0
5.23828125,14354.4921875,10759.765625,-11502.9296875,12900.87890625,0
5.2421875,-10696.2890625,-4466.796875,8079.58984375,-201.66015625,0
5.24609375,905.76171875,-15465.33203125,15269.04296875,-15176.7578125,0
5.25,13799.8046875,7087.40234375,-11706.0546875,12408.69140625,0
5.25390625,9426.7578125,7779.78515625,8581.0546875,-10452.63671875,0
5.2578125,-15195.3125,14450.68359375,5264.6484375,4731.93359375,0
5.26171875,12791.9921875,6767.08984375,-12644.04296875,11604.00390625,0
5.265625,-15448.73046875,11777.83203125,11079.1015625,-1577.63671875,0
5.26953125,8819.82421875,12375.0,-12745.60546875,6754.8828125,0
5.2734375,12885.7421875,4383.7890625,-13870.60546875,11502.9296875,0
5.27734375,-1942.87109375,11778.3203125,13580.56640625,6552.734375,0
5.28125,-7056.15234375,-5567.3828125,15357.421875,-9130.859375,0
5.28515625,14909.66796875,5547.8515625,-10956.0546875,13604.4921875,0
5.2890625,-12562.98828125,9888.18359375,5082.03125,-941.89453125,0
5.29296875,-10938.96484375,-15715.8203125,-8622.55859375,990.234375,0
5.296875,-15238.28125,4266.11328125,-11159.1796875,15394.04296875,0
5.30078125,4311.03515625,-8486.328125,-14300.29296875,15305.17578125,0
5.3046875,-13090.8203125,-15829.1015625,-845.21484375,-3188.4765625,0
5.30859375,15644.53125,3985.3515625,-10979.98046875,14292.48046875,0
5.3125,-12437.01171875,-1355.95703125,-183.10546875,-4193.359375,0
5.31640625,4923.828125,-9801.7578125,-13025.87890625,4841.796875,0
5.3203125,14159.66796875,3266.6015625,13815.4296875,13011.23046875,0
5.32421875,-5812.01171875,-11604.98046875,-322.75390625,2057.6171875,0
5.328125,-7044.43359375,-13735.3515625,-7154.296875,6872.0703125,0
5.33203125,15808.10546875,4211.9140625,14018.5546875,14519.04296875,0
5.3359375,-2311.5234375,11524.90234375,-13327.63671875,11807.6171875,0
5.33984375,15016.11328125,12410.15625,14699.21875,-3071.2890625,0
5.34375,14495.60546875,5204.1015625,11392.578125,13393.5546875,0
5.34765625,7305.6640625,-15230.95703125,-3966.30859375,-15324.70703125,0
5.3515625,-5093.75,-1672.36328125,-15289.0625,-3157.71484375,0
5.35546875,14206.0546875,3086.9140625,10509.765625,13127.9296875,0
5.359375,-9819.3359375,5652.83203125,7660.15625,1175.78125,0
5.36328125,10810.05859375,4310.05859375,-13380.37109375,-9254.39453125,0
5.3671875,14088.8671875,6970.21484375,10259.765625,12987.3046875,0
5.37109375,-2453.125,9146.484375,14652.83203125,14667.48046875,0
5.375,2888.671875,-9480.46875,-9371.58203125,4807.6171875,0
5.37890625,14526.3671875,7978.02734375,11298.828125,13471.6796875,0
5.3828125,-12072.75390625,-15850.5859375,-10217.28515625,2172.8515625,0
5.38671875,-7122.55859375,4471.6796875,357.91015625,10804.6875,0
5.390625,14940.4296875,8298.33984375,4985.3515625,13932.6171875,0
5.39453125,-696.77734375,12904.78515625,-15233.3984375,-12700.68359375,0
5.3984375,-9066.40625,-7444.3359375,8273.92578125,14854.98046875,0
5.40234375,13948.73046875,7407.71484375,3828.61328125,12768.5546875,0
5.40625,2678.22265625,10278.80859375,-11735.3515625,-14951.171875,0
5.41015625,4846.19140625,10475.09765625,-11858.3984375,-13250.9765625,0
5.4140625,13901.3671875,7384.27734375,2649.4140625,12205.56640625,0
5.41796875,15676.7578125,5523.4375,11890.625,-5328.61328125,0
5.421875,14853.02734375,14379.39453125,4173.828125,14743.65234375,0
5.42578125,13643.5546875,6001.46484375,3414.55078125,12182.12890625,0
5.4296875,671.38671875,3402.83203125,-7104.00390625,-14458.0078125,0
5.43359375,-13181.640625,2404.296875,-3706.54296875,2742.1875,0
5.4375,12862.3046875,6110.3515625,4258.7890625,11689.94140625,0
5.44140625,9549.31640625,-5105.95703125,-7985.83984375,-14832.03125,0
5.4453125,-11145.99609375,6375.9765625,-15776.3671875,-7233.88671875,0
5.44921875,12690.4296875,6165.0390625,2016.11328125,11549.31640625,0
5.453125,1296.875,-12731.93359375,6135.25390625,-15707.51953125,0
5.45703125,-1203.61328125,-1593.26171875,-1954.58984375,12708.49609375,0
5.4609375,13166.9921875,6899.90234375,140.625,11893.06640625,0
5.46484375,6545.41015625,14769.53125,1500.0,-10083.49609375,0
5.46875,-3147.94921875,12377.9296875,4000.0,2772.94921875,0
5.47265625,14081.0546875,8040.52734375,0.0,12635.7421875,0
5.4765625,-7071.2890625,7522.94921875,0.0,2049.31640625,0
5.48046875,2823.2421875,8353.515625,0.0,10760.7421875,0
5.484375,13096.6796875,4289.55078125,0.0,11963.37890625,0
5.48828125,10924.31640625,-2863.76953125,0.0,-9706.0546875,0
5.4921875,12824.21875,6149.4140625,0.0,-9238.28125,0
5.49609375,13291.9921875,3461.9140625,0.0,12338.8671875,0
5.5,-6071.2890625,7145.99609375,0.0,6923.828125,0
5.50390625,784.1796875,-7733.88671875,0.0,8720.703125,0
5.5078125,12823.2421875,3844.7265625,0.0,11815.4296875,0
5.51171875,-8074.70703125,-8099.12109375,0.0,7921.875,0
5.515625,6781.73828125,-3609.86328125,0.0,6728.515625,0
5.51953125,12245.1171875,5767.08984375,0.0,11346.19140625,0
5.5234375,4297.36328125,5776.3671875,0.0,-13205.56640625,0
5.52734375,-9251.953125,-9592.7734375,0.0,709.9609375,0
5.53125,12033.69140625,6548.33984375,0.0,11244.62890625,0
5.53515625,-8581.0546875,-10596.19140625,0.0,6415.52734375,0
5.5390625,-5293.9453125,6365.234375,0.0,12658.69140625,0
5.54296875,11401.3671875,7376.46484375,0.0,10627.44140625,0
5.546875,1671.38671875,-10222.65625,0.0,-6580.56640625,0
5.55078125,8690.91796875,-15452.63671875,0.0,648.92578125,0
5.5546875,12682.6171875,8947.265625,0.0,12034.1796875,0
5.55859375,-6951.171875,-13215.33203125,0.0,14794.921875,0
5.5625,12758.7890625,-3513.18359375,0.0,-1295.41015625,0
5.56640625,12057.6171875,7931.640625,0.0,11338.37890625,0
5.5703125,9925.78125,8035.64453125,0.0,-5328.61328125,0
5.57421875,10746.58203125,-1456.0546875,0.0,-9308.10546875,0
5.578125,11838.8671875,7220.21484375,0.0,11197.75390625,0
5.58203125,170.41015625,-12594.23828125,0.0,-6455.56640625,0
5.5859375,-1310.05859375,6434.5703125,0.0,12665.52734375,0
5.58984375,11627.9296875,6704.58984375,0.0,11236.81640625,0
5.59375,4043.9453125,-6471.6796875,0.0,-1456.54296875,0
5.59765625,-3291.50390625,-9553.22265625,0.0,-13285.64453125,0
5.6015625,11846.19140625,6970.21484375,0.0,11557.12890625,0
5.60546875,-8582.03125,-14844.7265625,0.0,-11581.0546875,0
5.609375,-13230.46875,-15528.80859375,0.0,8750.48828125,0
5.61328125,12611.81640625,6853.02734375,0.0,12393.06640625,0
5.6171875,-5203.61328125,14150.87890625,0.0,-3704.58984375,0
5.62109375,6789.55078125,-3569.82421875,0.0,-1240.72265625,0
5.625,13424.8046875,6938.96484375,0.0,12971.6796875,0
5.62890625,-15705.078125,3520.99609375,0.0,14793.9453125,0
5.6328125,12903.3203125,10463.8671875,0.0,-15126.46484375,0
5.63671875,-15957.51953125,7540.0390625,0.0,15675.29296875,0
5.640625,14801.7578125,9762.6953125,0.0,-14821.2890625,0
5.64453125,12649.90234375,-9760.7421875,0.0,4638.18359375,0
5.6484375,11916.50390625,6086.42578125,0.0,11283.203125,0
5.65234375,1913.0859375,7628.41796875,0.0,-5087.40234375,0
5.65625,12670.8984375,-11609.86328125,0.0,646.97265625,0
5.66015625,6711.9140625,11160.64453125,0.0,6133.7890625,0
5.6640625,-1848.14453125,15477.5390625,0.0,-14726.5625,0
5.66796875,-11584.9609375,-12136.23046875,0.0,4356.93359375,0
5.671875,5891.6015625,-2118.1640625,0.0,4422.8515625,0
5.67578125,-1602.05078125,-881.34765625,0.0,12145.01953125,0
5.6796875,510.25390625,11944.82421875,0.0,-3590.8203125,0
5.68359375,10541.015625,-359.86328125,0.0,7782.2265625,0
5.6875,-10460.9375,-7751.953125,0.0,-1726.07421875,0
5.69140625,14725.09765625,-6051.26953125,0.0,-3509.765625,0
5.6953125,12541.9921875,-3212.890625,0.0,8282.71484375,0
5.69921875,2796.38671875,15099.12109375,0.0,-8721.6796875,0
5.703125,8818.359375,-4095.21484375,0.0,-7444.3359375,0
5.70703125,12916.9921875,-211.42578125,0.0,8697.265625,0
5.7109375,14550.29296875,-9001.953125,0.0,11659.1796875,0
5.71484375,-13131.8359375,-4025.390625,0.0,-5402.34375,0
5.71875,-15167.96875,-398.92578125,0.0,12143.06640625,0
5.72265625,3804.6875,-6501.953125,0.0,-3085.44921875,0
5.7265625,848.14453125,-8025.87890625,0.0,-3360.83984375,0
5.73046875,13440.4296875,-406.73828125,0.0,10557.12890625,0
5.734375,-4069.3359375,-6376.953125,0.0,-15578.61328125,0
5.73828125,2944.82421875,13979.4921875,0.0,6828.125,0
5.7421875,-15879.39453125,-790.0390625,0.0,14354.98046875,0
5.74609375,-1315.91796875,-2133.30078125,0.0,8930.6640625,0
5.75,2922.36328125,1914.55078125,0.0,-1114.74609375,0
5.75390625,15019.04296875,-2493.65234375,0.0,14479.98046875,0
5.7578125,-8191.89453125,-15523.92578125,0.0,-12817.87109375,0
5.76171875,-1023.92578125,-10389.6484375,0.0,-1030.2734375,0
5.765625,-15097.65625,-5634.27734375,0.0,-14511.71875,0
5.76953125,56.15234375,-13146.484375,0.0,11809.5703125,0
5.7734375,-5134.27734375,-6463.8671875,0.0,6937.98828125,0
5.77734375,13870.60546875,-10401.85546875,0.0,15050.29296875,0
5.78125,12436.03515625,-10554.6875,0.0,-4184.5703125,0
5.78515625,-7047.36328125,15069.3359375,0.48828125,15048.33984375,0
5.7890625,14667.48046875,-15723.14453125,0.0,-15746.09375,0
5.79296875,-11563.96484375,10552.734375,2375.48828125,11942.3828125,0
5.796875,2992.67578125,-15145.99609375,-3939.94140625,11108.3984375,0
5.80078125,15995.60546875,13643.5546875,2453.61328125,-14183.59375,0
5.8046875,15055.6640625,10668.9453125,3130.37109375,14689.453125,0
5.80859375,14960.44921875,697.75390625,8149.90234375,5094.7265625,0
5.8125,15870.60546875,10548.828125,3320.80078125,-14089.35546875,0
5.81640625,-1564.453125,-8964.84375,-12737.3046875,1569.82421875,0
5.8203125,-3079.58984375,-15513.18359375,-3792.96875,-10952.63671875,0
5.82421875,14690.91796875,6555.6640625,3055.17578125,-15527.34375,0
5.828125,-3055.6640625,9262.6953125,-11358.3984375,-7548.828125,0
5.83203125,-12981.93359375,4165.0390625,-11747.0703125,-12841.30859375,0
5.8359375,14136.23046875,750.0,3273.92578125,-15410.15625,0
5.83984375,-14813.96484375,1125.0,-3359.375,-7930.17578125,0
5.84375,-11017.08984375,-8000.0,-9775.390625,-6876.46484375,0
5.84765625,-15097.65625,0.0,4516.6015625,-13097.16796875,0
5.8515625,3682.6171875,0.0,-9479.98046875,3066.89453125,0
5.85546875,967.7734375,0.0,-9652.83203125,-8873.046875,0
5.859375,-15941.40625,0.0,5290.0390625,-13620.60546875,0
5.86328125,10190.91796875,0.0,15392.08984375,11073.2421875,0
5.8671875,2997.55859375,0.0,12291.015625,-14857.421875,0
5.87109375,15050.29296875,0.0,5602.5390625,-14511.71875,0
5.875,-13937.5,0.0,-5101.07421875,-9678.7109375,0
5.87890625,15041.015625,0.0,10396.484375,13169.43359375,0
5.8828125,-15855.95703125,0.0,5836.9140625,-13722.65625,0
5.88671875,-7814.94140625,0.0,-10979.00390625,-4056.15234375,0
5.890625,-7010.7421875,0.0,-1609.86328125,5129.8828125,0
5.89453125,-15566.40625,15.625,6728.02734375,-13253.41796875,0
5.8984375,11063.96484375,0.48828125,13026.85546875,12447.75390625,0
5.90234375,-5008.7890625,4012.6953125,6412.59765625,-8845.21484375,0
5.90625,15745.60546875,15.625,6438.96484375,-13675.29296875,0
5.91015625,-5438.4765625,750.48828125,6147.94921875,694.82421875,0
5.9140625,1026.85546875,-7985.83984375,-13620.60546875,11158.203125,0
5.91796875,-15160.15625,0.0,6571.77734375,-12800.29296875,0
5.921875,-9434.5703125,10503.41796875,10025.87890625,-5676.26953125,0
5.92578125,2953.125,14002.9296875,410.64453125,5105.46875,0
5.9296875,15683.59375,0.0,6165.52734375,-13894.04296875,0
5.93359375,9689.453125,875.0,5022.94921875,15447.75390625,0
5.9375,5064.453125,2.9296875,-9617.1875,5195.80078125,0
5.94140625,-15238.28125,23.4375,6290.52734375,-13112.79296875,0
5.9453125,-15681.15234375,0.0,5400.390625,14451.66015625,0
5.94921875,-12908.69140625,19.04296875,-13599.12109375,11221.6796875,0
5.953125,-14651.85546875,492.1875,6368.65234375,-12565.4296875,0
5.95703125,4322.265625,15631.8359375,-14223.14453125,5455.078125,0
5.9609375,13092.28515625,2125.48828125,6365.72265625,11229.00390625,0
5.96484375,-14808.59375,1796.875,6360.83984375,-12292.48046875,0
5.96875,-12557.6171875,-3365.72265625,9774.4140625,-5049.31640625,0
5.97265625,-6937.5,-11848.14453125,6393.06640625,7200.1953125,0
5.9765625,-15183.59375,2312.98828125,6712.40234375,-12839.35546875,0
5.98046875,-9305.6640625,12638.18359375,12151.85546875,-6798.33984375,0
5.984375,7073.2421875,-13800.29296875,-3559.5703125,-4796.38671875,0
5.98828125,-14535.15625,2954.1015625,7251.46484375,-12386.23046875,0
5.9921875,-3683.59375,4268.5546875,-12475.09765625,-2050.29296875,0
5.99609375,-12946.2890625,2282.71484375,6395.01953125,-4822.75390625,0
6.0,-15152.34375,5000.9765625,6673.33984375,-13104.98046875,0
6.00390625,-10304.6875,-9602.05078125,15402.83203125,-11047.36328125,0
6.0078125,11140.13671875,-5581.54296875,-3559.5703125,-8729.4921875,0
6.01171875,-14253.90625,6438.96484375,6345.21484375,-12331.54296875,0
6.015625,-13181.640625,6276.3671875,11779.296875,15951.66015625,0
6.01953125,-12869.62890625,4445.80078125,14472.65625,7267.08984375,0
6.0234375,-14269.53125,7313.96484375,7313.96484375,-12276.85546875,0
6.02734375,-4430.17578125,-9721.19140625,-13096.19140625,-4797.36328125,0
6.03125,7104.98046875,2482.421875,-15536.1328125,-10760.25390625,0
6.03515625,-13378.41796875,8298.33984375,7595.21484375,-11229.4921875,0
6.0390625,8816.40625,-3721.19140625,-7722.16796875,11825.68359375,0
6.04296875,-8949.70703125,2450.1953125,-3543.9453125,7183.59375,0
6.046875,-14792.48046875,7118.65234375,7470.703125,-12792.48046875,0
6.05078125,2946.2890625,-11970.21484375,4283.69140625,-1921.38671875,0
6.0546875,-14881.8359375,451.171875,8506.34765625,-6750.9765625,0
6.05859375,-12987.79296875,7165.52734375,8517.578125,-11120.1171875,0
6.0625,15943.359375,-3222.65625,3527.83203125,13700.68359375,0
6.06640625,11070.80078125,-13558.10546875,10470.21484375,13200.1953125,0
6.0703125,-14667.96875,7579.58984375,8111.328125,-12565.91796875,0
6.07421875,-5930.17578125,-3471.6796875,5031.25,-4422.36328125,0
6.078125,11171.875,-7565.91796875,-5492.67578125,13294.43359375,0
6.08203125,-12503.41796875,8681.640625,8595.21484375,-10393.5546875,0
6.0859375,7316.40625,-14719.7265625,-3221.6796875,8074.21875,0
6.08984375,7070.80078125,-9498.046875,8477.5390625,11197.75390625,0
6.09375,-13964.35546875,8071.77734375,7923.33984375,-12104.4921875,0
6.09765625,5946.2890625,-4717.7734375,-970.21484375,6705.078125,0
6.1015625,11143.06640625,12561.5234375,-9504.8828125,3280.2734375,0
6.10546875,-13815.91796875,9267.578125,8087.40234375,-11487.3046875,0
6.109375,3822.265625,10909.1796875,-1094.23828125,10208.0078125,0
6.11328125,-2861.81640625,-5429.19921875,12447.75390625,5315.91796875,0
6.1171875,-14034.66796875,9095.703125,7470.703125,-11424.8046875,0
6.12109375,14574.70703125,-2711.9140625,-15838.8671875,-11791.015625,0
6.125,5097.16796875,-1468.75,-5489.2578125,-8730.95703125,0
6.12890625,-14612.79296875,8486.328125,7837.890625,-11877.9296875,0
6.1328125,1070.3125,-7087.890625,3906.25,10829.58984375,0
6.13671875,9138.18359375,6597.16796875,-11500.9765625,-8717.7734375,0
6.140625,-13550.29296875,9712.890625,8064.453125,-11307.6171875,0
6.14453125,11572.75390625,-7837.890625,3531.73828125,12956.54296875,0
6.1484375,-2843.26171875,12637.20703125,6500.0,1296.38671875,0
6.15234375,-13401.85546875,10674.31640625,8017.578125,-11299.8046875,0
6.15625,12198.2421875,8041.015625,1407.2265625,13331.54296875,0
6.16015625,5203.125,6681.15234375,-15462.40234375,15320.3125,0
6.1640625,-12862.79296875,10877.44140625,8415.52734375,-11081.0546875,0
6.16796875,8822.75390625,8164.55078125,-344.23828125,9705.56640625,0
6.171875,-4792.48046875,-13340.33203125,8520.99609375,-6670.41015625,0
6.17578125,-12651.85546875,10604.00390625,8220.21484375,-10565.4296875,0
6.1796875,15824.21875,13293.45703125,-469.7265625,-13917.96875,0
6.18359375,3196.2890625,-1314.453125,8463.37890625,-6685.05859375,0
6.1875,-12995.60546875,10596.19140625,7438.96484375,-11245.1171875,0
6.19140625,-4173.828125,-9078.61328125,-8970.703125,-9791.50390625,0
6.1953125,-2832.03125,-13284.1796875,14489.2578125,7291.9921875,0
6.19921875,-13370.60546875,11400.87890625,7743.65234375,-11612.3046875,1
6.203125,-11547.8515625,-8205.078125,-2218.26171875,14584.47265625,1
6.20703125,5212.890625,8708.49609375,-13517.578125,13331.54296875,1
6.2109375,-12636.23046875,11541.9921875,7485.83984375,-10909.1796875,1
6.21484375,-2923.828125,170.41015625,-12975.09765625,-10918.45703125,1
6.21875,3187.98828125,-13301.7578125,8457.03125,-10713.8671875,1
6.22265625,-12690.91796875,10541.50390625,8275.390625,-11049.8046875,1
6.2265625,-8424.8046875,-6075.68359375,655.2734375,15205.078125,1
6.23046875,-14787.109375,2745.60546875,-15503.90625,7286.62109375,1
6.234375,-12479.98046875,11995.1171875,7993.65234375,-11198.2421875,1
6.23828125,-8047.8515625,2171.875,-6220.703125,12707.03125,1
6.2421875,1263.671875,-1236.328125,4522.94921875,5347.65625,1
6.24609375,-12308.10546875,11877.44140625,8306.15234375,-10721.6796875,1
6.25,-12545.41015625,-4826.171875,-7342.28515625,12083.49609375,1
6.25390625,7265.13671875,4800.78125,6538.0859375,11330.078125,1
6.2578125,-13245.60546875,11838.37890625,7759.27734375,-11831.0546875,1
6.26171875,-14423.33984375,-6576.66015625,-1092.7734375,6206.0546875,1
6.265625,-12764.6484375,-5207.03125,14497.55859375,-2688.96484375,1
6.26953125,-12190.91796875,12440.4296875,7705.078125,-10721.6796875,1
6.2734375,-7173.828125,8173.828125,1157.2265625,-14043.45703125,1
6.27734375,9226.07421875,-9205.078125,530.76171875,-686.5234375,1
6.28125,-12112.79296875,13081.0546875,8861.328125,-10745.1171875,1
6.28515625,-298.33984375,-14950.1953125,14284.66796875,-9292.96875,1
6.2890625,3221.19140625,14820.80078125,4550.78125,7310.05859375,1
6.29296875,-12722.16796875,12846.6796875,8166.015625,-11331.0546875,1
6.296875,-10549.31640625,15926.26953125,2533.69140625,8705.56640625,1
6.30078125,3233.88671875,8807.12890625,-3437.98828125,9308.59375,1
6.3046875,-12058.10546875,12807.6171875,8322.265625,-10916.9921875,1
6.30859375,-6424.8046875,14423.828125,5285.64453125,-15043.9453125,1
6.3125,7204.1015625,10779.78515625,4570.80078125,15293.45703125,1
6.31640625,-12581.54296875,12854.4921875,8955.078125,-11057.6171875,1
6.3203125,-12424.31640625,13299.31640625,11159.1796875,12081.0546875,1
6.32421875,1217.28515625,-13229.98046875,-15440.91796875,15304.6875,1
6.328125,-12456.54296875,12729.4921875,8736.328125,-11041.9921875,1
6.33203125,-8550.29296875,-14824.21875,11658.203125,15206.0546875,1
6.3359375,15202.63671875,8807.12890625,-15480.95703125,11301.26953125,1
6.33984375,-12612.79296875,12588.8671875,8455.078125,-11112.3046875,1
6.34375,-9049.31640625,11550.29296875,14535.64453125,15331.54296875,1
6.34765625,-14779.78515625,4790.52734375,14574.70703125,-10687.5,1
6.3515625,-12761.23046875,12573.2421875,8931.640625,-11307.6171875,1
6.35546875,-13550.29296875,8048.828125,12283.69140625,8455.078125,1
6.359375,5170.8984375,-7221.19140625,4516.11328125,-8732.421875,1
6.36328125,-13519.04296875,12151.3671875,8439.453125,-11831.54296875,1
6.3671875,2319.3359375,1173.33984375,5405.2734375,-1298.33984375,1
6.37109375,-14903.3203125,2774.90234375,-9527.34375,7193.84765625,1
6.375,-14566.40625,12690.4296875,7462.40234375,-13167.48046875,1
6.37890625,-14936.03515625,-15949.70703125,-13849.12109375,12195.3125,1
6.3828125,998.046875,-1223.14453125,-3580.56640625,-14904.296875,1
6.38671875,-15996.09375,12237.3046875,6845.21484375,-14308.59375,1
6.390625,2314.453125,14925.29296875,7273.4375,-1554.19921875,1
6.39453125,7038.57421875,8755.37109375,12384.765625,-4858.88671875,1
6.3984375,-15425.78125,12151.3671875,6103.02734375,-13815.91796875,1
6.40234375,-8555.17578125,14424.8046875,2650.390625,15951.171875,1
6.40625,-10899.4140625,-5241.2109375,-5600.5859375,15213.8671875,1
6.41015625,-14097.16796875,12127.44140625,5899.4140625,-12237.79296875,1
6.4140625,195.80078125,-2080.56640625,-976.07421875,-1422.36328125,1
6.41796875,-8817.3828125,-3250.0,-13592.7734375,-2711.9140625,1
6.421875,-12776.85546875,12096.19140625,6454.58984375,-11096.6796875,1
6.42578125,-13548.828125,-4829.58984375,6275.87890625,12081.54296875,1
6.4296875,-2767.08984375,-15287.59765625,6406.73828125,13328.61328125,1
6.43359375,-12394.04296875,11268.06640625,6470.21484375,-10612.3046875,1
6.4375,-1170.41015625,-3077.63671875,5024.4140625,-6289.55078125,1
6.44140625,15276.85546875,-13252.44140625,-13578.125,15369.140625,1
6.4453125,-12073.73046875,11760.25390625,7009.27734375,-10526.3671875,1
6.44921875,-3671.38671875,-4454.58984375,-12348.14453125,-11791.50390625,1
6.453125,1281.25,-13260.25390625,12418.9453125,13369.140625,1
6.45703125,-12011.23046875,11744.62890625,6907.71484375,-10206.0546875,1
6.4609375,-295.8984375,-4954.58984375,13400.390625,-4664.55078125,1
6.46484375,-6713.37890625,-13279.296875,4427.24609375,9378.41796875,1
6.46875,-11127.9296875,11916.9921875,6946.77734375,-9784.1796875,1
6.47265625,8202.1484375,920.41015625,7648.92578125,-2167.48046875,1
6.4765625,13219.23828125,10712.890625,-11619.62890625,13303.22265625,1
6.48046875,-11987.3046875,11776.3671875,6345.21484375,-10635.7421875,1
6.484375,1827.63671875,1670.41015625,5148.4375,-6791.50390625,1
6.48828125,15283.69140625,10735.3515625,10395.99609375,1356.93359375,1
6.4921875,-11502.9296875,12065.4296875,6321.77734375,-10252.9296875,1
6.49609375,4079.1015625,2172.8515625,3025.87890625,-3040.0390625,1
6.5,-2751.46484375,2754.39453125,6418.45703125,-663.57421875,1
6.50390625,-12268.5546875,11963.8671875,6610.83984375,-10706.0546875,1
6.5078125,78.61328125,4297.8515625,13525.87890625,-4915.0390625,1
6.51171875,-6738.76953125,-1250.48828125,12397.4609375,11354.4921875,1
6.515625,-11612.3046875,12206.0546875,6423.33984375,-10151.3671875,1
6.51953125,4328.125,10174.31640625,3398.4375,-4040.52734375,1
6.5234375,-2731.93359375,769.53125,8371.09375,-6631.8359375,1
6.52734375,-11573.73046875,12354.4921875,5719.7265625,-10166.9921875,1
6.53125,-1673.828125,11924.8046875,-9980.46875,-9792.48046875,1
6.53515625,11229.00390625,-9215.8203125,-7694.82421875,9320.80078125,1
6.5390625,-12088.8671875,12791.9921875,5008.7890625,-10870.1171875,1
6.54296875,2327.63671875,10673.828125,14643.5546875,-11791.9921875,1
6.546875,11247.0703125,-11177.734375,4329.58984375,15325.1953125,1
6.55078125,-11972.16796875,13323.2421875,5524.4140625,-10862.3046875,1
6.5546875,-3172.8515625,-13699.70703125,-10104.00390625,-15168.45703125,1
6.55859375,7242.67578125,6810.05859375,-5642.578125,1311.5234375,1
6.5625,-11424.8046875,13487.3046875,6353.02734375,-10143.5546875,1
6.56640625,13202.1484375,-9700.1953125,10149.90234375,-1668.9453125,1
6.5703125,1205.56640625,-7189.94140625,-15560.05859375,7271.484375,1
6.57421875,-12503.41796875,12987.3046875,7493.65234375,-11495.1171875,1
6.578125,-4796.875,13050.78125,-7345.21484375,10581.54296875,1
6.58203125,13248.53515625,4842.28515625,-1493.1640625,3312.5,1
6.5859375,-12776.85546875,13229.4921875,8345.703125,-11698.2421875,1
6.58984375,-11548.33984375,-12072.265625,13660.64453125,3205.078125,1
6.59375,-2795.41015625,824.21875,14563.4765625,-14741.69921875,1
6.59765625,-12690.91796875,13362.3046875,9025.390625,-11706.0546875,1
6.6015625,-3673.33984375,-6323.2421875,-11963.37890625,11705.078125,1
6.60546875,-4771.97265625,14834.9609375,12610.83984375,-14732.421875,1
6.609375,-12558.10546875,13557.6171875,9923.828125,-11893.5546875,1
6.61328125,-5047.36328125,-5946.2890625,-7086.9140625,4454.1015625,1
6.6171875,-6779.78515625,-13132.32421875,-11343.75,-2740.72265625,1
6.62109375,-12909.66796875,13823.2421875,10627.44140625,-11995.1171875,1
6.625,-10548.828125,-821.2890625,10666.9921875,578.61328125,1
6.62890625,-12779.78515625,-15154.296875,2680.17578125,13258.30078125,1
6.6328125,-12276.3671875,13448.2421875,11127.44140625,-11620.1171875,1
6.63671875,2827.63671875,-6569.3359375,-7205.56640625,13455.078125,1
6.640625,-8814.94140625,6893.06640625,-15330.56640625,-12777.34375,1
6.64453125,-13081.54296875,14175.29296875,10877.44140625,-12495.60546875,1
6.6484375,-12174.31640625,1429.19921875,-14208.0078125,-4047.36328125,1
6.65234375,11218.26171875,-7111.81640625,-3309.5703125,13254.39453125,1
6.65625,-12862.79296875,14136.23046875,11400.87890625,-12167.48046875,1
6.66015625,-15175.29296875,1554.6875,-9080.078125,-4548.33984375,1
6.6640625,9220.21484375,10882.32421875,-13261.71875,-748.046875,1
6.66796875,-12120.60546875,14315.91796875,11674.31640625,-11729.98046875,1
6.671875,-4797.8515625,4930.6640625,-3952.1484375,-46.875,1
6.67578125,15244.140625,-7091.796875,2768.06640625,-8743.65234375,1
6.6796875,-12182.6171875,14526.85546875,11510.25390625,-12018.5546875,1
6.68359375,329.1015625,3806.640625,-14327.63671875,2079.58984375,1
6.6875,13236.328125,-9102.5390625,-9223.14453125,5251.46484375,1
6.69140625,-13198.73046875,13768.5546875,11564.94140625,-12745.60546875,1
6.6953125,-14046.875,-4319.3359375,-5076.171875,-5669.921875,1
6.69921875,-12764.6484375,-11083.0078125,2773.4375,15271.484375,1
6.703125,-12526.85546875,14722.16796875,12049.8046875,-12019.04296875,1
6.70703125,-6175.29296875,12805.17578125,3170.8984375,-173.828125,1
6.7109375,9196.77734375,10878.90625,12735.3515625,-768.5546875,1
6.71484375,-12394.04296875,14612.79296875,12096.6796875,-11963.8671875,1
6.71875,-5047.8515625,11682.6171875,4798.33984375,2329.58984375,1
6.72265625,15229.00390625,-7077.1484375,-15226.5625,3266.6015625,1
6.7265625,-12440.91796875,14511.23046875,12393.5546875,-11979.4921875,1
6.73046875,-1922.36328125,9182.12890625,8298.33984375,4954.58984375,1
6.734375,-14766.11328125,6909.1796875,-1233.3984375,-12737.3046875,1
6.73828125,-12362.79296875,14597.16796875,12338.8671875,-12050.29296875,1
6.7421875,-4923.33984375,10056.15234375,8672.8515625,-671.38671875,1
6.74609375,-769.04296875,-7093.75,2757.32421875,1253.41796875,1
6.75,-12112.79296875,14526.85546875,12565.4296875,-12003.41796875,1
6.75390625,-6301.26953125,12182.12890625,11923.33984375,-4174.8046875,1
6.7578125,-2801.7578125,10930.17578125,-13221.6796875,13221.19140625,1
6.76171875,-12651.85546875,14933.10546875,12518.5546875,-12166.9921875,1
6.765625,-6297.36328125,12682.12890625,8173.828125,78.61328125,1
6.76953125,-754.39453125,-13074.70703125,2793.9453125,-730.95703125,1
6.7734375,-12401.85546875,14901.85546875,12854.4921875,-11901.85546875,1
6.77734375,-8173.828125,12182.6171875,10172.8515625,-3298.33984375,1
6.78125,-12760.25390625,12955.078125,8784.66796875,-6765.13671875,1
6.78515625,-12511.23046875,15073.73046875,12526.3671875,-12472.16796875,1
6.7890625,-10798.828125,10055.17578125,6673.828125,-6297.8515625,1
6.79296875,-4762.20703125,14875.0,-1204.58984375,-2740.72265625,1
6.796875,-11815.91796875,15120.60546875,13260.7421875,-11291.9921875,1
6.80078125,-48.828125,-6941.89453125,9170.41015625,6077.1484375,1
6.8046875,3224.609375,-13081.54296875,4784.66796875,15245.1171875,1
6.80859375,-12456.54296875,14987.79296875,13143.5546875,-12159.66796875,1
6.8125,-10796.875,-15814.453125,14800.29296875,-2294.921875,1
6.81640625,-10718.26171875,965.8203125,792.48046875,7300.29296875,1
6.8203125,-12300.29296875,14581.54296875,12463.8671875,-12050.29296875,1
6.82421875,-15175.78125,4681.640625,6673.33984375,-13800.29296875,1
6.828125,-10788.0859375,2919.921875,-13219.23828125,-4781.73828125,1
6.83203125,-12581.54296875,14972.16796875,12565.4296875,-12526.85546875,1
6.8359375,-7798.33984375,-11815.91796875,13300.29296875,-6048.33984375,1
6.83984375,5230.46875,-9071.77734375,12791.50390625,15227.5390625,1
6.84375,-12167.48046875,14964.35546875,12549.8046875,-12144.04296875,1
6.84765625,-3172.8515625,13307.6171875,8298.828125,-2298.33984375,1
6.8515625,3221.19140625,2918.9453125,8780.76171875,-4771.484375,1
6.85546875,-12604.98046875,14644.04296875,12221.6796875,-12425.29296875,1
6.859375,-7299.31640625,-13815.91796875,6423.828125,-3298.33984375,1
6.86328125,-8778.3203125,6931.15234375,-3218.75,15236.328125,1
6.8671875,-12175.29296875,14972.16796875,12370.1171875,-12097.16796875,1
6.87109375,-4797.36328125,10806.15234375,1297.8515625,-5296.875,1
6.875,-10738.76953125,-11058.10546875,-15194.3359375,5249.51171875,1
6.87890625,-12229.98046875,15519.04296875,13143.5546875,-12245.60546875,1
6.8828125,-9174.31640625,-14816.40625,15173.828125,-5423.33984375,1
6.88671875,-770.5078125,6965.8203125,-15208.49609375,9230.95703125,1
6.890625,-12612.79296875,15308.10546875,12534.1796875,-12487.79296875,1
6.89453125,-11424.31640625,-9689.453125,6173.828125,-7547.8515625,1
6.8984375,15216.30859375,954.58984375,2783.69140625,11245.1171875,1
6.90234375,-12362.79296875,15120.60546875,12604.4921875,-11909.66796875,1
6.90625,-6425.29296875,-13691.40625,9423.33984375,-48.828125,1
6.91015625,-6801.7578125,-1047.8515625,-15227.5390625,15218.26171875,1
6.9140625,-12526.85546875,15394.04296875,12588.8671875,-12183.10546875,1
6.91796875,-8174.31640625,-12440.91796875,13175.29296875,-3797.8515625,1
6.921875,-14785.15625,-5041.9921875,8800.29296875,-14754.39453125,1
6.92578125,-12433.10546875,15198.73046875,12885.7421875,-12175.29296875,1
6.9296875,-12176.7578125,-11065.91796875,13673.828125,-8550.29296875,1
6.93359375,-2828.125,-5061.5234375,-9242.1875,-8805.6640625,1
6.9375,-13159.66796875,15198.73046875,12362.3046875,-12878.41796875,1
6.94140625,-11426.26953125,-3939.94140625,15673.828125,-7799.8046875,1
6.9453125,-10851.5625,-15083.49609375,-1233.3984375,1171.875,1
6.94921875,-13847.65625,14792.48046875,12424.8046875,-13652.34375,1
6.953125,-932.6171875,-10689.453125,10924.8046875,-1182.12890625,1
6.95703125,-10948.2421875,-6994.140625,-15196.77734375,15069.82421875,1
6.9609375,-15480.46875,-15972.65625,12620.1171875,-15105.46875,1
6.96484375,9689.453125,13818.84765625,-7817.87109375,15315.91796875,1
6.96875,-10996.58203125,-6938.96484375,2841.796875,-12969.23828125,1
6.97265625,15245.60546875,-15824.70703125,11900.87890625,15620.60546875,1
6.9765625,-14940.4296875,-4562.98828125,-1077.63671875,-8813.96484375,1
6.98046875,6919.43359375,-10977.5390625,706.54296875,-11049.8046875,1
6.984375,15206.54296875,-14277.34375,12315.4296875,15605.46875,1
6.98828125,-3439.94140625,-6187.01171875,-13456.54296875,3062.01171875,1
6.9921875,-5083.984375,15011.23046875,12678.22265625,929.19921875,1
6.99609375,14854.98046875,-15714.84375,12119.62890625,14909.66796875,1
7.0,-8315.91796875,11440.4296875,-10084.9609375,-7939.94140625,0
7.00390625,-9044.921875,-9035.15625,4648.4375,6968.26171875,0
7.0078125,15097.65625,-14917.48046875,10057.12890625,15347.65625,0
7.01171875,437.98828125,14817.87109375,4924.31640625,4939.453125,0
7.015625,12960.9375,-4903.80859375,12979.00390625,-15003.41796875,0
7.01953125,15026.85546875,-13729.98046875,-14636.23046875,15730.46875,0
7.0234375,-7187.01171875,15835.44921875,13704.1015625,4314.94140625,0
7.02734375,-9059.5703125,1470.21484375,-8642.08984375,-1015.13671875,0
7.03125,14284.66796875,-8595.21484375,-9635.25390625,15261.71875,0
7.03515625,-9937.01171875,9495.1171875,-11895.5078125,6066.89453125,0
7.0390625,9019.04296875,5981.4453125,-12263.18359375,11071.77734375,0
7.04296875,15987.79296875,-531.73828125,-4516.11328125,-15332.51953125,0
7.046875,-13438.4765625,-6126.953125,14374.0234375,-435.05859375,0
7.05078125,-12984.375,-8025.87890625,-12035.15625,13063.4765625,0
7.0546875,15956.54296875,-406.73828125,-367.67578125,-15238.28125,0
7.05859375,-5562.5,-6501.953125,-6501.953125,11316.40625,0
7.0625,13013.671875,-8025.87890625,-8025.87890625,-14932.12890625,0
7.06640625,15659.66796875,-406.73828125,-406.73828125,-15309.08203125,0
7.0703125,11435.546875,-6501.953125,-6501.46484375,-4185.546875,0
7.07421875,-1027.34375,-8025.87890625,9969.23828125,3046.38671875,0
7.078125,14753.41796875,-406.73828125,-906.73828125,15996.09375,0
7.08203125,-12190.4296875,-6501.953125,-38.0859375,4438.96484375,0
7.0859375,-9064.453125,-8025.87890625,2207.51953125,4998.53515625,0
7.08984375,15151.85546875,-398.92578125,0.0,-15863.28125,0
7.09375,-12193.359375,-6376.953125,10500.0,2810.05859375,0
7.09765625,12928.7109375,-6025.390625,0.0,-9000.48828125,0
7.1015625,15128.41796875,-398.92578125,0.0,-15723.14453125,0
7.10546875,9678.22265625,-6501.953125,0.0,-1940.4296875,0
7.109375,-3085.9375,-6025.390625,3.90625,2990.72265625,0
7.11328125,14002.9296875,-406.73828125,0.0,14940.4296875,0
7.1171875,14925.78125,-6501.953125,6385.7421875,-2320.80078125,0
7.12109375,-11158.69140625,-8025.87890625,-7576.171875,4896.97265625,0
7.125,13268.5546875,-406.73828125,10324.21875,14331.0546875,0
7.12890625,9424.8046875,-6501.953125,5817.87109375,-8572.265625,0
7.1328125,2839.35546875,-8025.87890625,8229.98046875,881.8359375,0
7.13671875,13010.25390625,-398.92578125,0.0,13807.6171875,0
7.140625,-450.1953125,-6501.953125,10875.0,14552.734375,0
7.14453125,10840.33203125,-8025.87890625,0.0,8893.5546875,0
7.1484375,12393.5546875,-406.73828125,109.375,13088.8671875,0
7.15234375,9676.26953125,-6501.953125,1.46484375,-12696.2890625,0
7.15625,12796.875,-8025.390625,8164.55078125,-9170.41015625,0
7.16015625,12854.4921875,-398.92578125,1406.25,13182.6171875,0
7.1640625,6049.8046875,-6376.953125,4750.9765625,5924.8046875,0
7.16796875,856.93359375,-6025.390625,10000.0,2867.67578125,0
7.171875,12823.2421875,-398.92578125,445.3125,12995.1171875,0
7.17578125,7175.78125,-6501.953125,-8748.53515625,5549.8046875,0
7.1796875,838.8671875,-8025.390625,-16000.0,12833.984375,0
7.18359375,13831.0546875,-406.73828125,62.5,13838.8671875,0
7.1875,-6825.68359375,-6501.953125,375.9765625,-10827.63671875,0
7.19140625,6782.2265625,-6025.87890625,-3970.703125,-9235.83984375,0
7.1953125,13026.3671875,-383.30078125,1710.9375,12745.1171875,0
7.19921875,11547.36328125,-7501.953125,-9865.234375,7171.38671875,0
7.203125,-9241.2109375,-2023.92578125,-11601.07421875,12726.5625,0
7.20703125,11275.87890625,-2758.7890625,6986.328125,10807.12890625,0
7.2109375,-6326.171875,4358.3984375,2038.0859375,-14828.61328125,0
7.21484375,-3256.34765625,1571.77734375,-5387.20703125,12704.1015625,0
7.21875,10721.19140625,-7251.953125,11205.56640625,10018.06640625,0
7.22265625,-5452.1484375,-11537.59765625,-205.56640625,15544.921875,0
7.2265625,14723.14453125,7208.49609375,-11206.0546875,-11333.49609375,0
7.23046875,11596.6796875,-14113.28125,14057.6171875,10783.69140625,0
7.234375,7295.8984375,2435.546875,-1068.359375,-5082.03125,0
7.23828125,-9321.77734375,-3080.078125,14897.94921875,-11366.2109375,0
7.2421875,12127.9296875,-15730.95703125,-15612.79296875,11260.25390625,0
7.24609375,6670.41015625,-4067.3828125,-3926.26953125,-8458.0078125,0
7.25,12764.16015625,-14952.63671875,-8863.28125,-7287.59765625,0
7.25390625,12026.3671875,15996.09375,-14862.79296875,11213.37890625,0
7.2578125,547.36328125,15827.63671875,7079.58984375,-9204.58984375,0
7.26171875,-11277.83203125,11168.45703125,-10856.93359375,2682.12890625,0
7.265625,12127.9296875,-14503.90625,-14542.96875,11409.1796875,0
7.26953125,14174.31640625,10065.91796875,11677.24609375,1670.8984375,0
7.2734375,4745.1171875,-7013.18359375,-3157.71484375,-3298.33984375,0
7.27734375,11721.6796875,12807.12890625,14268.5546875,10986.81640625,0
7.28125,3925.29296875,-2955.56640625,13055.6640625,-7952.63671875,0
7.28515625,2791.9921875,-9303.22265625,-11015.625,745.60546875,0
7.2890625,13307.6171875,11760.25390625,-14089.35546875,12612.3046875,0
7.29296875,-10324.70703125,-334.9609375,-15805.6640625,9421.875,0
7.296875,-15139.16015625,8680.17578125,-2723.6328125,-9190.91796875,0
7.30078125,14307.6171875,11376.953125,-10049.8046875,13314.94140625,0
7.3046875,-14576.171875,-13215.33203125,7583.984375,-579.1015625,0
7.30859375,6864.2578125,-7370.1171875,7529.296875,-15169.921875,0
7.3125,13518.5546875,9603.515625,-7619.62890625,12831.0546875,0
7.31640625,-8070.80078125,11652.83203125,-11657.2265625,10675.78125,0
7.3203125,2810.546875,-3596.19140625,-533.69140625,-3229.00390625,0
7.32421875,13565.91796875,8142.578125,-9369.62890625,12760.7421875,0
7.328125,7305.6640625,7653.80859375,6082.03125,-5321.77734375,0
7.33203125,-5112.79296875,8648.92578125,-6763.18359375,-5147.94921875,0
7.3359375,13831.0546875,10587.890625,-11487.79296875,13315.4296875,0
7.33984375,-4694.3359375,9411.1328125,-13933.10546875,-9445.80078125,0
7.34375,6884.27734375,6561.03515625,-11010.25390625,-1131.34765625,0
7.34765625,13870.1171875,10893.06640625,-15917.96875,13784.1796875,0
7.3515625,-1067.3828125,-12705.56640625,-4678.22265625,-5444.3359375,0
7.35546875,-9073.73046875,-15329.58984375,-14808.10546875,10899.4140625,0
7.359375,13964.35546875,10846.19140625,-14464.84375,13503.41796875,0
7.36328125,13181.640625,-8215.8203125,689.453125,6430.6640625,0
7.3671875,10859.86328125,2526.85546875,-4924.31640625,-15165.52734375,0
7.37109375,13870.60546875,9525.87890625,-14995.60546875,13221.6796875,0
7.375,4182.12890625,-13710.44921875,15455.078125,-6070.3125,0
7.37890625,-15101.5625,-15453.125,-8829.58984375,-3137.6953125,0
7.3828125,14761.23046875,9033.69140625,-14183.10546875,14175.29296875,0
7.38671875,11806.15234375,7543.45703125,4322.265625,1803.22265625,0
7.390625,12916.9921875,-9442.3828125,-8843.26171875,4863.28125,0
7.39453125,14159.1796875,7673.828125,-13675.78125,13526.3671875,0
7.3984375,-1693.84765625,11163.57421875,-8060.546875,-13695.3125,0
7.40234375,-9098.14453125,-15305.6640625,-4974.609375,12887.20703125,0
7.40625,13666.9921875,9876.46484375,15956.54296875,13471.6796875,0
7.41015625,-15321.77734375,-15595.703125,-8435.546875,-14697.265625,0
7.4140625,896.484375,10554.19921875,-4934.08203125,-13126.46484375,0
7.41796875,13737.3046875,7673.33984375,15675.78125,13362.3046875,0
7.421875,-5819.82421875,10522.94921875,3682.12890625,-7570.3125,0
7.42578125,-1150.87890625,-3717.7734375,-15269.53125,10836.42578125,0
7.4296875,13393.5546875,3743.1640625,11229.00390625,13213.8671875,0
7.43359375,-13066.89453125,-14723.14453125,11420.41015625,15807.12890625,0
7.4375,-9068.84765625,-3702.1484375,-7342.28515625,-9101.07421875,0
7.44140625,14245.60546875,3133.30078125,11065.4296875,13745.60546875,0
7.4453125,-11439.453125,1128.41796875,-12203.125,-14941.40625,0
7.44921875,-3085.44921875,-15994.140625,4761.23046875,12860.83984375,0
7.453125,14010.7421875,0.0,12213.8671875,13416.9921875,0
7.45703125,-7698.2421875,375.0,5176.26953125,15673.828125,0
7.4609375,10916.50390625,0.0,-11114.2578125,-5119.62890625,0
7.46484375,14018.5546875,0.0,14784.66796875,13362.3046875,0
7.46875,-11699.21875,0.0,-185.05859375,6422.36328125,0
7.47265625,2793.45703125,0.0,15011.23046875,-7246.09375,0
7.4765625,13166.9921875,0.0,-14675.29296875,12573.2421875,0
7.48046875,-9701.66015625,0.0,1574.70703125,12171.38671875,0
7.484375,-11228.02734375,0.0,9271.484375,-9251.46484375,0
7.48828125,13010.7421875,0.0,-12206.0546875,12440.4296875,0
7.4921875,-10700.68359375,0.0,5831.0546875,9671.38671875,0
7.49609375,-15187.98828125,0.0,-8660.64453125,2756.34765625,0
7.5,12565.4296875,0.0,-8916.50390625,11768.06640625,0
7.50390625,8052.24609375,0.0,-10286.62109375,-8951.171875,0
7.5078125,-1199.70703125,0.0,9455.078125,4752.44140625,0
7.51171875,12534.1796875,0.0,-8557.12890625,11447.75390625,0
7.515625,8551.26953125,0.0,-12147.94921875,-13203.125,0
7.51953125,-1163.0859375,0.0,-8408.203125,-5222.16796875,0
7.5234375,12120.1171875,0.0,-8470.703125,11143.06640625,0
7.52734375,-15695.80078125,0.0,6467.7734375,-1325.1953125,0
7.53125,-3241.2109375,0.0,13533.203125,6711.42578125,0
7.53515625,12307.6171875,7.8125,-8932.6171875,11448.2421875,0
7.5390625,-9697.75390625,625.0,-14036.62109375,6173.828125,0
7.54296875,12828.61328125,62.98828125,13444.3359375,757.8125,0
7.546875,12940.4296875,1578.125,-9549.8046875,11814.94140625,0
7.55078125,5424.31640625,8379.8828125,-8047.36328125,-11079.58984375,0
7.5546875,-13150.87890625,-7811.03515625,11325.1953125,10788.57421875,0
7.55859375,12971.6796875,4368.1640625,-9736.328125,12096.6796875,0
7.5625,15050.29296875,-7732.91015625,1088.37890625,1046.38671875,0
7.56640625,-11255.37109375,-13777.34375,-8751.46484375,12697.75390625,0
7.5703125,12002.9296875,3734.86328125,-10088.37890625,11307.12890625,0
7.57421875,10551.26953125,-14859.375,-11160.64453125,-825.68359375,0
7.578125,-13135.7421875,-13681.640625,11409.1796875,-13174.31640625,0
7.58203125,11893.06640625,4055.17578125,-10549.8046875,11369.62890625,0
7.5859375,-4574.70703125,13508.7890625,-12288.0859375,-7325.68359375,0
7.58984375,8769.53125,8184.08203125,11430.17578125,-11255.37109375,0
7.59375,12440.4296875,3227.05078125,-10620.1171875,12010.7421875,0
7.59765625,15297.36328125,14632.8125,14087.40234375,10921.875,0
7.6015625,-13204.1015625,2018.5546875,-14633.7890625,12783.69140625,0
7.60546875,13370.1171875,0.0,-12519.04296875,13174.8046875,0
7.609375,11421.38671875,1000.0,-12298.828125,9921.38671875,0
7.61328125,-15189.453125,3.90625,-6800.78125,4810.546875,0
7.6171875,13026.3671875,101.5625,-14065.91796875,13034.1796875,0
7.62109375,10925.78125,15876.46484375,-13420.41015625,11177.24609375,0
7.625,-5189.453125,-6000.0,15151.85546875,2826.66015625,0
7.62890625,13237.3046875,750.0,-13644.04296875,13315.4296875,0
7.6328125,-13199.70703125,-5995.60546875,15945.3125,-9323.73046875,0
7.63671875,-13185.05859375,8058.10546875,-851.5625,-9175.29296875,0
7.640625,13096.6796875,875.0,-13800.78125,13206.0546875,0
7.64453125,-14071.77734375,875.0,-9302.734375,-10945.3125,0
7.6484375,-5122.55859375,1.46484375,13114.74609375,4893.5546875,0
7.65234375,14034.66796875,0.0,-15511.71875,14206.54296875,0
7.65625,2179.19921875,0.0,-2798.33984375,6430.6640625,0
7.66015625,12996.58203125,0.0,-12699.21875,13009.27734375,0
7.6640625,-15340.33203125,0.0,-10713.37890625,-15004.39453125,0
7.66796875,-13442.87109375,0.0,-13019.53125,-9191.40625,0
7.671875,869.140625,0.0,15818.359375,4914.55078125,0
7.67578125,13237.79296875,0.0,-2922.36328125,13933.10546875,0
7.6796875,12807.12890625,0.0,5748.53515625,-12191.89453125,0
7.68359375,-11250.48828125,0.0,-4032.2265625,-9225.5859375,0
7.6875,12377.44140625,0.0,-531.73828125,12706.0546875,0
7.69140625,-2703.61328125,0.0,-6251.953125,2296.875,0
7.6953125,2868.1640625,1.953125,-6026.3671875,6856.93359375,0
7.69921875,14144.04296875,0.0,-406.73828125,13565.4296875,0
7.703125,11434.08203125,2504.39453125,-6501.953125,-3445.3125,0
7.70703125,917.48046875,-3774.4140625,-8025.87890625,-9149.90234375,0
7.7109375,15675.78125,8354.4921875,-398.92578125,14050.29296875,0
7.71484375,-11928.22265625,13068.359375,-6501.953125,15936.5234375,0
7.71875,1165.0390625,-4561.5234375,-8025.87890625,11007.32421875,0
7.72265625,-12987.79296875,-5454.1015625,-398.92578125,-15746.09375,0
7.7265625,-3923.33984375,-9126.953125,-6501.953125,10189.453125,0
7.73046875,-722.16796875,1972.65625,-8025.87890625,5057.12890625,0
7.734375,-9799.31640625,-437.98828125,-406.73828125,-13737.79296875,0
7.73828125,13710.44921875,-6251.953125,-6501.953125,9068.84765625,0
7.7421875,11309.5703125,-8025.87890625,-8025.390625,-14943.359375,0
7.74609375,-11189.94140625,-406.73828125,-422.36328125,-14948.73046875,0
7.75,2467.7734375,-6501.953125,-7001.953125,5451.171875,0
7.75390625,-498.53515625,-8025.390625,-8024.90234375,3234.375,0
7.7578125,-7572.265625,-461.42578125,-469.23828125,-11276.3671875,0
7.76171875,9836.42578125,-4877.44140625,-5127.44140625,14072.75390625,0
7.765625,-10715.8203125,13909.66796875,-14116.2109375,-2917.48046875,0
7.76953125,-10737.3046875,-664.55078125,-1523.92578125,-13651.85546875,0
7.7734375,-11790.52734375,14615.234375,3863.28125,11323.2421875,0
7.77734375,-8592.28515625,3841.30859375,7730.95703125,-14767.08984375,0
7.78125,-10135.25390625,-4306.15234375,-7330.078125,-13003.41796875,0
7.78515625,86.9140625,7853.02734375,723.14453125,-15422.8515625,0
7.7890625,1332.51953125,-4464.35546875,-10442.87109375,-12806.640625,0
7.79296875,-11300.29296875,-8909.1796875,-6986.81640625,-13191.40625,0
7.796875,-8298.828125,-9667.96875,-6290.52734375,-5681.15234375,0
7.80078125,3250.48828125,-4687.01171875,-12733.88671875,9149.90234375,0
7.8046875,-12675.29296875,-10713.37890625,-13800.78125,-14222.65625,0
7.80859375,-7796.38671875,14215.33203125,11441.40625,-927.24609375,0
7.8125,-6781.73828125,-12623.53515625,-5019.53125,9126.953125,0
7.81640625,-12519.04296875,-10096.19140625,13189.94140625,-13769.04296875,0
7.8203125,-3176.26953125,-8912.59765625,-10964.35546875,7944.82421875,0
7.82421875,-836.42578125,-8684.5703125,12544.921875,-12880.37109375,0
7.828125,-13214.35546875,-9736.81640625,10283.69140625,-13925.29296875,0
7.83203125,-13674.31640625,12833.984375,-6200.68359375,3822.75390625,0
7.8359375,11235.83984375,-6655.2734375,4857.91015625,-10784.1796875,0
7.83984375,-12362.79296875,-9940.4296875,14213.8671875,-12511.23046875,0
7.84375,13823.2421875,12821.77734375,-3200.1953125,13447.75390625,0
7.84765625,-10821.77734375,1039.0625,-13295.8984375,9159.1796875,0
7.8515625,-13144.04296875,15917.48046875,10142.578125,-13151.85546875,0
7.85546875,15699.70703125,8176.7578125,-2709.47265625,-13299.8046875,0
7.859375,9195.80078125,-7220.21484375,6631.8359375,-790.52734375,0
7.86328125,-13198.73046875,11197.265625,9494.140625,-12847.16796875,0
7.8671875,-15174.8046875,-3840.33203125,-6462.890625,-10048.828125,0
7.87109375,7208.984375,-11381.8359375,4587.40234375,11241.69921875,0
7.875,-12636.23046875,10486.81640625,9033.203125,-12229.98046875,0
7.87890625,14823.2421875,5288.0859375,14034.1796875,-12550.29296875,0
7.8828125,-4765.13671875,-1435.546875,-3460.44921875,15263.671875,0
7.88671875,-12104.98046875,8431.640625,8298.828125,-11831.54296875,0
7.890625,-9424.31640625,14914.0625,5031.25,-4545.8984375,0
7.89453125,7175.78125,4652.83203125,495.1171875,15230.95703125,0
7.8984375,-13667.48046875,10354.00390625,8431.640625,-12784.66796875,0
7.90234375,10324.21875,1787.59765625,5779.296875,-8173.33984375,0
7.90625,11243.1640625,8611.81640625,-11528.80859375,9291.015625,0
7.91015625,-10933.10546875,10682.12890625,7970.21484375,-10135.7421875,0
7.9140625,-6304.6875,3035.64453125,11645.99609375,8823.73046875,0
7.91796875,3176.26953125,572.75390625,8348.6328125,9222.16796875,0
7.921875,-12800.29296875,9775.87890625,5368.1640625,-11847.16796875,0
7.92578125,10824.21875,3791.50390625,-11102.05078125,-5172.36328125,0
7.9296875,-6782.2265625,-5276.85546875,14372.55859375,-8731.4453125,0
7.93359375,-12792.48046875,12331.0546875,5774.4140625,-11909.66796875,0
7.9375,11698.2421875,9050.29296875,-9229.4921875,-3172.36328125,0
7.94140625,-793.9453125,6843.26171875,6339.35546875,-725.5859375,0
7.9453125,-12503.41796875,14175.29296875,5125.9765625,-11409.66796875,0
7.94921875,15074.21875,1680.6640625,13645.5078125,-47.36328125,0
7.953125,-12773.92578125,-13088.37890625,-9618.1640625,-4717.7734375,0
7.95703125,-12808.10546875,13714.35546875,6259.27734375,-11721.6796875,0
7.9609375,-12427.734375,1055.6640625,5397.4609375,6202.63671875,0
7.96484375,7137.20703125,10839.35546875,-11645.01953125,-14776.3671875,0
7.96875,-13206.54296875,13667.48046875,6048.33984375,-11784.1796875,0
7.97265625,-15676.7578125,11807.12890625,11653.3203125,11579.58984375,0
7.9765625,15165.52734375,2865.72265625,-1542.96875,-14741.2109375,0
7.98046875,-13378.41796875,14073.73046875,6978.02734375,-11971.6796875,0
7.984375,15075.68359375,4304.6875,-14596.6796875,4956.0546875,0
7.98828125,13187.01171875,-15115.234375,10435.546875,9276.85546875,0
7.9921875,-12901.85546875,15175.29296875,7149.90234375,-11487.3046875,0
7.99609375,-8675.78125,-9815.4296875,-15598.14453125,10080.078125,0
8.0,1188.4765625,8962.40234375,-5555.6640625,13291.015625,0
8.00390625,-12769.04296875,15269.04296875,6931.15234375,-11346.6796875,0
8.0078125,-1549.8046875,-1189.94140625,-3469.7265625,-11043.9453125,0
8.01171875,-6848.6328125,-11076.171875,-9547.36328125,11239.2578125,0
8.015625,-13690.91796875,14714.35546875,6915.52734375,-12534.66796875,0
8.01953125,5948.2421875,4429.19921875,14153.80859375,-7171.875,0
8.0234375,3193.84765625,14828.125,-15528.3203125,-730.46875,0
8.02734375,-12737.79296875,12729.4921875,6907.71484375,-11698.2421875,0
8.03125,-9797.8515625,6797.8515625,9775.87890625,6329.58984375,0
8.03515625,5259.765625,14750.0,-13582.03125,-2703.125,0
8.0390625,-12245.60546875,11572.75390625,6431.15234375,-11448.2421875,0
8.04296875,-14551.7578125,-3831.0546875,4772.94921875,2202.63671875,0
8.046875,9219.23828125,-5320.3125,-13584.47265625,-10707.03125,0
8.05078125,-12222.16796875,11244.62890625,7220.21484375,-10987.3046875,0
8.0546875,11321.77734375,12666.015625,5397.94921875,827.1484375,0
8.05859375,-12835.44921875,-7315.4296875,381.8359375,-10747.55859375,0
8.0625,-12308.10546875,11682.12890625,6798.33984375,-10831.0546875,0
8.06640625,-6802.24609375,15663.0859375,9149.90234375,13452.1484375,0
8.0703125,-14806.640625,624.0234375,12411.62109375,-2726.07421875,0
8.07421875,-12628.41796875,10885.25390625,6665.52734375,-11291.9921875,0
8.078125,-13800.29296875,8787.59765625,12902.83203125,7580.078125,0
8.08203125,-14808.10546875,-11355.46875,12476.07421875,1273.92578125,0
8.0859375,-12909.66796875,10432.12890625,7665.52734375,-11565.4296875,0
8.08984375,-10673.828125,4541.9921875,-7095.21484375,8955.078125,0
8.09375,-14790.52734375,4664.0625,-7504.8828125,-14726.07421875,0
8.09765625,-12933.10546875,10119.140625,7360.83984375,-11745.1171875,0
8.1015625,-10548.828125,-3960.9375,-9843.75,6454.58984375,0
8.10546875,3207.51953125,-1351.07421875,-13510.7421875,-712.890625,0
8.109375,-13019.04296875,10377.44140625,7744.140625,-11463.8671875,0
8.11328125,-7924.31640625,4537.59765625,5907.71484375,12580.56640625,0
8.1171875,-10855.46875,12582.03125,10480.46875,11231.4453125,0
8.12109375,-13573.73046875,9791.015625,7955.078125,-12143.5546875,0
8.125,13325.68359375,-1336.42578125,2282.2265625,4331.0546875,0
8.12890625,-14791.50390625,14631.8359375,10522.4609375,-10710.9375,0
8.1328125,-13300.29296875,9962.890625,7642.08984375,-12135.7421875,0
8.13671875,-15547.8515625,-2459.9609375,-1841.30859375,1456.0546875,0
8.140625,15223.14453125,-11310.546875,-7453.125,5297.8515625,0
8.14453125,-13526.85546875,10259.765625,8330.078125,-12128.41796875,0
8.1484375,7197.75390625,-6712.890625,6908.69140625,-3171.875,0
8.15234375,-2806.15234375,8599.609375,-7465.8203125,-10734.86328125,0
8.15625,-12573.73046875,10057.12890625,8705.078125,-11502.9296875,0
8.16015625,-10551.26953125,1289.0625,-13589.84375,10705.078125,0
8.1640625,-8830.078125,4627.9296875,8540.0390625,7267.08984375,0
8.16796875,-13128.41796875,9978.515625,8666.015625,-11784.1796875,0
8.171875,-11921.38671875,-2087.40234375,-15088.37890625,9458.49609375,0
8.17578125,1255.859375,-7329.1015625,-15421.875,1328.125,0
8.1796875,-12800.29296875,11283.69140625,8533.203125,-11604.4921875,0
8.18359375,15450.68359375,12291.9921875,8535.64453125,2079.58984375,0
8.1875,5236.81640625,667.48046875,589.35546875,9301.7578125,0
8.19140625,-12495.60546875,10096.19140625,9009.765625,-11416.9921875,0
8.1953125,-12550.78125,7541.015625,15408.69140625,9454.58984375,0
8.19921875,-14814.453125,-9364.2578125,-13472.16796875,13262.6953125,0
8.203125,-13112.79296875,10087.890625,8611.328125,-11799.8046875,0
8.20703125,14199.70703125,-459.9609375,9909.66796875,2954.58984375,0
8.2109375,-2782.71484375,6673.828125,-1402.83203125,-14707.51953125,0
8.21484375,-12581.54296875,10463.37890625,9580.078125,-11268.5546875,0
8.21875,-8924.8046875,2162.59765625,-7463.8671875,12830.078125,0
8.22265625,13243.1640625,8625.0,-15382.32421875,15312.5,0
8.2265625,-11847.16796875,10291.015625,10205.078125,-10706.0546875,0
8.23046875,-12801.7578125,-8588.8671875,-11838.8671875,4578.125,0
8.234375,-12810.05859375,-1432.12890625,611.81640625,-10730.95703125,0
8.23828125,-12979.98046875,8525.390625,9759.765625,-12018.5546875,0
8.2421875,-11174.31640625,13784.66796875,-2337.40234375,5330.078125,0
8.24609375,9203.61328125,8549.31640625,4585.44921875,11275.87890625,0
8.25,-12651.85546875,9189.453125,9689.453125,-11440.4296875,0
8.25390625,-8674.8046875,-10839.84375,-712.40234375,12580.56640625,0
8.2578125,11205.078125,-3436.03515625,-15387.20703125,-12710.44921875,0
8.26171875,-12495.60546875,9119.140625,10150.390625,-11245.1171875,0
8.265625,-10298.828125,9033.203125,-3086.9140625,8330.56640625,0
8.26953125,7209.9609375,550.78125,14609.375,-10702.63671875,0
8.2734375,-13026.85546875,8369.140625,9072.265625,-11557.6171875,0
8.27734375,-9923.828125,4784.1796875,-8960.9375,7954.58984375,0
8.28125,11218.26171875,14537.109375,-15378.41796875,-12729.98046875,0
8.28515625,-12565.91796875,8587.890625,9861.81640625,-11362.3046875,0
8.2890625,-7675.29296875,-12216.796875,37.109375,15579.1015625,0
8.29296875,3169.43359375,-3488.76953125,-11416.50390625,-10763.18359375,0
8.296875,-13003.41796875,9009.765625,9580.56640625,-12088.8671875,0
8.30078125,-7798.33984375,-7964.84375,414.0625,7580.56640625,0
8.3046875,-8761.23046875,-3434.5703125,-9388.671875,-697.265625,0
8.30859375,-12386.23046875,9392.578125,9673.828125,-11386.23046875,0
8.3125,-15299.8046875,9157.71484375,-11337.40234375,-671.38671875,0
8.31640625,3250.0,6592.28515625,-13351.07421875,9291.50390625,0
8.3203125,-12612.79296875,9517.578125,10048.828125,-11558.10546875,0
8.32421875,8824.70703125,15161.1328125,-10335.9375,-46.38671875,0
8.328125,1223.6328125,598.14453125,2664.55078125,-708.0078125,0
8.33203125,-12909.66796875,9041.015625,10205.56640625,-11643.5546875,0
8.3359375,15700.1953125,12659.66796875,3541.50390625,1329.1015625,0
8.33984375,-10772.94921875,10560.546875,12667.96875,-8706.54296875,0
8.34375,-12112.79296875,9455.078125,10557.12890625,-11190.4296875,0
8.34765625,-9426.26953125,-7839.84375,10791.50390625,7578.61328125,0
8.3515625,-2813.96484375,-1432.6171875,-9333.984375,-10729.4921875,0
8.35546875,-12987.79296875,9017.578125,10580.56640625,-11729.4921875,0
8.359375,14949.70703125,11784.66796875,5040.52734375,3830.56640625,0
8.36328125,-4823.73046875,-1464.35546875,639.6484375,-728.515625,0
8.3671875,-13503.41796875,8212.890625,10275.87890625,-12120.1171875,0
8.37109375,-12424.31640625,13161.1328125,9666.50390625,5080.078125,0
8.375,5168.9453125,4573.73046875,10674.8046875,-2738.28125,0
8.37890625,-13597.16796875,8806.640625,10541.50390625,-12331.54296875,0
8.3828125,12449.70703125,15661.1328125,13917.96875,-420.8984375,0
8.38671875,5210.44921875,572.265625,12656.73828125,-10717.7734375,0
8.390625,-12972.16796875,8939.453125,10268.06640625,-11659.1796875,0
8.39453125,-13675.78125,-14590.33203125,9790.52734375,4453.61328125,0
8.3984375,15188.4765625,-13475.09765625,8637.6953125,9263.18359375,0
8.40234375,-12519.04296875,8079.58984375,10533.69140625,-11331.0546875,0
8.40625,-14551.26953125,-9347.65625,13418.45703125,5578.61328125,0
8.41015625,15185.546875,4470.21484375,4702.63671875,-10743.1640625,0
8.4140625,-13323.73046875,8064.453125,10916.50390625,-12018.5546875,0
8.41796875,13323.73046875,11410.15625,15042.96875,5454.1015625,0
8.421875,3170.8984375,552.734375,14680.17578125,-743.1640625,0
8.42578125,-12886.23046875,9283.203125,11080.56640625,-11565.4296875,0
8.4296875,-7674.31640625,-960.44921875,-12832.51953125,9704.1015625,0
8.43359375,-10825.68359375,-1357.421875,2645.01953125,9247.55859375,0
8.4375,-13409.66796875,10096.19140625,10174.31640625,-11971.6796875,0
8.44140625,-12799.31640625,3791.50390625,12668.45703125,6831.0546875,0
8.4453125,-14804.19921875,10669.921875,-11317.3828125,3273.92578125,0
8.44921875,-12776.85546875,10564.94140625,10924.31640625,-11721.6796875,0
8.453125,-10299.8046875,10542.96875,-15708.984375,10204.58984375,0
8.45703125,13169.43359375,-7321.77734375,-5370.60546875,-758.7890625,0
8.4609375,-13612.79296875,10971.19140625,10041.50390625,-12253.41796875,0
8.46484375,6822.265625,-12081.54296875,2412.59765625,-2422.36328125,0
8.46875,15187.01171875,12717.28515625,2596.6796875,7263.18359375,0
8.47265625,-12847.16796875,11596.19140625,10541.50390625,-11643.5546875,0
8.4765625,-14925.78125,-5203.61328125,-12581.54296875,5079.1015625,0
8.48046875,-12833.0078125,10727.05078125,-15343.75,-752.44140625,0
8.484375,-13261.23046875,11369.62890625,10393.06640625,-12026.3671875,0
8.48828125,-12300.29296875,-13704.58984375,12917.48046875,8329.58984375,0
8.4921875,-14819.82421875,-15234.86328125,-11332.03125,5248.046875,0
8.49609375,-13026.85546875,12377.9296875,10721.19140625,-11666.9921875,0
8.5,12072.75390625,670.8984375,7914.55078125,2202.63671875,0
8.50390625,9208.49609375,8747.55859375,-3326.171875,15273.92578125,0
8.5078125,-12511.23046875,12198.2421875,11291.50390625,-11463.8671875,0
8.51171875,-14800.78125,5671.875,-14332.51953125,7704.1015625,0
8.515625,13214.84375,-15254.39453125,-1288.0859375,-4702.63671875,0
8.51953125,-12417.48046875,12268.5546875,11338.37890625,-11081.0546875,0
8.5234375,-11050.78125,3171.38671875,12415.52734375,5078.125,0
8.52734375,9221.6796875,-15223.6328125,-1313.96484375,-10706.0546875,0
8.53125,-12245.60546875,13057.12890625,11150.87890625,-10987.79296875,0
8.53515625,2195.80078125,-3204.1015625,2416.015625,-7924.31640625,0
8.5390625,15167.48046875,-13219.23828125,-11319.3359375,-754.39453125,0
8.54296875,-13612.79296875,11971.19140625,10252.44140625,-12464.35546875,0
8.546875,8823.2421875,-2827.1484375,1540.0390625,-2421.38671875,0
8.55078125,1198.2421875,4790.0390625,-3340.8203125,1261.71875,0
8.5546875,-12511.23046875,13049.8046875,10877.44140625,-11557.6171875,0
8.55859375,12699.21875,12173.828125,12292.48046875,453.125,0
8.5625,-4772.4609375,4806.15234375,4706.0546875,11295.41015625,0
8.56640625,-13488.28125,12659.1796875,10337.890625,-11894.04296875,0
8.5703125,-177.734375,12175.78125,-5084.47265625,-8172.36328125,0
8.57421875,3172.8515625,-15187.98828125,667.96875,-4736.328125,0
8.578125,-13003.41796875,12854.4921875,10869.62890625,-11752.9296875,0
8.58203125,-11175.78125,12427.24609375,14040.0390625,6328.61328125,0
8.5859375,-10823.2421875,-9159.66796875,-15342.28515625,-2743.1640625,0
8.58984375,-12839.35546875,13331.0546875,11064.94140625,-11713.8671875,0
8.59375,13822.75390625,-4197.265625,13166.015625,3703.125,0
8.59765625,1176.26953125,12828.61328125,-9337.890625,-14745.1171875,0
8.6015625,-13245.60546875,13448.2421875,10455.56640625,-11768.5546875,0
8.60546875,-12799.8046875,-5320.80078125,8041.015625,6703.61328125,0
8.609375,1158.203125,-7116.69921875,6664.55078125,-6765.625,0
8.61328125,-13722.16796875,13823.2421875,10604.00390625,-12394.04296875,0
8.6171875,11697.75390625,-5446.2890625,10790.52734375,-546.38671875,0
8.62109375,-14814.94140625,-11134.765625,8666.9921875,7271.484375,0
8.625,-12519.04296875,14019.04296875,11197.75390625,-11276.3671875,0
8.62890625,-15803.7109375,3053.22265625,10788.0859375,5701.66015625,0
8.6328125,-2844.7265625,10839.84375,623.53515625,3236.81640625,0
8.63671875,-13464.35546875,13557.6171875,10557.12890625,-12042.48046875,0
8.640625,5072.75390625,-4070.3125,3790.0390625,-4797.36328125,0
8.64453125,5172.36328125,-1130.859375,12675.78125,1250.48828125,0
8.6484375,-12948.73046875,13377.9296875,11018.06640625,-11674.8046875,0
8.65234375,15947.75390625,-9945.80078125,15041.9921875,3577.1484375,0
8.65625,7174.8046875,12872.55859375,14666.9921875,-14745.60546875,0
8.66015625,-12839.35546875,13987.3046875,10916.50390625,-11377.9296875,0
8.6640625,14696.77734375,-4322.75390625,-15208.49609375,4576.171875,0
8.66796875,11147.4609375,-9148.4375,4642.578125,-768.5546875,0
8.671875,-13683.10546875,13541.9921875,10260.25390625,-12222.16796875,0
8.67578125,4322.75390625,-12447.75390625,10293.45703125,-4421.38671875,0
8.6796875,-12826.66015625,10858.3984375,10691.40625,11268.06640625,0
8.68359375,-13222.16796875,13729.4921875,11111.81640625,-11612.3046875,0
8.6875,-12551.7578125,-1947.75390625,-8832.03125,12203.61328125,0
8.69140625,-12838.37890625,4794.43359375,-15329.58984375,9248.046875,0
8.6953125,-13128.41796875,13315.91796875,10791.50390625,-11776.3671875,0
8.69921875,-12425.78125,5553.7109375,-11706.54296875,2203.125,0
8.703125,-10851.07421875,840.8203125,-9334.9609375,1235.83984375,0
8.70703125,-13511.23046875,13807.6171875,10557.12890625,-12151.3671875,0
8.7109375,-15301.26953125,-2946.2890625,-15457.03125,7079.58984375,0
8.71484375,1157.2265625,12833.49609375,2687.5,-10755.37109375,0
8.71875,-13417.48046875,13338.8671875,11221.19140625,-12104.98046875,0
8.72265625,8447.75390625,-14574.70703125,15167.48046875,-1296.875,0
8.7265625,-8823.2421875,-15164.55078125,2676.7578125,-10739.2578125,0
8.73046875,-13269.04296875,13604.4921875,10705.56640625,-11979.4921875,0
8.734375,9447.75390625,-9946.2890625,13918.45703125,2329.1015625,0
8.73828125,-8831.54296875,4869.140625,-3313.96484375,-6752.9296875,0
8.7421875,-13565.91796875,13331.0546875,10799.31640625,-12401.85546875,0
8.74609375,7573.73046875,-13196.77734375,15793.9453125,-3921.875,0
8.75,15201.66015625,6877.9296875,12716.796875,-2722.16796875,0
8.75390625,-13323.73046875,13416.9921875,10916.50390625,-11987.79296875,0
8.7578125,7447.75390625,11300.29296875,12542.48046875,-3046.875,0
8.76171875,7166.9921875,-9169.921875,8676.26953125,-6744.62890625,0
8.765625,-13144.04296875,13127.9296875,10963.37890625,-11877.9296875,0
8.76953125,-13800.29296875,-7196.2890625,-13080.56640625,5955.078125,0
8.7734375,-815.91796875,-7173.33984375,14696.77734375,5263.671875,0
8.77734375,-13026.85546875,12924.8046875,10971.19140625,-11745.1171875,0
8.78125,-15550.78125,9174.8046875,13543.45703125,5329.58984375,0
8.78515625,7186.5234375,6841.796875,14710.44921875,15278.80859375,0
8.7890625,-13276.85546875,13143.5546875,10791.50390625,-11948.73046875,0
8.79296875,7322.265625,12174.8046875,8291.9921875,-6548.33984375,0
8.796875,-12830.56640625,-5173.33984375,-7307.12890625,-6751.46484375,0
8.80078125,-13315.91796875,13268.5546875,10963.37890625,-12120.1171875,0
8.8046875,14574.21875,-13448.73046875,-15706.54296875,1953.125,0
8.80859375,1171.875,-11202.63671875,14678.7109375,-8763.671875,0
8.8125,-12862.79296875,13151.3671875,10986.81640625,-11823.2421875,0
8.81640625,-11675.29296875,-13076.171875,-15833.49609375,3452.63671875,0
8.8203125,7206.0546875,12813.96484375,-13324.21875,-10750.9765625,0
8.82421875,-13229.98046875,12909.1796875,10275.87890625,-12354.98046875,0
8.828125,12073.73046875,11426.7578125,1666.50390625,-3922.36328125,0
8.83203125,13175.78125,-9161.62109375,6684.08203125,3242.1875,0
8.8359375,-13222.16796875,13284.1796875,11072.75390625,-12128.41796875,0
8.83984375,8948.73046875,15675.78125,10916.9921875,-5547.36328125,0
8.84375,-10809.08203125,828.125,-7307.6171875,-740.234375,0
8.84765625,-13183.10546875,12956.0546875,10611.81640625,-11870.1171875,0
8.8515625,12447.75390625,14051.7578125,3414.0625,3202.63671875,0
8.85546875,1157.2265625,10834.47265625,8631.34765625,11228.02734375,0
8.859375,-13253.41796875,13229.4921875,10666.50390625,-12135.7421875,0
8.86328125,14198.73046875,-13324.21875,14791.015625,2828.61328125,0
8.8671875,13179.19921875,-1195.80078125,2665.0390625,1243.65234375,0
8.87109375,-13284.66796875,12791.9921875,10932.12890625,-12292.48046875,0
8.875,8821.77734375,15552.24609375,13166.50390625,-2922.36328125,0
8.87890625,13168.9453125,6830.56640625,2658.203125,13243.65234375,0
8.8828125,-12557.6171875,12448.2421875,10643.06640625,-11510.7421875,0
8.88671875,1448.73046875,-10446.77734375,-13708.49609375,-13672.36328125,0
8.890625,13122.55859375,2802.734375,6639.6484375,-8810.546875,0
8.89453125,-14144.53125,12674.8046875,9830.078125,-13026.85546875,0
8.8984375,-2678.7109375,5548.828125,-8835.44921875,15076.171875,0
8.90234375,-4837.890625,-9172.8515625,-13336.9140625,3236.328125,0
8.90625,-13558.10546875,13307.6171875,10572.75390625,-12229.98046875,0
8.91015625,8573.2421875,-10823.2421875,11916.9921875,-421.875,0
8.9140625,15182.12890625,10805.17578125,14670.8984375,15254.8828125,0
8.91796875,-13237.79296875,13307.6171875,10611.81640625,-12057.6171875,0
8.921875,13198.73046875,-7573.2421875,10166.015625,328.61328125,0
8.92578125,-14826.171875,2830.56640625,10643.5546875,1244.140625,0
8.9296875,-13284.66796875,13268.5546875,10549.31640625,-12222.16796875,0
8.93359375,14823.2421875,-11073.73046875,15166.50390625,-47.36328125,0
8.9375,7175.78125,4791.50390625,-1338.37890625,-2753.41796875,0
8.94140625,-13019.04296875,12815.4296875,10564.94140625,-11987.3046875,0
8.9453125,13822.75390625,-15699.21875,10416.015625,3703.61328125,0
8.94921875,9140.625,-15187.5,641.11328125,-10762.6953125,0
8.953125,-13776.85546875,12745.1171875,10314.94140625,-12362.79296875,0
8.95703125,7071.77734375,15550.78125,7290.52734375,-3923.33984375,0
8.9609375,9166.015625,-3189.94140625,-5341.30859375,11235.83984375,0
8.96484375,-12909.66796875,12987.3046875,10729.00390625,-11885.7421875,0
8.96875,-13051.7578125,-14200.1953125,11916.015625,2703.125,0
8.97265625,-14820.3125,10788.57421875,-5349.12109375,5256.34765625,0
8.9765625,-12729.98046875,12948.2421875,10220.703125,-11792.48046875,0
8.98046875,10947.75390625,10798.828125,-834.9609375,-5297.8515625,0
8.984375,13191.40625,-15190.4296875,-13321.77734375,-12738.76953125,0
8.98828125,-13237.79296875,12635.25390625,10416.50390625,-12198.73046875,0
8.9921875,8822.75390625,-824.70703125,2540.52734375,-8922.8515625,0
8.99609375,-2825.68359375,4830.56640625,-5375.0,11250.48828125,0
9.0,-13011.23046875,12198.2421875,10033.69140625,-11846.6796875,0
9.00390625,13945.80078125,7549.8046875,11540.0390625,1575.1953125,0
9.0078125,3149.4140625,787.59765625,2622.0703125,-4773.92578125,0
9.01171875,-13237.79296875,12604.4921875,10018.06640625,-11917.48046875,0
9.015625,7947.265625,4295.8984375,1040.0390625,-3422.8515625,0
9.01953125,-12815.91796875,745.60546875,-13363.28125,-4748.53515625,0
9.0234375,-12784.66796875,12721.6796875,9947.265625,-11878.41796875,0
9.02734375,11196.77734375,9047.8515625,-1336.42578125,-2673.828125,0
9.03125,-10832.51953125,-3244.62890625,6625.9765625,-12766.6015625,0
9.03515625,-13222.16796875,12166.9921875,9923.828125,-12206.54296875,0
9.0390625,13201.171875,5047.36328125,-3458.984375,-4045.41015625,0
9.04296875,-2742.67578125,12807.6171875,-9292.96875,13298.828125,0
9.046875,-13261.23046875,12620.1171875,10353.515625,-12394.04296875,0
9.05078125,2447.75390625,5924.31640625,-10087.890625,15325.1953125,0
9.0546875,7168.45703125,8769.53125,12627.44140625,-8787.59765625,0
9.05859375,-13448.73046875,11932.12890625,10369.62890625,-12776.85546875,0
9.0625,7947.75390625,-326.171875,7541.015625,-9923.828125,0
9.06640625,13184.5703125,8782.71484375,668.45703125,-14765.13671875,0
9.0703125,-12956.54296875,12041.9921875,10604.00390625,-12354.98046875,0
9.07421875,12572.265625,7049.31640625,3288.57421875,-8923.828125,0
9.078125,11162.109375,-1225.09765625,10635.25390625,1213.8671875,0
9.08203125,-13550.29296875,12081.0546875,10635.25390625,-12620.60546875,0
9.0859375,7947.75390625,3298.33984375,11416.015625,-8048.33984375,0
9.08984375,9170.41015625,8765.13671875,-11342.28515625,9228.02734375,0
9.09375,-13128.41796875,12557.6171875,10494.62890625,-12386.23046875,0
9.09765625,13573.2421875,12423.828125,8666.50390625,-4297.8515625,0
9.1015625,15204.58984375,14781.73828125,682.6171875,5255.37109375,0
9.10546875,-12644.04296875,12354.4921875,10736.81640625,-11972.16796875,0
9.109375,-14801.26953125,11549.8046875,9291.015625,-4297.8515625,0
9.11328125,13178.7109375,12774.4140625,8637.20703125,11225.09765625,0
9.1171875,-13237.79296875,12706.0546875,10580.56640625,-12597.16796875,0
9.12109375,10322.265625,13297.8515625,13416.9921875,-9174.31640625,0
9.125,13176.7578125,8774.90234375,6675.29296875,13230.46875,0
9.12890625,-12784.66796875,12635.7421875,10908.69140625,-11979.98046875,0
9.1328125,15073.2421875,13550.29296875,-15832.51953125,-172.36328125,0
9.13671875,-4844.7265625,-13206.54296875,-3360.3515625,7203.61328125,0
9.140625,-13409.66796875,12463.8671875,10268.06640625,-12675.29296875,0
9.14453125,15822.265625,7297.8515625,8289.0625,-5424.8046875,0
9.1484375,3150.87890625,-1224.12109375,-13362.79296875,1200.68359375,0
9.15234375,-13706.54296875,12916.9921875,10471.19140625,-12636.23046875,0
9.15625,4571.2890625,-9700.68359375,12416.015625,-9175.29296875,0
9.16015625,11166.50390625,10802.24609375,2673.828125,-4777.83203125,0
9.1640625,-13237.79296875,13315.4296875,11104.00390625,-12503.41796875,0
9.16796875,4444.3359375,12551.7578125,10791.50390625,14322.265625,0
9.171875,-926.7578125,-15165.0390625,6644.53125,9121.58203125,0
9.17578125,-15042.96875,12706.0546875,9994.62890625,-14144.53125,0
9.1796875,14687.5,6675.78125,1166.50390625,-2933.59375,0
9.18359375,-973.14453125,12927.734375,8760.25390625,5084.47265625,0
9.1875,-15449.70703125,14104.4921875,11932.12890625,-14566.40625,0
9.19140625,-3940.4296875,-9069.82421875,7917.48046875,10437.98828125,0
9.1953125,14879.8828125,12835.44921875,-5358.3984375,-7054.19921875,0
9.19921875,13386.23046875,13636.23046875,9103.515625,14683.10546875,0
9.203125,1056.640625,1426.7578125,-2210.9375,-12314.94140625,1
9.20703125,2885.7421875,-5077.63671875,4614.74609375,-15043.9453125,1
9.2109375,13854.4921875,14924.8046875,10307.12890625,15073.73046875,1
9.21484375,-2447.75390625,-1578.125,9411.1328125,-14191.89453125,1
9.21875,-7144.53125,8767.08984375,-11464.35546875,948.2421875,1
9.22265625,14042.48046875,14011.23046875,8783.203125,15667.48046875,1
9.2265625,3427.24609375,8554.6875,-7466.30859375,-315.4296875,1
9.23046875,-11146.484375,12822.265625,-13538.57421875,2960.9375,1
9.234375,14432.6171875,12182.6171875,7775.390625,-15816.89453125,1
9.23828125,-4318.84765625,6807.12890625,-11959.9609375,-8313.4765625,1
9.2421875,6900.87890625,-7100.5859375,4669.43359375,-15004.39453125,1
9.24609375,14144.04296875,14097.16796875,12776.85546875,15729.98046875,1
9.25,8183.10546875,15680.17578125,-1178.22265625,-1811.5234375,1
9.25390625,-13111.328125,8911.62109375,-8798.828125,-7026.3671875,1
9.2578125,12948.2421875,-15526.85546875,-13003.41796875,14198.73046875,1
9.26171875,-65.91796875,4083.49609375,-8411.62109375,-15311.5234375,1
9.265625,-9032.2265625,-2256.34765625,-2359.375,5048.33984375,1
9.26953125,14886.23046875,-383.30078125,-3719.23828125,-15676.26953125,1
9.2734375,555.6640625,-8751.953125,872.55859375,-5439.453125,1
9.27734375,8908.203125,15975.5859375,-14024.90234375,14963.8671875,1
9.28125,14550.29296875,-406.73828125,-437.98828125,15565.91796875,1
9.28515625,2054.19921875,-6501.953125,-6251.953125,-10191.40625,1
9.2890625,-15080.56640625,-8025.87890625,-8025.87890625,2965.8203125,1
9.29296875,14815.4296875,-406.73828125,-406.73828125,15683.10546875,1
9.296875,-1568.84765625,-6501.953125,-6501.953125,15185.546875,1
9.30078125,-3035.15625,-8025.87890625,-8025.87890625,1021.97265625,1
9.3046875,14347.16796875,-406.73828125,-406.73828125,15175.29296875,1
9.30859375,930.17578125,-6501.953125,-6501.953125,13433.59375,1
9.3125,-3060.05859375,-8025.87890625,-8021.97265625,5004.39453125,1
9.31640625,15745.60546875,-406.73828125,-578.61328125,-15301.26953125,1
9.3203125,8929.6875,-6501.953125,-10250.48828125,-9817.3828125,1
9.32421875,14894.04296875,-8025.87890625,-674.8046875,6923.33984375,1
9.328125,14862.79296875,-406.73828125,11853.515625,15487.79296875,1
9.33203125,-10444.3359375,-6501.953125,2261.71875,-67.3828125,1
9.3359375,4832.03125,-8025.87890625,-13452.63671875,4863.28125,1
9.33984375,14456.54296875,-406.73828125,-13605.46875,14847.16796875,1
9.34375,11930.6640625,-6501.953125,8904.78515625,14805.6640625,1
9.34765625,8865.234375,-8025.87890625,10849.609375,6870.1171875,1
9.3515625,13792.48046875,-406.73828125,15541.50390625,13823.73046875,1
9.35546875,5680.6640625,-6501.953125,-10082.03125,2180.17578125,1
9.359375,2889.6484375,-8025.87890625,-5092.28515625,890.625,1
9.36328125,13839.35546875,-406.73828125,14649.4140625,13933.10546875,1
9.3671875,1430.6640625,-6501.953125,14375.0,2555.6640625,1
9.37109375,-13179.6875,-8025.87890625,17.08984375,2830.078125,1
9.375,14299.8046875,-406.73828125,414.0625,14565.91796875,1
9.37890625,-1946.77734375,-6501.953125,15.13671875,2804.6875,1
9.3828125,-9090.33203125,-8025.87890625,6544.43359375,10939.94140625,1
9.38671875,13135.7421875,-406.73828125,9253.41796875,13588.8671875,1
9.390625,12426.7578125,-6501.953125,6064.453125,15677.24609375,1
9.39453125,4854.98046875,-8025.87890625,7028.3203125,14859.86328125,1
9.3984375,13237.3046875,-406.73828125,-14832.03125,13034.1796875,1
9.40234375,-14696.77734375,-6501.953125,-1444.3359375,12926.7578125,1
9.40625,2857.91015625,-8025.87890625,-10979.98046875,822.265625,1
9.41015625,14073.73046875,-406.73828125,-9470.703125,13737.3046875,1
9.4140625,2553.7109375,-6501.953125,-14760.25390625,-3197.75390625,1
9.41796875,4840.33203125,-8025.87890625,-12115.234375,12850.5859375,1
9.421875,13252.9296875,-406.73828125,14515.625,13573.73046875,1
9.42578125,-5448.73046875,-6501.953125,8254.39453125,927.24609375,1
9.4296875,8819.82421875,-8025.87890625,-13930.17578125,-9162.59765625,1
9.43359375,14003.41796875,-391.11328125,0.0,14503.41796875,1
9.4375,926.26953125,-7501.46484375,2753.90625,6551.7578125,1
9.44140625,782.2265625,-14035.15625,11.71875,10783.69140625,1
9.4453125,12291.9921875,-1609.86328125,265.625,12315.4296875,1
9.44921875,-13075.68359375,-10508.30078125,-10624.0234375,-11324.70703125,1
9.453125,8781.73828125,-6357.421875,10003.90625,-11203.125,1
9.45703125,13471.6796875,-6916.015625,492.67578125,13495.1171875,1
9.4609375,7423.33984375,10338.8671875,15641.11328125,10549.31640625,1
9.46484375,-15188.96484375,9187.5,-9824.70703125,-3179.19921875,1
9.46875,12502.44140625,-13558.59375,4110.83984375,12604.00390625,1
9.47265625,-4330.078125,-1937.01171875,13041.9921875,-579.58984375,1
9.4765625,-15232.421875,-15031.73828125,-1264.6484375,4775.390625,1
9.48046875,11439.94140625,13455.56640625,11424.8046875,11346.19140625,1
9.484375,6169.43359375,5796.38671875,-1558.10546875,6170.41015625,1
9.48828125,-11272.94921875,8763.671875,9172.8515625,8714.35546875,1
9.4921875,11689.94140625,7891.6015625,-15136.71875,11385.25390625,1
9.49609375,15915.52734375,-2607.421875,-15558.10546875,11790.0390625,1
9.5,-15361.328125,10205.078125,8966.30859375,6629.39453125,1
9.50390625,9869.62890625,2789.55078125,-14628.41796875,9596.19140625,1
9.5078125,9416.50390625,6011.23046875,-15545.41015625,9041.015625,1
9.51171875,-15384.765625,12102.05078125,-14781.73828125,-5401.85546875,1
9.515625,10158.69140625,1992.67578125,-12416.9921875,9932.12890625,1
9.51953125,-10459.9609375,-15110.83984375,-4792.48046875,-15961.42578125,1
9.5234375,8613.28125,-9723.6328125,1236.328125,14601.5625,1
9.52734375,10572.75390625,3094.23828125,-11674.31640625,10268.06640625,1
9.53125,-8333.984375,14260.25390625,-6668.9453125,-13209.9609375,1
9.53515625,6670.41015625,-11743.65234375,15312.01171875,10633.7890625,1
9.5390625,11697.75390625,5187.98828125,-7838.8671875,11236.81640625,1
9.54296875,-15458.0078125,-4731.4453125,-8790.52734375,9914.55078125,1
9.546875,4658.69140625,-1708.0078125,-6561.03515625,-3356.4453125,1
9.55078125,11010.25390625,2930.17578125,-8970.703125,10814.94140625,1
9.5546875,-7705.56640625,-12481.93359375,5721.6796875,-13582.51953125,1
9.55859375,14739.2578125,6243.1640625,7461.9140625,-5285.15625,1
9.5625,11822.75390625,2078.61328125,-12535.15625,11447.75390625,1
9.56640625,-12956.54296875,11518.06640625,11188.96484375,13541.9921875,1
9.5703125,761.23046875,12365.234375,-7017.08984375,6729.00390625,1
9.57421875,12869.62890625,5469.23828125,15010.7421875,12533.69140625,1
9.578125,-1203.61328125,-3109.86328125,-11202.1484375,-2829.58984375,1
9.58203125,14742.1875,-3813.96484375,12826.66015625,8726.5625,1
9.5859375,11752.9296875,2711.42578125,12345.703125,11338.37890625,1
9.58984375,5049.8046875,-8739.74609375,-7960.44921875,-2452.1484375,1
9.59375,812.5,8135.25390625,-7336.42578125,-5224.609375,1
9.59765625,11697.75390625,2891.11328125,11370.60546875,11268.06640625,1
9.6015625,-8072.75390625,-7856.93359375,3936.5234375,-13449.70703125,1
9.60546875,10812.01171875,12250.0,2982.91015625,796.875,1
9.609375,11440.4296875,3063.4765625,-15300.29296875,11213.8671875,1
9.61328125,14425.29296875,-6102.5390625,-13298.828125,7673.828125,1
9.6171875,4820.3125,-15578.125,-8703.61328125,-11198.2421875,1
9.62109375,13596.6796875,6742.67578125,-9791.9921875,13362.3046875,1
9.625,4678.22265625,-11479.00390625,-8539.55078125,50.78125,1
9.62890625,12907.2265625,4536.62109375,-12531.73828125,2852.05078125,1
9.6328125,13159.1796875,6055.6640625,-7518.06640625,12659.1796875,1
9.63671875,14178.7109375,14399.90234375,-13786.1328125,9302.734375,1
9.640625,-7112.79296875,-5633.30078125,-2496.58203125,2858.3984375,1
9.64453125,13752.9296875,5720.21484375,-8557.12890625,13190.4296875,1
9.6484375,-1947.265625,3270.5078125,-11911.1328125,-8697.75390625,1
9.65234375,12894.53125,10267.08984375,3378.90625,14879.8828125,1
9.65625,14565.4296875,5360.83984375,-10095.703125,14198.2421875,1
9.66015625,-6946.77734375,12779.296875,-2512.6953125,-6321.77734375,1
9.6640625,-15105.46875,-9609.375,5740.72265625,-15118.65234375,1
9.66796875,14870.60546875,7392.08984375,-1430.17578125,14800.29296875,1
9.671875,4428.7109375,-11852.5390625,7616.69921875,1802.24609375,1
9.67578125,-9076.171875,-9574.70703125,-4025.390625,14893.06640625,1
9.6796875,14761.23046875,6430.6640625,-1281.73828125,14253.41796875,1
9.68359375,-15440.4296875,-15858.88671875,8868.65234375,8308.10546875,1
9.6875,-15094.23828125,-9710.9375,-12126.953125,6879.8828125,1
9.69140625,14573.73046875,4000.48828125,-2141.6015625,14222.16796875,1
9.6953125,-13188.4765625,-12863.76953125,2856.93359375,14810.05859375,1
9.69921875,-15041.50390625,-7920.8984375,15725.09765625,-13058.59375,1
9.703125,14472.16796875,843.75,-5970.703125,14253.41796875,1
9.70703125,7432.6171875,-4995.1171875,9596.6796875,6057.6171875,1
9.7109375,-3045.8984375,-9985.3515625,-12460.9375,-9063.96484375,1
9.71484375,15214.35546875,0.0,-10144.04296875,14761.23046875,1
9.71875,-9563.96484375,625.0,-10925.78125,-15440.91796875,1
9.72265625,2965.33203125,0.0,13273.4375,933.59375,1
9.7265625,14597.16796875,0.0,-11791.9921875,14229.98046875,1
9.73046875,-14440.91796875,0.0,5451.171875,13683.59375,1
9.734375,-11067.87109375,0.0,-12793.45703125,917.48046875,1
9.73828125,15636.23046875,0.0,-11683.10546875,15448.73046875,1
9.7421875,13181.15234375,0.0,-1425.78125,10555.6640625,1
9.74609375,8979.4921875,0.0,-2717.7734375,968.75,1
9.75,14791.9921875,0.0,-11495.1171875,14518.5546875,1
9.75390625,-1186.5234375,0.0,962.40234375,-7562.98828125,1
9.7578125,-2991.2109375,0.0,3303.7109375,-13000.48828125,1
9.76171875,14948.73046875,0.0,-10424.31640625,14901.85546875,1
9.765625,11933.10546875,0.0,11827.1484375,5681.15234375,1
9.76953125,-3051.26953125,0.0,-12752.9296875,-7065.91796875,1
9.7734375,15339.35546875,0.0,-10588.8671875,15409.66796875,1
9.77734375,-3316.89453125,0.0,-4795.8984375,-3817.3828125,1
9.78125,-13075.68359375,0.0,-752.44140625,6910.64453125,1
9.78515625,14714.35546875,0.0,14218.75,14417.48046875,1
9.7890625,-13313.96484375,0.0,-10000.0,-13938.4765625,1
9.79296875,6921.875,0.0,68.359375,8925.78125,1
9.796875,15300.29296875,0.0,3641.6015625,15292.48046875,1
9.80078125,13560.05859375,0.0,-6713.37890625,10433.59375,1
9.8046875,4970.21484375,0.0,10770.5078125,-13042.48046875,1
9.80859375,14049.8046875,0.0,13722.16796875,13916.9921875,1
9.8125,-190.91796875,0.0,3675.29296875,-5192.3828125,1
9.81640625,-15044.43359375,0.0,-5180.6640625,-11057.6171875,1
9.8203125,14315.91796875,0.0,9134.27734375,14128.41796875,1
9.82421875,7683.59375,0.0,-12583.0078125,3182.12890625,1
9.828125,14916.9921875,0.0,8740.234375,10893.5546875,1
9.83203125,13971.6796875,0.0,7000.0,13604.4921875,1
9.8359375,-6570.3125,0.0,-14866.69921875,-9569.82421875,1
9.83984375,-13086.9140625,0.0,-15727.5390625,-9083.984375,1
9.84375,14675.29296875,0.0,6681.15234375,14331.54296875,1
9.84765625,2802.24609375,0.0,-8867.1875,3303.22265625,1
9.8515625,-5157.71484375,0.0,10000.0,-15157.2265625,1
9.85546875,14291.9921875,0.0,218.75,14182.6171875,1
9.859375,-4946.77734375,0.0,0.0,-3445.80078125,1
9.86328125,4871.58203125,0.0,0.0,10880.37109375,1
9.8671875,13620.1171875,0.0,0.0,13714.35546875,1
9.87109375,-1194.82421875,0.0,0.0,1180.6640625,1
9.875,10892.578125,0.0,0.0,-7103.02734375,1
9.87890625,13237.3046875,0.0,0.0,13346.6796875,1
9.8828125,5301.7578125,0.0,375.0,7927.24609375,1
9.88671875,-13094.7265625,0.0,-16000.0,909.66796875,1
9.890625,14002.9296875,0.0,1656.73828125,13877.9296875,1
9.89453125,-6569.3359375,0.0,-9997.0703125,-11695.80078125,1
9.8984375,12888.18359375,0.0,-12000.0,8899.90234375,1
9.90234375,13370.1171875,0.0,0.0,13847.16796875,1
9.90625,-1945.80078125,0.0,-1972.16796875,179.19921875,1
9.91015625,2968.75,0.0,-13317.3828125,-5040.0390625,1
9.9140625,-14738.76953125,0.0,-14837.40234375,-14550.78125,1
9.91796875,-8695.80078125,0.0,-6625.48828125,679.19921875,1
9.921875,12761.71875,0.0,7952.1484375,-7242.67578125,1
9.92578125,12276.3671875,0.0,-398.92578125,12479.4921875,1
9.9296875,6166.9921875,0.0,-6126.953125,6416.9921875,1
9.93359375,14745.60546875,7.32421875,-8025.390625,-13268.5546875,1
9.9375,11127.44140625,46.875,-398.92578125,10447.265625,1
9.94140625,5295.41015625,7149.90234375,-6501.953125,-8084.9609375,1
9.9453125,940.4296875,3023.92578125,-6025.390625,-13177.24609375,1
9.94921875,-15699.70703125,-8204.1015625,-406.73828125,14291.50390625,1
9.953125,1304.6875,-14251.953125,-6501.953125,-2082.03125,1
9.95703125,-4979.98046875,-2031.25,-4026.85546875,-7178.22265625,1
9.9609375,15808.59375,-422.36328125,-430.17578125,12401.3671875,1
9.96484375,14578.125,-6126.953125,-7757.8125,-15439.453125,1
9.96875,9031.25,-6025.87890625,5642.578125,2696.77734375,1
9.97265625,-14706.0546875,-406.73828125,-10605.46875,11815.91796875,1
9.9765625,14825.1953125,-6501.953125,12662.59765625,-8072.75390625,1
9.98046875,11168.9453125,-6025.390625,6216.30859375,4782.71484375,1
9.984375,-12159.1796875,-398.92578125,3321.2890625,13682.6171875,1
9.98828125,5201.171875,-6376.953125,14142.578125,-4700.1953125,1
9.9921875,-10674.31640625,-6025.87890625,-11716.30859375,12908.203125,1
9.99609375,-9627.9296875,-406.73828125,5657.71484375,15433.10546875,1
10.0,-4540.52734375,-6501.953125,-7595.21484375,9558.10546875,1
10.00390625,-6657.71484375,-8025.390625,-15504.8828125,-3043.9453125,0
10.0078125,-10768.5546875,-406.73828125,14559.08203125,15183.10546875,0
10.01171875,-8541.9921875,-6501.953125,-9306.15234375,-6811.5234375,0
10.015625,-10651.85546875,-8025.87890625,-6788.0859375,5098.14453125,0
10.01953125,-10284.1796875,-406.73828125,-7454.58984375,-13511.23046875,0
10.0234375,-15917.48046875,-6501.953125,-7392.578125,4197.75390625,0
10.02734375,-10678.22265625,-8025.390625,-14244.62890625,3178.7109375,0
10.03125,-11276.3671875,-422.36328125,-1633.30078125,-13081.54296875,0
10.03515625,13079.58984375,-6001.953125,-6501.953125,-9799.8046875,0
10.0390625,1282.2265625,5953.125,13973.14453125,15242.1875,0
10.04296875,-12144.04296875,-1211.9140625,-398.92578125,-12300.29296875,0
10.046875,-11425.29296875,-10897.94921875,-6501.953125,-8673.33984375,0
10.05078125,15171.875,15412.109375,-8025.87890625,3204.1015625,0
10.0546875,-13479.98046875,-11550.29296875,-398.92578125,-12854.98046875,0
10.05859375,4577.63671875,2927.24609375,-6876.953125,-10041.9921875,0
10.0625,7223.6328125,-3527.34375,-14022.4609375,1319.3359375,0
10.06640625,-14409.66796875,4219.23828125,-1774.4140625,-12878.41796875,0
10.0703125,2697.75390625,10379.39453125,11110.3515625,-7170.41015625,0
10.07421875,-2882.32421875,-3985.3515625,1667.96875,5233.3984375,0
10.078125,-14081.54296875,0.0,-6775.390625,-12323.2421875,0
10.08203125,3948.2421875,375.0,11968.75,3831.0546875,0
10.0859375,-2799.8046875,0.0,-12625.48828125,-10686.5234375,0
10.08984375,-13675.29296875,0.0,-11487.3046875,-11885.7421875,0
10.09375,11698.2421875,0.0,14704.1015625,3954.1015625,0
10.09765625,3130.859375,0.0,-12804.6875,-2762.20703125,0
10.1015625,-13808.10546875,0.0,-13503.90625,-12089.35546875,0
10.10546875,1070.3125,0.0,-11185.05859375,-6173.828125,0
10.109375,11176.7578125,0.0,-12955.078125,-12717.7734375,0
10.11328125,-13324.21875,0.0,15862.79296875,-11401.85546875,0
10.1171875,-8557.12890625,0.0,12306.15234375,-4798.33984375,0
10.12109375,9133.30078125,0.0,14850.09765625,-4731.93359375,0
10.125,-12628.41796875,0.0,12541.50390625,-10721.6796875,0
10.12890625,10568.359375,0.0,-2331.0546875,12451.171875,0
10.1328125,-2858.3984375,0.0,2633.30078125,15256.8359375,0
10.13671875,-13526.85546875,0.0,9150.390625,-11518.5546875,0
10.140625,10822.265625,0.0,-2460.9375,8705.078125,0
10.14453125,-897.4609375,0.0,12538.0859375,9223.14453125,0
10.1484375,-14456.54296875,0.0,7431.15234375,-12479.4921875,0
10.15234375,1695.3125,0.0,-7721.6796875,2202.1484375,0
10.15625,5115.72265625,0.0,10433.59375,-6768.5546875,0
10.16015625,-13839.35546875,0.0,6642.08984375,-11987.3046875,0
10.1640625,5698.73046875,0.0,6900.87890625,5706.0546875,0
10.16796875,15187.01171875,0.0,2427.24609375,11293.9453125,0
10.171875,-14034.66796875,0.0,5844.7265625,-12167.48046875,0
10.17578125,4320.80078125,0.0,-7850.5859375,-1296.875,0
10.1796875,-6889.16015625,0.0,8384.27734375,5223.6328125,0
10.18359375,-13620.60546875,0.0,6149.4140625,-11893.5546875,0
10.1875,6948.2421875,0.0,-4104.00390625,4830.078125,0
10.19140625,11223.6328125,0.0,-11637.6953125,-14674.8046875,0
10.1953125,-13378.90625,0.0,5461.9140625,-11385.7421875,0
10.19921875,-2305.6640625,0.0,-9603.515625,1327.63671875,0
10.203125,15118.1640625,0.0,-1658.203125,13249.0234375,0
10.20703125,-13722.16796875,0.0,5297.8515625,-11674.8046875,0
10.2109375,14949.21875,0.0,-2976.5625,14206.54296875,0
10.21484375,7168.9453125,0.0,10356.93359375,13291.9921875,0
10.21875,-13229.98046875,0.0,5383.7890625,-11190.4296875,0
10.22265625,-8796.875,0.0,-7227.5390625,-8665.52734375,0
10.2265625,1205.078125,0.0,2330.56640625,3310.546875,0
10.23046875,-12706.54296875,0.0,4461.9140625,-10862.3046875,0
10.234375,-6551.26953125,0.0,14147.94921875,-10167.96875,0
10.23828125,-6828.61328125,0.0,12330.078125,3289.0625,0
10.2421875,-13245.60546875,0.0,4719.7265625,-11518.5546875,0
10.24609375,8322.75390625,0.0,-13228.02734375,7956.0546875,0
10.25,-10799.8046875,0.0,353.02734375,-6680.17578125,0
10.25390625,-12565.91796875,0.0,5094.7265625,-11151.3671875,0
10.2578125,-2801.26953125,0.0,-8733.3984375,14955.078125,0
10.26171875,-4853.02734375,0.0,4150.87890625,-10733.3984375,0
10.265625,-13315.91796875,0.0,2570.80078125,-11487.3046875,0
10.26953125,13323.73046875,0.0,15139.16015625,10080.078125,0
10.2734375,-8822.265625,0.0,-13714.84375,-6721.6796875,0
10.27734375,-12987.79296875,0.0,4719.7265625,-11221.6796875,0
10.28125,-7800.29296875,0.0,13643.5546875,-12543.45703125,0
10.28515625,-10808.59375,0.0,-7693.84765625,9308.59375,0
10.2890625,-13183.10546875,0.0,5141.6015625,-11393.5546875,0
10.29296875,14576.171875,0.0,-9979.00390625,6457.03125,0
10.296875,-14797.36328125,0.0,-1662.109375,-2694.3359375,0
10.30078125,-13112.79296875,0.0,5680.6640625,-11440.4296875,0
10.3046875,-10299.31640625,0.0,-7231.93359375,-13917.96875,0
10.30859375,1163.0859375,0.0,-5693.359375,3266.6015625,0
10.3125,-13589.35546875,0.0,5336.9140625,-11885.7421875,0
10.31640625,-11799.31640625,0.0,-2475.5859375,11456.54296875,0
10.3203125,9186.5234375,0.0,-5614.74609375,-2699.21875,0
10.32421875,-13526.85546875,0.0,5383.7890625,-11729.98046875,0
10.328125,2073.73046875,0.0,-8977.05078125,-1170.41015625,0
10.33203125,7222.16796875,0.0,-1630.37109375,-678.22265625,0
10.3359375,-12698.73046875,0.0,5876.46484375,-11026.3671875,0
10.33984375,12447.75390625,875.0,7399.90234375,8954.1015625,0
10.34375,7174.8046875,8005.859375,-3601.5625,15264.6484375,0
10.34765625,-12714.35546875,859.375,6649.90234375,-11229.4921875,0
10.3515625,-3797.8515625,-8741.69921875,8900.390625,-13166.9921875,0
10.35546875,-2802.24609375,-1854.4921875,10405.2734375,-14714.35546875,0
10.359375,-14035.15625,1984.86328125,6571.77734375,-12370.60546875,0
10.36328125,-678.22265625,12386.71875,13525.390625,-4047.36328125,0
10.3671875,-8804.6875,192.3828125,-7593.26171875,11287.59765625,0
10.37109375,-12729.98046875,3727.05078125,6923.33984375,-11002.9296875,0
10.375,12447.75390625,-7861.81640625,-12848.14453125,5453.61328125,0
10.37890625,-10825.68359375,12245.1171875,8437.5,15282.71484375,0
10.3828125,-12519.04296875,4274.4140625,7345.21484375,-10815.4296875,0
10.38671875,-3925.29296875,-13103.515625,-14720.703125,-10418.9453125,0
10.390625,1189.453125,-13652.83203125,509.765625,-10706.54296875,0
10.39453125,-12550.29296875,5571.2890625,8009.27734375,-11026.3671875,0
10.3984375,-9427.24609375,-1974.12109375,-13472.65625,14579.58984375,0
10.40234375,7182.12890625,6406.73828125,-9513.18359375,-10711.9140625,0
10.40625,-12878.41796875,5962.40234375,7978.02734375,-11557.6171875,0
10.41015625,-13049.8046875,5402.34375,-969.23828125,7206.0546875,0
10.4140625,-10824.70703125,12429.19921875,-5520.99609375,3273.4375,0
10.41796875,-13065.4296875,6188.96484375,7900.390625,-11456.0546875,0
10.421875,328.125,7154.296875,-15091.30859375,-7916.015625,0
10.42578125,15166.015625,444.82421875,472.65625,3263.18359375,0
10.4296875,-13589.35546875,6595.21484375,8376.953125,-12057.6171875,0
10.43359375,11197.75390625,11275.87890625,-14841.30859375,4453.61328125,0
10.4375,-2806.15234375,-7553.22265625,-3444.3359375,-723.6328125,0
10.44140625,-12667.48046875,7142.08984375,8931.640625,-11432.6171875,0
10.4453125,-15051.7578125,12027.34375,6033.203125,7329.1015625,0
10.44921875,3214.84375,-13546.875,-7405.76171875,15305.6640625,0
10.453125,-11839.35546875,7657.71484375,9673.828125,-10581.0546875,0
10.45703125,-11427.734375,-9848.6328125,-14340.33203125,10703.61328125,0
10.4609375,-12806.640625,-13517.578125,2564.94140625,13290.52734375,0
10.46484375,-12917.48046875,8298.828125,9197.265625,-11409.1796875,0
10.46875,13074.70703125,281.73828125,-11087.40234375,7331.0546875,0
10.47265625,-815.91796875,-1477.05078125,-11403.3203125,7281.25,0
10.4765625,-13183.10546875,8095.703125,9119.140625,-11807.6171875,0
10.48046875,-10050.29296875,2532.2265625,-13464.35546875,9831.0546875,0
10.484375,-830.56640625,-11481.93359375,581.0546875,-4713.8671875,0
10.48828125,-13190.91796875,8619.140625,9423.828125,-11346.6796875,0
10.4921875,-14675.29296875,14910.15625,-9212.890625,13581.0546875,0
10.49609375,15198.2421875,-15425.78125,-5406.25,-719.7265625,0
10.5,-12823.73046875,9205.078125,9462.890625,-11807.6171875,0
10.50390625,-15299.31640625,-10963.37890625,-6585.9375,8331.54296875,0
10.5078125,11241.69921875,12562.01171875,4619.140625,11313.96484375,0
10.51171875,-12565.91796875,8994.140625,9244.140625,-11268.5546875,0
10.515625,-15676.7578125,-5836.9140625,-14213.37890625,9704.58984375,0
10.51953125,-6805.6640625,4583.0078125,-5393.5546875,-2705.078125,0
10.5234375,-12737.79296875,9111.328125,9462.890625,-11151.3671875,0
10.52734375,14700.1953125,-11836.9140625,-14338.8671875,3078.61328125,0
10.53125,3207.03125,12622.55859375,6566.89453125,-2723.14453125,0
10.53515625,-12823.73046875,9853.515625,9439.453125,-11502.9296875,0
10.5390625,-9922.36328125,-4837.890625,-5586.9140625,8580.56640625,0
10.54296875,5220.703125,8559.08203125,12617.1875,-6725.09765625,0
10.546875,-12909.66796875,9001.953125,9400.390625,-11745.1171875,0
10.55078125,-7423.828125,-8214.35546875,-6837.890625,9080.078125,0
10.5546875,9233.88671875,-1417.96875,-1411.1328125,-698.73046875,0
10.55859375,-12089.35546875,9603.515625,8955.078125,-11245.1171875,0
10.5625,-10425.78125,-5211.9140625,-11336.42578125,5078.61328125,0
10.56640625,-4790.52734375,577.63671875,2599.609375,5272.4609375,0
10.5703125,-12292.48046875,8626.953125,9330.078125,-11174.8046875,0
10.57421875,-1674.8046875,-7841.796875,-5589.35546875,15704.1015625,0
10.578125,-6807.12890625,-3491.69921875,-1452.1484375,11259.765625,0
10.58203125,-12675.29296875,7868.1640625,9056.640625,-11393.5546875,0
10.5859375,-7299.31640625,13145.01953125,-11341.30859375,15580.56640625,0
10.58984375,11183.10546875,2393.5546875,-7455.078125,-8734.86328125,0
10.59375,-12659.1796875,6407.71484375,9337.890625,-11393.5546875,0
10.59765625,2577.63671875,-15721.6796875,-10963.8671875,-11167.96875,0
10.6015625,5218.75,6478.02734375,-5410.15625,5273.92578125,0
10.60546875,-12628.41796875,7649.90234375,9408.203125,-11557.6171875,0
10.609375,-14674.8046875,-9594.23828125,-13839.35546875,3954.58984375,0
10.61328125,-8768.06640625,2562.5,4601.07421875,1293.45703125,0
10.6171875,-12440.91796875,9728.515625,9705.078125,-11448.2421875,0
10.62109375,-9172.8515625,-3210.9375,-7711.42578125,8456.54296875,0
10.625,1234.375,-15362.3046875,12631.34765625,-10690.4296875,0
10.62890625,-12058.10546875,10189.94140625,10259.765625,-11073.2421875,0
10.6328125,-3176.26953125,-11581.54296875,-590.33203125,-15919.43359375,0
10.63671875,-771.97265625,-11335.44921875,12604.00390625,1306.15234375,0
10.640625,-12190.91796875,10721.6796875,10408.69140625,-10995.1171875,0
10.64453125,-6300.29296875,423.828125,2789.55078125,-15169.43359375,0
10.6484375,7187.5,4704.58984375,640.625,13276.3671875,0
10.65234375,-12401.85546875,10979.00390625,10455.56640625,-11268.5546875,0
10.65625,-8426.26953125,7913.57421875,9540.0390625,8203.61328125,0
10.66015625,-14794.921875,10713.37890625,-5354.98046875,11279.296875,0
10.6640625,-12979.98046875,11979.00390625,10033.69140625,-11698.2421875,0
10.66796875,10699.21875,-7205.078125,414.55078125,829.1015625,0
10.671875,15206.0546875,-5257.32421875,-9345.21484375,-4708.0078125,0
10.67578125,-12378.41796875,12120.1171875,10580.56640625,-11166.9921875,0
10.6796875,-1296.875,1421.875,11291.9921875,15707.51953125,0
10.68359375,-2717.7734375,12778.80859375,-7312.5,5345.703125,0
10.6875,-11823.73046875,12901.3671875,10775.390625,-10510.7421875,0
10.69140625,-11676.26953125,10173.33984375,-3586.9140625,9953.125,0
10.6953125,-8820.3125,10778.3203125,-3333.0078125,-4736.328125,0
10.69921875,-12940.91796875,12393.06640625,10924.31640625,-11659.1796875,0
10.703125,-10670.8984375,-1825.68359375,-15079.58984375,8958.49609375,0
10.70703125,-2722.16796875,-13143.06640625,4714.35546875,11347.65625,0
10.7109375,-13214.35546875,12221.6796875,10002.44140625,-11870.1171875,0
10.71484375,-14924.31640625,9551.26953125,4792.48046875,2579.58984375,0
10.71875,9198.2421875,-7234.375,-5303.7109375,-4741.69921875,0
10.72265625,-12862.79296875,12331.0546875,11299.31640625,-11737.3046875,0
10.7265625,-11922.8515625,13424.8046875,-11206.54296875,7706.0546875,0
10.73046875,-10764.16015625,-3167.96875,4691.40625,-8696.2890625,0
10.734375,-12675.29296875,13666.9921875,11236.81640625,-11315.4296875,0
10.73828125,-14799.31640625,-13698.2421875,15542.96875,7955.56640625,0
10.7421875,7230.95703125,-1127.9296875,10704.1015625,-10679.6875,0
10.74609375,-12503.41796875,14159.66796875,11471.19140625,-10932.6171875,0
10.75,-12550.29296875,1802.734375,-8705.078125,14206.54296875,0
10.75390625,-2784.66796875,14845.21484375,4735.3515625,1299.8046875,0
10.7578125,-12315.91796875,14276.3671875,11799.31640625,-11104.4921875,0
10.76171875,-9299.8046875,-321.2890625,-6831.0546875,11580.078125,0
10.765625,-10784.1796875,856.93359375,-1315.4296875,-2720.21484375,0
10.76953125,-12526.85546875,13526.3671875,11447.75390625,-11354.4921875,0
10.7734375,-4673.828125,-4321.77734375,-1705.078125,-15543.9453125,0
10.77734375,-10760.7421875,10846.6796875,4717.7734375,-682.12890625,0
10.78125,-12214.35546875,13362.3046875,11064.94140625,-11018.5546875,0
10.78515625,-8298.33984375,-14072.265625,-11454.1015625,13082.51953125,0
10.7890625,-763.18359375,-7159.66796875,6711.42578125,9323.73046875,0
10.79296875,-12315.91796875,13448.2421875,11518.06640625,-11073.2421875,0
10.796875,-8550.78125,-3824.70703125,-1956.0546875,12705.078125,0
10.80078125,7193.359375,-13212.890625,707.03125,11276.3671875,0
10.8046875,-12979.98046875,12620.1171875,11697.75390625,-11666.9921875,0
10.80859375,-13799.31640625,14551.26953125,-5704.58984375,6955.56640625,0
10.8125,-10776.3671875,8791.9921875,-5267.08984375,-8704.1015625,0
10.81640625,-12073.73046875,12815.4296875,11518.06640625,-10870.1171875,0
10.8203125,-6800.29296875,-14825.1953125,-9331.54296875,15705.078125,0
10.82421875,9210.9375,4801.7578125,14702.1484375,-6695.3125,0
10.828125,-12620.60546875,12971.6796875,11377.44140625,-11112.3046875,0
10.83203125,-10049.31640625,10422.36328125,-14458.0078125,10830.56640625,0
10.8359375,1199.21875,-13247.0703125,-11336.42578125,-705.078125,0
10.83984375,-12706.54296875,12588.37890625,10846.19140625,-11112.3046875,0
10.84375,-8548.828125,-2088.37890625,15916.9921875,-15918.9453125,0
10.84765625,9223.14453125,-13472.16796875,12656.25,-2694.82421875,0
10.8515625,-12526.85546875,9009.765625,9893.06640625,-11088.8671875,0
10.85546875,-11424.8046875,-4461.9140625,5543.45703125,13331.0546875,0
10.859375,9221.6796875,10625.0,-11303.7109375,-6685.05859375,0
10.86328125,-12261.23046875,10354.00390625,11018.06640625,-10823.2421875,0
10.8671875,-5922.36328125,13669.43359375,15042.48046875,-12915.52734375,0
10.87109375,5220.21484375,12708.0078125,-9345.21484375,5327.63671875,0
10.875,-13456.54296875,10705.56640625,10096.19140625,-11940.4296875,0
10.87890625,15951.171875,7291.50390625,8416.50390625,2831.0546875,0
10.8828125,-4791.015625,-3313.96484375,-7352.05078125,-4697.265625,0
10.88671875,-12206.54296875,11455.56640625,10939.94140625,-10760.7421875,0
10.890625,-1800.78125,-2955.56640625,-5582.03125,-7544.43359375,0
10.89453125,3177.734375,-5298.33984375,4687.5,-12721.19140625,0
10.8984375,-12745.60546875,11283.69140625,11338.37890625,-11065.4296875,0
10.90234375,-15048.828125,15793.45703125,15416.9921875,12706.0546875,0
10.90625,3225.09765625,-1281.25,-5313.4765625,-691.40625,0
10.91015625,-12776.85546875,11572.75390625,10971.19140625,-11245.1171875,0
10.9140625,-10924.8046875,-12081.54296875,-13581.0546875,11831.0546875,0
10.91796875,-2769.04296875,-3260.7421875,684.08203125,3317.3828125,0
10.921875,-12269.04296875,11963.8671875,11080.56640625,-10838.8671875,0
10.92578125,-3674.31640625,795.41015625,-829.1015625,-10793.45703125,0
10.9296875,-14821.2890625,723.14453125,14705.078125,-6730.95703125,0
10.93359375,-13300.29296875,11635.25390625,11080.56640625,-11893.5546875,0
10.9375,11824.21875,-8954.58984375,-13830.56640625,3579.58984375,0
10.94140625,7198.2421875,-13258.7890625,4719.7265625,-8716.796875,0
10.9453125,-12644.04296875,11775.87890625,11346.19140625,-11229.4921875,0
10.94921875,-7923.33984375,-5078.125,15918.9453125,14331.54296875,0
10.953125,7251.953125,763.671875,12726.5625,11326.66015625,0
10.95703125,-11800.29296875,12276.3671875,11869.62890625,-10401.3671875,0
10.9609375,-8303.22265625,4170.41015625,-580.56640625,14452.1484375,0
10.96484375,-4824.70703125,4711.42578125,-11271.97265625,-2743.65234375,0
10.96875,-12761.23046875,11737.3046875,11924.31640625,-11401.3671875,0
10.97265625,-13674.8046875,2672.8515625,-2330.078125,12707.03125,0
10.9765625,-10776.3671875,-7253.41796875,-5279.78515625,3325.1953125,0
10.98046875,-12433.10546875,11846.19140625,11807.12890625,-10862.3046875,0
10.984375,15198.2421875,-2828.61328125,-8579.58984375,7454.58984375,0
10.98828125,-8811.5234375,6755.37109375,12742.1875,-14711.9140625,0
10.9921875,-12808.10546875,12557.6171875,11432.12890625,-11510.7421875,0
10.99609375,-13176.26953125,5546.38671875,-4328.125,10205.56640625,0
11.0,-10789.55078125,-13251.953125,4756.34765625,15312.98828125,0
11.00390625,-12261.23046875,11564.94140625,12236.81640625,-10581.0546875,0
11.0078125,-13552.734375,15791.9921875,-2330.078125,11954.1015625,0
11.01171875,-2832.03125,-5312.5,-5264.6484375,-2716.30859375,0
11.015625,-13019.04296875,11525.87890625,11838.37890625,-11401.3671875,0
11.01953125,-11174.8046875,-9208.984375,-1703.125,12206.0546875,0
11.0234375,-14794.43359375,-3315.91796875,6746.09375,-2681.640625,0
11.02734375,-12269.04296875,10971.19140625,12198.2421875,-10760.7421875,0
11.03125,-9052.24609375,10793.45703125,12173.33984375,15954.58984375,0
11.03515625,-6834.9609375,14708.0078125,753.41796875,-8735.3515625,0
11.0390625,-12854.98046875,11322.75390625,12510.7421875,-11331.0546875,0
11.04296875,-6674.8046875,14668.9453125,7546.875,-14793.45703125,0
11.046875,-8825.68359375,-3216.30859375,-5230.46875,-12708.0078125,0
11.05078125,-13190.91796875,12534.1796875,12260.7421875,-11377.9296875,0
11.0546875,-12050.29296875,4798.33984375,3548.33984375,12830.56640625,0
11.05859375,-6814.94140625,-1241.2109375,745.1171875,3275.87890625,0
11.0625,-12456.54296875,12190.4296875,12315.4296875,-10885.7421875,0
11.06640625,-424.8046875,-11826.66015625,-12327.1484375,-6793.9453125,0
11.0703125,-14762.20703125,-1280.2734375,-3236.328125,-14685.05859375,0
11.07421875,-12206.54296875,12276.3671875,12596.6796875,-10768.5546875,0
11.078125,6821.77734375,13549.8046875,2548.33984375,4077.63671875,0
11.08203125,1181.15234375,6802.734375,14802.734375,7265.625,0
11.0859375,-12878.41796875,12729.4921875,12823.2421875,-11346.6796875,0
11.08984375,-11049.8046875,13800.29296875,5548.33984375,13206.0546875,0
11.09375,-12772.4609375,-1216.30859375,-7188.4765625,3310.05859375,0
11.09765625,-12339.35546875,12971.6796875,12549.8046875,-10870.1171875,0
11.1015625,-13425.29296875,-8323.73046875,5549.31640625,10329.58984375,0
11.10546875,-2787.59765625,12820.3125,792.96875,7278.3203125,0
11.109375,-12706.54296875,13338.8671875,12768.5546875,-11346.6796875,0
11.11328125,-9046.38671875,-11571.77734375,13924.8046875,13458.0078125,0
11.1171875,5271.484375,-11116.2109375,-7182.6171875,-6650.87890625,0
11.12109375,-12628.41796875,13581.0546875,12799.8046875,-11268.5546875,0
11.125,-12048.828125,-8697.265625,5799.8046875,7706.54296875,0
11.12890625,-4788.0859375,-5168.45703125,10815.91796875,1292.96875,0
11.1328125,-12800.29296875,13252.9296875,12948.2421875,-11518.5546875,0
11.13671875,-9924.31640625,-7448.73046875,-15324.70703125,11081.0546875,0
11.140625,15198.2421875,-15181.640625,-7217.7734375,13291.50390625,0
11.14453125,-12401.85546875,13752.9296875,12518.5546875,-11166.9921875,0
11.1484375,-5925.29296875,-2197.75390625,15175.29296875,12079.1015625,0
11.15234375,1190.4296875,-1148.4375,12807.12890625,-6727.05078125,0
11.15625,-12979.98046875,13573.2421875,12885.7421875,-11549.8046875,0
11.16015625,-14051.26953125,-7321.77734375,12424.8046875,9829.58984375,0
11.1640625,11180.17578125,837.890625,809.08203125,-8723.6328125,0
11.16796875,-12808.10546875,13745.1171875,13018.5546875,-11299.8046875,0
11.171875,-14550.78125,-6447.75390625,12674.31640625,11455.56640625,0
11.17578125,9188.4765625,14846.6796875,14790.0390625,5274.4140625,0
11.1796875,-12675.29296875,13166.9921875,12752.9296875,-11393.5546875,0
11.18359375,-3923.33984375,-319.3359375,-11322.75390625,-15168.9453125,0
11.1875,15199.21875,-7146.97265625,-11191.40625,9267.578125,0
11.19140625,-12901.85546875,13776.3671875,12737.3046875,-11620.1171875,0
11.1953125,-10172.8515625,-7196.2890625,12550.78125,10082.03125,0
11.19921875,-2759.27734375,2891.6015625,-1165.52734375,9311.03515625,0
11.203125,-12878.41796875,13432.6171875,13221.6796875,-11737.3046875,0
11.20703125,13575.1953125,-14820.80078125,15051.26953125,2206.0546875,0
11.2109375,-4796.875,4827.63671875,10826.66015625,-12699.21875,0
11.21484375,-13073.73046875,12620.1171875,12893.5546875,-11565.4296875,0
11.21875,-14301.7578125,6918.45703125,-13323.73046875,9454.1015625,0
11.22265625,5165.0390625,10625.0,-9197.265625,3253.41796875,0
11.2265625,-12550.29296875,10166.50390625,12588.8671875,-11237.3046875,0
11.23046875,-3799.8046875,12666.9921875,10801.7578125,13955.078125,0
11.234375,-6813.96484375,-3356.93359375,-13166.015625,-8719.7265625,0
11.23828125,-13019.04296875,9345.703125,13252.9296875,-11502.9296875,0
11.2421875,-7922.8515625,-13841.796875,-7821.77734375,14458.0078125,0
11.24609375,-4806.15234375,8397.4609375,6794.43359375,-4707.51953125,0
11.25,-13292.48046875,5790.52734375,12518.5546875,-11674.8046875,0
11.25390625,-15925.29296875,11779.78515625,-13448.2421875,9955.56640625,0
11.2578125,-2800.29296875,12552.24609375,-13170.41015625,-698.2421875,0
11.26171875,-12425.29296875,9822.75390625,13260.7421875,-10799.8046875,0
11.265625,-3300.78125,4538.0859375,-7698.73046875,-11418.9453125,0
11.26953125,-14834.9609375,10631.8359375,8811.5234375,-2723.14453125,0
11.2734375,-13425.29296875,11393.06640625,13409.1796875,-11831.0546875,0
11.27734375,11324.21875,-9954.58984375,-7073.2421875,4454.58984375,0
11.28125,9189.453125,14797.36328125,6805.17578125,-2712.890625,0
11.28515625,-12565.91796875,12963.8671875,12862.3046875,-11291.9921875,0
11.2890625,-7303.22265625,-14199.70703125,-10823.73046875,12078.61328125,0
11.29296875,5143.06640625,-15178.7109375,-5177.24609375,-2747.55859375,0
11.296875,-13159.66796875,13323.2421875,13424.8046875,-11565.4296875,0
11.30078125,-12050.78125,-10572.75390625,-6322.75390625,14205.078125,0
11.3046875,-10813.4765625,10848.6328125,-11173.33984375,11274.4140625,0
11.30859375,-12940.91796875,13886.23046875,13073.2421875,-11346.6796875,0
11.3125,14824.70703125,305.17578125,13674.8046875,9580.56640625,0
11.31640625,1198.2421875,-1113.76953125,-1198.73046875,7286.1328125,0
11.3203125,-12886.23046875,14636.23046875,13120.1171875,-11565.4296875,0
11.32421875,-11924.31640625,13681.15234375,-4821.2890625,10081.0546875,0
11.328125,-2769.04296875,10918.45703125,-7143.5546875,-8690.91796875,0
11.33203125,-12144.04296875,15237.79296875,13737.3046875,-10784.1796875,0
11.3359375,-10175.29296875,-13440.91796875,-9824.21875,-14418.9453125,0
11.33984375,5210.44921875,8950.68359375,-3179.19921875,-703.125,0
11.34375,-12823.73046875,14769.04296875,13018.5546875,-11510.7421875,0
11.34765625,11198.73046875,12058.59375,-13197.75390625,4580.078125,0
11.3515625,13199.70703125,-11060.546875,-9149.90234375,3296.38671875,0
11.35546875,-12659.66796875,15300.29296875,13823.2421875,-10924.8046875,0
11.359375,-1798.33984375,-13190.91796875,-1071.2890625,-8916.9921875,0
11.36328125,-8788.0859375,-5020.5078125,855.46875,1301.26953125,0
11.3671875,-12409.66796875,15644.04296875,13846.6796875,-11252.9296875,0
11.37109375,-6549.8046875,-7814.453125,-1322.265625,13330.56640625,0
11.375,-14797.36328125,8948.2421875,-3167.48046875,-2720.21484375,0
11.37890625,-12636.23046875,14987.79296875,13456.0546875,-11448.2421875,0
11.3828125,-11801.26953125,-11065.4296875,-4572.265625,9579.1015625,0
11.38671875,-8813.4765625,-15045.41015625,-9154.78515625,-6732.421875,0
11.390625,-12808.10546875,15183.10546875,13721.6796875,-11526.3671875,0
11.39453125,-12674.8046875,-9564.94140625,-2571.77734375,8455.078125,0
11.3984375,11229.98046875,14948.2421875,-3125.48828125,-8687.01171875,0
11.40234375,-12519.04296875,15253.41796875,14182.6171875,-11065.4296875,0
11.40625,-15050.29296875,-9564.453125,-2695.3125,9831.0546875,0
11.41015625,9197.75390625,14963.37890625,12885.25390625,1291.015625,0
11.4140625,-13198.73046875,15245.60546875,13573.2421875,-11502.9296875,0
11.41796875,13576.171875,-10564.453125,-6944.82421875,10332.03125,0
11.421875,13232.91015625,-3036.62109375,-9115.234375,11321.2890625,0
11.42578125,-12917.48046875,14940.91796875,13549.8046875,-11526.3671875,0
11.4296875,-12424.8046875,-10064.453125,-819.82421875,7581.0546875,0
11.43359375,-4848.6328125,-1064.453125,-5147.94921875,7249.0234375,0
11.4375,-13823.73046875,14690.91796875,13331.0546875,-12276.3671875,0
11.44140625,13450.1953125,15184.5703125,-9696.2890625,4330.078125,0
11.4453125,-802.24609375,-3030.76171875,10890.13671875,-2716.30859375,0
11.44921875,-13237.79296875,15456.54296875,13916.9921875,-11776.3671875,0
11.453125,12696.77734375,-3190.4296875,-2822.75390625,2451.171875,0
11.45703125,3121.58203125,-3066.89453125,-7167.96875,-776.85546875,0
11.4609375,-13894.53125,15323.73046875,13581.0546875,-11972.16796875,0
11.46484375,-2557.6171875,-10191.40625,-7946.77734375,-5299.8046875,0
11.46875,-2901.85546875,-7018.5546875,12889.16015625,-12776.3671875,0
11.47265625,-14707.03125,-15316.40625,14433.10546875,-12667.48046875,0
11.4765625,4936.5234375,6563.4765625,3930.6640625,8820.3125,0
11.48046875,-993.1640625,15084.9609375,2888.671875,-2860.3515625,0
11.484375,15979.98046875,-14300.78125,14190.4296875,-14042.96875,0
11.48828125,14679.19921875,14062.01171875,-9323.73046875,-12936.03515625,0
11.4921875,-11127.9296875,15002.9296875,-5159.1796875,6996.09375,0
11.49609375,13979.4921875,-15753.90625,12510.25390625,15933.10546875,0
11.5,-8569.3359375,13195.80078125,-4700.68359375,-10812.98828125,0
11.50390625,8913.57421875,-8911.1328125,14833.0078125,-14984.86328125,0
11.5078125,13979.98046875,-15394.53125,12471.19140625,15604.98046875,0
11.51171875,2178.7109375,9689.94140625,-4458.0078125,-3314.94140625,0
11.515625,-11130.37109375,-6989.2578125,678.22265625,8956.0546875,0
11.51953125,14675.29296875,-14776.85546875,11291.50390625,15784.66796875,0
11.5234375,2429.6875,5691.40625,15294.921875,-11315.91796875,0
11.52734375,-7063.96484375,13053.7109375,-7321.2890625,-2998.046875,0
11.53125,14979.98046875,-14652.34375,11417.48046875,15940.91796875,0
11.53515625,13428.22265625,13068.359375,15568.84765625,-3692.3828125,0
11.5390625,-7158.203125,-14770.01953125,7368.65234375,4923.33984375,0
11.54296875,15159.66796875,-12151.85546875,-6775.390625,-15660.64453125,0
11.546875,9931.640625,9458.49609375,-10008.30078125,-9190.91796875,0
11.55078125,-13032.71484375,5586.9140625,1999.51171875,-11005.859375,0
11.5546875,14714.35546875,-3664.55078125,-672.36328125,15261.71875,0
11.55859375,-11563.4765625,-10751.46484375,-5751.953125,1064.453125,0
11.5625,4875.48828125,3969.23828125,-8025.87890625,-13065.91796875,0
11.56640625,14292.48046875,-383.30078125,-406.73828125,15339.84375,0
11.5703125,-12692.3828125,-6501.953125,-6501.953125,6813.96484375,0
11.57421875,-3079.58984375,-8025.87890625,-6013.671875,-6970.703125,0
11.578125,14714.35546875,-406.73828125,-1133.30078125,-15605.46875,0
11.58203125,4176.7578125,-6501.953125,-505.37109375,1184.5703125,0
11.5859375,12918.9453125,-8025.87890625,-13459.47265625,15054.19921875,0
11.58984375,15261.23046875,-406.73828125,0.0,-14417.96875,0
11.59375,6682.12890625,-6501.953125,-8610.3515625,10565.4296875,0
11.59765625,10854.00390625,-6025.87890625,-1843.26171875,6993.1640625,0
11.6015625,14097.16796875,-406.73828125,0.0,-15417.96875,0
11.60546875,12054.6875,-6376.953125,5251.46484375,-7058.59375,0
11.609375,10879.39453125,-6025.87890625,12091.796875,-6920.41015625,0
11.61328125,13666.9921875,-406.73828125,4681.15234375,-15136.71875,0
11.6171875,-4194.82421875,-6501.953125,-1222.65625,9440.4296875,0
11.62109375,-13079.58984375,-8025.390625,12093.75,-8915.0390625,0
11.625,15416.9921875,-406.73828125,2454.1015625,-13886.71875,0
11.62890625,-5823.73046875,-6376.953125,5640.13671875,6311.5234375,0
11.6328125,14941.40625,-6025.87890625,12374.51171875,15099.609375,0
11.63671875,14807.6171875,-406.73828125,6133.30078125,-14707.03125,0
11.640625,-4696.77734375,-6501.953125,-8869.62890625,687.01171875,0
11.64453125,6806.640625,-8025.87890625,12016.6015625,2946.2890625,0
11.6484375,14487.79296875,-406.73828125,829.1015625,-15308.59375,0
11.65234375,1924.8046875,-6501.953125,403.80859375,6059.08203125,0
11.65625,2845.21484375,-8025.87890625,-11517.08984375,-15027.34375,0
11.66015625,13299.8046875,-406.73828125,7454.58984375,15292.48046875,0
11.6640625,-14948.2421875,-6501.953125,-1217.28515625,-12690.91796875,0
11.66796875,8841.30859375,-8025.87890625,-5178.22265625,-13041.50390625,0
11.671875,13354.4921875,-406.73828125,-10985.83984375,14956.54296875,0
11.67578125,-12449.21875,-6501.953125,-9012.20703125,13933.10546875,0
11.6796875,-1208.49609375,-8025.87890625,1856.93359375,6893.06640625,0
11.68359375,12471.6796875,-406.73828125,-1320.80078125,14112.79296875,0
11.6875,12173.828125,-6501.953125,11744.62890625,7430.17578125,0
11.69140625,14793.9453125,-8025.87890625,-6078.61328125,-7104.00390625,0
11.6953125,12526.3671875,-406.73828125,-1281.73828125,14174.8046875,0
11.69921875,4794.43359375,-6501.953125,992.67578125,-3199.70703125,0
11.703125,14777.83203125,-8025.87890625,5884.765625,8862.3046875,0
11.70703125,12557.12890625,-406.73828125,-2664.55078125,13932.6171875,0
11.7109375,-13208.49609375,-6501.953125,1244.140625,7421.38671875,0
11.71484375,-5306.15234375,-8025.87890625,13918.45703125,-15230.46875,0
11.71875,11041.015625,-406.73828125,-1008.30078125,12072.75390625,0
11.72265625,-1084.47265625,-6501.953125,-15378.90625,-11954.1015625,0
11.7265625,10676.26953125,-8025.87890625,11938.4765625,-7256.8359375,0
11.73046875,9548.828125,-406.73828125,-961.42578125,10596.19140625,0
11.734375,-7083.984375,-6251.953125,-15128.90625,9044.43359375,0
11.73828125,-11350.5859375,13977.05078125,-14059.08203125,8704.1015625,0
11.7421875,9135.25390625,-516.11328125,-914.55078125,9955.56640625,0
11.74609375,288.57421875,5240.72265625,-13253.41796875,12041.50390625,0
11.75,-13424.31640625,7822.75390625,-8048.33984375,2612.3046875,0
11.75390625,10463.37890625,-7776.85546875,-773.92578125,11189.94140625,0
11.7578125,4037.59765625,-47.36328125,-12253.41796875,-15959.9609375,0
11.76171875,14567.3828125,11042.48046875,-2046.875,6610.3515625,0
11.765625,8900.87890625,13127.44140625,-719.23828125,9619.62890625,0
11.76953125,38.0859375,3154.78515625,-12128.41796875,7665.52734375,0
11.7734375,-1393.06640625,14312.01171875,-4048.828125,-3356.93359375,0
11.77734375,9267.578125,3367.67578125,-805.17578125,9705.078125,0
11.78125,-12086.42578125,-7621.09375,-14003.90625,-3583.984375,0
11.78515625,-15359.86328125,0.0,-4054.6875,-9315.91796875,0
11.7890625,10268.06640625,78.125,-898.92578125,10861.81640625,0
11.79296875,8790.52734375,0.0,-14128.41796875,-13581.54296875,0
11.796875,-5368.1640625,-10000.0,11944.82421875,10677.734375,0
11.80078125,10259.765625,1187.98828125,-836.42578125,11010.25390625,0
11.8046875,-2834.9609375,-4108.88671875,-11752.9296875,10919.43359375,0
11.80859375,-11341.30859375,-13758.7890625,3954.58984375,714.84375,0
11.8125,11096.19140625,4047.36328125,-742.67578125,11830.56640625,0
11.81640625,6537.59765625,-10989.2578125,-12003.41796875,-7582.51953125,0
11.8203125,4596.6796875,2332.51953125,-50.78125,12676.26953125,0
11.82421875,9166.50390625,9323.2421875,-672.36328125,10236.81640625,0
11.828125,11290.52734375,3282.2265625,-11753.90625,-5956.0546875,0
11.83203125,-13381.34765625,10353.515625,-4050.29296875,-5329.1015625,0
11.8359375,10095.703125,5821.2890625,-758.30078125,11088.37890625,0
11.83984375,-7459.47265625,-4720.703125,-13378.41796875,9668.45703125,0
11.84375,8625.9765625,12409.66796875,7947.265625,-9311.5234375,0
11.84765625,9361.81640625,3734.86328125,-852.05078125,10611.81640625,0
11.8515625,15919.921875,-6106.93359375,-12627.9296875,-577.1484375,0
11.85546875,-7337.40234375,-3683.59375,3946.77734375,-15295.41015625,0
11.859375,10627.44140625,6774.90234375,-797.36328125,11245.1171875,0
11.86328125,-11453.61328125,2773.92578125,-11628.41796875,5425.29296875,0
11.8671875,672.36328125,2443.84765625,-6053.22265625,10723.14453125,0
11.87109375,10893.06640625,9486.328125,-719.23828125,11698.2421875,0
11.875,-5582.03125,-11473.6328125,-12503.41796875,7420.8984375,0
11.87890625,-15249.0234375,14461.9140625,7950.1953125,-7212.40234375,0
11.8828125,11721.19140625,6618.65234375,-1273.92578125,12651.3671875,0
11.88671875,-4828.125,-1473.6328125,14243.1640625,7299.31640625,0
11.890625,-11341.30859375,12163.0859375,1775.390625,-3283.69140625,0
11.89453125,12002.9296875,4399.4140625,-3461.9140625,12674.8046875,0
11.8984375,5047.36328125,-12098.14453125,5115.234375,15425.29296875,0
11.90234375,14816.40625,8448.73046875,-4069.82421875,12848.14453125,0
11.90625,12745.1171875,4876.46484375,-3626.46484375,13104.4921875,0
11.91015625,15549.31640625,-7220.703125,-4891.11328125,-6573.2421875,0
11.9140625,-3281.25,8319.3359375,15720.703125,4748.53515625,0
11.91796875,11862.3046875,5392.08984375,-4438.96484375,12213.8671875,0
11.921875,9929.19921875,-4468.75,-3638.18359375,13681.640625,0
11.92578125,-1179.19921875,-9655.2734375,-4388.18359375,-5143.06640625,0
11.9296875,11776.3671875,3743.1640625,-7126.953125,12252.9296875,0
11.93359375,10671.38671875,1024.4140625,15468.75,-10575.1953125,0
11.9375,-15208.49609375,407.71484375,-10425.29296875,-13162.109375,0
11.94140625,13354.4921875,6767.578125,-7110.83984375,14088.8671875,0
11.9453125,5298.33984375,-14461.9140625,1476.5625,-11073.2421875,0
11.94921875,-1189.94140625,14472.65625,-4488.28125,-5145.99609375,0
11.953125,12706.0546875,6587.890625,-10174.8046875,13416.9921875,0
11.95703125,9175.78125,-334.47265625,8693.84765625,-10821.2890625,0
11.9609375,6736.81640625,-5526.3671875,10980.46875,6793.45703125,0
11.96484375,11791.9921875,7313.96484375,-14059.08203125,12534.1796875,0
11.96875,-10948.73046875,-4339.35546875,-3061.03515625,-3821.2890625,0
11.97265625,-7212.890625,14750.9765625,5279.78515625,836.9140625,0
11.9765625,11995.1171875,9837.40234375,-11643.5546875,12932.6171875,0
11.98046875,6424.8046875,-5843.75,9203.61328125,-13197.75390625,0
11.984375,-13204.58984375,-15364.74609375,-8639.16015625,10834.9609375,0
11.98828125,12401.3671875,11510.25390625,-9354.4921875,13307.6171875,0
11.9921875,6425.29296875,2156.25,-14927.734375,-11947.265625,0
11.99609375,14781.73828125,-7485.3515625,-8984.86328125,827.63671875,0
12.0,12120.1171875,8947.265625,-15715.33203125,12963.8671875,0
12.00390625,2174.8046875,9156.73828125,-688.96484375,13927.734375,0
12.0078125,4814.94140625,-1390.625,-4937.98828125,-11134.765625,0
12.01171875,12526.3671875,10252.44140625,-13159.66796875,13346.6796875,0
12.015625,8548.828125,37.59765625,-15807.6171875,-11448.2421875,0
12.01953125,-9242.1875,2524.90234375,-12806.15234375,14824.21875,0
12.0234375,11986.81640625,11104.4921875,-12800.78125,13159.1796875,0
12.02734375,-3077.63671875,-8947.265625,-2304.6875,15926.26953125,0
12.03125,6827.1484375,-7146.484375,-6707.51953125,-5122.55859375,0
12.03515625,12643.5546875,13198.2421875,-12754.39453125,13354.4921875,0
12.0390625,4545.41015625,15792.48046875,11173.828125,-14451.171875,0
12.04296875,4725.5859375,2697.75390625,2730.46875,-1207.51953125,0
12.046875,12823.2421875,13049.31640625,13261.71875,13925.29296875,0
12.05078125,15044.43359375,-9212.890625,1180.6640625,3673.828125,0
12.0546875,-13322.265625,-15542.48046875,-11287.59765625,-7265.13671875,0
12.05859375,12588.8671875,7181.640625,13010.7421875,13526.3671875,0
12.0625,-15449.70703125,-8462.890625,-4070.3125,-4947.265625,0
12.06640625,-15189.94140625,430.17578125,2916.50390625,2869.140625,0
12.0703125,12831.0546875,7298.33984375,15135.7421875,13659.1796875,0
12.07421875,2793.9453125,5020.5078125,-1950.68359375,15297.36328125,0
12.078125,-11179.19921875,14507.8125,-15051.7578125,14860.3515625,0
12.08203125,12987.3046875,10268.06640625,14769.53125,13620.60546875,0
12.0859375,-8322.75390625,5531.73828125,7683.59375,4680.6640625,0
12.08984375,-1246.58203125,2495.60546875,731.93359375,8787.109375,0
12.09375,12745.1171875,9548.828125,14190.91796875,13659.66796875,0
12.09765625,-8826.171875,1146.484375,11550.78125,9427.734375,0
12.1015625,736.328125,8360.83984375,-7048.33984375,8816.89453125,0
12.10546875,12346.6796875,7423.828125,-15918.45703125,13558.10546875,0
12.109375,-12699.70703125,8279.296875,-10812.01171875,4180.17578125,0
12.11328125,4753.41796875,2401.85546875,6933.10546875,4828.61328125,0
12.1171875,13073.2421875,7282.71484375,-15894.53125,14034.66796875,0
12.12109375,-10949.70703125,-9968.75,14566.40625,4929.19921875,0
12.125,4810.546875,12464.35546875,-2787.109375,14882.8125,0
12.12890625,13331.0546875,6017.08984375,-12136.23046875,14394.04296875,0
12.1328125,-8823.73046875,8026.3671875,3821.77734375,8681.640625,0
12.13671875,-7173.33984375,-9523.92578125,1153.80859375,14894.53125,0
12.140625,13166.9921875,6907.71484375,-13714.35546875,14041.9921875,0
12.14453125,8801.26953125,9525.390625,-10925.29296875,-3944.82421875,0
12.1484375,12851.5625,-7730.46875,-14840.8203125,-1105.95703125,0
12.15234375,13534.66796875,4829.58984375,-12698.2421875,14362.79296875,0
12.15625,1424.31640625,2018.06640625,10824.21875,-12195.80078125,0
12.16015625,12813.96484375,-11783.203125,9252.9296875,10872.55859375,0
12.1640625,15284.1796875,2164.0625,-10519.04296875,-15848.14453125,0
12.16796875,-1445.80078125,5000.0,-15046.875,-14067.3828125,0
12.171875,6999.51171875,2.9296875,9436.03515625,13038.57421875,0
12.17578125,14182.6171875,0.0,-11161.62109375,15308.10546875,0
12.1796875,15553.7109375,0.0,-15996.09375,1933.59375,0
12.18359375,6854.98046875,0.0,-8000.0,-9051.7578125,0
12.1875,15808.10546875,0.0,789.0625,-15402.83203125,0
12.19140625,-7319.3359375,0.0,500.0,-315.91796875,0
12.1953125,-11120.1171875,0.0,8000.0,-13067.3828125,0
12.19921875,12268.06640625,0.0,1391.6015625,13033.69140625,0
12.203125,417.96875,0.0,-9847.65625,13795.8984375,1
12.20703125,-3255.859375,0.0,-5830.56640625,765.625,1
12.2109375,11901.3671875,31.25,0.0,12331.0546875,1
12.21484375,917.96875,375.0,2875.0,12669.43359375,1
12.21875,740.72265625,10119.62890625,6216.796875,8745.1171875,1
12.22265625,13784.66796875,5713.37890625,7854.00390625,13534.1796875,1
12.2265625,2059.08203125,1682.6171875,10553.22265625,-7945.80078125,1
12.23046875,9019.53125,9224.609375,-5141.11328125,-1067.87109375,1
12.234375,15026.85546875,-10791.50390625,9008.7890625,13557.6171875,1
12.23828125,-14061.03515625,-6888.671875,-9223.6328125,-12320.80078125,1
12.2421875,3085.9375,7888.18359375,-13447.265625,12937.01171875,1
12.24609375,-14269.53125,-828.61328125,10041.50390625,15269.04296875,1
12.25,-15183.10546875,-6876.953125,12297.36328125,804.19921875,1
12.25390625,-878.41796875,3965.8203125,-5188.4765625,-3099.12109375,1
12.2578125,-13440.91796875,-836.42578125,12924.8046875,14807.6171875,1
12.26171875,71.77734375,-6501.953125,4540.52734375,-1569.82421875,1
12.265625,-8724.609375,-2026.3671875,-7439.94140625,6992.1875,1
12.26953125,-11573.73046875,-461.42578125,8735.83984375,15448.73046875,1
12.2734375,-10676.26953125,-4878.41796875,4268.5546875,13306.640625,1
12.27734375,-8833.49609375,-6108.3984375,-1474.12109375,10870.60546875,1
12.28125,-11831.0546875,-586.42578125,11260.25390625,15370.60546875,1
12.28515625,5203.61328125,-12381.34765625,12285.15625,-6939.453125,1
12.2890625,13263.671875,7997.55859375,8331.0546875,1013.18359375,1
12.29296875,-13808.59375,-2635.25390625,3157.2265625,14635.7421875,1
12.296875,-6053.7109375,5446.2890625,-11605.95703125,-1067.87109375,1
12.30078125,13063.96484375,-9125.48828125,10186.03515625,-15133.7890625,1
12.3046875,-15707.03125,10002.44140625,2492.67578125,13456.54296875,1
12.30859375,15314.94140625,6672.36328125,-9357.421875,3430.6640625,1
12.3125,-14968.75,-15309.5703125,10261.71875,12898.4375,1
12.31640625,-15308.59375,9916.015625,3523.92578125,14589.35546875,1
12.3203125,12064.94140625,-3843.75,-8614.74609375,11183.10546875,1
12.32421875,3024.4140625,8445.3125,14172.8515625,-15066.89453125,1
12.328125,-14996.09375,5680.6640625,3531.73828125,15441.40625,1
12.33203125,-7062.01171875,13510.7421875,-7232.91015625,5684.08203125,1
12.3359375,-5059.08203125,-9988.28125,-7668.9453125,2887.20703125,1
12.33984375,15355.46875,0.0,5258.7890625,14769.04296875,1
12.34375,62.01171875,1125.0,-8729.00390625,-12439.94140625,1
12.34765625,-9005.859375,0.0,8323.73046875,6979.98046875,1
12.3515625,-15589.84375,0.0,5469.7265625,-15809.08203125,1
12.35546875,3060.05859375,0.0,-15481.93359375,-64.453125,1
12.359375,10986.328125,0.0,308.10546875,-6983.88671875,1
12.36328125,15597.16796875,0.0,4633.7890625,15995.60546875,1
12.3671875,-13314.453125,0.0,2138.671875,-5937.01171875,1
12.37109375,956.0546875,0.0,4149.4140625,5004.8828125,1
12.375,15847.65625,0.0,1593.75,-15519.53125,1
12.37890625,7062.5,0.0,-4121.09375,-10932.6171875,1
12.3828125,15025.390625,0.0,-16000.0,-896.97265625,1
12.38671875,-15559.08203125,0.0,0.0,-14457.03125,1
12.390625,-4190.91796875,0.0,250.0,13188.96484375,1
12.39453125,-13041.015625,0.0,0.0,11031.25,1
12.3984375,-15691.40625,0.0,0.0,-14558.10546875,1
12.40234375,14687.01171875,0.0,0.0,1066.40625,1
12.40625,-11030.76171875,0.0,0.0,11049.31640625,1
12.41015625,-15707.03125,0.0,0.0,-14347.16796875,1
12.4140625,-12059.08203125,0.0,0.0,10321.77734375,1
12.41796875,2946.77734375,0.0,0.9765625,-937.98828125,1
12.421875,14698.73046875,0.0,0.0,-15410.15625,1
12.42578125,-7312.01171875,0.0,6505.37109375,-11180.17578125,1
12.4296875,-2968.26171875,0.0,4115.234375,-12852.05078125,1
12.43359375,-15566.40625,0.0,1625.48828125,-13565.91796875,1
12.4375,-15431.15234375,0.0,759.27734375,11200.1953125,1
12.44140625,11021.97265625,0.0,-13908.69140625,11133.30078125,1
12.4453125,15902.34375,0.0,1672.36328125,-14323.73046875,1
12.44921875,15939.94140625,0.0,14133.7890625,14698.2421875,1
12.453125,-4981.4453125,0.0,-1920.8984375,-6856.93359375,1
12.45703125,-15449.21875,0.0,2195.80078125,-13511.23046875,1
12.4609375,4062.98828125,0.0,-14237.79296875,6321.2890625,1
12.46484375,-947.265625,0.0,201.66015625,-4830.078125,1
12.46875,-14371.09375,0.0,3359.86328125,-12769.04296875,1
12.47265625,-8433.10546875,0.0,-14740.72265625,-7924.8046875,1
12.4765625,15081.54296875,0.0,6171.38671875,-6794.43359375,1
12.48046875,-14386.71875,0.0,3820.80078125,-12433.10546875,1
12.484375,12189.94140625,0.0,-3984.86328125,12698.2421875,1
12.48828125,7069.3359375,0.0,8245.1171875,5204.1015625,1
12.4921875,-15238.28125,0.0,3399.4140625,-13222.16796875,1
12.49609375,13817.87109375,0.0,268.06640625,11825.1953125,1
12.5,-6865.234375,0.0,317.3828125,5242.1875,1
12.50390625,-13996.09375,0.0,4883.7890625,-12050.29296875,1
12.5078125,-11810.05859375,0.0,15521.97265625,-10676.26953125,1
12.51171875,-10894.04296875,0.0,-15599.12109375,1227.5390625,1
12.515625,-13597.65625,0.0,6766.6015625,-11886.23046875,1
12.51953125,-8184.5703125,0.0,-1229.4921875,-12551.7578125,1
12.5234375,-4925.29296875,0.0,4329.1015625,-799.8046875,1
12.52734375,-13925.29296875,0.0,5915.52734375,-12104.4921875,1
12.53125,3692.87109375,0.0,4646.97265625,1951.66015625,1
12.53515625,-4903.80859375,0.0,-3656.73828125,-6761.71875,1
12.5390625,-14496.09375,0.0,5563.4765625,-12347.16796875,1
12.54296875,-4804.6875,0.0,-2102.05078125,-4422.36328125,1
12.546875,7111.328125,0.0,-7643.5546875,-2769.04296875,1
12.55078125,-13831.54296875,0.0,6415.52734375,-11901.3671875,1
12.5546875,7817.3828125,0.0,-15351.07421875,10326.171875,1
12.55859375,13062.5,0.0,12341.796875,7193.84765625,1
12.5625,-14003.41796875,0.0,6165.52734375,-12081.0546875,1
12.56640625,3073.2421875,0.0,8650.390625,1706.0546875,1
12.5703125,9173.33984375,0.0,6412.59765625,9307.12890625,1
12.57421875,-14777.34375,0.0,6196.77734375,-12440.91796875,1
12.578125,-13056.15234375,0.0,9650.87890625,-8047.8515625,1
12.58203125,1137.20703125,0.0,-3572.265625,13254.8828125,1
12.5859375,-13628.41796875,0.0,6970.21484375,-11823.2421875,1
12.58984375,2695.80078125,0.0,-15847.65625,3955.078125,1
12.59375,13126.953125,0.0,-7577.63671875,15269.04296875,1
12.59765625,-13753.41796875,0.0,6892.08984375,-11338.8671875,1
12.6015625,5070.80078125,0.0,12522.4609375,12204.1015625,1
12.60546875,-14850.09765625,0.0,-3592.7734375,3270.01953125,1
12.609375,-13777.34375,0.0,7368.65234375,-11706.54296875,1
12.61328125,-4930.17578125,0.0,-15222.16796875,-3048.33984375,1
12.6171875,-14847.16796875,0.0,-9518.06640625,-8741.69921875,1
12.62109375,-13394.04296875,0.0,7665.52734375,-11393.5546875,1
12.625,-12927.24609375,0.0,-718.26171875,-12669.43359375,1
12.62890625,-10907.2265625,0.0,-1516.11328125,-8781.25,1
12.6328125,-14308.10546875,0.0,8244.140625,-12315.4296875,1
12.63671875,3071.2890625,0.0,10156.73828125,953.61328125,1
12.640625,9151.85546875,3.41796875,-1478.515625,15290.0390625,1
12.64453125,-13440.91796875,0.0,8486.328125,-11307.6171875,1
12.6484375,-15173.33984375,4506.8359375,10785.15625,11333.0078125,1
12.65234375,7178.7109375,-1834.47265625,6563.96484375,3306.640625,1
12.65625,-13175.29296875,2687.98828125,9291.015625,-11377.9296875,1
12.66015625,13819.82421875,14011.71875,-15839.84375,11202.63671875,1
12.6640625,9121.09375,-11770.5078125,2552.734375,-14771.484375,1
12.66796875,-12979.98046875,4688.4765625,9033.203125,-11307.6171875,1
12.671875,14195.3125,11141.6015625,-10339.35546875,13078.125,1
12.67578125,-4862.79296875,6247.0703125,-3437.01171875,-4747.0703125,1
12.6796875,-13019.04296875,4125.9765625,9471.19140625,-11299.8046875,1
12.68359375,-9802.734375,-5354.00390625,6038.0859375,-13545.8984375,1
12.6875,-6829.58984375,12319.3359375,-7393.06640625,-725.5859375,1
12.69140625,-13284.66796875,6110.83984375,9564.453125,-11346.6796875,1
12.6953125,2821.2890625,11151.85546875,-15212.890625,4703.61328125,1
12.69921875,-10833.49609375,-7547.36328125,-1367.67578125,-2723.14453125,1
12.703125,-13034.66796875,7837.40234375,10189.453125,-11206.0546875,1
12.70703125,15073.73046875,-8348.14453125,-85.9375,14957.03125,1
12.7109375,3191.89453125,-15527.83203125,-9334.47265625,11332.03125,1
12.71484375,-13362.79296875,7907.71484375,10158.203125,-11268.5546875,1
12.71875,3320.80078125,-5222.16796875,-7086.42578125,3204.1015625,1
12.72265625,11132.32421875,-13529.296875,14631.34765625,5274.90234375,1
12.7265625,-13769.04296875,7821.77734375,9955.078125,-11526.3671875,1
12.73046875,6447.265625,-5721.6796875,-1085.44921875,9081.0546875,1
12.734375,7174.8046875,2469.7265625,14661.1328125,3317.3828125,1
12.73828125,-13315.91796875,7493.65234375,10439.94140625,-10838.8671875,1
12.7421875,7323.2421875,14903.3203125,790.52734375,14332.03125,1
12.74609375,15164.55078125,-7505.37109375,-7336.42578125,7313.96484375,1
12.75,-13964.35546875,7767.08984375,9939.453125,-11495.1171875,1
12.75390625,1072.75390625,-9096.19140625,-1959.9609375,6331.0546875,1
12.7578125,1166.015625,6434.5703125,6632.32421875,3297.36328125,1
12.76171875,-13534.66796875,6532.71484375,9767.578125,-11315.4296875,1
12.765625,13197.265625,13150.87890625,13908.69140625,-15669.921875,1
12.76953125,-864.74609375,10374.0234375,6580.56640625,-6737.79296875,1
12.7734375,-13784.66796875,6009.27734375,9392.578125,-11674.8046875,1
12.77734375,7198.73046875,1149.4140625,-9712.40234375,5081.0546875,1
12.78125,9201.66015625,-11604.4921875,12599.12109375,1320.3125,1
12.78515625,-12956.54296875,5321.2890625,9400.390625,-11112.3046875,1
12.7890625,-10673.828125,8519.04296875,-333.984375,-14291.9921875,1
12.79296875,-12842.7734375,12354.4921875,10628.41796875,-6715.8203125,1
12.796875,-13917.48046875,5204.1015625,9455.078125,-11948.2421875,1
12.80078125,14575.68359375,13145.01953125,-959.9609375,11583.49609375,1
12.8046875,15203.125,340.33203125,-1356.4453125,5322.75390625,1
12.80859375,-13128.41796875,5125.9765625,10307.12890625,-11229.4921875,1
12.8125,-14675.29296875,12766.6015625,4289.0625,-14417.96875,1
12.81640625,11151.85546875,-11723.6328125,10610.3515625,7277.83203125,1
12.8203125,-13565.91796875,4852.5390625,9580.56640625,-11604.4921875,1
12.82421875,-14175.29296875,14644.04296875,7418.45703125,11956.54296875,1
12.828125,7180.6640625,-15691.40625,6659.66796875,13301.26953125,1
12.83203125,-12792.48046875,5391.6015625,10580.56640625,-10956.0546875,1
12.8359375,-12050.29296875,-3854.4921875,-13707.03125,15831.54296875,1
12.83984375,5273.92578125,-7673.828125,-5287.59765625,-620.1171875,1
12.84375,-12159.66796875,4141.11328125,11080.56640625,-10581.0546875,1
12.84765625,2821.77734375,10386.23046875,8416.50390625,2204.1015625,1
12.8515625,7170.8984375,4183.59375,-11315.91796875,7287.59765625,1
12.85546875,-12847.16796875,2180.17578125,11283.69140625,-10909.1796875,1
12.859375,-7924.8046875,14891.11328125,-7829.1015625,-12292.48046875,1
12.86328125,13208.49609375,-11722.65625,-3244.62890625,-4677.24609375,1
12.8671875,-12659.66796875,3641.6015625,12081.0546875,-10987.3046875,1
12.87109375,12447.265625,9645.99609375,45.8984375,13330.078125,1
12.875,7178.7109375,-3664.55078125,-3267.08984375,-12706.54296875,1
12.87890625,-12956.54296875,5555.6640625,11408.69140625,-11252.9296875,1
12.8828125,14449.21875,-5975.09765625,-5451.66015625,13207.51953125,1
12.88671875,3187.01171875,2427.24609375,-11224.609375,11319.3359375,1
12.890625,-13339.35546875,6438.96484375,12315.4296875,-11182.6171875,1
12.89453125,12324.21875,10279.296875,6671.875,14332.03125,1
12.8984375,3213.8671875,-5441.40625,-15224.609375,13363.28125,1
12.90234375,-13144.04296875,9056.640625,12338.8671875,-10463.8671875,1
12.90625,7322.265625,6785.15625,6674.8046875,12581.54296875,1
12.91015625,1118.65234375,14604.00390625,8791.015625,9291.015625,1
12.9140625,-13550.29296875,9884.765625,13159.1796875,-10987.3046875,1
12.91796875,10195.80078125,-3587.890625,-10699.21875,-14794.43359375,1
12.921875,-12841.796875,-11399.90234375,14821.2890625,-14696.77734375,1
12.92578125,-13104.98046875,9408.203125,13698.73046875,-10846.6796875,1
12.9296875,-13800.78125,-5334.47265625,1302.734375,-7416.50390625,1
12.93359375,-8826.171875,-5333.0078125,-3151.85546875,5326.66015625,1
12.9375,-13394.04296875,10533.69140625,13635.7421875,-10854.4921875,1
12.94140625,5570.3125,8541.9921875,-10322.75390625,-13917.48046875,1
12.9453125,-10909.1796875,647.4609375,-5167.96875,5291.9921875,1
12.94921875,-14542.96875,9837.890625,13526.3671875,-11245.1171875,1
12.953125,-4556.15234375,-9089.35546875,-4946.77734375,-14416.9921875,1
12.95703125,-879.8828125,10581.54296875,-1119.62890625,-12650.390625,1
12.9609375,-13995.60546875,8962.890625,13885.7421875,-10393.5546875,1
12.96484375,6196.2890625,3282.2265625,-696.77734375,-2164.0625,1
12.96875,5100.5859375,6514.16015625,-13181.15234375,15334.9609375,1
12.97265625,-14386.71875,7665.52734375,13620.1171875,-11041.9921875,1
12.9765625,-3557.12890625,-9346.19140625,-3574.21875,-15294.43359375,1
12.98046875,-8899.90234375,14479.00390625,-1173.33984375,-12708.984375,1
12.984375,-14292.96875,7259.27734375,13510.7421875,-11182.6171875,1
12.98828125,-4928.22265625,8025.87890625,-10948.2421875,13833.984375,1
12.9921875,-10822.75390625,-11530.2734375,835.9375,3367.67578125,1
12.99609375,-14097.65625,7181.15234375,12901.3671875,-10823.2421875,1
13.0,-11933.59375,8648.4375,14050.29296875,11829.58984375,1
13.00390625,9072.265625,-13630.859375,-5207.03125,9276.3671875,0
13.0078125,-14237.79296875,5844.7265625,12799.8046875,-11065.4296875,0
13.01171875,4946.77734375,-7352.5390625,-13448.2421875,-10667.48046875,0
13.015625,-12864.74609375,-7638.18359375,803.22265625,-691.89453125,0
13.01953125,-13722.16796875,5250.9765625,12620.1171875,-11026.3671875,0
13.0234375,10071.77734375,-5851.07421875,11174.31640625,-14168.45703125,0
13.02734375,-6851.07421875,-11607.421875,8773.92578125,-4686.03515625,0
13.03125,-13503.41796875,6579.58984375,12463.8671875,-11057.6171875,0
13.03515625,6947.265625,9023.4375,10175.29296875,11706.0546875,0
13.0390625,-2832.03125,-7631.34765625,14808.59375,13289.55078125,0
13.04296875,-13011.23046875,5970.21484375,12932.6171875,-11252.9296875,0
13.046875,-10051.26953125,6649.90234375,-11199.70703125,-11292.96875,0
13.05078125,-8830.56640625,-7610.3515625,-3224.609375,3283.203125,0
13.0546875,-12815.91796875,6149.4140625,12581.0546875,-11127.9296875,0
13.05859375,-14802.24609375,-13610.83984375,12797.8515625,12579.58984375,0
13.0625,1188.96484375,-9758.7890625,-5204.58984375,7292.96875,0
13.06640625,-12690.91796875,5110.3515625,13159.1796875,-11112.3046875,0
13.0703125,-11674.8046875,-12729.4921875,14050.29296875,13956.0546875,0
13.07421875,-10784.1796875,10370.1171875,14821.2890625,-10696.2890625,0
13.078125,-12183.10546875,6282.71484375,13034.1796875,-10916.9921875,0
13.08203125,-1298.828125,10149.4140625,13174.8046875,-14793.45703125,0
13.0859375,7204.58984375,-1630.859375,-13214.84375,15294.921875,0
13.08984375,-12448.73046875,6407.71484375,12573.2421875,-10979.4921875,0
13.09375,-8423.33984375,-15347.65625,8924.8046875,-12416.50390625,0
13.09765625,1231.4453125,-1556.640625,14823.73046875,5345.703125,0
13.1015625,-12698.73046875,7048.33984375,12799.8046875,-10909.1796875,0
13.10546875,-10174.31640625,-15099.609375,11300.78125,14957.51953125,0
13.109375,-12778.80859375,10368.1640625,-13169.43359375,9330.078125,0
13.11328125,-12166.9921875,5876.46484375,13487.3046875,-10456.0546875,0
13.1171875,3453.125,1399.90234375,-6448.73046875,-3791.50390625,0
13.12109375,-6743.1640625,-3572.75390625,10805.6640625,-14650.87890625,0
13.125,-11916.9921875,6860.83984375,13026.3671875,-10112.3046875,0
13.12890625,1951.66015625,-13845.703125,-13947.75390625,-4416.9921875,0
13.1328125,7189.94140625,12476.07421875,10849.12109375,11312.5,0
13.13671875,-12784.66796875,7501.46484375,13456.0546875,-10784.1796875,0
13.140625,-5296.875,-7720.703125,-3570.3125,-5414.55078125,0
13.14453125,-2766.11328125,6441.40625,-3154.296875,15336.42578125,0
13.1484375,-12284.1796875,7517.08984375,13487.3046875,-10440.4296875,0
13.15234375,3328.125,-1720.703125,-12573.2421875,-3041.015625,0
13.15625,-14794.921875,-11534.66796875,10865.234375,15320.80078125,0
13.16015625,-12854.98046875,7485.83984375,13651.3671875,-11018.5546875,0
13.1640625,-5048.33984375,-8471.19140625,-4696.77734375,-10541.50390625,0
13.16796875,-12760.25390625,8486.81640625,-3144.53125,1349.12109375,0
13.171875,-12065.91796875,7751.46484375,13870.1171875,-10370.1171875,0
13.17578125,-9425.29296875,-12723.14453125,-6323.73046875,-14792.96875,0
13.1796875,-6759.765625,-15572.75390625,12849.609375,13344.23828125,0
13.18359375,-12042.48046875,7251.46484375,13768.5546875,-10463.8671875,0
13.1875,-9298.828125,-1593.75,-11696.2890625,-10541.50390625,0
13.19140625,-2776.3671875,-9502.44140625,-5113.28125,15326.171875,0
13.1953125,-12831.54296875,7728.02734375,13886.23046875,-10916.9921875,0
13.19921875,-15674.8046875,-10720.21484375,54.6875,-13541.015625,0
13.203125,-8791.015625,2452.1484375,-3125.48828125,7351.5625,0
13.20703125,-13636.71875,6462.40234375,13745.1171875,-11135.7421875,0
13.2109375,-2429.6875,8775.87890625,-2445.80078125,11082.03125,0
13.21484375,7136.23046875,12435.546875,-9147.4609375,1325.1953125,0
13.21875,-14066.40625,7438.96484375,13761.23046875,-10885.7421875,0
13.22265625,-6181.15234375,-1844.23828125,2930.6640625,12331.0546875,0
13.2265625,5107.421875,-7512.6953125,2880.37109375,-8684.08203125,0
13.23046875,-14371.09375,7993.65234375,13838.8671875,-10916.9921875,0
13.234375,-3429.6875,-12723.14453125,-11697.265625,-15542.96875,0
13.23828125,13115.234375,14476.5625,10873.53515625,3306.15234375,0
13.2421875,-14198.73046875,7955.078125,13815.4296875,-11174.8046875,0
13.24609375,3946.77734375,12660.64453125,-7322.265625,-14667.48046875,0
13.25,1125.9765625,10550.78125,10862.79296875,-12692.87109375,0
13.25390625,-14019.53125,9251.953125,14159.66796875,-11041.9921875,0
13.2578125,-3558.10546875,-11340.8203125,553.22265625,-15418.9453125,0
13.26171875,-2928.7109375,-9438.96484375,840.8203125,3286.1328125,0
13.265625,-14527.34375,9197.265625,13526.3671875,-11190.4296875,0
13.26953125,-5304.6875,14285.64453125,-2819.82421875,12956.54296875,0
13.2734375,-10856.4453125,6596.6796875,-15121.09375,7309.5703125,0
13.27734375,-13737.79296875,9376.953125,13588.8671875,-11151.3671875,0
13.28125,6447.265625,-13463.8671875,-7697.75390625,12705.56640625,0
13.28515625,15148.92578125,-15403.3203125,12815.4296875,-4727.05078125,0
13.2890625,-13448.73046875,9501.953125,13151.3671875,-11729.4921875,0
13.29296875,-11173.828125,-6086.9140625,-6445.80078125,11706.0546875,0
13.296875,3194.3359375,6603.515625,-7136.71875,5269.04296875,0
13.30078125,-12620.60546875,9799.31640625,13815.4296875,-11565.4296875,0
13.3046875,-3047.8515625,913.0859375,-696.77734375,10955.56640625,0
13.30859375,-8755.37109375,-13441.89453125,-7153.80859375,15294.43359375,0
13.3125,-11925.29296875,8032.71484375,13893.5546875,-11081.0546875,0
13.31640625,-2925.29296875,-6346.19140625,-573.73046875,12829.58984375,0
13.3203125,-2798.828125,4497.55859375,-1203.61328125,-4694.3359375,0
13.32421875,-12862.79296875,7985.83984375,12854.4921875,-11135.7421875,0
13.328125,-15799.8046875,-841.796875,-12946.77734375,8331.0546875,0
13.33203125,15215.8203125,-9427.24609375,-5131.34765625,-4682.6171875,0
13.3359375,-12831.54296875,9126.953125,13354.4921875,-11338.8671875,0
13.33984375,-14423.828125,-13838.8671875,-15824.21875,6830.078125,0
13.34375,7229.00390625,-7432.12890625,12824.70703125,-8709.47265625,0
13.34765625,-12370.60546875,9283.203125,13627.9296875,-11221.6796875,0
13.3515625,-7298.828125,-8839.35546875,-8823.73046875,10830.56640625,0
13.35546875,-4749.51171875,-3390.13671875,4828.61328125,1317.3828125,0
13.359375,-12269.04296875,9876.953125,13096.6796875,-11065.4296875,0
13.36328125,-11923.828125,-7461.9140625,-14697.265625,8455.56640625,0
13.3671875,7237.3046875,-15387.6953125,12855.46875,7297.8515625,0
13.37109375,-11963.8671875,9807.12890625,13627.9296875,-11229.4921875,0
13.375,451.66015625,5415.0390625,-6323.73046875,13580.56640625,0
13.37890625,-8745.60546875,-7337.40234375,-9161.1328125,-14696.2890625,0
13.3828125,-12269.04296875,10549.31640625,13331.0546875,-11448.2421875,0
13.38671875,-13298.828125,1916.50390625,12550.78125,1579.58984375,0
13.390625,-762.6953125,-9290.52734375,-1178.7109375,13289.55078125,0
13.39453125,-12714.35546875,11064.94140625,12479.4921875,-11776.3671875,0
13.3984375,-9172.8515625,-11705.56640625,12926.26953125,4080.078125,0
13.40234375,15253.90625,10716.796875,-11154.78515625,-8698.2421875,0
13.40625,-12144.04296875,11557.12890625,13518.5546875,-11323.2421875,0
13.41015625,-10424.8046875,-10581.0546875,12048.828125,7454.1015625,0
13.4140625,-14805.17578125,-11307.6171875,-11189.453125,-14741.2109375,0
13.41796875,-12901.85546875,11338.37890625,12963.8671875,-11713.8671875,0
13.421875,-14674.8046875,-3453.125,8673.33984375,4704.58984375,0
13.42578125,11215.8203125,-15244.140625,-3198.2421875,5284.66796875,0
13.4296875,-12886.23046875,12213.8671875,12643.5546875,-11674.8046875,0
13.43359375,14824.70703125,1170.8984375,4548.828125,3704.58984375,0
13.4375,13210.44921875,12758.30078125,-13189.453125,-12715.33203125,0
13.44140625,-12612.79296875,11807.12890625,12963.8671875,-11588.8671875,0
13.4453125,-7925.78125,-8704.58984375,-14323.73046875,5954.1015625,0
13.44921875,-14836.42578125,-9257.8125,2808.59375,7255.37109375,0
13.453125,-13019.04296875,12416.50390625,12846.6796875,-11713.8671875,0
13.45703125,-11048.828125,-453.61328125,13676.26953125,10081.54296875,0
13.4609375,3238.28125,-7187.01171875,819.3359375,9318.84765625,0
13.46484375,-12651.85546875,12557.12890625,12877.9296875,-11502.9296875,0
13.46875,14822.265625,-1578.61328125,13174.31640625,1952.63671875,0
13.47265625,-14850.5859375,-13248.53515625,4794.921875,9235.83984375,0
13.4765625,-13245.60546875,12159.1796875,13198.2421875,-11831.0546875,0
13.48046875,15075.68359375,4172.8515625,-12823.2421875,3955.078125,0
13.484375,7227.05078125,-15211.9140625,-11162.109375,-8687.98828125,0
13.48828125,-12901.85546875,12518.5546875,12791.9921875,-11596.6796875,0
13.4921875,14699.70703125,2671.875,8548.828125,2079.1015625,0
13.49609375,7201.66015625,4762.20703125,-3198.73046875,-14729.00390625,0
13.5,-12886.23046875,12213.8671875,12807.6171875,-11635.7421875,0
13.50390625,-13799.31640625,2671.875,7548.33984375,6580.078125,0
13.5078125,7202.1484375,-7262.20703125,2773.4375,-8715.8203125,0
13.51171875,-12659.66796875,12112.3046875,12549.8046875,-11448.2421875,0
13.515625,-6549.8046875,6048.828125,11548.828125,9580.078125,0
13.51953125,9192.87109375,-11222.16796875,14782.2265625,-12717.7734375,0
13.5234375,-12979.98046875,12416.9921875,12440.4296875,-11557.6171875,0
13.52734375,15699.21875,7297.36328125,7048.828125,6579.58984375,0
13.53125,13197.265625,6765.625,768.06640625,-714.84375,0
13.53515625,-12878.41796875,12315.4296875,12331.0546875,-11698.2421875,0
13.5390625,-13924.8046875,6299.31640625,10673.828125,6206.0546875,0
13.54296875,3216.796875,10773.4375,-5206.54296875,11303.7109375,0
13.546875,-12745.60546875,12166.9921875,12674.8046875,-11416.9921875,0
13.55078125,14076.171875,3423.33984375,8424.8046875,7956.54296875,0
13.5546875,3230.95703125,-11174.8046875,-5204.1015625,-2676.7578125,0
13.55859375,-12878.41796875,13088.8671875,12221.6796875,-11174.8046875,0
13.5625,10572.265625,6797.36328125,6050.29296875,5328.61328125,0
13.56640625,13188.96484375,-1234.375,2812.5,9273.4375,0
13.5703125,-12847.16796875,12299.8046875,12565.4296875,-11456.0546875,0
13.57421875,-8799.31640625,9173.828125,13301.7578125,-15543.45703125,0
13.578125,-6801.26953125,-3198.73046875,826.66015625,-716.796875,0
13.58203125,-12667.48046875,13112.3046875,13182.6171875,-11557.6171875,0
13.5859375,15448.2421875,6547.36328125,10548.828125,3829.58984375,0
13.58984375,-10788.0859375,-7173.33984375,10814.453125,-6697.75390625,0
13.59375,-12706.54296875,12924.8046875,12963.8671875,-11409.1796875,0
13.59765625,13198.73046875,7549.31640625,12300.29296875,5579.1015625,0
13.6015625,1188.96484375,14799.31640625,12814.94140625,-8719.23828125,0
13.60546875,-12722.16796875,12885.7421875,13002.9296875,-11221.6796875,0
13.609375,-12549.31640625,13425.78125,10549.8046875,7955.56640625,0
13.61328125,3206.0546875,807.6171875,-11170.41015625,7288.57421875,0
13.6171875,-13065.91796875,12698.2421875,13252.9296875,-11627.9296875,0
13.62109375,15573.2421875,14798.33984375,-13074.21875,7954.1015625,0
13.625,-798.828125,-5218.75,-11180.17578125,-10698.2421875,0
13.62890625,-12604.98046875,13018.5546875,12979.4921875,-11010.7421875,0
13.6328125,12698.2421875,5424.31640625,12675.29296875,3579.1015625,0
13.63671875,3191.89453125,4841.30859375,14799.31640625,1289.55078125,0
13.640625,-12628.41796875,13276.3671875,13174.8046875,-11213.8671875,0
13.64453125,-13176.7578125,-15824.21875,-13575.68359375,10329.58984375,0
13.6484375,13183.59375,12833.984375,8808.59375,9288.57421875,0
13.65234375,-12612.79296875,13424.8046875,13323.2421875,-11151.3671875,0
13.65625,-5425.29296875,-10448.2421875,-9574.21875,13955.078125,0
13.66015625,5189.94140625,815.4296875,-3187.98828125,-8720.21484375,0
13.6640625,-12808.10546875,12823.2421875,13081.0546875,-11229.4921875,0
13.66796875,14950.1953125,11301.26953125,-15697.75390625,10081.0546875,0
13.671875,-6803.7109375,-13171.875,10822.75390625,11289.55078125,0
13.67578125,-13237.79296875,12635.7421875,12448.2421875,-11612.3046875,0
13.6796875,15824.70703125,15052.24609375,8926.7578125,10956.0546875,0
13.68359375,-12829.58984375,-7173.33984375,12817.87109375,7270.5078125,0
13.6875,-13597.16796875,13166.9921875,12768.5546875,-11838.8671875,0
13.69140625,9199.21875,-8322.75390625,-13573.2421875,6706.0546875,0
13.6953125,-2799.31640625,2825.1953125,-3170.8984375,11302.24609375,0
13.69921875,-13628.41796875,12659.1796875,12799.8046875,-11791.9921875,0
13.703125,10449.70703125,12426.26953125,14050.29296875,7331.0546875,0
13.70703125,9157.71484375,-11185.546875,-5214.35546875,5265.625,0
13.7109375,-13612.79296875,13159.1796875,12643.5546875,-11760.7421875,0
13.71484375,12197.265625,-7322.75390625,-14699.70703125,9955.078125,0
13.71875,-4851.07421875,8830.078125,-3190.4296875,3267.578125,0
13.72265625,-13362.79296875,13557.6171875,13159.1796875,-11495.1171875,0
13.7265625,12571.77734375,-9074.70703125,-9699.21875,11579.58984375,0
13.73046875,3147.4609375,-3192.3828125,-11200.1953125,3275.390625,0
13.734375,-13331.54296875,13526.85546875,12909.1796875,-11377.9296875,0
13.73828125,13573.2421875,4555.17578125,-10822.265625,14207.03125,0
13.7421875,15159.66796875,-5131.34765625,4820.80078125,-12705.56640625,0
13.74609375,-13597.16796875,13635.7421875,13151.3671875,-11471.6796875,0
13.75,2070.80078125,-7697.265625,-15200.1953125,3703.125,0
13.75390625,-8830.56640625,4865.72265625,-15185.05859375,-2714.35546875,0
13.7578125,-13206.54296875,13596.6796875,13143.5546875,-11487.3046875,0
13.76171875,15948.2421875,-9946.2890625,-12324.70703125,8955.078125,0
13.765625,-8846.6796875,6863.76953125,-11186.03515625,7263.671875,0
13.76953125,-13417.48046875,13916.9921875,13448.2421875,-11666.9921875,0
13.7734375,10071.77734375,-5322.265625,-7699.21875,8829.1015625,0
13.77734375,-2832.03125,867.1875,-3194.3359375,5261.71875,0
13.78125,-13011.23046875,14050.29296875,13135.7421875,-11377.9296875,0
13.78515625,13697.265625,1679.6875,-12324.21875,9328.61328125,0
13.7890625,-6846.6796875,4866.69921875,-15188.4765625,1243.65234375,0
13.79296875,-13190.91796875,13854.98046875,12909.1796875,-11987.3046875,0
13.796875,-11426.7578125,429.19921875,-15448.2421875,8454.1015625,0
13.80078125,-6857.91015625,-5139.6484375,10828.125,-12775.87890625,0
13.8046875,-13448.73046875,13729.98046875,13370.1171875,-12338.8671875,0
13.80859375,-13551.26953125,1180.17578125,-3322.75390625,2452.63671875,0
13.8125,7142.578125,4879.8828125,792.48046875,-2781.73828125,0
13.81640625,-13370.60546875,14041.9921875,13026.3671875,-12253.41796875,0
13.8203125,9822.265625,-1569.82421875,-10073.73046875,-672.36328125,0
13.82421875,9181.15234375,908.203125,-13191.89453125,3254.8828125,0
13.828125,-13136.23046875,14057.6171875,12932.6171875,-11807.6171875,0
13.83203125,10948.2421875,-12194.3359375,-8821.77734375,2203.61328125,0
13.8359375,-4830.078125,6927.24609375,-13168.45703125,-4752.9296875,0
13.83984375,-13651.85546875,14065.91796875,13112.3046875,-12276.3671875,0
13.84375,9449.70703125,806.15234375,-8572.75390625,2580.078125,0
13.84765625,9191.40625,8905.2734375,-11185.05859375,5264.16015625,0
13.8515625,-13417.48046875,14331.54296875,13120.1171875,-12073.73046875,0
13.85546875,1696.2890625,3680.6640625,14925.29296875,-7548.828125,0
13.859375,15150.390625,882.32421875,14818.359375,11224.609375,0
13.86328125,-13769.04296875,14433.10546875,12784.1796875,-12323.73046875,0
13.8671875,7071.77734375,7805.6640625,11551.26953125,-1172.36328125,0
13.87109375,-10863.76953125,-7102.5390625,12836.9140625,9236.328125,0
13.875,-13949.21875,14276.85546875,13393.5546875,-12425.29296875,0
13.87890625,-54.6875,555.17578125,-12698.73046875,-10173.828125,0
13.8828125,-8851.07421875,6875.48828125,-5161.62109375,-8755.859375,0
13.88671875,-13722.16796875,13784.66796875,13096.6796875,-12362.79296875,0
13.890625,1570.3125,1555.6640625,-13823.2421875,-6547.8515625,0
13.89453125,11131.34765625,-7105.46875,12827.1484375,9236.328125,0
13.8984375,-13894.53125,14300.29296875,13127.9296875,-12386.23046875,0
13.90234375,-1680.17578125,5679.6875,-14074.21875,-6298.828125,0
13.90625,15138.671875,-5121.58203125,10811.5234375,-4772.4609375,0
13.91015625,-13644.04296875,14503.41796875,13479.4921875,-12206.54296875,0
13.9140625,3445.3125,7680.17578125,-5698.2421875,-3548.828125,0
13.91796875,9133.30078125,4899.90234375,-13161.62109375,3229.4921875,0
13.921875,-13722.16796875,14339.35546875,13440.4296875,-12128.41796875,0
13.92578125,5821.2890625,1430.6640625,-11448.73046875,-4423.33984375,0
13.9296875,15145.01953125,-9120.60546875,-3190.91796875,11215.8203125,0
13.93359375,-13565.91796875,14034.66796875,12815.4296875,-12472.16796875,0
13.9375,12072.75390625,5306.15234375,-6446.2890625,-548.33984375,0
13.94140625,1143.06640625,8890.625,-7160.64453125,15209.9609375,0
13.9453125,-13878.41796875,14198.73046875,13198.2421875,-12558.10546875,0
13.94921875,2071.2890625,8432.12890625,-14323.2421875,-10049.31640625,0
13.953125,-6830.56640625,8901.3671875,-13148.4375,15240.234375,0
13.95703125,-12987.79296875,14479.98046875,13815.4296875,-11854.98046875,0
13.9609375,5570.80078125,11807.12890625,-10699.21875,-5423.828125,0
13.96484375,-840.8203125,-13106.93359375,-1171.38671875,-10766.11328125,0
13.96875,-13331.54296875,14276.85546875,13502.9296875,-12183.10546875,0
13.97265625,10697.75390625,5931.15234375,-8073.2421875,-1922.8515625,0
13.9765625,15170.41015625,2893.5546875,6829.58984375,-766.6015625,0
13.98046875,-13362.79296875,14417.48046875,13377.9296875,-12315.91796875,0
13.984375,13823.2421875,11182.12890625,-9448.2421875,-1922.8515625,0
13.98828125,5163.0859375,4901.85546875,6829.58984375,13234.375,0
13.9921875,-13104.98046875,14565.91796875,13409.1796875,-12002.9296875,0
13.99609375,14823.73046875,13433.59375,-7071.2890625,1453.125,0
14.0,-8812.01171875,8933.59375,8864.74609375,-8755.859375,0
14.00390625,-12979.98046875,14620.60546875,13557.6171875,-12237.79296875,0
14.0078125,-13551.26953125,7431.15234375,-6697.265625,-1672.36328125,0
14.01171875,-823.2421875,10883.30078125,14819.82421875,5228.515625,0
14.015625,-13081.54296875,14003.41796875,13159.1796875,-12354.98046875,0
14.01953125,14822.75390625,13309.08203125,-13198.73046875,-5673.828125,0
14.0234375,-6836.9140625,12934.5703125,6847.65625,1210.44921875,0
14.02734375,-13136.23046875,15089.35546875,13518.5546875,-12479.4921875,0
14.03125,-10299.8046875,-12942.87109375,-12823.73046875,578.125,0
14.03515625,15191.89453125,-7066.40625,-5143.06640625,-12740.72265625,0
14.0390625,-13300.29296875,15003.41796875,13659.1796875,-12026.85546875,0
14.04296875,7197.265625,11557.12890625,-10324.21875,-4673.33984375,0
14.046875,-10826.171875,-15068.84765625,-1186.03515625,-6765.13671875,0
14.05078125,-13292.48046875,15050.29296875,13143.5546875,-12354.98046875,0
14.0546875,8948.73046875,11681.640625,-12196.77734375,-7548.33984375,0
14.05859375,11194.82421875,-1046.38671875,856.4453125,-747.55859375,0
14.0625,-13269.04296875,15401.85546875,13518.5546875,-12073.73046875,0
14.06640625,5321.2890625,-15441.40625,-10572.75390625,-7049.31640625,0
14.0703125,15149.4140625,14941.40625,-15143.5546875,7221.19140625,0
14.07421875,-13394.04296875,15026.85546875,13690.4296875,-12339.35546875,0
14.078125,12073.2421875,13682.6171875,-7321.77734375,-3922.8515625,0
14.08203125,5163.0859375,-11075.68359375,6840.8203125,-6770.99609375,0
14.0859375,-13534.66796875,14667.48046875,13268.5546875,-12456.54296875,0
14.08984375,13699.21875,-15816.89453125,-8822.75390625,-2922.8515625,0
14.09375,-6842.7734375,-5087.890625,6831.54296875,-8781.25,0
14.09765625,-13831.54296875,15034.66796875,13409.1796875,-12675.29296875,0
14.1015625,8448.2421875,-11816.40625,-7321.77734375,-8423.828125,0
14.10546875,7157.71484375,-9083.0078125,-7152.34375,-786.62109375,0
14.109375,-13573.73046875,14526.85546875,13471.6796875,-12511.23046875,0
14.11328125,8572.75390625,10682.6171875,-9948.2421875,-5048.33984375,0
14.1171875,13190.91796875,14945.80078125,10860.83984375,-10750.48828125,0
14.12109375,-13065.91796875,15081.54296875,13815.4296875,-12104.98046875,0
14.125,8822.265625,-13690.4296875,-9697.75390625,-6423.828125,0
14.12890625,-8816.40625,12942.87109375,14856.93359375,-6766.6015625,0
14.1328125,-12894.04296875,14823.73046875,13526.3671875,-12245.60546875,0
14.13671875,-15925.78125,9808.59375,-15072.265625,-4673.33984375,0
14.140625,1169.43359375,12944.3359375,2877.44140625,-2770.01953125,0
14.14453125,-13190.91796875,15065.91796875,13784.1796875,-12151.85546875,0
14.1484375,-13925.78125,-8564.94140625,-7571.2890625,-2423.33984375,0
14.15234375,-14836.9140625,-3065.91796875,14858.88671875,-8794.43359375,0
14.15625,-13581.54296875,14604.98046875,13424.8046875,-12995.60546875,0
14.16015625,13073.73046875,15434.08203125,-5821.77734375,-8924.31640625,0
14.1640625,5170.8984375,-9053.22265625,8840.33203125,-6793.45703125,0
14.16796875,-13276.85546875,14800.29296875,13518.5546875,-12581.54296875,0
14.171875,14824.21875,11684.08203125,-9447.75390625,-7173.828125,0
14.17578125,-6826.66015625,-9049.31640625,-13144.53125,-2787.59765625,0
14.1796875,-13370.60546875,15183.10546875,13666.9921875,-12847.16796875,0
14.18359375,14198.73046875,-7689.453125,-3321.2890625,-11173.828125,0
14.1875,-8824.70703125,-1043.45703125,-9139.6484375,3216.30859375,0
14.19140625,-13284.66796875,15144.04296875,13760.7421875,-12472.16796875,0
14.1953125,15450.1953125,-9565.4296875,-2945.80078125,-4671.875,0
14.19921875,-6812.5,-3056.640625,-7129.39453125,5240.72265625,0
14.203125,-13159.66796875,15159.66796875,13604.4921875,-12558.10546875,0
14.20703125,-10675.78125,-7064.453125,-7697.265625,-5924.31640625,0
14.2109375,1165.0390625,8946.77734375,-13164.0625,13202.1484375,0
14.21484375,-13097.16796875,14862.79296875,13541.9921875,-12456.54296875,0
14.21875,15824.21875,-10814.94140625,-2571.2890625,-4798.33984375,0
14.22265625,7200.1953125,-7039.0625,-7139.16015625,-8758.30078125,0
14.2265625,-12737.79296875,15519.04296875,13729.4921875,-11933.10546875,0
14.23046875,-14425.78125,-8064.94140625,-8322.75390625,-3548.33984375,0
14.234375,1178.7109375,-3047.8515625,8832.51953125,9232.421875,0
14.23828125,-12870.60546875,15425.29296875,13346.6796875,-12018.5546875,0
14.2421875,-9424.8046875,-5940.91796875,-4822.265625,3202.1484375,0
14.24609375,7190.91796875,10936.03515625,-5156.73828125,-12778.80859375,0
14.25,-13409.66796875,15347.16796875,13791.9921875,-12612.79296875,0
14.25390625,9573.73046875,-10065.91796875,-2821.2890625,-10549.31640625,0
14.2578125,-8816.40625,14966.796875,2868.65234375,-8772.94921875,0
14.26171875,-13003.41796875,15729.98046875,13893.5546875,-11987.79296875,0
14.265625,14823.2421875,-7691.40625,-4071.2890625,-297.8515625,0
14.26953125,-10809.08203125,-5054.19921875,-7124.51171875,-8748.53515625,0
14.2734375,-12925.29296875,15198.73046875,13909.1796875,-12097.16796875,0
14.27734375,-15551.26953125,-14690.4296875,-3072.265625,-5923.33984375,0
14.28125,-821.77734375,8937.98828125,4852.5390625,-12765.625,0
14.28515625,-13073.73046875,15003.41796875,14034.1796875,-12144.04296875,0
14.2890625,-15175.29296875,-10189.453125,-2069.82421875,-546.38671875,0
14.29296875,5187.01171875,4979.98046875,4905.2734375,9260.7421875,0
14.296875,-13308.10546875,15065.91796875,14010.7421875,-12315.91796875,0
14.30078125,14322.75390625,-13190.4296875,-2196.2890625,-4798.828125,0
14.3046875,13145.01953125,-11061.03515625,-5151.3671875,-6795.8984375,0
14.30859375,-13597.16796875,15144.04296875,13433.10546875,-12698.73046875,0
14.3125,11824.70703125,-13315.4296875,3056.640625,-4796.38671875,0
14.31640625,-6799.31640625,14946.2890625,6865.234375,1254.39453125,0
14.3203125,-13003.41796875,15276.85546875,14034.66796875,-12089.35546875,0
14.32421875,10196.77734375,-9690.4296875,6430.6640625,-4548.828125,0
14.328125,7167.48046875,14951.66015625,-1086.9140625,-14765.625,0
14.33203125,-13237.79296875,15245.60546875,14558.10546875,-12323.73046875,0
14.3359375,13323.2421875,-12940.91796875,5805.17578125,-4923.33984375,0
14.33984375,9161.62109375,10949.21875,2871.58203125,-8776.85546875,0
14.34375,-13284.66796875,15300.29296875,13808.10546875,-12417.48046875,0
14.34765625,15075.1953125,-8189.453125,4807.6171875,-3046.38671875,0
14.3515625,-6790.0390625,966.796875,8895.99609375,3249.51171875,0
14.35546875,-13058.10546875,15323.73046875,13784.1796875,-12417.48046875,0
14.359375,11197.75390625,13184.08203125,-570.3125,-7923.828125,0
14.36328125,3172.8515625,-13012.20703125,-1124.51171875,-12776.3671875,0
14.3671875,-12862.79296875,15784.66796875,14214.35546875,-12175.29296875,0
14.37109375,15447.75390625,-6939.94140625,6931.640625,-1172.8515625,0
14.375,-828.125,-11015.13671875,8920.41015625,-4756.8359375,0
14.37890625,-12987.79296875,15854.98046875,14526.85546875,-11791.9921875,0
14.3828125,-13427.24609375,-5065.4296875,180.17578125,5327.1484375,0
14.38671875,1137.20703125,-13072.265625,-11101.07421875,-2790.0390625,0
14.390625,-13854.98046875,15448.73046875,14308.10546875,-12636.23046875,0
14.39453125,3821.77734375,-3063.96484375,7680.6640625,-7297.8515625,0
14.3984375,-6849.12109375,-10996.58203125,-9123.53515625,-761.23046875,0
14.40234375,-13745.60546875,15948.73046875,14190.91796875,-12558.10546875,0
14.40625,7323.73046875,-3314.453125,5431.640625,-7922.8515625,0
14.41015625,-813.96484375,10958.49609375,8912.109375,1236.81640625,0
14.4140625,-13253.41796875,15808.10546875,14503.41796875,-12269.04296875,0
14.41796875,9822.265625,-4815.4296875,4680.6640625,-7924.8046875,0
14.421875,5160.15625,-9028.80859375,-15092.7734375,-8782.71484375,0
14.42578125,-13511.23046875,15479.98046875,14573.73046875,-12456.54296875,0
14.4296875,8572.75390625,-8187.98828125,7180.17578125,-11299.8046875,0
14.43359375,11158.203125,-8996.58203125,-1120.1171875,-6776.3671875,0
14.4375,-13339.35546875,15917.48046875,14417.48046875,-12276.85546875,0
14.44140625,13198.2421875,-4938.4765625,8431.640625,-3673.33984375,0
14.4453125,7183.59375,10976.07421875,14931.640625,7237.3046875,0
14.44921875,-12901.85546875,15612.79296875,15003.41796875,-11870.60546875,0
14.453125,11196.2890625,-6190.91796875,9180.6640625,-2799.8046875,0
14.45703125,-842.7734375,12967.28515625,4894.53125,-8779.78515625,0
14.4609375,-13558.10546875,15800.29296875,14542.48046875,-12276.85546875,0
14.46484375,6698.2421875,-2313.4765625,13432.6171875,-4922.8515625,0
14.46875,13174.8046875,-1014.6484375,-7080.078125,3229.4921875,0
14.47265625,-13159.66796875,15823.73046875,14589.35546875,-12214.35546875,0
14.4765625,13322.265625,-9065.91796875,4681.15234375,-4424.31640625,0
14.48046875,7163.0859375,-3023.92578125,-11073.2421875,-14786.62109375,0
14.484375,-13479.98046875,15675.29296875,14714.35546875,-12479.98046875,0
14.48828125,4321.77734375,-7688.96484375,7807.6171875,-9799.8046875,0
14.4921875,-2849.609375,-13040.52734375,-3074.70703125,-10807.12890625,0
14.49609375,-13737.79296875,14956.54296875,14667.48046875,-12940.91796875,0
14.5,7572.265625,-9314.453125,12306.15234375,-12175.29296875,0
14.50390625,-6822.75390625,-15025.87890625,-7088.37890625,-4780.2734375,0
14.5078125,-13323.73046875,15534.66796875,14800.29296875,-12456.54296875,0
14.51171875,7821.77734375,-11315.91796875,9306.640625,-11549.8046875,0
14.515625,-10829.1015625,8949.70703125,4916.015625,11216.796875,0
14.51953125,-13222.16796875,15003.41796875,14573.73046875,-12401.85546875,0
14.5234375,8822.265625,-13188.96484375,10557.12890625,-7174.31640625,0
14.52734375,-14824.70703125,-11020.01953125,-1072.75390625,-10774.90234375,0
14.53125,-13245.60546875,15519.04296875,14690.91796875,-12487.79296875,0
14.53515625,8697.75390625,-7690.4296875,7806.640625,-10048.828125,0
14.5390625,-8818.84765625,-5049.8046875,-11067.87109375,-12765.13671875,0
14.54296875,-13003.41796875,15315.91796875,15026.85546875,-12229.98046875,0
14.546875,-14550.78125,-6189.453125,12181.640625,-2047.8515625,0
14.55078125,-804.19921875,4955.078125,4908.69140625,-12778.80859375,0
14.5546875,-13214.35546875,15464.35546875,14815.91796875,-12722.16796875,0
14.55859375,8448.2421875,-10188.4765625,14557.6171875,-12423.828125,0
14.5625,3159.66796875,4989.74609375,-7087.890625,-14792.96875,0
14.56640625,-13386.23046875,15651.85546875,14784.66796875,-12753.41796875,0
14.5703125,9946.77734375,-9690.91796875,-15691.89453125,-8424.31640625,0
14.57421875,13164.0625,12952.1484375,-11081.0546875,-8779.296875,0
14.578125,-13339.35546875,15104.98046875,14440.91796875,-12487.79296875,0
14.58203125,10947.265625,-12314.94140625,10058.10546875,-7549.31640625,0
14.5859375,-10837.40234375,-15048.33984375,6936.03515625,-12776.85546875,0
14.58984375,-12956.54296875,15542.48046875,14964.35546875,-12175.29296875,0
14.59375,9945.80078125,-1188.96484375,13057.12890625,-8425.29296875,0
14.59765625,3133.7890625,10952.1484375,-13083.984375,-8800.29296875,0
14.6015625,-13409.66796875,15214.35546875,14847.16796875,-12464.35546875,0
14.60546875,9570.80078125,-9939.94140625,10931.15234375,-5924.8046875,0
14.609375,-12850.09765625,-11035.64453125,12899.90234375,9206.54296875,0
14.61328125,-13089.35546875,15261.23046875,14644.04296875,-12253.41796875,0
14.6171875,13946.2890625,-11190.4296875,-14565.91796875,-4674.8046875,0
14.62109375,-12855.95703125,-15020.01953125,2934.5703125,-6788.0859375,0
14.625,-13511.23046875,15644.04296875,14690.91796875,-12597.16796875,0
14.62890625,6446.77734375,-12940.4296875,8306.15234375,-11300.29296875,0
14.6328125,-819.3359375,-7012.6953125,-13080.078125,-775.390625,0
14.63671875,-13104.98046875,15948.73046875,14831.54296875,-12433.10546875,0
14.640625,11822.75390625,-3815.4296875,7680.6640625,-11550.29296875,0
14.64453125,13163.57421875,-15041.50390625,-15099.12109375,9202.63671875,0
14.6484375,-13144.04296875,15565.91796875,14519.04296875,-12456.54296875,0
14.65234375,14198.2421875,-9190.4296875,12683.59375,-6298.828125,0
14.65625,13188.4765625,-9041.9921875,6930.6640625,9225.5859375,0
14.66015625,-13167.48046875,15792.48046875,14776.85546875,-12354.98046875,0
14.6640625,3695.80078125,-3064.94140625,9182.12890625,-9425.29296875,0
14.66796875,11150.87890625,4945.3125,-3073.73046875,-8797.36328125,0
14.671875,-13729.98046875,15237.79296875,14706.54296875,-12800.29296875,0
14.67578125,3571.2890625,-3938.96484375,14307.6171875,-10674.8046875,0
14.6796875,1148.4375,954.58984375,-11078.125,-791.015625,0
14.68359375,-13542.48046875,15386.23046875,14620.60546875,-12495.60546875,0
14.6875,5071.77734375,-9691.40625,7807.12890625,-9174.31640625,0
14.69140625,5146.484375,-7076.66015625,-1084.47265625,7207.03125,0
14.6953125,-13378.41796875,15394.53125,14917.48046875,-12346.6796875,0
14.69921875,-13427.24609375,5687.01171875,-9941.89453125,3576.66015625,0
14.703125,-6858.3984375,14954.58984375,12901.3671875,-800.29296875,0
14.70703125,-13714.35546875,15354.98046875,14425.29296875,-12886.23046875,0
14.7109375,3196.77734375,-9189.453125,11683.10546875,-15175.29296875,0
14.71484375,-8829.58984375,-1040.0390625,-5068.84765625,-12791.50390625,0
14.71875,-12948.73046875,15144.04296875,14925.29296875,-12464.35546875,0
14.72265625,15948.2421875,-3812.98828125,11181.640625,-3173.828125,0
14.7265625,3185.546875,8979.98046875,-15056.15234375,-2767.578125,0
14.73046875,-13112.79296875,15651.85546875,15065.91796875,-12104.98046875,0
14.734375,6572.265625,-12690.91796875,11433.10546875,-5423.33984375,0
14.73828125,9162.109375,-9019.04296875,12935.05859375,-2768.06640625,0
14.7421875,-13737.79296875,15737.79296875,14542.48046875,-12690.91796875,0
14.74609375,3945.80078125,-4563.96484375,8807.12890625,-12049.31640625,0
14.75,-6853.515625,10968.75,12913.0859375,-4775.87890625,0
14.75390625,-13300.29296875,15464.35546875,14636.23046875,-12370.60546875,0
14.7578125,8446.2890625,-6313.4765625,9806.15234375,-7424.8046875,0
14.76171875,-4838.8671875,12984.375,-1101.5625,-2783.69140625,0
14.765625,-13284.66796875,15690.91796875,14847.16796875,-12261.23046875,0
14.76953125,13947.265625,-3563.96484375,-13443.359375,-3674.8046875,0
14.7734375,11131.34765625,6965.33203125,-1091.30859375,-12803.7109375,0
14.77734375,-13690.91796875,15347.16796875,14753.41796875,-12675.29296875,0
14.78125,12573.2421875,-3562.98828125,15683.59375,-6047.8515625,0
14.78515625,9153.80859375,-5029.296875,-15081.0546875,-10777.83203125,0
14.7890625,-13659.66796875,14940.91796875,14604.98046875,-12542.48046875,0
14.79296875,6446.2890625,-8438.4765625,10931.15234375,-6174.31640625,0
14.796875,-865.72265625,-15038.0859375,-11094.7265625,-8805.6640625,0
14.80078125,-13839.35546875,15354.98046875,14737.79296875,-12761.23046875,0
14.8046875,6071.2890625,-10439.453125,13307.6171875,-6049.31640625,0
14.80859375,7118.1640625,4980.95703125,903.80859375,-14809.08203125,0
14.8125,-13886.23046875,15487.79296875,14644.04296875,-12909.66796875,0
14.81640625,4320.80078125,-7689.94140625,14933.10546875,-14049.8046875,0
14.8203125,-856.93359375,6985.83984375,2929.19921875,5217.7734375,0
14.82421875,-13839.35546875,-15730.46875,14917.48046875,-12565.91796875,0
14.828125,2696.77734375,2062.01171875,13433.10546875,-10923.828125,0
14.83203125,-6833.984375,2980.95703125,-3051.7578125,3239.2578125,0
14.8359375,-13292.48046875,-15902.34375,14651.85546875,-12073.73046875,0
14.83984375,7820.80078125,435.546875,3307.12890625,-8925.78125,0
14.84375,-6865.72265625,4974.12109375,931.15234375,-4799.8046875,0
14.84765625,-13792.48046875,15667.48046875,14784.66796875,-12714.35546875,0
14.8515625,319.82421875,-8064.94140625,8056.15234375,-13799.8046875,0
14.85546875,9138.671875,2948.2421875,12911.1328125,5214.84375,0
14.859375,-13604.98046875,15456.54296875,14769.04296875,-12565.91796875,0
14.86328125,7447.265625,-3187.5,14056.640625,-10924.8046875,0
14.8671875,7167.48046875,-13005.37109375,-15082.51953125,-6776.3671875,0
14.87109375,-13394.04296875,15276.85546875,14886.23046875,-12511.23046875,0
14.875,11949.70703125,-6311.5234375,12309.08203125,-7672.8515625,0
14.87890625,15178.22265625,14997.55859375,949.21875,-12772.94921875,0
14.8828125,-13800.29296875,15495.60546875,14737.79296875,-12784.66796875,0
14.88671875,820.80078125,-7439.453125,10432.6171875,-15550.29296875,0
14.890625,3129.39453125,-5020.5078125,12926.7578125,7206.54296875,0
14.89453125,-13956.54296875,-15957.03125,14862.79296875,-12854.98046875,0
14.8984375,2820.80078125,4436.03515625,14932.6171875,-12549.8046875,0
14.90234375,9166.50390625,4943.359375,8938.4765625,-14774.90234375,0
14.90625,-13253.90625,15808.10546875,15214.35546875,-12245.60546875,0
14.91015625,-304.19921875,-2563.96484375,12307.6171875,-11049.31640625,0
14.9140625,7144.04296875,-11004.8828125,-7065.4296875,13218.26171875,0
14.91796875,-14026.85546875,15448.73046875,14667.48046875,-12870.60546875,0
14.921875,6196.2890625,-11189.94140625,13308.59375,-7297.8515625,0
14.92578125,-8883.30078125,-9036.1328125,-1060.05859375,3211.42578125,0
14.9296875,-14191.40625,15136.23046875,14769.04296875,-13050.29296875,0
14.93359375,-1554.19921875,-14815.4296875,12558.10546875,15950.68359375,0
14.9375,5138.18359375,-13045.41015625,8927.734375,5215.8203125,0
14.94140625,-13761.23046875,15229.98046875,14894.04296875,-12581.54296875,0
14.9453125,9321.77734375,15307.6171875,-14941.40625,-6673.33984375,0
14.94921875,3130.37109375,12910.15625,4936.03515625,1219.7265625,0
14.953125,-13776.85546875,15081.54296875,15159.66796875,-12589.35546875,0
14.95703125,2571.77734375,-12815.91796875,15433.10546875,-11549.31640625,0
14.9609375,5155.76171875,-1042.48046875,14919.921875,-772.4609375,0
14.96484375,-13706.54296875,15253.41796875,14698.73046875,-12394.04296875,0
14.96875,10574.21875,-6689.453125,-10940.91796875,-3797.8515625,0
14.97265625,-10853.02734375,14937.5,6947.75390625,-8786.62109375,0
14.9765625,-14128.90625,14386.23046875,15136.23046875,-13003.41796875,0
14.98046875,-430.6640625,15059.5703125,11181.15234375,-15801.26953125,0
14.984375,3111.328125,-5072.75390625,-11080.078125,-6810.546875,0
14.98828125,-13792.48046875,14909.66796875,15245.60546875,-12675.29296875,0
14.9921875,8697.75390625,-7564.94140625,-8315.4296875,-6423.33984375,0
14.99609375,-829.58984375,-15066.40625,8940.4296875,13229.4921875,0
15.0,-13495.60546875,15034.66796875,14964.35546875,-12495.60546875,0
15.00390625,6946.77734375,-11440.91796875,14682.6171875,-9049.31640625,0
15.0078125,-867.67578125,-15041.9921875,-9091.796875,-2795.8984375,0
15.01171875,-14230.46875,15612.79296875,14667.48046875,-12808.10546875,0
15.015625,-929.6875,-3814.94140625,13308.10546875,-9799.31640625,0
15.01953125,9141.11328125,-3045.41015625,-13044.921875,9221.19140625,0
15.0234375,-13433.10546875,15456.54296875,15151.85546875,-12315.91796875,0
15.02734375,6445.3125,-3939.94140625,-11065.4296875,-4799.8046875,0
15.03125,5145.01953125,-13071.77734375,-1056.640625,-781.73828125,0
15.03515625,-13707.03125,15261.23046875,15214.35546875,-12175.29296875,0
15.0390625,-5306.15234375,-6688.96484375,-15191.89453125,-12175.78125,0
15.04296875,-2868.65234375,14985.83984375,-7049.31640625,-8791.50390625,0
15.046875,-14347.65625,15448.73046875,14698.73046875,-13144.04296875,0
15.05078125,-6680.6640625,-9814.94140625,9058.59375,13948.73046875,0
15.0546875,-14885.7421875,8946.2890625,4947.265625,-817.3828125,0
15.05859375,-13628.41796875,15065.91796875,15534.66796875,-12495.60546875,0
15.0625,4819.3359375,-811.5234375,-8441.40625,-8550.78125,0
15.06640625,-889.16015625,10978.515625,10932.12890625,3186.5234375,0
15.0703125,-14300.29296875,15456.54296875,14823.73046875,-13019.04296875,0
15.07421875,4449.70703125,-6938.96484375,15935.05859375,-9797.36328125,0
15.078125,-6857.421875,2971.6796875,-13043.9453125,5205.56640625,0
15.08203125,-14566.40625,15565.91796875,14847.16796875,-13206.54296875,0
15.0859375,-1804.6875,-437.98828125,-12940.4296875,-11049.31640625,0
15.08984375,-14879.8828125,8961.42578125,-5055.17578125,-8789.0625,0
15.09375,-14175.29296875,15214.35546875,15081.54296875,-12612.79296875,0
15.09765625,2948.2421875,-7437.98828125,-11563.96484375,-6671.38671875,0
15.1015625,9162.109375,-13023.92578125,6965.33203125,13237.79296875,0
15.10546875,-13839.84375,15417.96875,14972.16796875,-12894.04296875,0
15.109375,-1555.6640625,1688.4765625,-15065.91796875,-15675.29296875,0
15.11328125,-2861.81640625,14995.60546875,-13051.26953125,15210.44921875,0
15.1171875,-13534.66796875,15675.29296875,14987.79296875,-12644.04296875,0
15.12109375,8196.77734375,-2562.5,-12940.4296875,-10798.828125,0
15.125,5148.92578125,-2988.76953125,-1044.43359375,11212.40234375,0
15.12890625,-13284.66796875,15612.79296875,15456.54296875,-12597.16796875,0
15.1328125,-14927.24609375,-8186.5234375,-4814.453125,-2173.828125,0
15.13671875,1124.51171875,3009.27734375,941.89453125,-14804.6875,0
15.140625,-14081.54296875,15691.40625,15058.10546875,-12713.8671875,0
15.14453125,13446.77734375,812.98828125,-4564.94140625,702.1484375,0
15.1484375,-911.1328125,4998.53515625,2914.0625,3200.68359375,0
15.15234375,-14112.79296875,15847.16796875,14894.04296875,-12558.10546875,0
15.15625,6195.3125,-2562.98828125,-15941.40625,-6549.31640625,0
15.16015625,11122.0703125,12979.4921875,8941.89453125,-14797.36328125,0
15.1640625,-13948.73046875,15534.66796875,14854.98046875,-12769.04296875,0
15.16796875,1196.2890625,-4687.5,-13814.94140625,-9047.8515625,0
15.171875,9140.625,3020.5078125,14960.44921875,7231.4453125,0
15.17578125,-13909.66796875,-15715.33203125,15253.41796875,-12690.91796875,0
15.1796875,5071.77734375,-4812.98828125,-15816.40625,-12550.29296875,0
15.18359375,15129.39453125,14994.62890625,6950.68359375,-10802.24609375,0
15.1875,-14003.41796875,15628.90625,14979.98046875,-12714.35546875,0
15.19140625,2319.3359375,3686.5234375,14932.6171875,-9676.7578125,0
15.1953125,-12881.8359375,-5041.015625,10910.15625,-2826.66015625,0
15.19921875,-13910.15625,15417.48046875,14487.79296875,-12784.66796875,0
15.203125,-2179.6875,-6190.4296875,9307.6171875,-14425.29296875,0
15.20703125,-2821.77734375,992.67578125,-1059.08203125,-12768.5546875,1
15.2109375,-13285.15625,-15222.65625,14886.23046875,-12409.66796875,1
15.21484375,-1054.6875,6312.01171875,13559.5703125,14073.73046875,1
15.21875,13146.484375,-10996.09375,-13029.78515625,-10791.50390625,1
15.22265625,-13581.54296875,15940.91796875,15229.98046875,-12659.66796875,1
15.2265625,13196.77734375,-8438.4765625,-10565.4296875,-5549.31640625,1
15.23046875,7106.4453125,-10994.140625,4925.78125,-2820.3125,1
15.234375,-14480.46875,15870.60546875,14589.35546875,-13112.79296875,1
15.23828125,-1428.22265625,-6688.96484375,8557.6171875,-11800.29296875,1
15.2421875,-847.16796875,9005.859375,-5048.33984375,-6797.8515625,1
15.24609375,-13753.41796875,-15840.33203125,15222.16796875,-12659.66796875,1
15.25,4197.265625,-2062.98828125,-13689.453125,-12300.29296875,1
15.25390625,-12846.6796875,-12974.609375,14971.19140625,-12806.640625,1
15.2578125,-13854.98046875,-15637.20703125,14925.29296875,-13175.29296875,1
15.26171875,5071.2890625,-2063.4765625,15559.5703125,15573.73046875,1
15.265625,-12841.796875,-4979.98046875,-9051.26953125,15189.453125,1
15.26953125,-13628.90625,-15457.03125,15073.73046875,-13058.10546875,1
15.2734375,-4430.6640625,5687.98828125,-15440.91796875,4696.2890625,1
15.27734375,-2858.88671875,-2954.58984375,970.21484375,11175.29296875,1
15.28125,-13871.09375,-15160.15625,15222.16796875,-13034.66796875,1
15.28515625,-5181.15234375,7937.01171875,13433.10546875,9446.77734375,1
15.2890625,1111.328125,-1003.41796875,-5050.78125,1162.109375,1
15.29296875,-14073.73046875,-15667.96875,15104.98046875,-13073.73046875,1
15.296875,6195.3125,10439.453125,15684.08203125,-10550.78125,1
15.30078125,-14910.64453125,15028.80859375,12965.33203125,-4836.42578125,1
15.3046875,-14464.84375,-15230.46875,15386.23046875,-13456.54296875,1
15.30859375,-6181.15234375,13190.4296875,-14191.40625,6572.75390625,1
15.3125,13124.51171875,-2926.26953125,-3046.38671875,9186.03515625,1
15.31640625,-13604.98046875,-15042.96875,15245.60546875,-12854.98046875,1
15.3203125,12070.80078125,-15304.6875,-7564.453125,-3924.8046875,1
15.32421875,-14914.0625,7124.0234375,-9048.828125,-841.30859375,1
15.328125,-14433.59375,-14457.03125,15183.10546875,-13409.66796875,1
15.33203125,-1555.17578125,-9181.15234375,-10565.4296875,8697.75390625,1
15.3359375,1113.76953125,3115.72265625,-11044.921875,3176.7578125,1
15.33984375,-13979.98046875,-14277.34375,15401.85546875,-13050.29296875,1
15.34375,4445.3125,-4681.15234375,-6939.94140625,-12675.78125,1
15.34765625,-2874.51171875,-6884.765625,-5040.52734375,-10823.2421875,1
15.3515625,-13784.66796875,-13628.41796875,15519.04296875,-12753.41796875,1
15.35546875,7572.265625,4944.82421875,-9940.4296875,-13801.26953125,1
15.359375,-12871.58203125,7143.06640625,8967.7734375,-8791.50390625,1
15.36328125,-14480.46875,-13816.40625,15292.48046875,-13175.29296875,1
15.3671875,-13181.640625,-9933.10546875,14934.5703125,2072.265625,1
15.37109375,-12854.98046875,-14879.8828125,4981.4453125,15211.42578125,1
15.375,-13894.53125,-14027.34375,15425.29296875,-12964.35546875,1
15.37890625,-427.734375,-7430.6640625,-12314.94140625,10574.70703125,1
15.3828125,-4849.609375,-8883.7890625,-3040.52734375,13203.61328125,1
15.38671875,-13854.98046875,-14746.09375,15198.73046875,-12972.16796875,1
15.390625,4945.80078125,-10806.640625,-6438.96484375,-15800.78125,1
15.39453125,9127.9296875,9048.33984375,14961.42578125,-6805.17578125,1
15.3984375,-13746.09375,-15683.59375,15362.79296875,-12792.48046875,1
15.40234375,-1806.15234375,-10806.640625,-11565.4296875,-14801.26953125,1
15.40625,-14875.0,5073.73046875,944.3359375,-4806.15234375,1
15.41015625,-14050.78125,-14550.78125,15269.04296875,-12815.91796875,1
15.4140625,-2182.12890625,-11310.05859375,-2314.453125,-13177.24609375,1
15.41796875,7072.75390625,-10965.33203125,6940.91796875,1140.625,1
15.421875,-14245.60546875,-15449.21875,15300.29296875,-13214.35546875,1
15.42578125,3570.3125,11689.94140625,-6189.453125,-9425.29296875,1
15.4296875,-10870.1171875,7048.828125,-11041.9921875,5189.94140625,1
15.43359375,-14112.79296875,-15121.09375,14886.23046875,-12956.54296875,1
15.4375,1945.80078125,8190.4296875,-13439.453125,-13924.8046875,1
15.44140625,9103.02734375,-940.91796875,-3052.24609375,13181.640625,1
15.4453125,-14332.03125,-15597.65625,15214.35546875,-13183.10546875,1
15.44921875,-3054.6875,5065.4296875,-10066.40625,13573.73046875,1
15.453125,-4882.8125,-10947.75390625,2936.5234375,-4818.359375,1
15.45703125,-13667.48046875,-15214.84375,15542.48046875,-12894.04296875,1
15.4609375,7319.3359375,13438.96484375,-3313.96484375,-13676.7578125,1
15.46484375,7122.0703125,5011.71875,-1020.01953125,9183.59375,1
15.46875,-14457.03125,-15816.40625,15190.91796875,-13425.29296875,1
15.47265625,-13183.10546875,7563.4765625,15683.59375,4821.77734375,1
15.4765625,-6868.1640625,-12993.1640625,14958.0078125,11185.546875,1
15.48046875,-13159.66796875,-15269.53125,15604.98046875,-12589.35546875,1
15.484375,1567.87109375,9939.453125,-10815.91796875,14697.75390625,1
15.48828125,-6915.0390625,5049.31640625,8948.2421875,5172.36328125,1
15.4921875,-14527.34375,-15300.78125,15315.91796875,-13261.23046875,1
15.49609375,-7681.15234375,8187.98828125,-9689.94140625,11198.2421875,1
15.5,15144.53125,3015.625,8964.84375,-790.0390625,1
15.50390625,-13729.98046875,-15324.21875,15112.79296875,-12550.29296875,1
15.5078125,194.82421875,3187.01171875,-14190.4296875,-14050.78125,1
15.51171875,1110.3515625,13033.203125,-3045.8984375,-2808.10546875,1
15.515625,-14034.66796875,-15222.65625,15448.73046875,-12886.23046875,1
15.51953125,4695.3125,563.96484375,-7816.40625,-10675.78125,1
15.5234375,-14913.57421875,-12957.51953125,14937.01171875,3145.5078125,1
15.52734375,-14371.09375,-15339.84375,15378.41796875,-13542.48046875,1
15.53125,-1178.22265625,13314.453125,-9314.453125,13199.70703125,1
15.53515625,1204.58984375,3038.57421875,13004.39453125,11242.1875,1
15.5390625,-13832.03125,-15410.15625,15308.10546875,-12745.60546875,1
15.54296875,-6929.6875,2816.40625,14810.546875,13449.21875,1
15.546875,-12907.71484375,-10934.5703125,-13049.31640625,-10847.16796875,1
15.55078125,-14464.84375,-15332.03125,15144.04296875,-13589.35546875,1
15.5546875,-1680.17578125,15566.40625,-9941.40625,12449.70703125,1
15.55859375,-6870.60546875,-2925.78125,6940.91796875,-12798.33984375,1
15.5625,-14347.16796875,-15253.90625,15425.29296875,-13417.48046875,1
15.56640625,571.2890625,5941.89453125,-5688.4765625,15074.70703125,1
15.5703125,9096.19140625,1102.05078125,-3027.34375,-4822.265625,1
15.57421875,-14183.10546875,-14582.03125,15300.29296875,-12964.35546875,1
15.578125,8195.80078125,-8555.6640625,-4813.96484375,-7924.31640625,1
15.58203125,-6827.1484375,-843.75,12969.23828125,1226.5625,1
15.5859375,-12863.28125,-13604.98046875,15808.10546875,-12136.23046875,1
15.58984375,-5058.10546875,5069.82421875,-11066.40625,11694.3359375,1
15.59375,1125.0,-6878.41796875,7008.30078125,-6842.28515625,1
15.59765625,-14253.90625,-13362.79296875,15933.10546875,-13284.66796875,1
15.6015625,-2805.17578125,-8799.31640625,-7564.453125,13447.265625,1
15.60546875,7107.421875,1203.125,8959.47265625,-836.9140625,1
15.609375,-13362.79296875,-11768.5546875,15862.79296875,-12331.54296875,1
15.61328125,6694.82421875,4079.58984375,-4690.91796875,-10676.7578125,1
15.6171875,5097.65625,-10651.85546875,-5052.734375,11164.0625,1
15.62109375,-14605.46875,-9963.37890625,15440.91796875,-13409.66796875,1
15.625,-10432.12890625,4589.84375,-8939.94140625,9072.75390625,1
15.62890625,-891.11328125,-14516.6015625,-9030.76171875,13176.26953125,1
15.6328125,-13519.04296875,-7993.65234375,15800.78125,-12432.6171875,1
15.63671875,-11433.10546875,5979.00390625,9934.5703125,6321.2890625,1
15.640625,1013.671875,-6332.03125,8921.38671875,1091.30859375,1
15.64453125,-14894.53125,-4079.1015625,15284.66796875,-13659.66796875,1
15.6484375,-8055.17578125,7867.1875,-8938.4765625,12074.70703125,1
15.65234375,9142.578125,11955.56640625,-15001.46484375,-782.2265625,1
15.65625,-13746.09375,-508.30078125,15784.66796875,-12792.48046875,1
15.66015625,-181.640625,-6751.953125,-8441.40625,-13676.7578125,1
15.6640625,-14890.625,-8025.87890625,14956.54296875,9169.921875,1
15.66796875,-14175.78125,-406.73828125,15604.98046875,-12800.29296875,1
15.671875,-13805.17578125,-6501.953125,-15813.96484375,9949.70703125,1
15.67578125,9087.890625,-8025.87890625,14976.5625,5185.05859375,1
15.6796875,-15035.15625,-406.73828125,14987.79296875,-13550.29296875,1
15.68359375,-5932.6171875,-6501.953125,-10814.94140625,15823.2421875,1
15.6875,1071.2890625,-8025.87890625,12978.02734375,-6829.58984375,1
15.69140625,-14957.03125,-406.73828125,15487.79296875,-13573.73046875,1
15.6953125,13943.359375,-6501.953125,-12315.91796875,6074.21875,1
15.69921875,-12905.76171875,-8025.87890625,-9045.8984375,11187.98828125,1
15.703125,-15035.15625,-406.73828125,15589.35546875,-13495.60546875,1
15.70703125,-15683.10546875,-6501.953125,-6564.94140625,5071.77734375,1
15.7109375,9094.7265625,-8025.87890625,14977.05078125,-10812.01171875,1
