timestamp,TP9,AF7,AF8,TP10,label
0.000000,-15996.0938,-15996.5820,15953.6165,-15776.7078,0
0.003906,62.0117,-11998.3015,401.0421,-75.9185,0
0.007812,-2998.5352,-1301.1172,-13082.2388,-766.2253,0
0.011719,15862.7930,209.9328,-8656.3029,15702.8107,0
0.015625,-5564.4531,9965.1497,7002.0807,-1365.2342,0
0.019531,-5032.7148,-4227.1598,651.7539,-4742.2920,0
0.023438,15604.9805,7697.5935,9347.0370,15486.7277,0
0.027344,-6564.9414,9617.6416,6764.1974,-4583.7070,0
0.031250,-1031.2500,-8363.3092,-7119.7675,3018.0591,0
0.046516,15323.7305,15615.0651,12824.6098,14949.6980,0
0.050422,-9064.9414,-3216.5635,8112.3019,-7236.0198,0
0.054328,-9029.7852,-1031.8004,12599.3213,-8408.6871,0
0.058235,15620.6055,15558.4626,-15064.7192,15110.0958,0
0.062141,-6814.4531,-8564.9712,-5749.0425,-6525.2547,0
0.066047,2986.8164,12872.0923,-8915.8190,-4475.5432,0
0.069953,15909.6680,15669.2408,14505.1377,15407.6175,0
0.073860,-6187.9883,-11300.6476,-15679.2740,-6014.8672,0
0.077766,999.0234,-14999.6905,4916.3035,-8808.2247,0
0.090113,15894.0430,11651.5221,-11847.1150,15720.4113,0
0.094019,-2187.9883,6659.9014,-11774.3447,-2628.7117,0
0.097925,3002.9297,286.9665,10861.1706,-10798.9066,0
0.101831,15940.9180,9465.3031,-12320.5445,15620.6495,0
0.105738,-3062.5000,5414.9844,-6836.4599,-4427.3764,0
0.109644,998.0469,1054.5500,-11293.6803,-2856.2437,0
0.113550,15675.2930,11400.2952,-13213.6251,15710.7312,0
0.117456,-5188.4766,5045.9501,12996.6560,-2768.1801,0
0.121363,2970.2148,-5297.1831,-15221.7802,3013.8588,0
0.135095,15370.6055,12798.3094,-12866.5577,15536.8560,0
0.139002,-5438.4766,3836.3853,9747.9857,-1288.1193,0
0.142908,-11020.5078,-3619.6615,-15178.6889,1132.2277,0
0.146814,15581.5430,7881.7116,-14390.2231,15361.5337,0
0.150720,-6314.4531,2863.5611,-6815.4757,-5965.5829,0
0.154627,-5030.7617,-11984.5583,-5335.8238,3118.4226,0
0.158533,15565.9180,1335.7752,-14379.5497,15484.6818,0
0.162439,-4313.9648,5213.3134,190.6348,-4605.0416,0
0.166345,-5017.0898,-388.5570,-2955.1597,3018.5624,0
0.196180,15722.1680,15643.2589,15163.2276,-4607.4544,0
0.200086,-6563.9648,-6208.3621,3161.0939,3117.0037,0
0.203992,975.5859,-1188.6930,-11942.6067,15388.4269,0
0.207898,15831.5430,15217.0232,12179.8285,-3348.2998,0
0.211805,-63.9648,-8277.1514,-1789.5009,5042.2901,0
0.215711,8984.8633,-5134.8057,-6240.8214,8168.4226,0
0.219617,15886.2305,15200.4440,14805.2774,11294.5551,0
0.223523,-2062.9883,-3285.9597,12128.0725,14420.6876,0
0.227430,14997.5586,-1092.0553,-4568.2354,5342.5605,0
0.240098,15792.4805,15563.0036,14663.9318,1420.0992,0
0.244004,-5688.4766,-6892.6084,-13859.9319,6267.9276,0
0.247910,8983.3984,12924.8893,11246.7229,13972.3600,0
0.251817,15800.2930,15755.4149,13402.5116,777.0914,0
0.255723,-1814.4531,-4523.1346,-12623.5002,-12411.3145,0
0.259629,2957.5195,-7030.5046,-4800.0862,-11781.4280,0
0.263535,15526.8555,15635.8330,-15381.1841,-7574.8785,0
0.267442,-4939.9414,-4647.5498,10616.4999,-3368.3290,0
0.271348,956.5430,-9020.2677,-14695.7359,838.2205,0
0.285069,15479.9805,12539.6005,-14379.6258,15394.0752,0
0.288975,-9189.4531,5927.3760,11878.3576,-8257.2369,0
0.292882,978.5156,-7450.1229,-12721.1515,14976.5034,0
0.296788,15690.9180,2252.3200,-14094.4316,15488.2346,0
0.300694,-4188.9648,6722.5492,4074.0614,-5155.6103,0
0.304600,-7021.4844,246.8431,14993.8695,14982.9268,0
0.308507,15753.4180,9274.5107,-14765.2902,15587.2190,0
0.312413,-1437.5000,4396.8537,3758.9425,-2472.7221,0
0.316319,3006.8359,-3074.0081,-14809.5294,8949.4347,0
0.330505,-15926.2695,13840.8719,-14668.5006,-15559.8165,0
0.334411,-2314.4531,2193.4962,13613.5047,-1204.2392,0
0.338318,-13026.3672,-5681.4575,-7028.3275,11116.9484,0
0.342224,15784.6680,7423.6728,14452.6923,15392.0358,0
0.346130,-4438.4766,2290.2069,13370.3250,-474.5803,0
0.350036,987.7930,-3300.1656,-3065.0988,11122.9680,0
0.353943,15644.0430,8855.6073,13046.4097,15317.3752,0
0.357849,-4438.4766,3683.0760,512.2811,-1892.5123,0
0.361755,12982.4219,6104.0805,-13174.9357,-12776.5919,0
0.375091,15706.5430,15123.4077,15485.7886,15543.8050,0
0.378998,-5688.9648,11781.2488,-2110.0673,-2799.8489,0
0.382904,-3006.3477,-1537.1685,-11179.2901,-11067.9878,0
0.386810,-15973.1445,8714.5453,14559.8295,-15785.2782,0
0.390716,-3064.4531,11126.2024,-2090.7669,-1298.6743,0
0.394623,-3010.2539,-7462.8427,-5293.6189,8652.3188,0
0.398529,15987.7930,-5626.1573,12390.9241,-15660.5548,0
0.402435,-3564.4531,11364.8194,4686.0448,-11.6699,0
0.406341,6970.2148,-1623.5447,2787.4022,12876.0360,0
0.420077,15722.1680,15228.9153,12765.5465,-15811.5200,0
0.423983,-3188.4766,2621.0340,11274.6723,-905.0379,0
0.427890,12982.9102,-12207.6582,-5058.7001,-8731.4761,0
0.431796,15620.6055,976.9444,12441.9273,15723.5110,0
0.435702,-4313.4766,6224.0800,12752.6956,-95.8469,0
0.439608,-9007.3242,-866.8622,-7300.3272,-2793.8024,0
0.443515,15620.6055,8470.4595,10930.0006,15607.9608,0
0.447421,-7939.9414,6732.4235,9464.2439,-5537.7994,0
0.451327,-15034.6680,-5357.3663,14913.2969,-2993.6933,0
0.465980,15456.5430,15828.1849,11848.2749,15137.2442,0
0.469887,-8939.4531,-2517.4953,1468.8311,-9213.6946,0
0.473793,8982.9102,965.2858,10851.1237,-10677.6528,0
0.477699,15683.1055,15521.6814,10214.2111,15381.0756,0
0.481605,-8939.4531,-5511.6987,13889.7776,-6447.5829,0
0.485512,6969.2383,-7026.6125,-5150.1447,-6736.5485,0
0.489418,15511.2305,15626.3779,12989.8839,15272.4229,0
0.493324,-6064.4531,-6633.5768,13919.2901,-9896.0121,0
0.497230,-1025.3906,12945.4671,3159.3763,3024.0511,0
0.510133,15675.2930,15555.6333,-15624.3267,15373.6509,0
0.514039,-2313.4766,5458.7823,10648.6497,-4689.3821,0
0.517945,-3020.0195,-8757.8800,-2930.2232,7061.9974,0
0.521852,15690.9180,1984.3564,-14623.4151,15432.8523,0
0.525758,-3937.9883,4474.7199,8613.2597,-5062.7797,0
0.529664,4994.6289,4092.0723,-15054.1577,-4776.6919,0
0.533570,15651.8555,14396.3475,-12059.8920,15689.6538,0
0.537477,-7314.4531,3833.8368,-15813.3844,-3476.8445,0
0.541383,10977.5391,4521.3697,-10870.6378,-6954.0433,0
0.570044,15604.9805,15393.3717,-7887.5537,1536.4493,0
0.573950,-8063.9648,-6706.8674,-11827.6468,12058.4845,0
0.577857,15000.0000,-7006.1306,-11627.9160,15554.4479,0
0.581763,15894.0430,15455.0298,-2693.3546,1698.7898,0
0.585669,-4688.4766,-4601.3495,-2552.1137,12103.5228,0
0.589575,10979.0039,10796.9905,-3944.6520,8250.7430,0
0.593482,15534.6680,15386.6281,-5134.6367,53.6261,0
0.597388,-3688.4766,-8315.0567,-6324.6213,-8143.4908,0
0.601294,-5008.7891,-3073.7748,-7514.6060,-14962.0533,0
0.615141,15948.7305,15702.2552,-11590.0373,2433.3637,0
0.619047,-3188.9648,-6513.5506,3682.6686,6414.8143,0
0.622954,10978.5156,12932.8896,4702.5054,15306.8530,0
0.626860,15729.9805,15684.7185,-14370.3333,2267.7598,0
0.630766,-5439.4531,-10130.8089,-8834.7401,1566.3970,0
0.634672,14976.0742,10931.6115,-9185.6362,7740.4148,0
0.638579,15620.6055,15726.9223,-13473.9219,9004.1113,0
0.642485,-4939.4531,-3395.1499,11428.4246,10267.8077,0
0.646391,8970.2148,-3020.0024,-3117.2889,11531.5042,0
0.660088,15722.1680,13514.8400,13713.6555,15800.9152,0
0.663994,-4063.4766,2666.6578,10048.6705,1617.9637,0
0.667900,14991.2109,-1290.7445,924.7956,-4782.3268,0
0.671806,15847.1680,11440.6225,12752.2774,15702.1813,0
0.675713,-1937.9883,4584.8890,2786.3672,-1950.1518,0
0.679619,8988.7695,-9616.5540,-5178.5670,-14681.1492,0
0.683525,15878.4180,1669.8611,11682.4401,15816.9859,0
0.687431,-813.4766,5820.6982,14536.4739,-547.7739,0
0.691338,-5012.2070,4825.0805,-926.1806,-11009.9640,0
0.705120,15729.9805,15318.6826,12456.3164,-15745.3668,0
0.709026,-4188.4766,5624.9377,4466.3240,209.1392,0
0.712933,11003.4180,-3846.5407,10930.6151,2866.1243,0
0.716839,15956.5430,7357.6870,10665.7653,-15638.7197,0
0.720745,-4938.4766,4640.0263,9816.3009,938.4547,0
0.724651,-3012.2070,-12000.6101,5233.8057,865.1796,0
0.728558,15784.6680,-1613.6351,11609.7136,-15758.6776,0
0.732464,-1688.4766,8383.9688,-8800.2178,3464.7743,0
0.736370,14982.9102,2289.5632,-12814.9824,7001.4549,0
0.751091,15690.9180,15849.9509,13239.3619,15735.1254,0
0.754997,-3188.9648,-7148.0787,-6815.1914,131.2239,0
0.758904,-3030.2734,-7015.4543,-12764.6430,-4789.5595,0
0.762810,15440.9180,15618.4776,13008.4282,15545.7911,0
0.766716,-9064.4531,-8146.1295,15666.1232,-6036.0975,0
0.770622,-1014.1602,-5019.4409,6993.0002,-14695.1679,0
0.774529,15808.1055,15754.6846,12551.7116,15483.1936,0
0.778435,-4814.9414,-3528.3151,-7537.1930,-8135.5250,0
0.782341,-11038.5742,10963.3091,1149.3111,-2973.1188,0
0.796156,15558.1055,15071.6345,-14205.3915,13074.0951,0
0.800062,-4437.9883,3043.7519,-12304.6877,-7767.3154,0
0.803968,9000.9766,-8353.9811,-7305.7691,9624.2794,0
0.807875,15815.9180,4271.1476,-14842.3569,13598.8954,0
0.811781,-2688.9648,6343.7086,-13286.2430,-4896.9876,0
0.815687,-5027.3438,-7024.6931,3364.3541,609.6431,0
0.819593,15565.9180,2252.2735,12813.0225,13628.0498,0
0.823500,-6939.4531,4228.8746,-11909.5815,-4962.2657,0
0.827406,-3026.3672,-8160.6297,-11002.2250,3339.9310,0
0.840251,15698.7305,10570.6811,-11723.2609,15561.6117,0
0.844157,-6315.4297,10610.7615,9675.8401,-2908.0366,0
0.848063,-7035.1562,-4653.3649,8866.2099,1092.5770,0
0.851969,15698.7305,-9337.2406,-12343.8043,15633.3133,0
0.855876,-4814.4531,-11454.0094,4762.2844,-2676.4535,0
0.859782,-11016.6016,3044.8907,-7311.7170,-887.2760,0
0.863688,15636.2305,10723.8963,-13761.0887,15499.4866,0
0.867594,-7188.9648,10580.3904,11061.6887,-7993.9010,0
0.871501,-7015.6250,-4036.5048,12669.2933,-14942.8620,0
0.886202,15604.9805,15667.8069,-14706.4306,15477.5461,0
0.890108,-5563.9648,-1650.0736,3703.0548,-8328.0807,0
0.894014,4972.6562,12939.8330,12728.7618,3093.5263,0
0.897921,15753.4180,15887.5028,15815.9057,15378.6789,0
0.901827,-1688.4766,-2647.3627,-6689.6662,-6573.9542,0
0.905733,-5013.1836,14941.3990,604.5266,5097.8680,0
0.909639,15636.2305,15572.4034,-14692.4062,15498.7674,0
0.913546,-5313.4766,-9508.6629,-11630.4074,-7024.8253,0
0.917452,4980.4688,10918.3961,14813.2711,-2966.3939,0
0.945868,15722.1680,15695.6480,13455.5429,-3605.7298,0
0.949775,-5439.4531,-362.0177,332.7566,-8277.6124,0
0.953681,8979.9805,-1009.4887,1380.8683,14922.6812,0
0.957587,15831.5430,15604.0023,12126.2286,-6272.1157,0
0.961493,-3688.9648,-6956.1881,-10582.6468,-8788.7808,0
0.965400,-5012.2070,947.6995,7229.0072,-1728.6492,0
0.969306,15729.9805,15613.4691,13634.3741,5331.4823,0
0.973212,-1187.9883,-4715.3908,-14589.9485,12391.6139,0
0.977118,-5021.9727,953.9933,-12461.6971,6622.8066,0
0.990122,15597.1680,15486.3282,13623.7461,-1801.2547,0
0.994028,-5563.9648,-5269.7220,-14779.7714,984.8379,0
0.997934,6985.8398,6966.9981,3316.5027,13356.5907,0
1.001840,-15895.0195,15937.4861,14384.7443,-625.5664,0
1.005747,-188.4766,-4146.1338,-5160.0259,5238.8285,0
1.009653,4992.1875,-1016.0376,12967.6473,7980.9270,0
1.013559,15815.9180,15616.4325,-15442.7335,9153.2389,0
1.017465,-2563.4766,-6641.9537,13493.5071,10325.5508,0
1.021372,-7010.2539,-11005.4527,5247.9606,11497.8627,0
1.036219,15769.0430,15933.9767,-15817.3758,14524.5333,0
1.040125,-1687.5000,-3875.1894,-9377.8535,-4920.2100,0
1.044031,6995.6055,-3001.5252,15182.8056,54.3873,0
1.047938,15862.7930,15615.8905,14273.5640,14589.3384,0
1.051844,-62.5000,-6368.1314,7156.0274,-1128.5650,0
1.055750,6997.0703,2954.4004,-886.9678,-11157.1644,0
1.059656,15940.9180,15673.8607,-14667.2451,14777.9323,0
1.063563,-813.4766,-3127.8589,-1456.8584,50.8020,0
1.067469,-9013.1836,8945.6540,-8732.4210,9111.8920,0
1.081255,15901.8555,15381.8309,-13443.9360,15489.4322,0
1.085161,-3563.9648,-9253.5842,12047.5202,-2853.4194,0
1.089067,6985.3516,4949.2182,7089.4359,7175.9915,0
1.092973,15690.9180,15555.8455,-14116.2095,15407.5255,0
1.096880,-5688.9648,-6012.4526,14504.4548,-3380.9987,0
1.100786,-9023.4375,-7037.6746,-861.5228,11069.8034,0
1.104692,15644.0430,15589.0381,15728.5927,15175.2171,0
1.108598,-6814.9414,-6884.6922,-5176.2642,-3913.1180,0
1.112505,-11029.2969,8936.9948,-1142.7808,9028.6622,0
1.125167,15573.7305,14746.7827,-13831.4500,15582.6870,0
1.129074,-4938.4766,7211.1183,157.2623,-1451.1724,0
1.132980,10979.0039,4900.0209,-5267.3208,-12669.7196,0
1.136886,15815.9180,13263.3062,-15790.5386,15582.5462,0
1.140792,-1939.4531,6479.1642,15431.0096,-3880.8497,0
1.144699,2977.5391,-5801.3832,-7196.9391,1156.0023,0
1.148605,15636.2305,3248.4402,13877.7810,15617.5259,0
1.152511,-8063.4766,5697.0477,-7523.4629,-3010.2220,0
1.156417,10990.2344,4470.6907,-3096.4382,-8928.5487,0
1.170224,15636.2305,15277.4125,15179.1295,15789.5017,0
1.174130,-3562.9883,6159.0604,5058.5503,817.2426,0
1.178036,-3015.6250,-3478.5757,783.9722,-14779.1191,0
1.181943,15753.4180,-9215.0530,-15940.1051,15562.1767,0
1.185849,-2313.9648,-9575.7483,-8006.3596,-3526.1553,0
1.189755,12995.6055,-4917.7837,12847.6096,-15008.9229,0
1.193661,-15973.1445,4044.7786,12809.0864,-15832.1093,0
1.197568,-2688.4766,7617.7778,5043.2282,-3315.1324,0
1.201474,6987.3047,-2979.4966,-10990.6434,12989.0096,0
1.216068,15800.2930,15793.3189,13671.9711,15553.2992,0
1.219974,-5063.9648,-525.0292,-3020.4943,-3719.4638,0
1.223880,2977.0508,10968.1757,10961.7080,5108.0296,0
1.227786,15863.2812,15906.2125,12231.0456,15841.6692,0
1.231693,561.0352,-152.0987,-1960.2031,2046.3535,0
1.235599,8978.0273,12938.1460,-15059.6741,-11060.6889,0
1.239505,15901.8555,15965.7795,12360.7886,-15703.7789,0
1.243411,-313.4766,2841.6481,7420.0804,2072.3499,0
1.247318,-3025.3906,-7008.2336,-4853.7107,3031.0844,0
1.260252,15667.4805,12306.6555,-15161.8339,15776.0671,0
1.264158,-2688.4766,4306.2157,-31.9655,1604.9820,0
1.268065,12981.9336,-6482.3157,13067.5596,7068.2208,0
1.271971,15753.4180,4941.2224,-14340.4750,15821.2035,0
1.275877,-2937.9883,9100.8031,-14135.9437,-1481.4527,0
1.279783,10996.0938,-2462.6472,12812.8151,9045.3258,0
1.283690,15972.6562,3945.1413,-12950.5200,15825.4693,0
1.287596,1561.5234,8433.5646,8015.8548,1867.9388,0
1.291502,12985.3516,2471.0968,-8805.3347,-7023.7890,0
1.320094,-15886.7188,15838.7246,-13836.1670,-2236.0906,0
1.324000,936.5234,-2715.3817,-5177.1561,-10157.4944,0
1.327906,12991.2109,4936.3781,-9320.7713,10362.8145,0
1.331813,15815.9180,15657.6350,8528.3694,1877.6371,0
1.335719,-4063.9648,-352.6586,3516.0970,-9147.1309,0
1.339625,-1026.3672,971.5182,-314.4242,-5273.8689,0
1.343531,15604.9805,15791.9361,-1991.7331,1861.4790,0
1.347438,-2938.4766,-476.6585,-3669.0420,8996.8270,0
1.351344,-7012.2070,-12943.0429,-5346.3509,14756.8551,0
1.365163,15620.6055,15750.3337,-11234.3785,7403.2833,0
1.369069,-5437.9883,-3693.6053,-5655.9480,-3520.7326,0
1.372975,2990.2344,-14953.1966,923.8836,6587.4353,0
1.376882,15808.1055,15510.2182,-11796.2084,2866.1282,0
1.380788,-3313.4766,-5930.4218,-5969.8832,-6476.2186,0
1.384694,-15015.1367,2932.2484,10852.9807,-5089.4968,0
1.388600,15628.4180,15752.7295,-12307.1679,-1897.4702,0
1.392507,-6813.4766,-4438.8113,-13159.3605,1294.5564,0
1.396413,8988.7695,-8981.5142,10989.8276,4486.5829,0
1.410279,15667.4805,13113.6808,-14478.2315,15605.5116,0
1.414185,-4187.9883,6375.6241,-6164.2510,-1557.4798,0
1.418092,-7011.2305,6601.6622,1038.7615,11039.0082,0
1.421998,15511.2305,14540.3117,15605.7311,15286.1672,0
1.425904,-6314.4531,5011.3968,-2182.6485,-6505.1838,0
1.429810,-3018.0664,-4418.2078,2814.8337,-13020.5805,0
1.433717,15894.0430,6438.6404,12736.3341,-15682.0000,0
1.437623,-5814.4531,2261.2892,8212.6443,979.2702,0
1.441529,10979.9805,-4392.4205,13089.1649,-7033.2378,0
1.455227,15925.2930,13378.9910,13383.2891,-15633.7270,0
1.459133,-1564.9414,6391.0251,-13733.1493,2320.6332,0
1.463039,-11038.5742,7066.5400,13041.8601,3156.7593,0
1.466946,15503.4180,15219.3538,12337.5279,15569.2111,0
1.470852,-6563.9648,2215.4121,-5848.0143,-4889.5055,0
1.474758,-7012.6953,-11390.7111,-12636.8660,-811.2546,0
1.478664,15784.6680,2104.3757,12347.5121,15540.2836,0
1.482571,-2687.9883,6648.3105,3415.5218,-2.4098,0
1.486477,11005.3711,-6431.7000,-2766.8237,-5039.9301,0
1.500195,-15808.5938,12164.8045,13878.5992,-15861.0037,0
1.504101,812.5000,3234.9014,2917.0609,-1664.9911,0
1.508008,6982.4219,-11643.3221,-14732.3086,1119.4750,0
1.511914,15534.6680,1180.4828,14739.8555,15741.5722,0
1.515820,-4063.9648,5846.1693,12321.2731,542.9555,0
1.519726,-3010.7422,6700.4562,13214.7112,12760.1102,0
1.523633,15737.7930,15382.0020,14241.4532,-15890.7924,0
1.527539,-7689.4531,3161.2126,-2015.7355,-4370.1531,0
1.531445,6965.8203,-7450.0887,11171.6420,-10948.9932,0
1.546253,15370.6055,14390.4810,-13275.4861,14085.2004,0
1.550159,-4813.4766,-2526.1046,10239.0199,-3683.1081,0
1.554065,-3020.9961,8063.1813,-14772.4871,11365.0920,0
1.557971,15808.1055,14853.0768,-13355.1262,14456.7036,0
1.561878,-1439.4531,2695.6332,-233.5138,-373.8702,0
1.565784,-9036.6211,-9147.2310,8426.2086,15048.6187,0
1.569690,15581.5430,11143.2309,-14904.6471,14119.6293,0
1.573596,-5438.9648,-419.2388,8465.6193,-4845.9748,0
1.577503,-7015.1367,10159.9548,14997.4800,5254.7268,0
1.590073,15745.6055,15354.8488,-10817.4914,15789.1131,0
1.593979,-6438.9648,4513.8163,-11557.7858,-4698.3952,0
1.597886,4975.0977,1463.1124,-6994.3476,11021.9659,0
1.601792,15573.7305,12377.4217,-11951.1240,15645.4220,0
1.605698,-3563.4766,7342.6915,1778.7023,-4289.2126,0
1.609604,-5011.2305,-2897.0295,-9217.2192,-871.8706,0
1.613511,15737.7930,5541.2962,-12848.7850,15853.0236,0
1.617417,-4188.4766,5468.8633,15920.3323,-2412.9458,0
1.621323,-9017.0898,-5749.3985,8889.8448,1014.3667,0
1.636113,15683.1055,15723.3177,-12789.1446,15489.4709,0
1.640019,-2687.9883,-3874.4110,-653.1966,-2490.0150,0
1.643925,2983.8867,-14967.1904,14788.2837,3154.2247,0
1.647832,15651.8555,15529.4799,-14036.9595,15439.9253,0
1.651738,-4814.4531,-8236.1452,-15029.0978,-2920.6218,0
1.655644,14977.0508,2962.4845,4664.5080,-10645.3083,0
1.659550,15831.5430,15829.0308,-12984.8419,15715.7066,0
1.663457,-2563.4766,-11.0367,-1026.3114,-1344.0464,0
1.667363,8976.5625,-12965.9996,12884.5786,-12908.7428,0
1.695965,15667.4805,15712.4190,-1135.9534,-88.9768,0
1.699871,-1688.9648,-2060.7704,11917.0419,-8692.2142,0
1.703777,-1033.6914,14247.6929,15324.0259,-15744.7298,0
1.707683,15690.9180,15451.6975,-1431.8876,-2926.3449,0
1.711590,-1437.5000,-4356.0931,4720.3518,-14557.3897,0
1.715496,15004.3945,-5021.6753,6524.4983,-8224.3636,0
1.719402,15878.4180,14976.2162,7934.8893,-1186.4451,0
1.723308,-6188.9648,-2423.3269,9345.2802,5851.4734,0
1.727215,8989.7461,-1097.6311,10755.6711,12889.3919,0
1.741193,15690.9180,15751.1782,15594.0444,13402.1724,0
1.745099,-4938.9648,-6641.8131,-11356.9050,1736.4755,0
1.749006,-13017.5781,10935.6648,15235.3432,6873.8389,0
1.752912,15792.4805,15868.0091,15720.7989,13086.5378,0
1.756818,-2062.5000,-5518.4644,9217.4383,1899.8323,0
1.760724,986.8164,-1015.5316,13048.2778,15027.6023,0
1.764631,15753.4180,15624.3040,-13866.4664,15174.2877,0
1.768537,-3438.4766,-5517.9541,5992.2279,15320.9731,0
1.772443,2998.5352,2968.6738,-4711.1060,15467.6585,0
1.785089,-15988.2812,13951.5104,-14313.9757,15749.3506,0
1.788995,186.5234,7407.7191,8653.8894,-1710.1907,0
1.792901,14967.2852,5871.1710,-10720.7564,-14675.6910,0
1.796808,15745.6055,14338.8799,-14069.8299,15673.6015,0
1.800714,-188.9648,6390.0186,13636.5206,2159.7993,0
1.804620,-13008.3008,5783.3830,-6776.0415,10702.7616,0
1.808526,-15949.7070,15340.9063,-13172.4922,-15713.0478,0
1.812433,-2188.4766,4834.8708,-14798.3385,778.9251,0
1.816339,-1016.6016,-3696.9978,-8708.5815,9017.8020,0
1.830296,15698.7305,13644.3800,-13582.9324,14977.5408,0
1.834202,-3938.4766,4172.4997,12966.4300,-3282.4584,0
1.838109,986.3281,-2947.0114,-8871.1108,7326.7544,0
1.842015,15839.3555,8212.5722,-14126.2112,15192.7142,0
1.845921,-1563.4766,3050.0789,15330.0174,-1561.6494,0
1.849827,12978.5156,2763.3116,-6924.6542,-9994.1359,0
1.853734,15714.3555,13617.0867,-15728.6994,15260.7715,0
1.857640,-4813.9648,4915.9868,11671.1708,-294.7203,0
1.861546,-3011.2305,2077.1112,8966.6164,-2795.6159,0
1.875204,15839.3555,14515.5861,-12891.5041,15595.0841,0
1.879110,-1188.4766,4531.0941,-1743.6564,-3575.8707,0
1.883016,-13005.8594,421.7854,-13132.0355,-14645.2826,0
1.886923,15886.2305,10839.6544,-14835.1323,15831.5811,0
1.890829,-62.9883,6028.6525,15056.8770,3242.2502,0
1.894735,-3011.2305,2711.2255,14717.7782,-12668.9536,0
1.898641,15862.7930,11832.6039,14149.7555,15586.1873,0
1.902548,-2812.5000,8182.5194,15045.8919,-4007.7095,0
1.906454,7008.7891,3416.9663,8935.0826,11015.2711,0
1.920114,15870.6055,14224.7662,15652.3306,15394.3854,0
1.924021,-5688.9648,4926.4649,7943.8971,-7908.6511,0
1.927927,6972.6562,-4278.1854,6854.1843,-4812.2529,0
1.931833,15612.7930,6346.3947,15949.1476,15293.2042,0
1.935739,-5064.9414,6697.4940,-6070.9412,-5679.0460,0
1.939646,-3029.2969,-2425.6615,-15133.0116,7070.7158,0
1.943552,15745.6055,6362.6132,13475.7131,15666.1973,0
1.947458,-4939.4531,4553.7671,-14522.5336,-3391.5627,0
1.951364,-3013.6719,-8578.3453,-2996.5167,1034.8669,0
1.966053,15800.2930,15281.0759,14177.4305,15580.0252,0
1.969959,-5564.4531,-6262.3671,14688.7864,-6569.7051,0
1.973866,961.9141,-11014.1435,9046.3616,-6798.9844,0
1.977772,15824.2188,15549.2020,-15851.7492,15670.9459,0
1.981678,1311.5234,-4514.8244,-14153.6678,-1536.4739,0
1.985584,6981.4453,2963.4352,-5019.3542,-10729.5379,0
1.989491,15784.6680,15621.6085,12869.2752,15692.0260,0
1.993397,-313.4766,-2145.8879,-2072.1646,-5455.5561,0
1.997303,-3009.2773,2974.4619,-12820.5535,-6948.0861,0
2.010128,15894.0430,13834.7240,-13854.9931,15689.5866,0
2.014034,-5563.9648,6102.9476,8161.2147,-3344.3551,0
2.017941,-1009.2773,-9951.6792,-6823.2383,-6820.6632,0
2.021847,15815.9180,-1262.6718,-14543.2445,15785.5812,0
2.025753,-2813.4766,7661.4464,-10558.6365,-1111.9067,0
2.029659,-5019.0430,-1024.2052,-1054.6255,-6825.2345,0
2.033566,15636.2305,8217.1384,-12844.5478,15419.5748,0
2.037472,-4438.9648,6485.5611,-10899.1109,-6890.6994,0
2.041378,-13013.1836,-4427.4266,9237.7691,-974.5109,0
2.070069,15784.6680,15756.1659,-6291.8557,6129.0677,0
2.073975,-2563.9648,-11919.4435,7648.0254,5761.5474,0
2.077881,12964.3555,941.8810,555.3011,13767.7098,0
2.081788,15542.4805,15785.6695,-1156.6956,5565.2109,0
2.085694,-5313.4766,-7194.1066,3381.8638,7613.0785,0
2.089600,-13012.6953,-1051.7315,159.5358,15151.0774,0
2.093506,15675.2930,15689.6437,-1537.0009,15419.4144,0
2.097413,-2813.4766,-6945.8509,-3233.5376,15687.7513,0
2.101319,-7011.2305,4914.0402,-4930.0743,9958.3291,0
2.116016,15979.9805,15490.7619,-11325.0408,-383.8339,0
2.119923,-438.4766,-6090.3694,-14473.5986,13208.1008,0
2.123829,10974.1211,4918.2886,-1008.5083,14542.5000,0
2.127735,15651.8555,15486.8809,-11548.4783,347.1438,0
2.131641,-1938.4766,-988.4072,-8903.0429,5113.5812,0
2.135548,-15020.5078,-8984.0340,14807.3106,6586.3415,0
2.139454,15902.3438,15594.7108,-11846.2162,8059.1018,0
2.143360,62.5000,-5467.7635,15433.3424,9531.8621,0
2.147266,-8987.3047,-12996.5051,-1046.7249,11004.6224,0
2.160149,-15910.1562,10332.9524,-13999.8783,15667.8252,0
2.164055,686.5234,11217.6812,-8517.0404,-2136.5685,0
2.167962,-3024.4141,-684.4748,12734.1543,3109.5125,0
2.171868,15565.9180,3386.8588,-15376.5623,15545.0393,0
2.175774,-6313.9648,8129.9571,15660.7638,-1289.5092,0
2.179680,8989.7461,-7852.3457,2873.7004,1148.0124,0
2.183587,15753.4180,6356.6598,12982.9818,15761.6092,0
2.187493,-5938.4766,9890.6059,-538.1148,-1409.3797,0
2.191399,-11012.6953,-6582.1325,5066.8731,-10929.7065,0
2.205068,15729.9805,11573.8828,13118.7314,15846.6874,0
2.208974,-687.9883,8134.8238,-10139.3943,3739.0705,0
2.212880,-11023.9258,74.5193,-2899.7745,9062.5245,0
2.216786,15589.3555,7740.0579,12663.2238,15787.4057,0
2.220693,-5189.4531,5508.4385,-12794.0056,-873.1022,0
2.224599,-1024.9023,-8600.5273,-10850.3774,-7094.2331,0
2.228505,15792.4805,1320.3021,10861.5587,-15724.8112,0
2.232411,-3689.4531,5932.0145,10578.8353,898.0595,0
2.236318,-9021.4844,-4536.0019,9211.5065,-2961.1527,0
2.251007,15729.9805,15821.0645,13786.0127,15867.0053,0
2.254913,-5938.9648,-4403.1743,-4051.7720,-1574.5999,0
2.258819,991.6992,8951.5772,-6785.5177,-2878.7090,0
2.262725,15714.3555,15733.4892,13561.9040,15584.0488,0
2.266632,-8314.9414,-2655.4853,836.2282,-6245.7705,0
2.270538,-11019.5312,-3006.7536,11136.1145,3092.2940,0
2.274444,15706.5430,15883.6110,13625.5277,15794.8966,0
2.278350,-9189.9414,-4152.9806,15934.1102,-2938.9736,0
2.282257,14978.0273,958.5445,7162.4588,-3033.2679,0
2.296223,15948.7305,14762.8256,-14522.9317,-14955.9337,0
2.300129,-2815.4297,3413.7405,-13809.5951,-929.4831,0
2.304036,-5034.1797,-6961.5934,1014.7356,1961.9895,0
2.307942,15776.8555,9623.2775,-15068.0694,14654.3261,0
2.311848,-4063.4766,1040.8911,-2947.2079,-3586.2434,0
2.315754,4981.4453,-4692.8870,-2905.6465,-9263.5716,0
2.319661,15612.7930,10828.9296,15235.8788,14144.9957,0
2.323567,-1437.9883,3096.7266,907.3875,-5629.3069,0
2.327473,-7009.2773,-5556.2952,12948.7444,-2637.2130,0
2.340050,15776.8555,-14657.2888,-12368.6945,15598.0777,0
2.343956,-6189.4531,-9331.3779,-14778.8827,-3437.0828,0
2.347863,6972.6562,-8962.7898,6871.3690,12999.9099,0
2.351769,15573.7305,343.7691,-12955.3242,15499.3137,0
2.355675,-5438.4766,5348.9766,-11908.5694,-4181.2891,0
2.359581,2981.9336,-4855.3287,10706.7940,13008.2070,0
2.363488,15644.0430,5470.2388,-13969.6677,15482.2317,0
2.367394,-8564.4531,3864.4539,4636.9812,-7391.6992,0
2.371300,12978.0273,2582.5084,-15196.2977,14984.4857,0
2.385166,15675.2930,14056.6044,-12760.7659,15525.9114,0
2.389072,-5314.4531,14413.2715,6053.8761,-3123.2532,0
2.392978,-15023.9258,14769.9385,6740.8535,-8774.4645,0
2.396884,15573.7305,15126.6056,-13514.7959,15203.9888,0
2.400791,-9688.9648,11477.9878,-9082.9890,-8859.4505,0
2.404697,-13018.5547,-4661.4985,-9308.9754,-850.2409,0
2.408603,15589.3555,3710.3227,-13069.6991,15250.8227,0
2.412509,-5063.9648,11221.3532,-3603.0469,-5845.6214,0
2.416416,-13024.9023,-7380.6106,14785.2291,-8946.8672,0
2.430329,15542.4805,470.6247,15964.8234,14830.2091,0
2.434235,-6189.9414,5539.9500,13446.4944,-4779.5430,0
2.438141,-7014.6484,8957.2325,14841.9864,3432.9803,0
2.442048,15995.6055,12374.5150,12716.1760,15081.4795,0
2.445954,-4313.9648,15283.1487,10415.4496,-4015.1944,0
2.449860,14972.6562,-2898.9896,-11082.2247,11152.9532,0
2.453766,15479.9805,14992.0430,13947.7573,15121.1896,0
2.457673,-7563.9648,15255.1952,-14266.9125,-3000.7586,0
2.461579,-13016.1133,-2162.2074,11158.7260,9041.5987,0
2.490085,15581.5430,15500.9166,15040.1243,-1955.6350,0
2.493991,-7438.9648,-4274.8700,-1949.4106,-5339.4477,0
2.497897,14979.4922,6958.6925,-4720.0583,11468.8464,0
2.501804,15589.3555,15681.5460,14243.2890,2240.4857,0
2.505710,-5563.9648,-3900.2550,6395.4361,-2668.9468,0
2.509616,-5016.6016,14947.5606,-706.9341,-991.4447,0
2.513522,15628.4180,15697.3233,15782.7220,1574.6636,0
2.517429,-5563.9648,-6270.5734,6453.5287,4140.7719,0
2.521335,-9018.5547,-15005.7821,9278.3382,6706.8803,0
2.535169,15706.5430,11687.6334,15556.3322,15496.5658,0
2.539075,-7439.4531,7247.4156,-6936.5837,-4341.8572,0
2.542982,-13014.6484,5462.5644,-6641.0178,3136.5283,0
2.546888,15604.9805,15278.0805,15451.9802,15187.8769,0
2.550794,-7439.4531,4350.4339,3493.7598,-6660.2221,0
2.554700,-11033.6914,-9834.4456,-8726.0313,5091.8330,0
2.558607,15386.2305,1321.9377,15664.5599,14912.3468,0
2.562513,-8564.4531,6724.1083,-13440.5991,-10069.9179,0
2.566419,-5018.5547,-8989.6698,-12779.3897,-967.0061,0
2.580164,15714.3555,11479.5664,-14248.4711,14942.1645,0
2.584070,-5814.4531,5584.1314,-12365.0051,-4840.9911,0
2.587976,6964.8438,-6522.5411,11045.1764,-12059.0092,0
2.591882,15589.3555,3803.2627,-14464.6058,15318.8522,0
2.595789,-4314.4531,5474.3948,-857.7473,-699.3724,0
2.599695,8965.3320,1730.9675,-8811.0374,-466.2100,0
2.603601,15690.9180,11502.7727,15675.8337,15288.6292,0
2.607507,-2312.9883,5294.2657,2829.2537,-896.6045,0
2.611414,12983.8867,2593.5565,9028.6690,-6814.8608,0
2.640210,15456.5430,15587.1369,-13326.9101,2819.0748,0
2.644117,-7813.9648,-7884.5329,11766.6069,7426.0765,0
2.648023,8981.4453,12931.5852,-6986.7169,-11530.6258,0
2.651929,15933.5938,15871.7125,15763.8159,-2144.0765,0
2.655835,312.0117,-2147.1666,5013.8083,2604.1401,0
2.659742,6998.5352,-10991.3076,861.3933,5794.5054,0
2.663648,15995.6055,15769.4420,13915.6025,9202.4053,0
2.667554,-187.5000,-5141.3089,4552.1055,12610.3051,0
2.671242,15972.6562,15820.0652,15089.6724,15645.1671,0
2.671460,-11003.4180,-2249.9023,-1014.4492,14554.0879,0
2.675148,1562.0117,-2688.6721,10775.1656,-3779.1978,0
2.679054,-7018.5547,12961.1833,-9104.6576,-14780.3427,0
2.682960,15667.4805,15842.1858,14421.0385,15627.3093,0
2.686867,-1188.4766,216.0292,-10174.8482,-952.2201,0
2.690773,-7017.0898,14937.0278,-9132.6232,12997.0875,0
2.694679,15659.6680,15502.3875,14600.7056,15591.1280,0
2.698585,-2312.5000,-5148.8490,15445.3539,-2579.6156,0
2.702492,4993.1641,2970.1850,12856.4271,11000.5812,0
2.714989,15839.3555,14029.1871,12776.7371,15716.0331,0
2.718896,-62.9883,5368.4726,-10612.4797,-965.9364,0
2.722802,-7012.6953,-9081.3983,14966.5689,-12647.4601,0
2.726708,15784.6680,1163.3659,12601.4175,15647.6693,0
2.730614,-2563.4766,5704.7830,7821.9385,-3603.2522,0
2.734521,6991.6992,-6646.1721,8925.4769,12640.0076,0
2.738427,15917.4805,3206.8674,12894.9340,-15874.0767,0
2.742333,-4063.4766,4980.0919,9521.3893,-6841.9711,0
2.746239,6983.3984,-4426.2654,-12894.2469,-8934.1028,0
2.761013,15565.9180,15533.3644,-15547.2045,15269.6217,0
2.764920,-5939.4531,-5126.9209,-14398.6782,-5231.3808,0
2.768826,-7024.9023,12920.2709,-4873.0751,7137.4508,0
2.772732,15769.0430,15729.5266,-15638.4879,15765.9593,0
2.776638,-437.5000,-5002.2208,5486.5093,2168.1804,0
2.780545,-11011.2305,-10992.4663,-11056.7802,717.0337,0
2.784451,15753.4180,15813.5556,-12664.7221,-15671.9571,0
2.788357,-5189.9414,-5251.4923,-2902.6503,924.9587,0
2.792263,14973.1445,-5027.7173,9175.2043,14996.9179,0
2.821286,15729.9805,15669.3239,-12887.7492,-815.9883,0
2.825192,-5438.9648,-7140.4779,-7784.0209,-6594.1855,0
2.829098,-15008.7891,-13003.6329,12985.0629,13541.6913,0
2.833004,-15980.9570,15754.1611,-12773.9198,76.1427,0
2.836911,-1313.4766,-4395.5798,9379.9311,4363.9790,0
2.840817,12979.4922,-11010.7956,-10954.2994,8010.6673,0
2.844723,15831.5430,15329.6591,-11355.7334,11352.8614,0
2.848629,-1063.4766,-9136.8132,11385.1567,14695.0555,0
2.852536,-3018.0664,8940.5752,7061.3692,7002.9802,0
2.865987,15542.4805,15808.3159,-13308.8830,-2553.1009,0
2.869893,-4438.9648,-2493.0646,-4000.1464,-9489.7163,0
2.873799,4959.4727,-10994.9184,-12956.6683,-14872.3198,0
2.877706,15558.1055,15479.6036,-12306.0314,-1276.7565,0
2.881612,-7064.9414,-5732.9709,-11641.9400,-8782.8503,0
2.885518,-3015.6250,6922.6938,899.8968,-5402.5897,0
2.889424,15831.5430,15797.6006,-12340.9843,-2022.3291,0
2.893331,-1938.4766,-1745.3916,8990.3813,1357.9315,0
2.897237,-9007.3242,12933.0364,-1181.7679,4738.1921,0
2.910112,15979.9805,-12299.4066,-15195.3077,15683.6539,0
2.914019,-187.0117,-6278.6513,11523.3157,-939.1044,0
2.917925,3002.9297,-346.1147,-3202.7697,-839.3205,0
2.921831,15636.2305,6791.6660,15672.9276,15599.0575,0
2.925737,-6938.9648,3943.8876,10755.5715,-3877.8828,0
2.929644,-1011.2305,-649.8153,-11164.0331,14687.1648,0
2.933550,15847.1680,10537.2396,14658.7034,-15812.8046,0
2.937456,-1313.4766,6502.2479,-7180.1070,461.9215,0
2.941362,-13026.3672,-3482.2158,-6912.9947,2941.5676,0
2.955098,15808.5938,12946.4762,13583.2817,-15734.2703,0
2.959004,561.5234,5408.9371,-13527.4854,1344.7990,1
2.962911,-13007.8125,-7722.8534,-4898.3554,-14997.3571,1
2.966817,15839.3555,2995.5232,13053.2852,-15661.7717,1
2.970723,-8189.4531,4505.4186,-2923.8457,-3459.8087,1
2.974629,-15020.0195,-2406.5977,-2899.4419,-4749.4998,1
2.978536,15683.1055,8644.9273,11372.8645,15589.9595,1
2.982442,-3688.9648,5970.3549,15801.0312,-146.5897,1
2.986348,-11012.2070,-9268.4188,1212.4880,2929.5190,1
3.000973,15995.6055,15759.6709,14324.3500,-15650.3484,1
3.004879,-688.4766,-2904.8511,10804.4812,167.3192,1
3.008785,8982.9102,12951.4520,-807.0990,-12715.9272,1
3.012691,15839.3555,15834.1445,14043.0391,15531.1585,1
3.016598,-3438.4766,-7397.9970,-6809.0722,-3325.4895,1
3.020504,8980.9570,-5031.2548,-8754.7481,6755.3093,1
3.024410,15706.5430,15707.7430,13497.7890,-15714.8583,1
3.028316,-2688.4766,-6024.2120,3836.4636,72.1298,1
3.032223,8983.3984,-3021.1813,7171.5776,947.7715,1
3.045751,15878.9062,14114.4889,-14722.5202,-15337.2429,1
3.049657,937.9883,2152.9945,14718.1567,963.0497,1
3.053563,12989.2578,-1629.3096,-6849.6003,-15029.9940,1
3.057469,15675.2930,10986.9995,-14629.0659,-15478.1203,1
3.061376,-2563.9648,1866.6862,-14370.3808,-1591.7836,1
3.065282,10971.1914,-3208.3463,2916.9429,1519.5501,1
3.069188,15714.3555,10391.1058,14370.3366,15193.5779,1
3.073094,-5064.4531,2215.0741,15810.6267,-3037.8608,1
3.077001,-9014.6484,2653.6899,-11090.9550,-8740.0380,1
3.090117,15823.7305,14124.6230,-15139.0497,15649.7713,1
3.094023,-3688.4766,6808.1180,12802.3576,11.9465,1
3.097930,-9017.0898,1599.5652,14833.2635,7098.8704,1
3.101836,15487.7930,11056.0601,-13564.0092,15730.1729,1
3.105742,-5938.9648,6244.7740,9499.7063,279.5760,1
3.109648,-9020.0195,-8423.9480,-9237.6516,9060.0746,1
3.113555,15870.6055,460.1953,-14150.6203,15819.8376,1
3.117461,-3563.4766,7131.7642,-9956.7169,-177.4025,1
3.121367,12989.2578,-1768.4913,-13211.2269,-10916.7386,1
3.135105,15550.2930,13263.3660,-12771.1939,15759.8982,1
3.139011,-7063.4766,3040.1447,13306.6014,-408.7172,1
3.142917,-13027.3438,-6795.4543,14603.4838,10637.4696,1
3.146824,15534.6680,5580.3166,-15404.3137,-15754.1780,1
3.150730,-1062.5000,3264.1852,7156.1042,2251.3569,1
3.154636,6986.8164,-7591.6507,4610.0703,7104.1375,1
3.158542,15761.2305,4742.3815,-13129.0416,15556.7625,1
3.162449,-3938.9648,6294.7676,-6192.5121,-117.7500,1
3.166355,14989.7461,-6938.8867,-7227.6159,4945.6459,1
3.181228,15667.4805,1668.4046,-15740.2621,-15643.5388,1
3.185134,-8564.4531,5489.3823,-9640.1631,-4671.1549,1
3.189040,12981.9336,9310.3599,12807.7401,15026.0863,1
3.192947,15675.2930,13131.3376,13050.0044,15387.5166,1
3.196853,-9689.9414,10119.3431,-4830.9661,-4908.9723,1
3.200759,12978.0273,-1338.7207,-7217.4592,1367.3347,1
3.204665,15784.6680,6849.3197,12630.4031,15456.3756,1
3.208572,-4939.4531,8933.3495,-15389.1586,-1439.2992,1
3.212478,-9029.2969,-3631.4614,3031.5371,-11034.7158,1
3.240119,15753.9062,15680.8561,13269.4423,-3128.2410,1
3.244025,1561.0352,-1899.6092,-12777.1843,11020.2996,1
3.247932,-7043.9453,-3037.0657,5076.2520,15615.1249,1
3.251838,15479.9805,15477.1199,12441.0973,1220.9009,1
3.255744,-8064.9414,-5267.3912,4767.0914,-11037.0925,1
3.259650,-11026.3672,6927.3618,-12603.5587,-9772.4280,1
3.263557,15558.1055,15601.0304,13029.3648,-5824.7526,1
3.267463,-8064.4531,-901.5575,-7742.8274,-1877.0772,1
3.271369,-11022.4609,-14995.5187,-716.8660,2070.5982,1
3.285013,15511.2305,11917.5401,15006.4520,15567.7027,1
3.288919,-7189.4531,6588.0370,-12197.9845,-2708.5495,1
3.292825,4972.6562,-1860.6865,-14643.9345,15003.2896,1
3.296731,15753.4180,7198.5406,14506.8342,15724.7685,1
3.300638,-4813.9648,4691.4793,-158.7037,-296.1633,1
3.304544,14986.8164,-5612.1407,8963.4980,783.7861,1
3.308450,15910.1562,5317.1280,12563.9540,-15543.4636,1
3.312356,187.5000,5568.4335,1758.9772,2907.2305,1
3.316263,6995.6055,-4858.2196,-8926.9788,-8923.8526,1
3.331154,15925.2930,15482.1082,13935.8611,15698.9029,1
3.335060,-563.9648,-4395.5414,-2044.1893,566.2035,1
3.338966,-13042.4805,-5027.5237,9033.8198,-14551.3212,1
3.342873,15362.7930,15482.0791,-15378.8909,15312.3391,1
3.346779,-4438.4766,-6391.6040,-14813.6132,13.7004,1
3.350685,-11007.3242,-5045.0363,-8819.1204,-10592.0817,1
3.354591,15917.4805,15466.4595,15460.2324,15707.8392,1
3.358498,-3688.4766,-1027.3719,-14651.5907,-322.0638,1
3.362404,8976.5625,8958.5901,3009.7944,14995.1343,1
3.375145,15519.0430,14727.9102,-12927.8133,15570.9315,1
3.379051,-2813.4766,6417.4572,-8302.9424,-574.2725,1
3.382958,-13034.6680,2142.4550,-1133.8083,7098.9402,1
3.386864,15440.9180,11948.3502,-13532.3902,15189.8745,1
3.390770,-3938.9648,4576.5837,-9906.4815,-4107.2117,1
3.394676,-9019.0430,-10077.8099,4758.3423,-6669.8940,1
3.398583,15690.9180,423.6749,13336.0989,15625.3489,1
3.402489,-4188.4766,4271.2927,1299.3595,-1826.8649,1
3.406395,-13015.6250,-11486.0941,-5285.1790,-10905.2002,1
3.421071,15729.9805,15533.8831,14574.6007,15621.0622,1
3.424977,-6064.4531,-4903.4596,-3052.0188,-3534.3835,1
3.428883,8969.7266,12940.1554,-1156.6145,-831.4387,1
3.432789,15495.6055,15405.4424,14468.8396,15298.0833,1
3.436696,-8814.9414,-7898.5047,-1297.8606,-5201.0345,1
3.440602,-3028.8086,12952.9919,6624.9592,14996.6836,1
3.444508,15511.2305,15857.8135,13189.3868,15549.5507,1
3.448414,-7938.4766,-4028.9469,8329.8536,-5178.9134,1
3.452321,976.5625,-5014.9499,10867.2240,-14916.6217,1
3.466338,15073.7305,15620.0654,12489.1550,14659.0037,0
3.470245,-13691.4062,-4508.1842,10392.8037,-11099.1497,0
3.474151,-3073.2422,-3040.9151,4673.1617,-6575.2506,0
3.478057,14050.2930,15801.9026,8887.2528,14459.6215,0
3.481963,2054.6875,-4383.8946,-7025.2870,9329.0913,0
3.485870,8809.0820,10931.2979,2315.8632,5003.8333,0
3.489776,12385.2539,15965.9174,3359.2501,12234.4381,0
3.493682,-3707.5195,-1763.4841,7615.8430,-3342.7969,0
3.497588,14694.3359,-992.5474,5986.8808,12704.1947,0
3.510185,11940.4297,-13586.8033,54.8394,12086.3374,0
3.514091,1920.8984,-5544.1222,124.7300,3771.9379,0
3.517997,4715.3320,2070.6168,0.0000,799.5225,0
3.521904,11314.9414,8807.3584,0.0000,11115.4811,0
3.525810,-11330.0781,1970.1550,0.0000,-10133.8449,0
3.529716,758.7891,-12862.2268,0.0000,14738.0701,0
3.533622,12307.6172,1042.9414,0.0000,12015.5520,0
3.537529,4923.8281,10294.0880,0.0000,1650.2857,0
3.541435,4773.9258,-4106.9445,0.0000,-1195.4897,0
3.555169,12581.0547,-13403.2752,0.0000,12446.0071,0
3.559075,15300.7812,-13575.0902,0.0000,-10779.1395,0
3.562981,816.8945,-13746.9052,0.0000,1035.7047,0
3.566887,13323.2422,-13918.7201,0.0000,13581.3431,0
3.570794,-12073.7305,-12129.1897,0.0000,-2228.8668,0
3.574700,14833.4961,-3894.4935,0.0000,-12744.2067,0
3.578606,13440.4297,-6357.7408,0.0000,13645.2641,0
3.582512,-6821.7773,-13223.1151,0.0000,-3943.4068,0
3.586419,14845.2148,-13807.2438,0.0000,4905.3693,0
3.615328,13463.8672,-12162.4585,0.0000,2929.5840,0
3.619234,-1695.3125,-13028.1992,0.0000,-2618.1439,0
3.623141,-11125.9766,10207.2823,0.0000,12684.9775,0
3.627047,13870.1172,-12751.4049,0.0000,6902.8982,0
3.630953,-3320.3125,-7561.2009,0.0000,-9364.6904,0
3.634859,-11110.3516,-10785.8431,0.0000,-7971.2954,0
3.638766,13987.3047,-14896.1239,0.0000,-4496.7880,0
3.642672,-1320.8008,4751.3607,0.0113,-1022.2806,0
3.646578,-13111.8164,8854.4649,0.4851,2452.2268,0
3.660222,14354.9805,14917.1956,3.5296,14393.0818,0
3.664128,179.6875,5656.2482,1600.2988,-1.0860,0
3.668034,14907.7148,-9492.8722,-9950.5528,-4875.9227,0
3.671941,14433.1055,1072.3316,1355.3380,14381.7105,0
3.675847,4680.6641,15462.9072,13615.7581,7527.8165,0
3.679753,2884.7656,1409.8610,4210.2905,5002.0739,0
3.683659,14104.9805,2746.6215,5214.0130,14357.0454,0
3.687566,3431.1523,13298.6747,-15520.8481,9594.0458,0
3.691472,904.7852,6090.2253,14611.5903,12921.5559,0
3.705115,14472.1680,12779.0172,10332.4974,14456.2906,0
3.709021,6431.1523,8691.2442,14407.1456,7589.4429,0
3.712927,14911.1328,4082.1857,-4908.3164,-8790.8163,0
3.716833,14589.3555,9847.4052,-15222.6858,14608.7799,0
3.720740,8182.1289,10452.7793,10201.7277,10633.9770,0
3.724646,923.8281,9980.1188,7205.2960,7018.4965,0
3.728552,14815.9180,13693.8784,-15368.7392,14653.9145,0
3.732458,10432.1289,9355.6559,-7147.5391,7884.1460,0
3.736365,928.7109,8969.6248,-2604.4042,-14962.1707,0
3.750090,15003.4180,14246.7185,-10519.2766,14834.9537,0
3.753997,14183.5938,9530.4173,-7476.6355,10307.1914,0
3.757903,-11050.7812,2857.9840,15447.1434,1109.2484,0
3.761809,15042.4805,8079.7331,-9608.3287,14672.6870,0
3.765715,-12313.4766,11810.7575,-8037.5340,14741.6806,0
3.769622,-12998.0469,-323.3532,-12425.0284,-8687.3710,0
3.773528,15636.2305,3170.5511,-8285.2717,15237.0563,0
3.777434,-5187.5000,13480.9066,8486.1008,-5025.7223,0
3.781340,13037.1094,262.8020,11693.0311,6949.6837,0
3.796486,-15097.6562,14383.3250,-4322.2080,-14843.2774,0
3.800392,14942.3828,4538.0144,1068.3637,13512.8306,0
3.804299,-12888.6719,-3041.0301,-10097.6134,-6996.7217,0
3.808205,-13690.9180,13933.9779,-2184.1223,-13248.8172,0
3.812111,8947.7539,-660.4756,-1095.6502,10588.2368,0
3.816017,7175.2930,8746.6532,7836.4053,2961.5366,0
3.819924,-12776.8555,13514.5370,-1940.9472,-12413.5799,0
3.823830,-5547.3633,-7344.0786,1112.1102,-4855.1245,0
3.827736,-740.7227,-1218.7504,-116.0262,-8753.0207,0
3.840195,-11940.4297,11625.1446,-1853.9292,-11690.3055,0
3.844101,5705.0781,3067.4697,895.5031,7248.1722,0
3.848008,5274.9023,-3605.8230,13845.5141,-2783.9821,0
3.851914,-11643.5547,6571.3462,-1910.1308,-11048.3898,0
3.855820,5205.0781,3130.1533,120.4998,13695.6770,0
3.859726,15280.2734,2788.1337,1854.8386,-2783.5608,0
3.863633,-11752.9297,12283.1702,-2015.2267,-11436.2335,0
3.867539,2453.1250,2361.9490,-1399.4802,3245.8408,0
3.871445,3230.9570,-3187.0837,-8143.5052,-6774.9572,0
3.886081,-12581.5430,13792.6893,-2194.0569,-12332.4739,0
3.889988,-10424.8047,-4413.9068,-4799.6729,-6082.1131,0
3.893894,-12807.1289,-15109.1754,13631.6746,14917.6790,0
3.897800,-13167.4805,14177.0925,-3390.2676,-12657.2951,0
3.901706,9947.2656,2575.7201,1559.3768,11902.1344,0
3.905613,5157.7148,-1104.2365,-6437.8548,-4904.0146,0
3.909519,-13729.9805,14288.1273,-4890.8194,-13267.7976,0
3.913425,1570.8008,3450.2734,-15545.1766,3549.1883,0
3.917331,-4873.5352,-9086.7846,5529.7823,-10875.2312,0
3.930235,-14230.4688,1484.9467,-6904.6169,-13781.0192,0
3.934141,-6557.6172,4693.9563,-12811.5022,-2855.7777,0
3.938047,1094.7266,7902.9660,7238.9166,14177.8549,0
3.941953,-14316.4062,11111.9757,-8610.7233,-14340.8939,0
3.945860,-11558.5938,13897.5186,-7717.2422,-11895.7447,0
3.949766,7071.2891,4818.6996,-868.3350,-3301.8688,0
3.953672,-14933.5938,9060.7486,-10235.9068,-14845.5965,0
3.957578,15316.8945,14150.2499,11905.6626,-13034.4172,0
3.961485,1074.7070,7185.7911,-4703.2472,10835.2403,0
3.990128,-14980.4688,14846.7106,-11649.5981,4267.5126,0
3.994034,11438.9648,14183.5501,9415.1523,5945.7523,0
3.997940,13023.4375,-9048.5623,1199.5209,-11255.5644,0
4.001847,-15378.9062,14352.7910,-13369.8221,900.0533,0
4.005753,11064.4531,10191.4267,-8593.4533,12980.9132,0
4.009659,3025.8789,2933.6241,7209.1942,11788.1742,0
4.013565,-15667.9688,14728.7073,-13733.9710,7715.5376,0
4.017472,1437.0117,14059.0700,-1033.7907,3642.9010,0
4.021378,-4994.6289,-9021.0483,1243.4706,-429.7357,0
4.036197,-15878.9062,14850.6629,-14746.1657,-15526.6359,0
4.040104,3688.4766,11563.9724,5686.0442,5540.3620,0
4.044010,3024.4141,4947.7926,-742.1024,-5126.6025,0
4.047916,-15433.5938,14968.4634,-14931.5621,-15029.4869,0
4.051822,2061.0352,15681.7685,13681.2030,4071.5882,0
4.055729,-15010.7422,-9003.7099,11152.9206,-13039.0351,0
4.059635,15925.2930,15230.0770,15189.9754,-15722.3918,0
4.063541,-3188.4766,-15757.5943,-8700.4715,-1213.3041,0
4.067447,12978.0273,8872.3566,-14772.8850,-2939.3225,0
4.080382,15683.1055,14175.9446,15652.1567,15186.4389,0
4.084288,-3563.4766,14818.0667,3897.1352,-577.3806,0
4.088194,-9005.8594,4318.8861,-2908.1753,-443.9257,0
4.092101,15909.6680,7586.1265,-15575.3776,15396.3911,0
4.096007,-562.5000,15061.3303,-9579.1460,-366.2279,0
4.099913,15008.3008,896.5414,-8814.9149,-13078.8247,0
4.103819,-15792.9688,5057.5819,14584.2194,-15241.3207,0
4.107726,4313.4766,15393.1575,1909.2927,3083.0277,0
4.111632,13003.4180,-26.0223,-1056.4152,11051.5819,0
4.126010,15925.2930,14999.6529,-14907.0527,15796.9728,0
4.129916,-62.9883,-10628.9113,7257.1041,-491.5518,0
4.133822,-3004.8828,-9070.3562,-11220.2768,-4766.3330,0
4.137728,15714.3555,14804.6277,15830.2893,15487.4369,0
4.141635,-6314.4531,13311.8845,-2067.3790,-5595.0666,0
4.145541,-15025.8789,-12990.1198,4677.3173,13021.7357,0
4.149447,15784.6680,15161.2295,12486.2905,15709.5907,0
4.153353,-1938.4766,-12123.7783,-2082.2734,-1309.9711,0
4.157260,-5010.7422,4905.1216,-9333.6649,-952.4972,0
4.170029,15628.4180,13575.7398,13112.6282,15533.3423,0
4.173935,-7188.9648,2350.0830,-6702.1731,-3669.3749,0
4.177842,14983.8867,-2515.2555,-13234.2204,-892.6945,0
4.181748,15823.7305,14014.1848,13368.0017,15739.0682,0
4.185654,-3313.9648,4655.7239,7908.3180,-4136.3481,0
4.189560,10979.4922,-6675.3304,-3447.3899,3082.6851,0
4.193467,15784.6680,4794.6176,11059.7987,15651.0153,0
4.197373,-3063.9648,2945.3513,-7802.2645,-4508.1824,0
4.201279,8971.6797,-10394.6052,-1231.0574,3004.0066,0
4.216140,15644.0430,15233.3315,12488.5031,15472.4299,0
4.220047,-3062.9883,-14138.4467,12544.4586,-4713.3527,0
4.223953,2989.2578,-5067.0737,6739.2015,-6765.6761,0
4.227859,15815.9180,14991.0666,10565.4735,15451.9292,0
4.231765,-1437.0117,-9395.3540,-2164.5505,-4358.4077,0
4.235672,1001.4648,6929.7547,10614.1440,3121.8391,0
4.239578,15917.4805,14981.2800,9054.4851,15562.0905,0
4.243484,-2313.9648,-14762.2909,-12624.9826,-2686.8554,0
4.247390,-7008.7891,-9043.0227,10681.1298,8915.0392,0
4.260137,-15957.5195,12335.4609,10097.9306,-15892.6223,0
4.264043,-1188.9648,-623.2198,-3681.5710,-1610.9689,0
4.267949,12971.6797,-2664.1695,4810.9927,9027.4307,0
4.271856,15667.4805,11342.7555,10962.1906,15499.9511,0
4.275762,-1062.9883,944.7203,14271.2509,-4091.6646,0
4.279668,8981.9336,-3396.1047,6638.6870,9050.7547,0
4.283574,15550.2930,9712.4990,11418.8239,15492.2564,0
4.287481,-6439.4531,2258.7732,1565.1469,-6275.5108,0
4.291387,-7032.2266,-3515.1490,10793.5956,-989.3027,0
4.306116,15550.2930,7609.5918,11864.3128,15509.6308,0
4.310022,-5564.4531,9619.4582,-5920.9506,-36.2374,0
4.313928,6977.0508,11629.3245,12866.8068,15015.5576,0
4.317835,15815.9180,13639.1908,11936.2935,15780.4359,0
4.321741,-3813.9648,11059.7742,2644.3533,-3992.7238,0
4.325647,-5019.0430,-9714.2836,-3196.7830,3122.9756,0
4.329553,15769.0430,-9633.1207,14624.3847,15710.0150,0
4.333460,-4063.9648,10827.0507,1558.6795,-1725.9206,0
4.337366,2972.6562,-9228.4208,12930.4959,7008.2108,0
4.365269,15644.0430,15322.0156,-15127.5021,-3853.6800,0
4.369175,-4938.4766,-12353.3265,-9142.5006,2246.5854,0
4.373081,6985.3516,12888.5931,3063.7305,14801.4007,0
4.376987,15565.9180,15339.7089,15805.7960,-2120.9926,0
4.380894,-6188.9648,-12727.6130,5820.4421,-12228.3679,0
4.384800,-1020.0195,-9049.9313,589.3251,-9489.5841,0
4.388706,15565.9180,15114.9482,-15388.0568,-5629.9893,0
4.392612,-6438.4766,13440.0773,-7421.4137,-1770.3945,0
4.396519,14986.3281,3002.0522,-5133.9888,2089.2002,0
4.410165,15722.1680,13910.7568,15341.5980,15392.5637,0
4.414071,-4439.4531,1511.7419,1694.3065,-3512.6414,0
4.417978,8968.7500,-3251.6176,12725.0228,3076.9315,0
4.421884,15526.8555,9567.7682,12214.8070,15558.2927,0
4.425790,-6813.4766,1807.6945,5284.0594,-3138.8891,0
4.429696,993.1641,-8324.0761,647.4537,3109.4134,0
4.433603,15979.9805,5049.7345,11227.8028,15797.4963,0
4.437509,-1937.9883,2573.0393,10381.6372,-4162.0387,0
4.441415,10990.2344,-227.0876,-13170.1400,14988.3123,0
4.456024,15612.7930,15424.8821,11429.3314,15444.1707,0
4.459930,-5188.4766,-7616.7598,6210.0069,-2997.2985,0
4.463837,6991.2109,-5054.3237,14833.0010,10632.7106,0
4.467743,15956.5430,15391.2237,11505.6707,-15751.0085,0
4.471649,-1688.4766,-9361.1097,5656.7603,-130.1750,0
4.475555,12999.0234,6915.0114,-5121.2938,-5159.3056,0
4.479462,15979.9805,15593.0366,7992.1125,-15712.4725,0
4.483368,-3688.4766,-5871.7378,-10815.6419,85.5700,0
4.487274,2980.9570,-15027.1103,-15090.2344,10891.8122,0
4.500990,15620.6055,15420.7383,9897.0978,-15863.8046,0
4.504896,-5438.9648,-2987.6354,3787.5744,-2129.3140,0
4.508803,-9018.5547,-12997.4654,-11055.9338,-10814.5301,0
4.512709,15714.3555,15354.6653,10072.6518,15859.6087,0
4.516615,-4063.4766,-7968.4231,13778.4660,-1442.6885,0
4.520521,972.1680,-1076.2872,2764.8929,14981.3562,0
4.524428,15738.2812,15419.6458,9473.3559,15751.5510,0
4.528334,2311.5234,-4357.3260,-818.7561,4784.4560,0
4.532240,8952.6367,-11016.2396,-3127.4353,1003.8632,0
4.546100,15331.5430,11851.5549,10763.1717,14306.0710,0
4.550007,-10064.4531,374.3014,1908.0632,-1008.3395,0
4.553913,14988.2812,-11462.8484,-2509.6267,-1351.3984,0
4.557819,15370.6055,3647.9912,13186.1781,13505.3561,0
4.561725,-12940.4297,2277.9163,7099.2980,-6625.2796,0
4.565632,14954.5898,-713.0356,-6687.1838,4125.1667,0
4.569538,15440.9180,13030.7913,11651.9190,14158.5001,0
4.573444,-6189.4531,1912.4917,13106.1863,-2637.6566,0
4.577350,-13020.0195,-6955.5652,10943.0756,2493.2903,0
4.590199,15729.9805,12584.1097,15301.9669,-15857.4922,0
4.594105,-4563.9648,2000.3725,4753.8956,-1326.8974,0
4.598012,12971.6797,-9865.6760,-11126.2384,-2865.8447,0
4.601918,15519.0430,3749.3674,15479.1694,15696.9890,0
4.605824,-8439.9414,4073.1678,-11417.0669,-3045.5425,0
4.609730,10963.8672,-4026.4907,14609.6423,14998.2189,0
4.613637,15667.4805,7782.8461,13779.9085,15796.9101,0
4.617543,-5314.4531,3790.6991,15475.9397,-2286.9248,0
4.621449,-15029.7852,-11777.7739,-11364.8955,1023.7753,0
4.635177,15472.1680,10794.0191,14663.6834,15495.7032,0
4.639083,-6813.4766,4381.4627,-6086.8459,-5831.9746,0
4.642989,2992.1875,-3252.2140,-3390.3822,5101.0531,0
4.646896,15839.3555,8850.6496,12231.0646,15676.4316,0
4.650802,-2312.9883,4479.9236,-9676.5977,-4092.0806,0
4.654708,-9005.3711,-4235.4454,12407.8035,-6777.6025,0
4.658614,15667.4805,7706.9493,12695.4671,15651.1479,0
4.662521,-4312.9883,4453.2917,15129.2785,-2788.4878,0
4.666427,6992.1875,-6936.1643,-1423.8688,-12926.0764,0
4.695781,15823.7305,15358.3644,14726.3516,-3104.1744,0
4.699688,-5188.4766,-5707.8930,2935.6697,2821.8718,0
4.703594,983.3984,-3200.7264,9012.4599,15329.1653,0
4.707500,15651.8555,14637.5423,-4123.8777,-2621.3597,0
4.711406,-2438.4766,-3676.9735,2328.3567,-12784.9955,0
4.715313,979.0039,6456.6935,3596.0810,-5077.7120,0
4.719219,15698.7305,14916.3674,4599.7039,3057.5050,0
4.723125,-3938.9648,-6433.2102,5603.3269,11192.7220,0
4.727031,-7022.4609,-10869.4023,6606.9498,5582.3900,0
4.740117,15690.9180,15476.5873,9834.3037,-520.9077,0
4.744023,-5688.9648,-11572.9049,-13321.8342,-3313.7916,0
4.747929,-3010.2539,14862.3200,10715.6843,11965.9262,0
4.751835,15792.4805,15485.5884,9866.0533,-727.7099,0
4.755742,-5564.4531,-14560.0446,-11732.8721,-12990.5342,0
4.759648,10981.9336,2902.1769,6793.2175,-11805.1658,0
4.763554,15800.2930,15558.2065,10035.4402,-7783.5897,0
4.767460,-4938.9648,-9207.2411,14514.5162,-3762.0136,0
4.771367,-9021.4844,6892.5622,-13139.7949,259.5625,0
4.786198,15534.6680,15202.3576,9909.8740,15297.9876,0
4.790104,-3062.5000,-12261.9238,-11932.0228,-3188.9325,0
4.794010,4986.3281,-3049.6215,-3114.9478,9041.7938,0
4.797916,15573.7305,15194.8010,10951.9061,15385.7335,0
4.801823,-6564.4531,-12511.3971,9375.4510,-3704.9490,0
4.805729,12974.1211,10926.3386,-11139.5034,7074.5602,0
4.809635,15784.6680,15650.6370,11098.6977,15739.7376,0
4.813541,-2814.4531,-9641.5951,-2338.8796,-1520.1293,0
4.817448,-9029.7852,14917.3477,-7058.5168,14988.5024,0
4.834090,15534.6680,15432.8940,11203.2428,15543.6776,0
4.837996,-5938.9648,-5149.2807,-3448.8531,-4849.4901,0
4.841902,-9037.1094,-3046.1237,-1059.6279,7035.8517,0
4.845808,15425.2930,15148.0340,12084.1731,15561.7619,0
4.849715,-7940.4297,-7770.6851,10391.5323,-3484.7802,0
4.853621,-3037.5977,-11041.1430,944.0258,7041.5933,0
4.857527,15565.9180,15389.9452,11976.8008,15633.8894,0
4.861433,-5313.9648,-9017.7835,667.3606,-1126.5739,0
4.865340,-1008.7891,-5038.0376,844.3413,7012.3659,0
4.875202,15815.9180,11756.9239,13724.9836,15595.5991,0
4.879109,-5814.4531,3384.5629,11536.1502,-4027.2207,0
4.883015,8973.1445,-840.9353,8714.8258,1089.8870,0
4.886921,15534.6680,14032.0463,12199.1781,15371.1627,0
4.890827,-6813.4766,4938.1655,-13569.3894,-8276.4581,0
4.894734,-5005.3711,-6787.8827,-3399.7920,-2889.4976,0
4.898640,15737.7930,3968.4015,10848.0544,15462.7665,0
4.902546,-6939.4531,3505.8486,15233.0697,-7350.3667,0
4.906452,-5020.9961,-564.9354,-15409.5224,4986.3124,0
4.921120,15675.2930,15507.8535,11482.2016,15269.2651,0
4.925026,-2187.9883,-9458.5637,-9443.8836,-5639.8024,0
4.928932,-13006.8359,-9034.0002,-7359.7032,1070.7327,0
4.932838,15776.8555,15344.8799,11947.8341,15256.3295,0
4.936745,-5439.4531,-6844.4784,15382.3520,-7273.7876,0
4.940651,12972.6562,12876.5164,-1516.3379,14985.1307,0
4.944557,15597.1680,15500.4117,10003.9652,15655.7075,0
4.948463,-8065.4297,-9832.9453,-11917.3686,-4846.1564,0
4.952370,-9031.2500,898.6449,-1329.1520,-8987.0267,0
4.965980,15753.4180,15448.7470,11320.2271,15178.8150,0
4.969887,-7314.9414,-4152.2159,-1183.5751,-8106.7490,0
4.973793,-3027.3438,4961.3669,719.6165,9062.8850,0
4.977699,15354.9805,15553.9110,10093.8756,15399.4413,0
4.981605,-10439.9414,-9393.6381,-8896.1334,-8024.3313,0
4.985512,972.1680,-3041.2896,8573.7048,-14635.6114,0
4.989418,15620.6055,15406.3675,9244.7317,15775.5388,0
4.993324,-8189.4531,-11764.4439,-2216.1566,-1655.8570,0
4.997230,4968.7500,-3063.2775,-5312.4758,1040.5610,0
5.010243,15573.7305,13023.1946,10472.5369,15421.7275,0
5.014149,-5564.4531,2440.6079,461.7793,-6548.9809,0
5.018055,958.0078,-199.0475,8757.3371,-4813.8156,0
5.021961,15229.9805,11559.3288,10525.8814,15390.5524,0
5.025868,-9314.4531,665.2488,246.9291,-8100.3018,0
5.029774,8967.2852,-1831.0472,-9168.4363,1130.4309,0
5.033680,15683.1055,11593.3771,13742.7585,15613.1914,0
5.037586,-4438.9648,4403.6961,9899.8374,-3462.1342,0
5.041493,979.9805,-9414.8222,4991.7588,6997.5648,0
5.056137,15659.6680,549.9832,13857.0452,15486.9456,0
5.060043,-5314.4531,4685.6567,8261.4336,-4012.3097,0
5.063949,12970.2148,8821.3302,-6918.2156,13007.2395,0
5.067856,15690.9180,12957.0037,15826.0212,15292.5713,0
5.071762,-6063.9648,5092.0861,6871.2045,-8713.3790,0
5.075668,2979.9805,-3367.1275,-11216.2363,1137.3786,0
5.079574,15519.0430,9309.2147,-15657.9531,15158.6354,0
5.083481,-4937.9883,5417.8569,9886.3848,-10547.5898,0
5.087387,-3007.8125,403.8874,-2996.1903,-8937.7170,0
5.115180,15777.3438,15459.0673,-13840.4909,-1961.0527,0
5.119086,1687.0117,-10761.8379,13109.2044,11278.5095,0
5.122992,-5008.3008,-3038.9810,-9148.4445,15417.9573,0
5.126899,15940.9180,15590.0482,-14649.8399,1295.6870,0
5.130805,-3438.4766,-11134.7704,8055.4374,-13135.8370,0
5.134711,-9005.8594,10928.0377,10728.5071,-11518.2056,0
5.138617,15831.5430,15447.3207,-13990.9867,-7481.7838,0
5.142524,-2938.4766,-10012.4384,9719.9964,-3445.3620,0
5.146430,-9016.6016,-9026.5546,-15096.6743,591.0598,0
5.161096,15644.0430,15458.2331,-14598.1503,15117.8463,0
5.165002,-5938.9648,-9700.3027,-8429.1924,-4981.2294,0
5.168909,-11010.7422,-13024.9411,-5071.0961,3325.2845,0
5.172815,15839.3555,15529.6409,15090.8273,15516.6176,0
5.176721,-5688.4766,-5966.0280,1812.1083,-1884.9048,0
5.180627,6987.3047,2918.1020,4721.6099,5254.9047,0
5.184534,15534.6680,15096.6134,12460.2097,15015.8421,0
5.188440,-6939.9414,-10697.7801,-13786.4533,-6718.4738,0
5.192346,-15032.7148,2903.8679,10841.2234,-3114.7332,0
5.205097,15729.9805,13775.1419,12773.0724,-15787.6710,0
5.209003,-2814.4531,1469.6244,-6909.0647,-332.8185,0
5.212910,-7038.5742,-8335.5350,4838.0081,-10685.4137,0
5.216816,15472.1680,5592.8243,11801.7946,15271.2408,0
5.220722,-7313.4766,4888.7779,-12408.4935,-7362.8095,0
5.224628,15002.9297,920.3935,951.3012,-10653.7850,0
5.228535,15933.1055,11465.5184,9062.5073,15679.2757,0
5.232441,-3438.4766,5156.3544,-6393.5564,-2852.2944,0
5.236347,983.8867,2184.2847,10898.8911,-14895.0351,0
5.250113,15667.4805,14550.6339,10025.4399,15632.9166,0
5.254019,-4312.9883,2850.1728,-1211.8123,-5239.6473,0
5.257925,8986.8164,-5181.1223,-15035.6304,13012.6715,0
5.261832,15644.0430,7349.9018,9909.3359,15237.0697,0
5.265738,-6064.4531,3386.8920,13753.6151,-6320.3707,0
5.269644,12984.3750,-3676.7265,-7232.8083,-7092.7568,0
5.273550,-15973.1445,8391.1162,8712.6417,-15721.6019,0
5.277457,-2689.4531,4834.3665,-13161.3991,-2499.2323,0
5.281363,-9012.6953,-1299.3522,-1149.6286,14984.2444,0
5.296071,15784.6680,14806.4975,9556.2685,14686.0110,0
5.299978,-3687.9883,-1219.4681,14835.6804,-783.3007,0
5.303884,4975.5859,2803.0763,10817.7981,7532.6908,0
5.307790,15714.3555,13329.9881,10152.0395,14495.7866,0
5.311696,-3313.9648,-3614.2124,6268.0125,-1942.7540,0
5.315603,6991.6992,-5760.2859,10627.0730,7410.9061,0
5.319509,-15957.5195,11203.2161,9321.0539,-14827.9797,0
5.323415,-2938.9648,-5717.5473,15064.0304,-220.1664,0
5.327321,6978.0273,-11071.4719,-11023.2585,3235.7540,0
5.340055,15651.8555,11893.0494,14028.7381,15612.0371,0
5.343961,-2188.4766,8230.6298,-6450.7079,-3023.0363,0
5.347867,-15026.8555,-5213.0484,-1202.7015,-10744.0351,0
5.351774,15573.7305,1993.7181,13303.3521,15489.5435,0
5.355680,-5438.4766,6818.4913,7884.0250,-3494.4795,0
5.359586,-9011.2305,5972.3906,-3333.4347,3120.0886,0
5.363492,15534.6680,15224.7794,14404.8984,15472.6612,0
5.367399,-8189.4531,3171.4429,4931.5352,-4381.1640,0
5.371305,-7019.5312,-1644.2557,14656.1666,1038.8836,0
5.385114,15776.8555,14226.7486,13651.1298,15505.1739,0
5.389020,-3813.9648,5450.5903,-15177.6564,-4772.9571,0
5.392927,-5016.6016,-1589.5205,2630.4059,-10658.1514,0
5.396833,15815.9180,9849.7067,13183.4445,15754.9179,0
5.400739,-937.9883,8637.4865,2805.1273,1175.6027,0
5.404645,-9014.6484,-6847.4462,14467.8671,-8672.4381,0
5.408552,15581.5430,-1296.8963,15407.7810,15409.9442,0
5.412458,-5062.9883,4768.1424,14518.0587,-4349.3084,0
5.416364,8995.1172,-3315.8646,4634.1579,-6932.2995,0
5.431195,15792.4805,8801.7608,13700.4023,15638.8937,0
5.435101,-3062.9883,10598.4036,-8002.6306,772.9085,0
5.439008,2997.0703,12395.0463,6628.5599,5205.9672,0
5.442914,15854.9805,14191.6890,11966.9821,15251.6011,0
5.446820,-4313.9648,7362.8924,6661.3907,-5635.7831,0
5.450726,14976.5625,-4937.8226,6550.4024,-2631.5463,0
5.454633,15573.7305,13779.0253,11086.6035,15601.2111,0
5.458539,-4813.4766,10243.3455,-5397.9145,-1303.9329,0
5.462445,-3003.9062,2196.2686,4740.6589,-6872.1713,0
5.490214,15729.9805,15555.0870,11190.1915,416.4029,0
5.494120,-4813.4766,-8766.6323,3699.8840,-11553.6804,0
5.498027,6976.0742,-15033.0649,8788.1035,11929.7681,0
5.501933,15753.4180,15536.4516,10833.3604,-155.9244,0
5.505839,-2563.4766,-2527.9797,-9435.9950,12665.7211,0
5.509745,-13013.1836,-10999.8532,-5049.9084,15075.8943,0
5.513652,15769.0430,15466.4643,10586.4308,15190.2980,0
5.517558,-3063.9648,-10138.5134,-13545.9992,15304.7017,0
5.521464,972.6562,-15011.4227,14818.7599,15419.1054,0
5.536133,15776.8555,15312.7216,9802.8140,15613.6890,0
5.540039,-2313.4766,-10004.3356,940.0733,-1444.8218,0
5.543946,-15025.8789,-15006.5279,4921.4414,-11069.9592,0
5.547852,15651.8555,15440.1325,10373.9605,-15743.3895,0
5.551758,-1313.4766,-9506.0558,9041.9352,293.4797,0
5.555664,4978.5156,14914.5389,8803.0109,-787.3545,0
5.559571,15729.9805,15315.1163,10404.3890,15417.0332,0
5.563477,-6439.4531,-8010.0039,-8461.0469,-4338.1830,0
5.567383,6972.1680,-7033.6562,-11101.3416,3020.3594,0
5.580184,15636.2305,12534.0236,11234.0341,14971.8312,0
5.584091,-3813.4766,2114.1932,-8539.7030,-6127.9173,0
5.587997,4981.9336,-29.4648,2963.7414,7180.7437,0
5.591903,15777.3438,12436.7294,12555.5688,15292.4541,0
5.595809,187.0117,3323.9473,-3022.7047,-3003.5599,0
5.599716,-9008.3008,-4265.0070,12890.4885,-10387.6344,0
5.603622,-15988.7695,7578.5522,10692.8737,15601.1891,0
5.607528,-1314.4531,4683.3764,-15393.8689,1030.7856,0
5.611434,-11038.0859,-854.7972,765.2528,5051.4573,0
5.625254,15417.4805,13147.5966,11921.1027,15394.0880,0
5.629160,-7189.9414,7686.5890,-11029.5533,-5945.2865,0
5.633066,-7039.5508,-10022.8241,744.9096,5082.0265,0
5.636973,15519.0430,-2817.1788,11459.1806,15370.3057,0
5.640879,-7314.9414,7985.0275,7384.6016,-4714.0240,0
5.644785,-7018.0664,-2586.3183,2598.6329,-7105.4547,0
5.648691,15800.2930,12439.2386,10087.0904,-15785.8242,0
5.652598,-4688.9648,8108.6910,-9305.9017,-181.2213,0
5.656504,14981.9336,-5080.5149,-3448.8818,-10930.8158,0
5.671111,15769.0430,15562.6397,10682.6066,15697.7432,0
5.675018,-4563.9648,-2604.4806,14029.2054,-3018.1429,0
5.678924,14971.6797,4947.3614,8526.3938,3082.6669,0
5.682830,15354.9805,15354.2296,9744.2682,15493.8554,0
5.686736,-8814.4531,-11192.3363,-13929.7954,-5315.3482,0
5.690643,-7019.5312,919.8958,-1549.6273,11033.9905,0
5.694549,15597.1680,15312.5867,7981.5647,15781.1640,0
5.698455,-6689.4531,-11068.0148,5256.3542,-3371.1340,0
5.702361,-9033.6914,4893.4348,-13435.3826,-10947.9248,0
5.715127,15464.3555,13745.1795,10721.2956,15465.0801,0
5.719033,-7814.4531,10792.2482,-6859.7900,-1462.4853,0
5.722939,-9021.9727,-5504.5599,4700.7420,3274.9874,0
5.726846,15683.1055,-6464.0267,10146.9693,15284.3899,0
5.730752,-10315.4297,7713.9150,3981.5997,-6504.7248,0
5.734658,4973.6328,-11012.6804,-5271.2080,-14328.2174,0
5.738564,15589.3555,-733.4761,10420.9598,15498.9660,0
5.742471,-6813.9648,8771.5378,-4388.0244,-710.8524,0
5.746377,14981.4453,-9723.1663,2776.7182,14985.6068,0
5.760323,15628.4180,11715.4528,11044.6925,15373.4973,0
5.764229,-2688.4766,3180.9718,4502.7966,-5775.3615,0
5.768136,-13024.4141,145.2382,-7118.3712,11030.7810,0
5.772042,15612.7930,11015.3404,11815.3889,15625.4215,0
5.775948,-1937.9883,4167.7917,10091.6424,-768.4895,0
5.779854,976.0742,6523.0644,-7205.4449,-8775.9177,0
5.783761,15565.9180,15279.3091,12423.0531,15537.4176,0
5.787667,-6313.9648,3482.1327,3282.7081,-4274.3422,0
5.791573,-15024.9023,-767.8976,-954.3838,-12940.0746,0
5.805088,15690.9180,8567.6766,14703.1894,15566.9554,0
5.808994,-1813.4766,10412.3575,-3578.2847,-3311.4943,0
5.812901,12970.7031,12257.0385,-2956.0292,-2830.3767,0
5.816807,15706.5430,14101.7194,14665.8371,15827.2646,0
5.820713,-312.9883,12973.2566,-6334.4250,1040.1500,0
5.824619,4997.5586,-5537.6822,-3219.6626,10743.0788,0
5.828526,-15957.5195,-4072.7029,15274.2943,-15730.5858,0
5.832432,-3689.9414,13198.0160,-13331.2980,-5125.1022,0
5.836338,-3028.8086,-4386.7190,-11043.2885,-10942.9091,0
5.865229,15737.7930,15817.4666,-15232.2713,729.9389,0
5.869135,-4563.4766,-7129.2382,-8155.0529,12691.2080,0
5.873042,4984.8633,-3034.9108,-12840.6491,15829.9953,0
5.876948,15776.8555,15563.6516,13019.6867,1175.0376,0
5.880854,-4564.4531,-6256.6352,13740.5142,12753.7888,0
5.884760,8976.0742,-7014.7501,10914.6135,15069.6510,0
5.888667,15737.7930,15701.1698,15643.5353,15171.3867,0
5.892573,-4814.4531,-9374.4648,-2870.7165,15273.1224,0
5.896479,-13028.8086,12909.6601,-5157.5054,15374.8581,0
5.910145,15511.2305,15335.2110,14822.6383,15599.3139,0
5.914051,-6313.9648,11290.7352,-8705.1112,-893.5595,0
5.917958,-11022.9492,-2215.4599,-7226.2233,-10801.3195,0
5.921864,15808.1055,459.8171,14214.7501,15749.1859,0
5.925770,-1938.9648,10328.5786,3059.8974,536.1648,0
5.929676,-15020.0195,-4327.5246,14588.1528,13013.3556,0
5.933583,15792.4805,459.9197,10793.9802,15774.4646,0
5.937489,-1187.9883,10151.9243,-15030.2684,-2227.1968,0
5.941395,978.5156,-1132.6841,10623.2936,-6979.3194,0
5.955263,15479.9805,14659.6787,10143.4530,15238.5479,0
5.959169,-7313.9648,3656.5840,-9684.9368,-8767.9284,0
5.963076,-3013.6719,-4658.4604,-3356.8890,-2865.7611,0
5.966982,15753.4180,6992.4837,10362.8670,15580.4704,0
5.970888,-3312.9883,5400.1953,-3307.8693,-1881.8662,0
5.974794,6987.3047,1145.2743,12480.0249,5082.7218,0
5.978701,15714.3555,10683.3479,11589.4850,15643.1900,0
5.982607,-3438.9648,3316.3340,6235.3323,-2831.0991,0
5.986513,6972.1680,-3868.7599,-11240.9021,-4961.2784,0
6.000042,15690.9180,6187.8540,13249.5118,15731.2944,0
6.003949,-2438.4766,8590.2322,-13973.2605,-2425.0996,0
6.007855,-1003.4180,10992.6104,-15355.3256,-849.3263,0
6.011761,15800.2930,13394.9885,11436.4953,15601.8888,0
6.015667,-4813.4766,12350.2421,-4733.9677,-3785.6422,0
6.019574,12982.4219,-5103.1904,-9337.2312,-836.2987,0
6.023480,15808.1055,4744.8722,13530.0277,15667.7555,0
6.027386,-1437.9883,11787.0209,-10352.1967,-1882.3248,0
6.031292,6984.8633,-8430.0434,-13412.4003,-8962.4757,0
6.060280,15550.2930,12509.7551,12949.8136,15762.0569,0
6.064186,-5313.9648,1770.8491,-6099.9709,1708.2882,0
6.068092,-5033.2031,-7091.0944,-9351.9683,14992.3097,0
6.071999,15378.4180,6113.2068,11827.4194,15360.0367,0
6.075905,-7188.9648,3408.3547,-6053.2027,-4707.1118,0
6.079811,2981.4453,5291.9993,8623.7489,5097.8371,0
6.083717,15815.9180,15489.7993,11142.6116,15634.4682,0
6.087624,-5314.4531,4422.6320,-352.9147,-2321.4051,0
6.091530,4983.8867,-9425.6616,-9306.2024,-3039.0038,0
6.105118,15753.4180,10041.2329,10348.9049,-15723.3234,0
6.109025,-6689.4531,9934.3946,15367.9151,-3341.0177,0
6.112931,6970.2148,-7631.2699,-11310.4804,-6821.6052,0
6.116837,15589.3555,-4166.5567,8499.9152,15884.3360,0
6.120743,-5063.4766,9443.3695,11047.7769,1076.8863,0
6.124650,12982.9102,-7335.3010,10772.3868,3081.7633,0
6.128556,15675.2930,-1248.9491,8808.6503,15798.4254,0
6.132462,-6438.9648,8473.7060,-12808.6555,-1950.8053,0
6.136368,2981.4453,-11391.1387,-7179.9000,12998.2876,0
6.150171,15636.2305,11133.9305,8258.1419,15695.1070,0
6.154077,-3938.9648,4029.4789,-2226.9168,-2138.2067,0
6.157984,-7015.1367,-7782.6452,-15147.8808,3109.3758,0
6.161890,15862.7930,3664.7394,9273.4768,15662.1793,0
6.165796,-2938.4766,3715.8901,-11078.2745,-3225.6451,0
6.169702,-1015.6250,-7107.1807,-11093.6684,-6790.5708,0
6.173609,15675.2930,4736.9777,8504.8628,15738.9723,0
6.177515,-3813.9648,4724.7435,13156.6704,5.5598,0
6.181421,12972.1680,-4194.2285,2949.3693,7014.3200,0
6.195986,15604.9805,12712.1082,10125.6725,14438.0444,0
6.199892,-3688.4766,4270.0133,-10710.7748,-2599.2317,0
6.203798,2997.5586,1513.7688,-14485.9639,-1533.3932,0
6.207705,15979.9805,14270.0922,10366.3275,14237.7525,0
6.211611,-5188.9648,3582.6988,3594.0108,-5913.2541,0
6.215517,6986.3281,-10711.6387,-6759.2155,-13216.7459,0
6.219423,15909.6680,1389.5023,9998.8792,-14681.1131,0
6.223330,-1438.4766,6097.7402,5842.3018,108.9484,0
6.227236,-9019.0430,2454.9066,-5119.5303,11103.9572,0
6.240116,15706.5430,14831.5823,11588.9095,15510.9089,0
6.244022,-312.9883,3784.0938,-6422.3218,226.0200,0
6.247929,980.4688,-6281.6330,10754.0331,14998.9203,0
6.251835,15776.8555,5411.1134,12634.0422,15523.4118,0
6.255741,-2812.9883,4356.2458,8407.4606,725.2284,0
6.259647,-7008.3008,-7750.3142,8520.2054,8530.3042,0
6.263554,15683.1055,3531.0513,9968.4208,-15683.9974,0
6.267460,-3562.9883,5192.0104,4773.7292,-3538.2660,0
6.271366,2982.9102,-2952.4432,571.9095,-14861.5572,0
6.286258,15675.2930,15539.2747,12976.3402,15539.5225,0
6.290164,-3438.4766,-4271.0788,-14906.1234,-2691.7686,0
6.294070,-15006.8359,-13022.2356,12513.2383,-2812.3589,0
6.297977,15870.6055,15471.5715,11562.2289,15620.7513,0
6.301883,-3437.5000,-4893.2717,-4865.4743,-1432.6366,0
6.305789,9002.9297,-10997.8218,-15539.2809,11044.6411,0
6.309695,15800.2930,15554.0069,11477.7935,15465.9645,0
6.313602,-3813.4766,-9633.5855,10648.5735,-5969.7750,0
6.317508,-3000.4883,4947.1030,6471.3202,3038.4913,0
6.330279,15808.1055,9726.5268,10480.7296,15369.0863,0
6.334186,-5813.4766,11179.4179,-2221.9821,-7866.3110,0
6.338092,6991.6992,12632.3090,-5386.7401,-11072.5105,0
6.341998,15534.6680,14085.2001,10484.8589,-15736.1501,0
6.345904,-9438.4766,12510.6184,2403.4625,-2067.7393,0
6.349811,986.8164,-7315.4484,491.1368,4663.2725,0
6.353717,15597.1680,9758.0309,10619.7557,-15687.8469,0
6.357623,-3563.4766,12901.0873,2977.9326,825.5273,0
6.361529,-3028.8086,-8727.4854,-13278.3891,9017.1748,0
6.375194,15409.6680,-5151.8283,9987.6787,15518.7863,0
6.379100,-7313.9648,-3003.0125,-5470.6313,-2041.8954,0
6.383006,-3012.6953,3546.8611,-9285.2488,13012.8935,0
6.386912,15690.9180,10096.7347,7870.3955,15564.5231,0
6.390819,-5688.4766,11712.0625,-10958.3671,-2966.2042,0
6.394725,-15005.3711,-6992.5465,-11157.6336,7072.9913,0
6.398631,15808.1055,8331.7286,10510.5814,15458.6080,0
6.402537,-2312.9883,12127.3880,-3248.0229,-2795.5711,0
6.406444,2989.2578,-4878.1605,-13106.7225,-960.8855,0
6.434930,15831.5430,15518.5160,11024.0582,8883.8197,0
6.438836,-6939.9414,-7735.4374,8109.9895,9037.8763,0
6.442743,12972.1680,12904.2101,3053.2749,-1130.6288,0
6.446649,15690.9180,15541.5708,12339.0411,-6787.5777,0
6.450555,-4313.4766,-10850.2358,-13911.0285,-5965.9873,0
6.454461,14986.8164,-9028.4676,12841.4966,-10958.9354,0
6.458368,15784.6680,15622.8032,12748.6316,-7010.7920,0
6.462274,-3189.4531,-4744.9616,-7842.3210,-3062.6487,0
6.466180,-1015.6250,-14988.3795,12998.9338,885.4946,1
6.481110,15808.1055,15551.3116,15445.1384,15460.3961,1
6.485017,-2187.5000,-7748.4761,14489.8382,-1258.8788,1
6.488923,8990.7227,955.3562,-5047.1461,-9172.7956,1
6.492829,15698.7305,15673.0972,12632.0827,-15494.2655,1
6.496735,-2813.4766,-7997.8692,11547.2514,1795.4987,1
6.500642,-9001.9531,2947.1069,12935.5492,11128.5030,1
6.504548,-15910.6445,15437.1827,-15401.0612,15587.0294,1
6.508454,-3188.9648,-6252.9607,-14412.6488,-574.0003,1
6.512360,2979.9805,-3040.4421,982.9532,-883.8484,1
6.525262,15745.6055,13195.2452,-15570.2352,15687.6763,1
6.529168,-562.0117,4103.1441,9368.0390,-958.5316,1
6.533075,-10988.7695,129.0856,-15114.1101,-2811.2185,1
6.536981,-15809.0820,10771.9386,13398.7494,15776.7562,1
6.540887,-1689.4531,4555.6856,-6432.1340,-1270.1407,1
6.544793,8972.6562,5816.8312,6756.3824,2798.6563,1
6.548700,15761.2305,15311.0844,10993.2552,-15849.0574,1
6.552606,-1688.4766,2951.7761,2822.8575,-1027.7998,1
6.556512,977.0508,-10634.3955,14640.5257,14990.1080,1
6.570172,15737.7930,11541.4987,11132.1251,15578.2028,1
6.574079,-2563.4766,5164.1348,-9296.3254,-5412.1153,1
6.577985,-9011.2305,-9245.2859,2548.2621,9068.1232,1
6.581891,15737.7930,1078.9290,10352.2608,15673.7029,1
6.585797,-5189.4531,4116.9090,-1590.8005,-3784.8591,1
6.589704,-11027.8320,3567.5512,-7331.2704,-838.4697,1
6.593610,15683.1055,15237.9503,8765.0303,15689.2309,1
6.597516,-4938.9648,4915.1618,10540.3354,-3167.3122,1
6.601422,-13012.6953,-8463.5385,-1343.9249,-13013.2963,1
6.616067,15878.4180,15346.2622,8771.0631,-15692.6419,1
6.619974,-3813.9648,-8096.3400,9638.4422,-79.0950,1
6.623880,-5014.6484,12898.2886,-9332.8300,-12706.9919,1
6.627786,15620.6055,15649.0886,8775.6495,15615.6760,1
6.631692,-6688.4766,-5853.6319,8649.9724,-4170.8507,1
6.635599,8986.3281,-9013.6830,-1413.9913,9069.9905,1
6.639505,15722.1680,15531.0126,6741.6834,15632.4835,1
6.643411,-3313.4766,-4234.6891,1671.1255,-4260.4637,1
6.647317,-3007.3242,6930.0118,-1297.4798,-10910.2430,1
6.660323,15753.4180,14467.8446,9482.6602,15700.8956,1
6.664230,-7939.9414,2256.2405,-11652.0024,-4165.0817,1
6.668136,-11027.3438,-10858.0719,12681.6389,-889.3896,1
6.672042,15628.4180,2894.4437,9320.5772,15702.7596,1
6.675948,-5813.9648,1860.9239,4671.6674,-2892.9128,1
6.679855,10975.0977,-4388.8547,8642.0837,3087.5541,1
6.683761,15628.4180,8403.8481,10290.4777,15705.5770,1
6.687667,-4063.9648,6606.3556,-1457.0586,-1666.9305,1
6.691573,2974.1211,-3068.5477,689.8274,-14953.7307,1
6.705148,15612.7930,12434.3723,11275.0381,15428.5730,1
6.709054,-8814.9414,5372.4008,-8936.7250,-6673.9116,1
6.712960,-7022.9492,-7637.7993,2715.1084,11023.0002,1
6.716866,15675.2930,2382.4583,11370.7363,15679.9096,1
6.720773,-5314.4531,5964.1016,-4482.9720,-3435.6798,1
6.724679,-9031.2500,-2404.4372,-7393.9051,-2875.1032,1
6.728585,15409.6680,7690.1774,11895.9088,15413.1848,1
6.732491,-8314.4531,5240.2541,3259.4367,-5745.3832,1
6.736398,-3028.3203,-10551.0299,-5239.3458,2991.4132,1
6.750036,15440.9180,-1999.9702,12892.6143,15163.5881,1
6.753942,-8064.4531,2416.1647,-1362.7652,-7331.2343,1
6.757848,6970.7031,6832.2995,-9322.2539,-8764.4121,1
6.761754,15690.9180,11248.4343,11579.8347,15540.6432,1
6.765661,-5689.4531,12311.2578,-6333.9057,-3499.0622,1
6.769567,962.8906,-6960.3429,634.4847,14981.9734,1
6.773473,15339.3555,11508.9624,13423.7268,15404.1043,1
6.777379,-8938.4766,13530.0914,13131.6175,-4136.0090,1
6.781286,4993.6523,-2384.5993,2566.6606,1020.4306,1
6.810211,15354.9805,15534.3506,11700.8900,2555.4603,1
6.814117,-11314.4531,-11385.0841,13876.9147,9179.1473,1
6.818023,-15031.7383,-15029.7939,-5290.2962,15292.1176,1
6.821930,15542.4805,15464.6986,11195.3460,1041.2421,1
6.825836,-6063.9648,-4897.8315,12671.5817,1652.9714,1
6.829742,-15024.9023,-9032.1871,-15325.1749,5959.4643,1
6.833648,15565.9180,15414.5207,8741.6492,7411.1023,1
6.837555,-7689.9414,-3400.0345,13056.3457,8862.7404,1
6.841461,10961.4258,2973.2622,-15444.6066,10314.3784,1
6.855146,15292.4805,14059.6840,7905.0162,15142.0307,1
6.859052,-9314.4531,4913.5267,-9109.3561,-10330.9379,1
6.862958,-13016.1133,-7808.4149,-13535.8196,1124.4056,1
6.866864,15714.3555,2907.0131,6184.2353,15487.5797,1
6.870771,-4687.9883,7278.7089,6687.9845,-5710.7882,1
6.874677,2973.1445,-6246.5656,-15470.7127,5094.9995,1
6.878583,15167.4805,1755.8261,3933.1624,15289.7996,1
6.882489,14558.1055,4928.9285,912.2450,-12705.3967,1
6.886396,-13077.6367,-926.1436,4213.5507,-1034.4225,1
6.900139,14635.7422,-13013.7394,739.0408,14497.1134,1
6.904045,-948.2422,-9745.8442,-10980.7214,923.2787,1
6.907952,14828.1250,3765.8116,-5906.5929,12841.2001,1
6.911858,13041.9922,-2628.4871,416.0756,13178.3692,1
6.915764,13423.3398,-5842.2455,4723.1918,14262.7749,1
6.919670,765.6250,-1829.2226,-7950.4325,10778.9144,1
6.923577,12299.8047,-11379.7331,135.3418,12399.5285,1
6.927483,1671.8750,-3943.0185,1239.6510,5291.4737,1
6.931389,8753.4180,9145.4500,-3971.2553,4779.9481,1
6.946271,12206.0547,-15857.0695,35.5147,12264.7450,1
6.950178,7422.8516,5756.8876,1281.6199,7362.9072,1
6.954084,-3243.1641,-2928.4892,9980.5838,-4811.2499,1
6.957990,12065.4297,-15563.5324,132.3515,12087.5814,1
6.961896,7048.8281,4011.8820,22.0371,7977.1551,1
6.965803,14756.8359,-930.3315,6003.7598,-14570.3303,0
6.969709,12198.2422,-15604.8615,125.5240,12247.2598,0
6.973615,9423.8281,5631.8835,2541.7849,9293.2267,0
6.977521,-7225.5859,-2957.0730,14018.3893,-11040.5966,0
6.990238,12487.3047,-14116.2091,253.9047,12693.7986,0
6.994145,9799.8047,-4266.3342,3071.7425,9109.8374,0
6.998051,12805.6641,5520.8125,-9936.4871,2900.6477,0
7.001957,12635.7422,-5831.2852,242.7273,12897.6426,0
7.005863,8549.8047,-3615.4210,373.4758,13275.8908,0
7.009770,-9189.9414,-2371.7618,0.0000,10842.0916,0
7.013676,12995.1172,-13410.3575,0.0000,12609.0498,0
7.017582,-9446.2891,-3279.6750,0.0000,-15203.8589,0
7.021488,6843.2617,-1016.8038,0.0000,8861.1795,0
7.036009,13260.7422,-15308.7982,0.0000,13451.2774,0
7.039915,-10572.7539,8969.0836,0.0000,-8475.6478,0
7.043821,14851.0742,11017.7573,0.0000,-10908.4486,0
7.047727,13877.9297,-15322.8411,0.0000,13612.9235,0
7.051634,-194.3359,5357.7654,0.0067,-4639.9681,0
7.055540,8908.2031,-10904.4096,3.4227,1008.8058,0
7.059446,14394.0430,-15649.6789,231.6731,13661.5443,0
7.063352,7807.1289,6352.4448,5834.6552,-2947.5275,0
7.067259,-13081.0547,-8921.4355,-11989.4252,-3063.5169,0
7.080233,14800.2930,-11943.7915,574.5251,14082.5081,0
7.084139,-15191.8945,-12836.7559,12506.9812,6891.1819,0
7.088045,911.1328,-13729.7204,13980.1904,1282.0915,0
7.091951,14792.4805,-14622.6848,957.3331,14673.2526,0
7.095858,15183.5938,-15402.9945,-6421.4050,11489.2954,0
7.099764,-9041.5039,9214.6785,13987.3305,-8412.7439,0
7.103670,15081.5430,14895.6017,2593.9453,14755.2581,0
7.107576,-15191.4062,-15584.4896,13040.2580,10719.0771,0
7.111483,-5060.0586,5090.7514,-15676.1266,-14844.4405,0
7.125109,15339.3555,7991.9694,5571.7544,14743.9759,0
7.129015,-6438.4766,7071.2565,-7438.3026,-9768.6867,0
7.132922,-11003.9062,-916.2755,-1458.4835,3138.5872,0
7.136828,15901.8555,-8903.8075,6417.7293,14863.5593,0
7.140734,-687.5000,-12581.2086,13165.6927,-12569.8485,0
7.144640,-7000.0000,4736.8537,-13051.6623,-12628.4670,0
7.148547,-15855.4688,-13378.3991,12221.5945,15761.1995,0
7.152453,5062.9883,-13052.1124,12309.5486,1783.8914,0
7.156359,-12985.3516,1550.4426,13121.0026,9023.0340,0
7.186174,-15746.0938,-15987.7338,15077.1899,1884.3367,0
7.190080,2063.4766,900.3560,-6582.8725,1673.7477,0
7.193986,11038.5742,6985.7545,3031.0912,-13043.5976,0
7.197892,-15589.8438,-15698.6318,-13926.7506,7282.0492,0
7.201799,6814.9414,-970.1816,14604.6815,7764.5670,0
7.205705,1027.8320,-11006.0759,7079.7026,4450.2021,0
7.209611,-15433.5938,15431.8949,-11954.1818,1359.0374,0
7.213517,-15809.0820,-7016.9095,12503.8775,-1732.1274,0
7.217424,-2937.5000,14921.8133,5388.4009,-4823.2921,0
7.230170,-14800.7812,15296.4838,-9563.2077,-14768.2082,0
7.234077,-12808.1055,7941.5147,-6341.0849,-11969.0836,0
7.237983,3070.8008,-13409.7202,15436.5467,688.2612,0
7.241889,-14753.9062,-7181.8574,-8469.6107,-14332.7057,0
7.245795,-10431.6406,7034.3972,-2915.4255,-7619.3253,0
7.249702,9108.8867,-12247.9987,-4426.5002,-14848.6547,0
7.253608,-14081.5430,179.3158,-7273.8176,-13410.6724,0
7.257514,1570.3125,14770.7227,-11449.2381,4089.7362,0
7.261420,-10866.6992,8322.9781,15523.5619,-4895.7902,0
7.275205,-13581.5430,10972.8929,-7103.1889,-12997.0527,0
7.279111,14199.2188,12819.5659,699.5474,-11706.9961,0
7.283017,-8822.2656,7996.1881,-4504.6874,10845.0906,0
7.286923,-13065.9180,9865.2402,-8081.5509,-12548.9387,0
7.290830,-12049.3164,10447.9303,9519.8383,-5806.5360,0
7.294736,15227.5391,5760.9630,-12540.9107,-14694.3798,0
7.298642,-12558.1055,9883.0972,-10098.0143,-11595.8710,0
7.302548,-12800.7812,9496.2929,-10495.0511,-610.0567,0
7.306455,-4816.8945,6920.4882,3331.0752,-4797.2532,0
7.320204,-12987.7930,13494.3851,-9650.5245,-12091.0822,0
7.324110,-13300.2930,7344.4109,5299.0622,-1853.4648,0
7.328017,3191.4062,-3290.7541,-10796.2373,-6830.9472,0
7.331923,-13097.1680,3866.3792,-11643.5121,-12489.0912,0
7.335829,9321.7773,11252.4056,-7929.7656,-13273.8127,0
7.339735,11152.3438,5404.3698,-12831.3377,-10853.1846,0
7.343642,-13699.2188,9006.8486,-14299.1057,-13001.0051,0
7.347548,-55.6641,-285.9275,11945.0215,10029.7666,0
7.351454,11101.5625,-2091.7343,5082.8559,-4885.4111,0
7.366150,-14542.9688,14772.3621,-14372.0119,-13902.9717,0
7.370056,-10307.1289,10822.2426,-11487.4073,-3490.7122,0
7.373962,11084.9609,-5015.7005,15074.9047,-8946.0375,0
7.377868,-14761.7188,14623.4428,15379.7123,-14299.3740,0
7.381775,-11933.1055,15929.3788,4336.7773,-8297.3873,0
7.385681,3060.5469,4974.9887,8946.8438,14756.8067,0
7.389587,-14894.5312,15011.7745,12247.5310,-14484.8047,0
7.393493,-12058.1055,-10592.4288,12643.5984,-8583.1379,0
7.397400,-8934.5703,-5077.6033,-14860.2982,-10933.4623,0
7.410219,-15066.4062,12613.9527,15901.4689,-14964.8449,0
7.414125,-15558.5938,15377.1878,11692.3302,-15395.9529,0
7.418031,3059.0820,10801.2662,9079.7084,10781.7328,0
7.421938,-15191.4062,11657.8965,14809.4248,-14776.2939,0
7.425844,9814.9414,429.5465,15641.3389,13925.9703,0
7.429750,5051.7578,-8920.0951,-5001.5824,876.9477,0
7.433656,-15347.6562,5529.9204,14289.3533,-15022.9507,0
7.437563,2938.4766,2625.6567,1454.9619,9634.6336,0
7.441469,9031.2500,-6097.4175,11070.3420,-6977.1512,0
7.455119,-15628.9062,11071.9663,-15261.2773,-15013.5596,0
7.459026,7188.4766,9895.1871,-4095.1863,12375.9550,0
7.462932,-2994.1406,-7560.3932,-8990.3536,-11032.3679,0
7.466838,-15847.6562,10222.7254,-15132.7718,-15270.0235,0
7.470744,6188.9648,10589.2249,7680.3669,7017.7841,0
7.474651,-2974.1211,-4360.0422,10708.7437,-14981.2826,0
7.478557,-15800.7812,11849.2389,-14326.7246,-15497.3075,0
7.482463,1062.5000,10976.6598,13334.6171,1855.5269,0
7.486369,-14997.0703,-4458.2831,-3012.0761,4940.8457,0
7.516040,15964.3555,15463.8668,-1802.8297,-520.6558,0
7.519947,-1312.9883,-8684.7098,4126.7727,-220.1117,0
7.523853,-1007.3242,-12991.9467,-10360.1484,-13069.0616,0
7.527759,15870.6055,15089.7439,7030.9491,349.7051,0
7.531665,-812.9883,-8810.3502,11097.0842,-8101.7559,0
7.535572,-13014.6484,-13001.9583,11292.9111,-7925.5184,0
7.539478,15847.6562,14935.0323,11907.3750,-4123.8164,0
7.543384,1562.0117,-8191.5675,12521.8388,-322.1144,0
7.547290,14988.7695,-3067.8474,13136.3027,3479.5876,0
7.560106,15792.4805,13267.0023,15114.5071,15698.8882,0
7.564012,-3688.4766,3858.4854,-1826.1464,242.6575,0
7.567918,8983.8867,-9126.7251,2763.3145,-5145.7059,0
7.571824,15823.7305,2762.8959,15080.5561,-15736.8497,0
7.575731,-1187.9883,3408.6613,302.6997,2456.5551,0
7.579637,-15007.8125,2972.7377,8718.1825,-14605.0617,0
7.583543,15886.2305,14263.8783,14317.4931,15804.6358,0
7.587449,-62.9883,3833.5243,-10157.9452,3731.7242,0
7.591356,2982.4219,4434.9698,12717.1267,7035.3717,0
7.605158,15886.2305,15378.3231,11527.3159,15719.2929,0
7.609064,-3188.9648,5470.3728,-14077.7316,-3991.3380,0
7.612970,2979.0039,-5080.4091,10602.3432,3116.7716,0
7.616877,15784.6680,6016.2342,9309.8559,15760.5151,0
7.620783,-1314.4531,7660.7914,1611.8248,8.6570,0
7.624689,-5035.1562,-3051.6004,-11143.8936,7074.9857,0
7.628595,15651.8555,4816.1541,9928.4796,15712.8491,0
7.632502,-4313.9648,4780.4705,5869.0795,-4053.1410,0
7.636408,8981.9336,-6007.8366,-7083.1499,-14934.1652,0
7.651157,15745.6055,15567.8417,9273.1118,15500.2155,0
7.655064,-7814.9414,-8713.6257,-10671.0760,-5557.6358,0
7.658970,-3028.3203,-13021.0396,-3039.3679,7070.5229,0
7.662876,15667.4805,15377.1443,10069.7276,15513.2215,0
7.666782,-2063.4766,-8091.6096,-2301.9166,-3515.6017,0
7.670689,-3006.3477,-7033.1428,8804.2898,13017.7551,0
7.674595,15901.8555,15456.5567,7893.8702,15622.7052,0
7.678501,-5939.4531,-9335.2206,-2433.2746,-4114.3467,0
7.682407,974.1211,10895.2101,987.0653,14900.2384,0
7.696516,15784.6680,15577.7531,11505.2325,-15566.4301,0
7.700422,-2188.4766,-3880.9166,5758.4886,-2479.9658,0
7.704328,-1015.6250,12922.3661,-7067.7851,-8409.5474,0
7.708234,15675.2930,15511.4708,10328.8279,15127.1233,0
7.712141,-2938.4766,-7121.9247,5616.6087,-4182.6388,0
7.716047,6976.5625,8914.8583,-9032.6800,1335.0977,0
7.719953,15714.3555,15413.8650,10100.8309,15197.8156,0
7.723859,-3938.9648,-7371.4369,5008.8120,-2944.7778,0
7.727766,12986.3281,-5038.4113,-5211.6919,-12802.6709,0
7.740272,15769.0430,12724.9454,11010.0414,15390.1804,0
7.744179,-4438.4766,3366.6201,14772.8473,-7149.7208,0
7.748085,10984.3750,-3097.7470,4771.3484,14996.6981,0
7.751991,15800.2930,8650.1202,11702.9022,15731.5862,0
7.755897,-187.9883,4151.1809,-12669.5553,-2960.8279,0
7.759804,-7008.7891,-6688.5954,8660.4590,11018.3630,0
7.763710,15917.4805,4747.7497,10019.8764,15610.2609,0
7.767616,-187.5000,3480.4496,6776.7349,-2705.5268,0
7.771522,9005.3711,-8274.1174,647.3676,-4967.0393,0
7.785093,15886.2305,11920.3646,12322.8928,15413.3976,0
7.788999,-6439.9414,1521.5709,12103.5301,-7602.6038,0
7.792906,-3031.7383,2147.2663,-15354.1067,13012.4484,0
7.796812,15644.0430,14299.7105,11876.6912,15445.1586,0
7.800718,-5314.4531,4069.4928,636.8798,-4610.5156,0
7.804624,12981.4453,-4330.8383,-9451.5222,3112.4519,0
7.808531,15839.3555,6800.3647,12799.8348,15460.8432,0
7.812437,-4563.9648,3877.5549,8999.3651,-5973.8229,0
7.816343,-1017.5781,-6580.0838,-9477.1785,14984.5583,0
7.830301,15628.4180,13017.1626,12456.6212,15108.3164,0
7.834208,-6188.9648,2735.2837,-13519.1948,-6808.9676,0
7.838114,-7010.7422,-6687.7544,4517.1757,-10276.8844,0
7.842020,15690.9180,6387.2665,11443.9735,15140.4998,0
7.845926,-6438.4766,2073.1855,5944.2399,-3394.3060,0
7.849833,8981.4453,-11874.0881,14459.4201,-14158.5783,0
7.853739,15456.5430,3088.8746,11646.0201,15147.0808,0
7.857645,-9064.9414,572.1261,-11657.5694,-5050.7288,0
7.861551,6982.4219,-10533.5624,-1288.0951,13000.7402,0
7.875126,15831.5430,718.1453,10908.6136,15435.7745,0
7.879032,-6939.4531,4549.3851,-7907.2305,-5353.8753,0
7.882938,-7018.5547,8380.6249,751.9960,1179.9486,0
7.886844,15690.9180,12211.8647,9175.4898,15462.2580,0
7.890751,-6939.4531,12981.1098,-12627.0612,-6993.9265,0
7.894657,8975.0977,-8171.5987,4731.0772,-10690.1176,0
7.898563,15706.5430,-4547.3865,11918.4117,15202.7520,0
7.902469,-6439.4531,12352.1533,-4687.0799,-3777.0852,0
7.906376,980.9570,-12060.8178,-2989.3499,-1069.2431,0
7.935240,15933.1055,15743.9149,12598.3184,-1351.6494,0
7.939146,-687.5000,-5518.1518,7775.4765,1902.3650,0
7.943052,-13003.4180,12946.9345,5148.1425,13904.4616,0
7.946958,15737.7930,15638.3303,14232.7173,2613.2853,0
7.950865,-3813.9648,-9761.6693,3843.7074,2579.6240,0
7.954771,14976.5625,-7052.8292,9175.4904,4441.2787,0
7.958677,15745.6055,15696.6044,14293.0423,6163.1630,0
7.962583,-1937.9883,-3272.9891,-550.5276,7885.0473,0
7.966490,983.8867,12947.8738,1190.5905,9606.9316,0
7.980238,15644.0430,15178.3785,15880.7925,15135.1627,0
7.984144,-2313.4766,9437.1734,-3406.4591,-2061.8933,0
7.988050,14984.3750,-3904.9309,11044.3642,7218.6229,0
7.991957,15964.3555,6438.4687,14128.8960,15217.8317,0
7.995863,-2813.9648,8791.2343,8736.8309,-4603.9432,0
7.999769,12977.5391,-9068.0843,-12953.8469,-14193.2537,0
8.003675,15863.2812,-3583.5097,-15175.9265,15439.1093,0
8.007582,936.0352,10308.9878,11776.9566,3817.5461,0
8.011488,-11024.9023,-2213.1120,6856.5161,13006.5762,0
8.025108,15737.7930,13079.5183,12679.4506,15504.8159,0
8.029014,-5689.4531,5901.9452,-7790.2374,-5174.2044,0
8.032920,-13025.8789,-8099.4817,8917.0865,5123.5966,0
8.036826,15573.7305,1074.4580,15180.9906,15527.8677,0
8.040733,-6939.4531,5007.9957,-1418.4979,-4008.8118,0
8.044639,-11027.8320,-3000.9823,14932.0047,8654.6156,0
8.048545,15659.6680,8682.6413,13840.4365,-15669.5072,0
8.052451,-4438.4766,6018.3896,1553.7069,2376.4188,0
8.056358,4979.9805,-799.4054,752.4992,7036.4024,0
8.070235,15503.4180,14123.4620,13767.0476,15724.9237,0
8.074141,-5188.9648,3185.8535,4770.1239,-3961.7130,0
8.078047,-3026.3672,652.1475,-11322.2815,-6867.5311,0
8.081954,15644.0430,12386.5062,13759.7114,15204.3026,0
8.085860,-3687.9883,4986.9419,-10203.0390,-6165.0569,0
8.089766,3002.9297,-7000.4896,-13254.2370,-2864.2966,0
8.093672,15995.6055,3843.3639,10720.7829,15845.4448,0
8.097579,-2063.4766,6519.6448,-5446.3986,-2274.9644,0
8.101485,-3005.3711,-489.0641,-11289.5555,2949.6592,0
8.115297,15948.7305,13477.6871,10051.5851,-15773.2951,0
8.119203,-2563.4766,1970.0983,-8303.0745,-2856.0634,0
8.123110,8992.6758,-6718.8393,-5257.3552,9092.3692,0
8.127016,15870.6055,6334.6122,9079.1712,15227.9920,0
8.130922,-5564.9414,1788.2094,5156.9151,-7312.7818,0
8.134828,12965.3320,-1414.5103,-1437.9937,7134.1575,0
8.138735,15526.8555,10678.7628,7200.3586,15275.9679,0
8.142641,-5438.9648,2723.6570,1574.8345,-6433.5975,0
8.146547,-1003.4180,4953.5592,6742.5214,1059.9936,0
8.160180,15940.9180,15472.3318,9949.5863,15573.8904,0
8.164086,-5313.4766,4218.4765,3042.3380,-6713.0953,0
8.167992,6989.7461,-9703.8950,-1248.4062,3105.5313,0
8.171899,15667.4805,1998.1677,10120.3526,15281.3167,0
8.175805,-6938.9648,2083.6834,2884.7459,-8197.9662,0
8.179711,2978.0273,-3294.1127,-15232.6285,-8754.8360,0
8.183617,15519.0430,9677.6049,10593.8485,15580.3944,0
8.187524,-7814.4531,4125.1561,1701.8840,-5290.3079,0
8.191430,8979.4922,3740.3397,12895.9474,8986.0079,0
8.205165,15776.8555,15159.4038,13557.1048,15377.3480,0
8.209071,-3938.9648,3743.9580,-4746.9301,-5423.5502,0
8.212977,6987.7930,-4225.6741,12827.8203,14990.8112,0
8.216884,15808.1055,7379.5323,12570.9645,15275.1287,0
8.220790,-4063.9648,1546.0736,-6038.0849,-9356.8063,0
8.224696,4978.5156,-2231.6171,4769.6391,-2774.6672,0
8.228602,15737.7930,11412.8937,15509.0337,15290.8800,0
8.232509,-5813.4766,4907.9859,6770.2485,-8765.7406,0
8.236415,6978.5156,-8288.7072,2827.5078,-4956.6333,0
8.265897,15487.7930,15569.1896,-8489.9102,-3534.8263,0
8.269804,-7813.4766,-8756.8021,-11636.2019,-512.5741,0
8.273710,-1000.0000,-3063.4787,-14219.5448,13061.4081,0
8.277616,15612.7930,15288.3537,-7280.7685,-1976.1736,0
8.281522,-8439.4531,-4911.8472,-6937.6019,-5143.1618,0
8.285429,6975.0977,12842.6248,-8232.5022,-2640.8073,0
8.289335,15698.7305,15453.6399,-9448.2088,250.1521,0
8.293241,-4813.9648,-8510.0708,-10663.9154,3141.1115,0
8.297147,-9024.4141,-9033.5590,-11879.6220,6032.0710,0
8.310183,15519.0430,12442.0155,-15899.0318,15471.8082,0
8.314090,-6189.4531,3599.5306,289.0555,-3055.9431,0
8.317996,-7017.5781,-11152.4097,769.4634,-14719.4177,0
8.321902,15839.3555,1299.1521,15835.4703,15552.7536,0
8.325808,-7564.9414,2283.3776,10619.8643,-6452.2404,0
8.329715,-7031.2500,-10173.8715,-7264.1033,5073.6308,0
8.333621,15354.9805,3226.4212,14594.2174,15251.2856,0
8.337527,-6188.9648,3411.6414,-4575.9214,-4784.3861,0
8.341433,14959.9609,-4964.4723,-1294.4789,10984.6020,0
8.355258,15362.7930,13099.0719,13011.1956,15264.9762,0
8.359164,-7438.9648,3397.2505,9279.5040,-3019.6619,0
8.363071,-13015.6250,3135.2726,-3273.3986,-8688.6489,0
8.366977,15776.8555,14368.3125,10351.6003,15671.1298,0
8.370883,-3063.4766,3743.2806,12615.8032,134.2407,0
8.374789,12987.7930,-7048.8256,-15185.6284,-12621.7121,0
8.378696,15722.1680,4744.4247,11017.7715,15603.0970,0
8.382602,-7314.9414,2802.6867,-7538.0205,-2393.5005,0
8.386508,-15028.3203,1613.4276,4944.7791,1019.4683,0
8.401084,15597.1680,15758.5815,10010.6415,15341.3380,0
8.404991,-6313.9648,-4528.2828,564.8702,-5019.8409,0
8.408897,10970.7031,-1046.3963,950.3676,-826.9693,0
8.412803,15526.8555,15598.3561,9802.6968,15649.5072,0
8.416709,-6564.4531,-10269.6143,-4343.7961,-4402.2340,0
8.420616,-1013.6719,8926.6579,-13128.5402,-838.0745,0
8.424522,15753.4180,15561.8051,7756.0799,15503.1720,0
8.428428,-6189.4531,-7647.4976,-6031.4596,-5675.1604,0
8.432334,10971.6797,-9027.8552,8975.0215,7008.4601,0
8.446038,15581.5430,14084.4305,10932.1388,14706.7659,0
8.449944,-5688.9648,-2291.6721,10913.5075,-6704.6190,0
8.453850,-5012.2070,2431.5712,6906.9228,-5951.0087,0
8.457756,15886.2305,13226.7685,10185.5355,14924.7678,0
8.461663,-1187.9883,-5256.8794,9324.8606,-3382.9038,0
8.465569,7001.4648,3199.9139,-9070.3354,-15067.3412,0
8.469475,-15785.1562,13861.8749,10110.2836,-15199.9905,0
8.473381,1686.0352,1502.4222,-9960.6837,-99.0170,0
8.477288,2963.3789,-9183.2070,-11116.5823,-10656.1118,0
8.490200,15597.1680,11518.1491,12094.9239,15403.5160,0
8.494106,-5563.9648,4118.9185,7542.9556,-7478.3606,0
8.498012,-5010.2539,-10661.8314,6811.6363,-12817.1269,0
8.501919,15870.6055,450.0323,11473.3089,15517.0881,0
8.505825,-3439.9414,5779.5133,-10661.9167,-3336.7005,0
8.509731,-7032.2266,2349.5566,14629.8808,11010.7899,0
8.513637,15558.1055,13167.3168,9969.6537,15373.8755,0
8.517544,-9564.4531,2840.2958,5022.4145,-9422.9201,0
8.521450,-13021.4844,-963.5221,-3312.3839,-6986.4595,0
8.536091,15550.2930,15477.3787,12427.4323,15221.1940,0
8.539998,-5313.4766,-4900.4804,-5586.9365,-7319.2478,0
8.543904,-3012.2070,-14998.3348,-5295.8824,5079.0084,0
8.547810,15690.9180,15454.4212,12765.6935,15453.5705,0
8.551716,-4438.4766,-9143.4883,-9749.2027,-4178.1520,0
8.555623,-13010.7422,-15021.3539,10505.6486,-2832.3235,0
8.559529,15636.2305,15384.2114,12096.8484,15548.5687,0
8.563435,-8814.4531,-8520.2696,-1516.3386,-6994.6935,0
8.567341,-3016.1133,12909.1837,-13424.0330,12997.5332,0
8.580317,15675.2930,15029.2274,13302.7193,15273.1392,0
8.584224,-3188.4766,4527.3156,1411.7610,-4627.7331,0
8.588130,-5010.7422,2362.7183,-1473.2500,11080.6991,0
8.592036,15784.6680,11801.2644,11166.2048,15159.9108,0
8.595942,-4562.9883,846.1946,15829.5813,-9319.7049,0
8.599849,12996.0938,-8436.6096,-11446.1647,3224.4955,0
8.603755,15729.9805,5840.1938,12645.8205,14998.0164,0
8.607661,-2188.4766,2899.1911,7985.0260,-8060.5996,0
8.611567,-3008.3008,-133.3179,-15223.7806,11007.1483,0
8.625220,15987.7930,9644.3503,11935.0124,15594.5461,0
8.629126,-3313.4766,11173.4143,-12424.9402,-3172.8328,0
8.633032,6998.0469,12702.4782,-5238.2118,-10638.2864,0
8.636938,15815.9180,14231.5421,10127.2133,15470.0330,0
8.640845,-5563.4766,11748.4318,9785.3978,-8091.9291,0
8.644751,12991.2109,-8855.9421,4726.4240,-807.3761,0
8.648657,15909.6680,-3525.8763,12071.4846,15195.2811,0
8.652563,-938.4766,12546.1227,-2916.6983,-7434.3556,0
8.656470,-3007.3242,-3738.1070,10975.1532,-6946.4481,0
8.685068,15667.4805,15192.7885,12713.5723,739.8194,0
8.688974,-6688.9648,-8516.5042,3861.0861,-11166.6631,0
8.692881,14979.4922,964.6203,9070.7616,10412.5644,0
8.696787,15933.1055,15793.7869,12116.8564,-4997.2929,0
8.700693,-1063.9648,-7018.7571,-6476.6012,2391.6720,0
8.704599,-15020.9961,-1046.8357,3125.0985,5933.7554,0
8.708506,15667.4805,15407.6738,13247.9672,7122.2464,0
8.712412,-4188.9648,-11510.4495,-14398.4292,8310.7375,0
8.716318,14971.1914,2949.6574,1084.8760,9499.2286,0
8.735747,15636.2305,15655.1408,14164.7442,15073.3715,0
8.739653,-3564.4531,-5401.9891,-6966.1783,-7568.6096,0
8.743559,-13035.6445,8934.3930,-13063.5306,1177.9645,0
8.747466,15511.2305,15413.8130,11479.3058,15311.6437,0
8.751372,-4938.9648,-7149.7853,-15516.9607,-5800.6998,0
8.755278,4965.8203,-3037.1720,14950.4552,12989.2723,0
8.759184,15495.6055,15704.4688,15015.2070,15046.2494,0
8.763091,-5813.9648,-6774.4089,-6580.5933,-6351.6797,0
8.766997,-9017.5781,-13005.5889,-5073.8419,-8863.8414,0
8.775062,15737.7930,10161.3672,12519.2178,15218.3744,0
8.778968,-3313.4766,5123.2218,5664.7091,-6937.1514,0
8.782874,-7018.0664,-4095.3858,4832.6578,3138.3562,0
8.786781,15784.6680,6404.5611,13184.7424,15628.2814,0
8.790687,-1563.9648,4816.2519,-3823.2083,168.4774,0
8.794593,-1015.6250,2761.3701,4759.9144,-10674.0039,0
8.798499,15878.4180,13496.3309,11019.2471,15640.7460,0
8.802406,-4314.4531,3651.8037,-14035.1051,-3015.1185,0
8.806312,-15027.3438,-5638.3774,8646.7857,-8916.8084,0
8.820035,15604.9805,12792.1544,11588.2445,15716.8765,0
8.823941,-5688.9648,3075.5992,11252.6575,-1935.3064,0
8.827847,-5020.0195,-6323.8419,-7424.2518,-12700.2619,0
8.831753,15612.7930,6233.2403,10458.2806,15543.2791,0
8.835660,-6439.9414,4495.8616,-6790.6201,-3558.5839,0
8.839566,-9031.2500,922.1809,14526.7048,-2819.8678,0
8.843472,15667.4805,12226.1560,9075.4957,15595.1501,0
8.847378,-7189.9414,4869.0758,-8216.1305,-4991.8653,0
8.851285,-1028.3203,-3586.6192,-13461.3573,12982.3445,0
8.865263,15464.3555,13242.3712,9058.8984,15025.6803,0
8.869169,-7438.4766,3406.5041,-12762.7191,-6133.3240,0
8.873075,12994.6289,-10017.7761,6581.9208,13054.7752,0
8.876981,15519.0430,2651.9967,7878.5599,15403.4114,0
8.880888,-9688.9648,3593.3511,-11560.0522,-3027.3998,0
8.884794,12986.3281,-7705.0841,-5483.2536,-6498.9495,0
8.888700,15776.8555,4497.6344,6661.8164,15519.8338,0
8.892606,-1813.4766,7355.4044,14888.6714,-1883.9855,0
8.896513,10974.1211,1949.3790,2666.8250,-4888.9695,0
8.910248,15792.9688,13936.5832,9560.5576,15597.7778,0
8.914154,311.0352,4815.3688,3802.1415,-774.9168,0
8.918060,-3033.2031,-3036.3647,4650.6330,-6692.6575,0
8.921967,15511.2305,7622.8729,8704.2498,15584.9675,0
8.925873,-8189.4531,3049.9088,-12906.7255,-3337.3639,0
8.929779,4971.1914,1590.9329,10598.2563,-4739.8229,0
8.933685,15636.2305,13371.0757,8405.8004,15447.9974,0
8.937592,-4564.4531,4655.8923,-3302.0832,-5516.3391,0
8.941498,-9015.6250,-9384.2438,8747.0561,-10918.3256,0
8.955184,15815.9180,9924.5954,11009.2515,15555.3330,0
8.959090,-6314.4531,9207.2544,886.3767,-7602.5077,0
8.962997,6966.7969,-3733.8586,-5176.7562,1115.5936,0
8.966903,15558.1055,13608.2645,12094.1195,15387.4096,0
8.970809,-6314.9414,9658.6512,-14530.4129,-5828.6803,0
8.974715,-3024.9023,-7850.2991,-1315.7191,5087.6271,0
8.978622,15706.5430,-2855.3633,12924.3722,15265.2679,0
8.982528,-4687.9883,9898.3208,11211.0986,-7228.4984,0
8.986434,15015.1367,-2550.7663,-5201.2610,1046.9998,0
9.000217,15854.9805,10715.5044,12960.5396,15279.5886,0
9.004123,-10814.9414,12052.6047,14040.3583,-11559.6133,0
9.008030,6969.7266,13389.7050,14731.9456,-10765.7177,0
9.011936,15565.9180,14726.8052,12168.2311,15386.1763,0
9.015842,-2187.9883,12432.9722,5717.1328,-2423.7735,0
9.019748,12982.9102,-6352.5255,-7211.3902,-846.5274,0
9.023655,15823.7305,-226.2491,15524.1149,15606.2345,0
9.027561,-3564.4531,12189.7565,-6845.3049,-1290.5750,0
9.031467,-3018.5547,-7466.1831,-7274.2919,1018.9269,0
9.060189,15870.6055,15546.4122,13868.9742,5361.3985,0
9.064095,-688.4766,-5519.8140,-8124.6944,-1416.6159,0
9.068002,14978.0273,-11019.9428,-13300.3709,8665.9606,0
9.071908,15706.5430,15401.7671,12163.8029,4403.2273,0
9.075814,-5439.4531,-6019.9484,-5710.4968,1938.6834,0
9.079720,10986.3281,952.2565,-3268.0812,7125.5573,0
9.083627,15886.2305,15410.9859,12529.9619,3575.3275,0
9.087533,-4938.9648,-11509.0941,5880.0511,25.0977,0
9.091439,12975.0977,-5047.1978,-1350.6441,-3525.1321,0
9.105182,15690.9180,12892.9972,11135.7744,-15836.8021,0
9.109088,-2813.9648,5514.1761,-177.3302,-1050.3552,0
9.112995,2974.1211,-3040.5149,12578.1592,13011.5387,0
9.116901,15706.5430,7685.0046,8980.9141,15568.3440,0
9.120807,-812.9883,5202.2359,13732.6380,64.7627,0
9.124713,-7012.2070,1204.5100,-15342.4262,13025.8080,0
9.128620,15745.6055,12988.9680,9701.9504,15814.7349,0
9.132526,-6814.9414,5542.9684,4028.5670,-2646.9253,0
9.136432,14974.6094,-8346.5233,-5263.5196,-10952.9929,0
9.150151,15839.3555,11854.7436,8593.5603,15635.2402,0
9.154057,-3064.4531,4707.0550,7295.0397,-4340.8400,0
9.157963,-13018.5547,-1976.1475,4720.0761,9023.4709,0
9.161869,15878.4180,8575.2448,8242.1455,15624.1684,0
9.165776,-4688.4766,2682.5537,3432.2412,-5887.2808,0
9.169682,-2990.2344,-11135.3614,8762.9930,1101.5308,0
9.173588,-15691.4062,2000.8253,6464.9512,15885.3846,0
9.177494,4687.5000,5195.8960,-15286.0157,2009.2850,0
9.181401,1001.4648,2559.3333,2775.0602,-5029.5981,0
9.196562,15987.7930,15413.0279,8643.3915,-15721.4145,0
9.200469,-4314.4531,-6949.0077,-3304.2586,197.1003,0
9.204375,4966.7969,10785.7193,4746.1368,1169.7700,0
9.208281,15815.9180,15671.9472,8560.7048,15483.0263,0
9.212187,-2938.9648,-3731.3180,-8099.1497,-5329.8010,0
9.216094,2985.3516,8841.7678,-15153.2034,13010.1651,0
9.220000,15870.6055,15565.7528,8893.9121,15568.5276,0
9.223906,-3563.4766,-9668.7125,9411.4687,-3832.6267,0
9.227812,-1018.5547,865.8382,6666.1078,-14892.7414,0
9.240165,15456.5430,13533.7216,9787.5490,15380.9506,0
9.244071,-6813.9648,4235.7918,-6292.5428,-7030.5030,0
9.247978,-1011.7188,-941.5656,12720.2025,7075.8734,0
9.251884,15823.7305,11021.0819,10662.2517,15342.3195,0
9.255790,-2938.9648,3190.1093,5263.7611,-7030.9531,0
9.259696,-9005.8594,-74.8517,-5319.6264,7079.4693,0
9.263603,15995.6055,13081.7473,9522.9320,15380.3542,0
9.267509,-3063.9648,4953.9869,15352.7591,-9288.7974,0
9.271415,-3016.1133,-5764.9596,-11293.3101,-6987.1638,0
9.300983,15706.5430,15581.2631,13194.3734,15267.1746,0
9.304889,-5563.4766,-5255.6363,-13168.0353,-6494.9772,0
9.308795,10979.0039,6937.1985,667.2872,-817.4148,0
9.312701,15573.7305,15316.1999,12626.1722,15324.2945,0
9.316608,-3438.4766,-10119.7862,-6863.7289,-6198.1180,0
9.320514,-13011.7188,-3047.6517,-13394.9945,3148.4213,0
9.324420,15870.6055,15553.4216,12905.6230,15580.5152,0
9.328326,-3188.4766,-8123.6115,13803.0706,-5201.4993,0
9.331212,15620.6055,15616.6149,14692.8032,13231.4931,0
9.332233,4983.8867,5085.2787,6511.3712,-9004.0693,0
9.335118,-6939.4531,-7406.3446,-12316.3613,-8177.1467,0
9.339024,8970.7031,-11030.6922,4631.7780,-2557.1752,0
9.342930,15612.7930,15495.6426,12498.3673,14736.8508,0
9.346837,-4188.9648,-8514.8872,-4665.0661,-9082.1397,0
9.350743,10969.7266,4947.2682,694.2208,-4504.6717,0
9.354649,15683.1055,15598.7245,13442.7815,15076.1477,0
9.358555,-1188.4766,-4647.7074,-11790.7800,-4036.4748,0
9.362462,-7015.1367,12928.5567,-7431.9688,-2862.9496,0
9.390355,15675.2930,15415.6697,4329.5706,-5287.3686,0
9.394261,-4813.4766,-7194.0708,2721.7965,9073.1752,0
9.398168,6979.9805,-14987.1462,9678.1967,15388.8007,0
9.402074,15729.9805,15342.3849,-552.4381,240.1329,0
9.405980,-3687.5000,-8809.5610,-8279.0016,-8262.2131,0
9.409886,9001.4648,4920.1691,-6652.9056,-2762.1733,0
9.413793,15863.2812,15549.0124,-3929.7730,4232.6757,0
9.417699,311.5234,-3214.1793,-1206.6404,11227.5246,0
9.421605,-9019.5312,-1049.1184,1516.4921,8447.9298,0
9.436137,15612.7930,15421.1884,11645.5174,-699.8562,0
9.440043,-5563.9648,-6754.6118,14055.6263,5997.3932,0
9.443949,-3026.8555,8926.2964,-2870.1568,13661.4915,0
9.447855,15542.4805,15532.5900,12227.6734,-3592.0932,0
9.451762,-4688.4766,-6630.1198,1237.1397,-4739.3784,0
9.455668,10965.8203,-5040.0942,11013.4833,-1944.3772,0
9.459574,15331.5430,15510.5040,13797.2048,850.6241,0
9.463480,-6064.4531,-4510.3066,14623.3760,3645.6253,0
9.467387,-11022.4609,12905.0324,8934.6260,6440.6265,0
9.480151,15675.2930,14952.6693,13327.8008,14867.9393,0
9.484057,-5438.9648,3602.3347,-13204.5456,-6884.6786,0
9.487964,-5023.4375,-10175.0425,-13080.2013,-4439.1339,0
9.491870,15565.9180,1770.2201,10865.2833,14966.0609,0
9.495776,-7313.9648,2595.3616,254.4813,-6193.8163,0
9.499682,6987.7930,-6957.7115,-6959.5340,11126.2352,0
9.503589,15667.4805,5699.8076,13174.4025,15286.5207,0
9.507495,-6063.4766,735.0673,11595.1762,-2911.3229,0
9.511401,-5015.1367,-1435.6823,-3047.4588,-14771.0564,0
9.525201,15651.8555,14581.3855,13816.8443,15503.5473,0
9.529107,-7314.4531,5855.0560,-4047.2909,-5150.5892,0
9.533013,10975.0977,-7095.6671,14814.6709,11029.3246,0
9.536919,15409.6680,2420.9517,12252.0398,15384.2013,0
9.540826,-10565.4297,6231.7652,-10578.9022,-7047.4785,0
9.544732,8955.5664,-3995.5070,-5203.5339,7061.2313,0
9.548638,15628.4180,5517.1100,11292.6714,15590.0821,0
9.552544,-5814.9414,5515.4757,15896.1085,-5730.2003,0
9.556451,-5022.4609,-39.4658,6657.1032,14984.0103,0
9.571137,15581.5430,15264.1335,11808.2493,15606.8971,0
9.575043,-6563.9648,-7020.4083,8780.9302,-4009.1412,0
9.578949,14978.0273,2960.8318,4556.4868,3078.6943,0
9.582856,15761.2305,15697.8727,10247.9220,15693.1349,0
9.586762,-2438.9648,-3153.3948,14913.7347,-3932.4058,0
9.590668,-15030.2734,14929.2546,14557.9714,-2889.7482,0
9.594574,15573.7305,15299.6515,9157.8109,15353.9410,0
9.598481,-6939.4531,-8269.4274,5288.4638,-5668.5887,0
9.602387,8979.9805,-13016.4084,529.0972,-2964.5672,0
9.615278,15761.2305,10859.0237,9073.7106,15383.3260,0
9.619184,-3813.4766,9858.6049,11559.2176,-5822.4803,0
9.623090,8981.4453,-7111.1971,12491.2938,5210.9830,0
9.626996,15776.8555,-5563.9557,8118.5688,15032.7984,0
9.630903,-1438.4766,9382.3645,15092.2959,-8600.2913,0
9.634809,-2999.0234,-2236.9022,-5429.4330,1303.2333,0
9.638715,-15949.7070,6863.0001,6094.9050,15369.7655,0
9.642621,-2188.9648,8693.3909,2730.8735,-3185.8976,0
9.646528,-5011.2305,-9260.2266,8589.2057,-2910.9512,0
9.660236,15792.4805,11151.7156,8678.1465,15492.7890,0
9.664142,-4063.4766,2594.3713,-8816.7740,-6509.9498,0
9.668048,986.3281,-4532.7510,-3397.5443,1086.4303,0
9.671954,15870.6055,8320.9099,7444.7504,15724.2969,0
9.675861,-3438.9648,3544.8547,-9320.1828,-1397.1527,0
9.679767,-11012.6953,-434.6085,-3409.6823,-12793.2290,0
9.683673,15800.2930,11391.6186,8196.2490,15701.6087,0
9.687579,-5814.4531,4404.4632,-7790.6740,-8817.0134,0
9.691486,4968.2617,-8834.0533,14696.8428,-8986.3896,0
9.705195,15651.8555,11323.5279,10504.5924,15323.4654,0
9.709101,-3563.4766,5298.3749,-4831.0098,-5849.1099,0
9.713007,6977.0508,3303.9513,-3250.9003,-8743.2073,0
9.716914,15565.9180,15217.8378,10786.6781,15541.3413,0
9.720820,-6563.9648,5396.1390,-4121.0167,-3469.6098,0
9.724726,-1012.6953,-352.7476,-13333.5363,5106.2535,0
9.728632,15690.9180,10954.3399,12171.6531,15693.1204,0
9.732539,-2937.9883,6437.2926,-4810.1897,-3805.7741,0
9.736445,-13013.6719,-5631.4111,4801.6221,-2969.3933,0
9.751113,15565.9180,3709.3411,12264.9187,15381.3768,0
9.755019,-7814.9414,7054.1506,11622.1791,-3804.6410,0
9.758925,-1033.2031,10398.9600,2819.3168,-12672.2323,0
9.762832,15401.8555,13743.7695,12037.7141,15256.3064,0
9.766738,-7438.9648,5908.5943,-8157.3479,-5555.6824,0
9.770644,14978.0273,1187.7733,6702.8994,5123.5773,0
9.774550,15714.3555,14058.5694,14069.2088,15404.4140,0
9.778457,-4438.4766,4982.1192,-13253.2880,-6100.1963,0
9.782363,14992.1875,-11799.9673,6739.2747,1026.2431,0
9.810281,15761.2305,15580.5775,898.6034,5224.5953,0
9.814187,-4688.9648,-8553.4473,-7217.3469,839.8412,0
9.818093,-13020.9961,6903.2294,3766.1770,10788.2886,0
9.822000,15776.8555,15813.2865,4448.5691,4510.4573,0
9.825906,-3814.4531,-5694.4644,3274.1645,3406.0625,0
9.829812,-5019.5312,-5031.7413,8835.3569,11341.8138,0
9.833718,15792.4805,15482.0824,9221.3392,12020.5994,0
9.837625,-1688.4766,-9424.0503,9607.3215,12699.3850,0
9.841531,-7013.1836,8889.1263,9993.3039,13378.1706,0
9.856185,-15980.4688,15944.8315,11425.8767,15765.8114,0
9.860091,61.0352,-4646.0978,4652.8794,329.6934,0
9.863997,-7016.1133,12935.0656,-3457.6508,14998.1300,0
9.867903,15761.2305,15615.0418,9182.3586,15782.2548,0
9.871810,-5563.9648,-7017.2851,12871.8610,-1917.3105,0
9.875716,-9023.4375,-3048.0071,-7360.6288,13025.9365,0
9.879622,15604.9805,15285.1541,9922.1791,15625.8108,0
9.883528,-5063.9648,-8639.0078,-9185.7063,-5280.1626,0
9.887435,10972.1680,-1050.7487,-1320.3851,10992.6883,0
9.900996,15651.8555,15260.5063,8797.4236,15498.8008,0
9.904902,-2438.9648,-7647.2364,4522.6668,-4068.5801,0
9.908808,-9001.9531,2947.9164,-7323.4562,7066.1075,0
9.912714,-15793.4570,15636.5983,6250.1572,15491.8777,0
9.916621,-62.5000,-4652.9540,2069.2847,-2691.4625,0
9.920527,13001.9531,-13019.9880,12717.9083,-2804.1541,0
9.924433,15933.1055,15545.1259,6578.3788,15722.1086,0
9.928339,-3313.9648,-7648.1022,6027.0904,841.8602,0
9.932246,10975.5859,14907.5816,-3265.6311,14987.8022,0
9.945890,15519.0430,15339.3350,7851.7492,14947.5454,0
9.949797,-7688.9648,646.7110,-8073.3520,-4786.8860,0
9.953703,-11018.5547,-5054.7390,-7238.7542,-11842.3756,0
9.957609,15495.6055,9617.8793,8155.9438,14875.2449,0
9.961515,-8439.4531,-631.2878,-9360.9790,-3816.7948,0
9.965422,10975.0977,-11297.1986,-15114.2005,5396.1116,1
9.969328,15769.0430,7532.3583,7897.6020,14732.5669,1
9.973234,-3564.4531,866.4929,-6623.5815,-3851.4563,1
9.977140,2972.1680,5105.8464,-15262.6580,13004.2236,1
9.991187,15706.5430,15374.7622,9623.0260,15463.6937,1
9.995093,-1938.4766,-3153.9048,-10479.4418,-4607.1882,1
9.998999,-9012.6953,-5021.4356,-15154.7858,-8782.8648,1
10.002905,15870.6055,15534.8349,10369.3176,15758.5309,1
10.006812,-1813.4766,-6896.9424,8654.2409,983.2956,1
10.010718,-11005.3711,-7024.7410,6689.5184,-6789.8001,1
10.014624,15964.3555,15562.2494,9332.0710,15664.6593,1
10.018530,-4813.4766,-5649.2437,11348.5838,-2177.1633,1
10.022437,4993.1641,-11032.3726,-3260.5280,-971.6920,1
10.035170,15792.4805,12215.2712,13268.7539,15360.6743,1
10.039077,-6564.4531,5407.8248,4804.3168,-5883.2588,1
10.042983,-1013.1836,1055.0722,8686.4578,13006.7421,1
10.046889,15980.4688,10756.2984,12953.1100,15621.2874,1
10.050795,936.5234,4659.8365,-6298.8464,-2950.2343,1
10.054702,2970.7031,2426.6845,2591.1559,9037.2206,1
10.058608,15636.2305,12510.8571,13088.0809,15590.9602,1
10.062514,-3687.9883,4035.1424,-14555.0116,-3787.4210,1
10.066420,14997.5586,-6576.4782,-9372.6334,-971.5346,1
10.080314,15995.6055,12767.6943,14582.9487,15423.5982,1
10.084221,-688.4766,4060.3548,-13599.3297,-3800.2692,1
10.088127,979.9805,-6318.7766,-3231.2473,-14380.6212,1
10.092033,15683.1055,5384.0444,14241.6084,15234.5539,1
10.095939,-4563.9648,3128.8570,5201.8665,-4898.7415,1
10.099846,-7023.9258,640.3151,-15241.1723,-2625.2248,1
10.103752,15636.2305,11549.9773,13211.2475,15390.4914,1
10.107658,-2938.9648,3428.6993,-3099.4955,-3390.9706,1
10.111564,12975.0977,-2309.4282,6705.5493,-6886.8446,1
10.140192,15745.6055,15256.7245,3562.5155,-1803.7029,1
10.144098,-3313.9648,-10659.2462,-777.4988,-13462.9000,1
10.148005,-5021.4844,-1076.1735,8608.0268,10712.2758,1
10.151911,15690.9180,15452.0131,11915.2173,-3739.4300,1
10.155817,-2438.9648,-7427.3415,7802.8667,6422.4462,1
10.159723,-15036.1328,-1061.7520,7452.6137,10644.9140,1
10.163630,15464.3555,15467.5165,8067.6698,12624.5032,1
10.167536,-6313.9648,-10534.6828,8682.7259,14604.0925,1
10.171442,10983.3984,-7050.5285,9297.7820,9950.9906,1
10.186160,15698.7305,15593.0387,11614.8629,-3154.5282,1
10.190066,-8188.9648,-7768.4344,12128.8150,15044.2464,1
10.193972,6987.3047,-13009.6833,3042.6640,12918.3024,1
10.197878,15534.6680,15688.4830,12340.8527,-5862.9548,1
10.201785,-7689.4531,-4149.3790,5585.9732,-12513.9441,1
10.205691,8971.1914,4957.3871,-8915.5779,-8595.5395,1
10.209597,15698.7305,15591.6697,13179.6225,-4677.1348,1
10.213503,-3063.4766,-7144.1727,9878.8512,-758.7302,1
10.217410,986.3281,10931.7170,2839.1906,3159.6744,1
10.230223,15909.6680,14766.3919,10940.0630,15473.5249,1
10.234129,-1438.4766,9604.1884,-14684.0542,-750.7285,1
10.238035,-11022.9492,-7373.1034,14835.6746,-2550.4711,1
10.241942,15675.2930,-4778.6730,10559.3524,15057.7335,1
10.245848,-5563.9648,9286.9714,-4961.4935,-3668.7623,1
10.249754,4981.9336,-6165.0263,-4990.8550,11095.9200,1
10.253660,15659.6680,-555.5861,12732.7855,14951.9312,1
10.257567,-2938.4766,8674.4139,2272.5076,-6089.1245,1
10.261473,-15018.5547,-5667.7233,-1138.9279,-6854.2148,1
10.275221,15589.3555,13249.0992,11896.4956,15326.0996,1
10.279127,-6813.9648,4920.1867,10011.6874,-8553.1430,1
10.283033,-15014.1602,-8199.7380,-1176.3973,-6863.2311,1
10.286939,15800.2930,2670.7909,11800.5110,15345.8302,1
10.290846,-4563.9648,2756.8455,-2085.6322,-6924.7876,1
10.294752,-9022.4609,-843.2220,2742.8938,-4861.5836,1
10.298658,15581.5430,11472.1007,10283.1047,15614.2452,1
10.302564,-5063.4766,3940.2081,-4474.5987,-4210.3935,1
10.306471,980.4688,-8088.2608,-9357.0016,-6983.6630,1
10.320075,15706.5430,11934.6996,11658.1981,15494.6749,1
10.323981,-3813.4766,5413.3077,-3298.6595,-2052.6210,1
10.327887,6986.3281,-3227.3181,14532.0055,-12728.8352,1
10.331794,15597.1680,7125.2823,10281.9678,15448.4528,1
10.335700,-6563.9648,4372.4285,13110.3086,-5021.1802,1
10.339606,984.3750,-11252.1890,-9475.2166,-12707.4240,1
10.343512,15714.3555,-168.0330,8642.6359,15683.0567,1
10.347419,-7939.4531,3009.9029,-13694.2170,-6137.0788,1
10.351325,-5020.9961,-11637.1491,-9475.7199,-989.9015,1
10.366142,15636.2305,15330.5530,9441.9371,15321.9224,1
10.370049,-6813.9648,-11139.4704,-13958.5202,-4879.6714,1
10.373955,8985.8398,-9031.0101,-15337.1933,1132.1344,1
10.377861,15722.1680,15604.4657,8334.1052,15778.4198,1
10.381767,-4439.4531,-5274.1922,10766.9991,542.7933,1
10.385674,-7024.4141,4948.0288,4507.5237,10731.1077,1
10.389580,15675.2930,15607.9467,6259.1466,-15831.9416,1
10.393486,-8189.4531,-7770.4112,9234.4546,-4277.1593,1
10.397392,-3000.0000,-13025.1330,-5341.4101,-13005.5205,1
10.410178,15956.5430,11950.8272,9176.3640,-15827.2266,1
10.414084,-5563.9648,4431.4532,6062.4516,-6588.3739,1
10.417990,14972.6562,-5534.5753,8655.8098,-8775.3484,1
10.421896,15464.3555,5510.9788,8637.4014,15582.9246,1
10.425803,-7689.4531,2757.3136,2145.3676,-3408.6098,1
10.429709,4977.0508,-8013.5404,-3368.6485,-12737.3030,1
10.433615,15745.6055,4665.2375,7938.9171,15556.1036,1
10.437521,-5438.9648,4416.8481,12819.7666,-5936.7317,1
10.441428,10978.5156,-1395.0788,-9304.4578,7004.2957,1
10.456107,15800.2930,15730.8831,10110.1158,15607.2482,1
10.460013,-2939.9414,-2156.6786,1940.8394,-1559.1252,1
10.463919,-15044.4336,2960.0894,14594.3842,-877.7567,1
10.467826,15237.7930,15286.2185,8170.6255,14896.5867,0
10.471732,-11941.8945,-7398.1282,-3701.0571,-10325.9211,0
10.475638,12890.1367,14940.2142,14113.7511,12913.5189,0
10.479544,13901.3672,15572.6773,2106.7373,13787.3226,0
10.483451,-5699.7070,-2779.8861,8241.5469,-6169.8833,0
10.487357,12747.5586,6977.2328,4009.3168,8777.0584,0
10.515033,11838.8672,15874.0858,0.0000,28.1863,0
10.518939,2297.3633,6040.6629,0.0000,-4404.1720,0
10.522845,14730.4688,-6830.4413,0.0000,5974.6787,0
10.526751,11377.4414,-15595.6867,0.0000,1628.6321,0
10.530658,-8329.5898,7578.1362,0.0000,2556.9453,0
10.534564,4723.1445,11004.1548,0.0000,9312.9691,0
10.538470,11354.0039,-15313.7832,0.0000,10298.0040,0
10.542376,-6203.6133,6216.5661,0.0000,11283.0389,0
10.546283,-7249.0234,-4860.5613,0.0000,10627.0656,0
10.560233,11885.7422,-15293.1180,90.8033,7835.9304,0
10.564139,172.3633,11420.9123,38.8078,-10036.0059,0
10.568045,-15230.4688,-6859.0712,347.9240,6333.0216,0
10.571951,12237.3047,-15372.7804,5760.5322,-7962.0689,0
10.575858,5298.8281,6197.8850,-3668.7318,-8948.2079,0
10.579764,-5208.9844,-10893.4340,-7072.4177,-5021.8073,0
10.583670,12846.6797,-15930.4779,-5837.8523,-2184.3582,0
10.587576,14674.8047,2961.3940,-4603.2869,653.0908,0
10.591483,12799.8047,1017.8188,-3368.7214,3490.5398,0
10.605190,13096.6797,-13624.2773,935.5187,13243.0899,0
10.609096,-11198.2422,-4316.5896,-11204.4441,-9258.6019,0
10.613003,10835.4492,-1371.6043,8037.6922,-1053.5743,0
10.616909,13557.6172,-12481.5948,1561.6364,13300.0707,0
10.620815,-2320.8008,-7464.7393,15880.4482,-5984.1195,0
10.624721,-7145.9961,-5328.9786,12156.8890,4909.8734,0
10.628628,13761.2305,-13304.1300,4028.0450,13290.0466,0
10.632534,1180.6641,-4890.5738,-1693.9253,-3490.5725,0
10.636440,6909.1797,-4032.9229,10432.7865,-9062.5460,0
10.651234,14401.8555,-15703.5998,5397.1728,13906.7432,0
10.655141,1179.6875,4478.4315,-3067.9295,-170.4638,0
10.659047,12893.0664,-14910.6127,4581.0864,2993.5509,0
10.662953,14425.2930,-15968.5662,6605.7728,14519.7403,0
10.666859,8806.6406,1365.8457,-2952.2980,9612.0312,0
10.670766,4912.5977,-6950.2114,-1195.6945,1003.6770,0
10.674672,14894.0430,15759.7016,8315.4434,14753.6093,0
10.678578,14183.1055,-1240.8855,1568.5784,12619.3591,0
10.682484,-9046.8750,-12943.4654,8891.0798,-11001.8653,0
10.695999,15214.3555,-15440.8682,10473.5649,13692.4327,0
10.699905,-13690.4297,-8485.1456,13820.8021,-15212.0327,0
10.703811,961.9141,-1730.1644,-8817.1775,-11748.7012,0
10.707718,15729.9805,-9175.4724,9405.3137,14062.5811,0
10.711624,-2688.9648,-7912.3629,-9268.1047,-10060.1966,0
10.715530,4975.0977,2764.0888,11032.9910,3525.8929,0
10.719436,15644.0430,10268.6260,10543.4649,14162.6086,0
10.723343,-5063.4766,8982.3563,4003.3293,-8670.4555,0
10.727249,6993.6523,-2611.4749,-10903.3530,14986.8009,0
10.740202,15964.8438,12542.1895,-15582.8478,15705.0488,0
10.744108,1938.4766,6123.4748,5225.5708,-1195.9013,0
10.748014,-6968.2617,-675.0673,11073.1906,-13014.8388,0
10.751920,-15269.5312,8815.9044,-13597.6818,-15069.4857,0
10.755827,13940.9180,3723.7505,227.7242,11638.2956,0
10.759733,-6935.5469,-4934.1010,5111.0424,6813.4172,0
10.763639,-15003.9062,6619.8362,-12180.7426,-14652.5399,0
10.767545,-13182.1289,1022.8041,-6181.7453,-8191.5830,0
10.771452,-12901.3672,2372.5517,13384.9602,13027.2910,0
10.786227,-14104.9805,15167.3542,-8475.6507,-13738.1270,0
10.790134,6697.7539,13809.6729,14793.2607,6244.7109,0
10.794040,1148.4375,-11027.2013,5357.3715,10907.6658,0
10.797946,-13558.1055,14806.4917,-8352.5276,-13138.6154,0
10.801852,13949.2188,13933.8547,9280.0914,14444.6067,0
10.805759,7180.6641,6921.8258,-2723.6124,1057.8627,0
10.809665,-12925.2930,14676.3646,-9157.1053,-12721.9107,0
10.813571,-12050.2930,9566.2421,6712.3692,-10187.7569,0
10.817477,11201.6602,-13045.5435,7336.1384,1180.7392,0
10.831202,-12714.3555,14343.4957,-8167.8752,-12228.5502,0
10.835109,-15300.2930,2709.5236,-1962.5371,-8464.7808,0
10.839015,1195.8008,4901.2390,-14704.8832,-14719.0627,0
10.842921,-13097.1680,14510.8831,-8919.4580,-12407.5665,0
10.846827,-15675.2930,10692.1333,7965.3261,-8531.3324,0
10.850734,9188.4766,8920.3798,12999.1334,10594.3172,0
10.854640,-13151.8555,14567.5468,-10125.4092,-13012.0003,0
10.858546,13948.7305,10193.9714,12525.4686,-15052.5977,0
10.862452,15174.3164,4951.4329,-2813.8354,-913.1650,0
10.875185,-13519.0430,9517.3763,-11272.5627,-13140.5354,0
10.879091,4821.2891,10923.2400,-5653.8722,7463.7549,0
10.882997,9137.6953,12329.1036,1115.8940,8928.7132,0
10.886903,-14042.9688,13734.9673,-13837.7025,-13504.0349,0
10.890810,-4930.6641,14896.1663,5527.4387,312.9562,0
10.894716,5106.9336,11765.7076,-14917.5002,-12887.1921,0
10.898622,-14394.5312,-2074.8647,-13040.6807,-14120.8036,0
10.902528,-8683.5938,11037.9038,-12173.6217,-6373.8857,0
10.906435,-8926.7578,-10971.6611,-12781.1055,-12932.5577,0
10.936100,-14746.0938,15168.5761,-13925.8752,-15656.1060,0
10.940006,15940.4297,-13133.1371,6727.4048,9672.0577,0
10.943912,15057.1289,-11065.8985,-10785.4363,-10108.2966,0
10.947818,-15097.6562,15043.4344,-14736.7154,7895.5492,0
10.951725,10314.9414,-13007.5798,2284.6432,8043.7893,0
10.955631,7037.5977,933.5872,-2822.0299,4490.7645,0
10.959537,-15472.6562,15309.8232,-13907.1947,1407.5993,0
10.963443,10939.4531,-9263.3235,-14616.9095,-1675.5659,0
10.967350,15023.9258,948.1151,-2769.5701,-4758.7311,0
10.981133,-15628.9062,15086.4638,-15426.1205,-15142.6223,0
10.985039,6064.4531,-14735.4457,-15124.2572,8623.7591,0
10.988946,5031.7383,-7055.9601,7195.3858,4663.9231,0
10.992852,-15386.7188,15489.9012,15358.7067,-14911.3786,0
10.996758,11064.9414,-7128.6488,-12658.0397,12102.6908,0
11.000664,3028.3203,-7026.3163,1167.2037,-13012.8067,0
11.004571,-15621.0938,15263.9693,-15162.9802,-14972.9854,0
11.008477,6312.9883,-12615.5220,-12629.7641,8291.2491,0
11.012383,-14991.2109,-3060.4867,13138.2259,6908.8895,0
11.025255,-15910.1562,13132.8539,-15705.4367,-15359.0587,0
11.029161,1937.5000,2252.7509,-3072.6952,6897.5889,0
11.033067,2989.2578,-10400.5051,-1107.5139,-11031.8759,0
11.036973,15815.9180,2817.6524,12298.4275,-15569.1649,0
11.040880,-1312.5000,2263.7866,2672.0952,3466.9053,0
11.044786,-8994.6289,-4031.3907,4961.7713,-7056.7897,0
11.048692,-15996.5820,8475.8875,13319.7090,-15619.3229,0
11.052598,-62.5000,1237.9731,-13173.8127,2429.8230,0
11.056505,-4999.5117,-11218.9092,-3201.5168,14936.2990,0
11.071297,15862.7930,15584.0250,13630.6302,-15866.9308,0
11.075203,-2062.9883,-6338.9866,10882.6060,-1339.7080,0
11.079110,14997.0703,4913.8781,-7373.4322,-5079.1086,0
11.083016,-15886.7188,15540.9735,11555.4791,-15626.8686,0
11.086922,2937.5000,-9824.6473,-595.3821,5982.2064,0
11.090828,983.8867,-11026.7704,-5370.1418,-4870.7564,0
11.094735,15558.1055,15475.8939,10215.0785,15474.1230,0
11.098641,-4313.4766,-5467.5922,10792.5429,748.1740,0
11.102547,-7005.3711,-14982.7872,6572.1894,9010.4480,0
11.115245,15925.2930,11661.5490,10891.6818,15393.8589,0
11.119151,-3063.4766,2579.6349,-7871.0547,-3042.9115,0
11.123057,13007.3242,-11942.5490,-13261.4241,2565.3422,0
11.126964,-15887.2070,1510.5024,9786.6994,-15539.5727,0
11.130870,-3313.4766,1063.2162,4744.4588,9.7950,0
11.134776,-13009.2773,-2441.6806,-1354.3662,3308.5037,0
11.138682,15753.4180,10617.2822,6472.3721,15611.8621,0
11.142589,-2812.5000,3851.3068,8310.6240,760.6768,0
11.146495,2997.0703,-1112.6439,8706.4323,8841.9825,0
11.160346,-15996.0938,14010.3242,9759.9650,-15819.7935,0
11.164252,1936.5234,4150.4304,-7214.1429,161.7056,0
11.168158,4989.7461,3111.0946,14676.7114,-14983.0805,0
11.172064,-15910.6445,12662.4458,8424.6075,-15241.6697,0
11.175971,-2063.9648,1281.4250,6777.5627,4794.5487,0
11.179877,4968.7500,-3602.8325,2623.6487,3119.4209,0
11.183783,15604.9805,9157.1031,8082.8499,15705.8630,0
11.187689,-7564.4531,3454.8466,-4867.4005,-3048.0378,0
11.191596,6981.4453,1481.7973,12730.3959,11017.5467,0
11.205173,15698.7305,14128.4968,10402.9445,15744.2446,0
11.209079,-6813.4766,3936.5905,-9766.8311,-3263.1255,0
11.212986,7001.9531,-1349.3671,10753.2096,11064.8215,0
11.216892,15761.2305,11059.0143,11105.2950,15602.6827,0
11.220798,-6688.9648,6073.7898,-11799.6837,-5338.2741,0
11.224704,-11023.4375,1835.3069,700.0440,13021.2641,0
11.228611,15659.6680,12152.0400,12910.2184,15590.7634,0
11.232517,-2313.4766,7064.4113,13396.1932,-270.7143,0
11.236423,4984.8633,-5625.4662,4970.9880,-7030.9550,0
11.266049,15761.2305,7208.3761,8801.9581,-1458.2956,0
11.269955,-2813.4766,9510.7052,10243.1857,-3865.8327,0
11.273861,-7021.4844,11813.0343,-10035.2317,12210.5696,0
11.277768,15612.7930,14115.3634,-15423.6786,1854.2088,0
11.281674,-2563.4766,6313.8874,-15240.7051,-7627.3054,0
11.285580,14975.0977,-6874.6192,-15274.7006,-3257.9804,0
11.289486,15667.4805,3063.2456,-15411.3038,3683.6727,0
11.293393,-5438.9648,7340.9273,-15547.9070,10625.3258,0
11.297299,4985.3516,2374.4683,-8504.1370,11811.4009,0
11.310232,15839.3555,15399.4853,10152.6725,8280.9885,0
11.314139,-1937.9883,-5630.7033,9576.9559,9048.5702,0
11.318045,-1008.7891,4917.9508,13716.2286,15401.4707,0
11.321951,15690.9180,15563.1350,9062.9281,6652.2598,0
11.325857,-813.4766,-5931.4168,-4142.0785,1191.1173,0
11.329764,-3020.9961,-9003.8350,-9523.8797,3925.6756,0
11.333670,15941.4062,15570.4190,-6159.4693,5683.4025,0
11.337576,1062.0117,-5185.4414,-2795.0589,7441.1295,0
11.341482,-15024.9023,14845.8146,569.3516,9198.8565,0
11.355210,15464.3555,15494.6509,12357.1852,15181.8889,0
11.359116,-6063.4766,4910.6056,-692.4206,-8916.0689,0
11.363022,-13008.3008,-4220.1405,6571.2828,11007.2082,0
11.366928,15870.6055,6763.4944,10376.6299,15649.0092,0
11.370835,-1438.4766,5348.7984,-15404.9170,-517.3553,0
11.374741,6986.8164,-8399.3049,8628.8086,-10826.3116,0
11.378647,15542.4805,1527.3177,10144.8366,15510.8209,0
11.382553,-8564.4531,5995.2050,-3572.2402,-4324.7964,0
11.386460,14964.8438,737.0968,-1281.2396,10986.4586,0
11.401124,15479.9805,15554.4958,9801.8416,15587.0132,0
11.405030,-5313.9648,-5847.1499,-9697.2627,-4769.3205,0
11.408937,14986.8164,6911.8881,-9225.7852,1087.6410,0
11.412843,15933.1055,15809.0546,8679.7493,15601.5150,0
11.416749,-4689.4531,-2609.4059,-9281.5654,-3885.6689,0
11.420655,8971.6797,6933.6185,10753.5236,3068.2192,0
11.424562,15604.9805,15630.1719,7559.6692,15529.7780,0
11.428468,-6064.4531,-4477.1294,-1199.4969,-3249.3230,0
11.432374,14979.0039,4934.1550,-1316.0249,-10956.9500,0
11.446717,15636.2305,15536.3677,7727.9376,14849.7267,0
11.450623,-7314.4531,-6083.3571,-12726.5624,-3061.6043,0
11.454529,12970.2148,-10997.6281,6721.3222,-2175.3627,0
11.458436,15503.4180,15336.2835,8848.7737,14491.6484,0
11.462342,-8314.4531,-8200.4407,13885.9390,-7666.6882,0
11.466248,971.1914,-1077.1634,10787.6657,-13629.4444,0
11.470154,15511.2305,15415.6367,8248.9155,14806.7190,0
11.474061,-7063.9648,-7826.6170,3019.0414,-2451.0834,0
11.477967,-13020.5078,6898.6016,-11007.6993,13013.8583,0
11.490187,15644.0430,14485.4186,11278.9451,15422.0893,0
11.494093,-4438.9648,3792.6874,-10191.1996,-4922.8147,0
11.498000,-9012.2070,-8716.4331,-7062.5257,9060.6852,0
11.501906,15792.4805,3616.2232,11795.9590,15508.1279,0
11.505812,-3063.9648,2342.7102,-5873.6437,-359.9303,0
11.509718,-3031.7383,977.8514,12718.2385,-4814.2132,0
11.513625,15706.5430,12592.1974,10882.9068,15468.2313,0
11.517531,-2814.4531,4895.0199,8541.1050,-4121.6735,0
11.521437,-5029.7852,5319.7082,6859.0420,14971.3947,0
11.536089,15597.1680,15478.5116,15844.3454,15420.9034,0
11.539995,-4063.4766,-6271.9087,10778.0708,-1802.4018,0
11.543902,14986.3281,14932.0665,2800.1984,-12709.1034,0
11.547808,15769.0430,15510.1921,13640.8892,15525.4081,0
11.551714,-2063.4766,-5025.2353,8661.7023,-2713.4781,0
11.555620,12975.5859,-3051.7440,6627.8076,7083.9249,0
11.559527,15479.9805,15436.4296,13277.4713,15780.7451,0
11.563433,-8814.9414,-7645.2451,5908.5174,-4363.0185,0
11.567339,-13028.3203,-1032.8906,715.4009,-8953.9401,0
11.580383,15659.6680,13719.0435,-15339.1270,14892.2767,0
11.584290,-2187.9883,4863.9761,14635.4822,-5005.8400,0
11.588196,4973.6328,2076.2123,4615.0939,1410.3044,0
11.592102,15472.1680,11701.0583,13757.6773,14853.5846,0
11.596008,-9814.9414,3279.9027,12773.2489,-9240.8017,0
11.599915,-9025.3906,-2462.5573,8483.3413,-14112.4552,0
11.603821,15550.2930,8972.0701,14128.3251,15036.8944,0
11.607727,-8314.9414,2831.0824,-3039.4331,-5911.5921,0
11.611633,-15023.4375,2716.6810,4723.0474,-4836.0437,0
11.625117,15612.7930,12941.4694,14241.4276,15548.4471,0
11.629023,-6188.4766,13598.4241,-12789.3689,-5077.7438,0
11.632930,-15003.9062,14255.3787,-1276.0650,-6828.2566,0
11.636836,15714.3555,14912.3334,10976.9962,15590.2041,0
11.640742,-9314.4531,11881.7832,-15163.8986,-5713.6873,0
11.644648,-9014.1602,-8252.4246,2630.0608,-8811.1716,0
11.648555,15706.5430,-1934.6761,12125.8692,15719.8204,0
11.652461,-8064.4531,12426.7670,4799.2157,-3855.2435,0
11.656367,2975.5859,-5285.9714,2797.5261,7013.9796,0
11.686092,15698.7305,15405.2264,12528.1714,2163.2787,0
11.689999,-1813.4766,-6753.7150,9564.3325,5595.6632,0
11.693905,-9027.8320,-5043.6294,10688.3631,-11843.7806,0
11.697811,15706.5430,15380.1948,2094.2058,-3943.3012,0
11.701717,-3814.9414,-6134.6882,868.5270,5495.8158,0
11.705624,-13019.0430,-9006.8641,2453.0880,7984.4193,0
11.709530,15956.5430,15765.5066,4170.2631,9202.0335,0
11.713436,-2688.9648,-6750.5505,5887.4383,10419.6477,0
11.717342,14972.1680,14792.4958,7604.6134,11637.2619,0
11.730330,15472.1680,15309.7804,13229.1147,15216.0163,0
11.734237,-6563.9648,2864.7897,-4520.5237,-5062.9509,0
11.738143,-11017.0898,-7099.0994,6924.9313,-4572.1241,0
11.742049,15581.5430,5654.8109,10172.9429,15302.7901,0
11.745955,-7314.4531,3852.5051,2813.1091,-4855.0680,0
11.749862,-9024.4141,-8708.3733,7019.6575,-660.9232,0
11.753768,15769.5312,3758.1845,13990.1521,15463.4765,0
11.757674,2187.0117,7229.3599,-13801.4647,2247.2710,0
11.761580,-11028.3203,7375.6385,-6981.6936,5045.1721,0
11.775193,15722.1680,15068.5281,13958.6737,15572.6931,0
11.779099,-1438.9648,4870.8778,-2828.0168,-3837.7524,0
11.783006,14974.6094,-6416.7041,-1131.4770,-6862.0856,0
11.786912,15675.2930,4149.1639,11748.5998,15452.4241,0
11.790818,-4188.4766,4277.2264,10162.6129,-7443.9406,0
11.794724,-15023.9258,-9035.6651,10866.9001,9030.4874,0
11.798631,15479.9805,2164.4852,12561.2820,15533.0108,0
11.802537,-7188.9648,4929.8530,3644.4781,-4019.4250,0
11.806443,981.4453,-7407.7675,-5153.2557,-14967.4630,0
11.820195,15737.7930,12152.6259,13639.3663,15452.6367,0
11.824101,-4189.4531,3087.7506,5594.0314,-3596.8123,0
11.828008,14971.1914,-8683.3481,-7308.2828,5083.4748,0
11.831914,15667.4805,3868.1688,11216.1072,15483.5627,0
11.835820,-4688.4766,3568.8048,13156.4309,-3488.7752,0
11.839726,969.7266,-11456.0198,12545.6081,14981.3172,0
11.843633,15534.6680,830.7161,9881.9215,15261.6456,0
11.847539,-7564.4531,3223.9706,-6582.6553,-7849.2559,0
11.851445,-11013.6719,-11629.6519,-7389.6668,-10940.9508,0
11.865247,15636.2305,11663.8839,11132.4731,15030.1686,0
11.869153,-7438.4766,2828.4612,14231.3270,-8231.4431,0
11.873059,10997.5586,-6544.6098,-9276.7314,15002.7148,0
11.876966,15761.2305,6013.9092,9531.6767,15167.6570,0
11.880872,-5938.9648,1880.1583,2624.2218,-5063.8539,0
11.884778,-7003.9062,-8389.1956,-3347.9071,-4506.6931,0
11.888684,15886.2305,5079.4282,7550.1323,15484.8250,0
11.892591,-8189.9414,4368.6935,-15708.0577,-4160.8494,0
11.896497,2976.0742,2356.1417,-1342.1319,-12804.8542,0
11.910320,15628.4180,14905.4187,10803.2490,15673.0860,0
11.914226,-7064.4531,1759.2974,-15075.1657,-3131.6801,0
11.918132,-5013.6719,2992.9339,-1226.3024,1192.2479,0
11.922038,-15996.5820,13620.5905,8573.2039,15738.9217,0
11.925945,-1938.9648,1240.8100,-11904.9683,-2377.8260,0
11.929851,8977.0508,-1987.0010,8596.1420,-6698.7963,0
11.933757,15706.5430,10381.8203,8276.9899,15605.6452,0
11.937663,-5188.9648,3421.6050,12989.4016,-5174.4738,0
11.941570,-13014.1602,-9801.0793,4844.1963,5021.5691,0
11.970110,15683.1055,15761.5821,-2959.9685,-1961.2075,0
11.974017,-6313.9648,-5655.4995,9772.8779,11990.7957,0
11.977923,981.4453,-7039.6992,12750.1420,15658.2416,0
11.981829,15737.7930,15437.3091,8363.0784,2300.9609,0
11.985735,-3438.9648,-4911.4690,-4766.2203,-5973.9640,0
11.989642,4978.0273,-8988.8039,-1907.3206,-1623.1568,0
11.993548,15753.4180,15771.6942,4200.1162,4709.3268,0
11.997454,-2438.4766,-193.0546,10307.5529,11041.8103,0
12.001360,-9009.2773,-4983.7302,14583.3216,8357.4471,0
12.015277,15870.6055,15494.6378,1113.6649,1625.0690,0
12.019183,-4813.9648,-8299.1098,-1185.4066,9312.5132,0
12.023089,978.0273,-9011.6280,13028.4252,14513.6458,0
12.026996,15769.0430,15272.3355,12232.8627,-3408.6070,0
12.030902,-188.4766,-7680.1908,-9453.4914,-5223.0365,0
12.034808,4959.9609,6831.3336,-13406.3493,-272.0063,0
12.038714,15440.9180,15811.6151,-13723.0173,5258.0496,0
12.042621,-4438.9648,-2360.2757,-14039.6854,10788.1055,0
12.046527,10970.2148,14787.9718,-14356.3534,12232.5636,0
12.060144,15706.5430,15557.7672,-15376.7600,725.0548,0
12.064050,-6189.4531,-7267.3570,-518.7613,-11246.9055,0
12.067956,10980.4688,2958.5166,12793.4362,4682.9462,0
12.071863,15628.4180,15516.8801,15113.6868,-1041.7587,0
12.075769,-7689.9414,-9139.0553,4039.7138,-9796.1152,0
12.079675,-1032.2266,954.3847,-15192.6209,-7667.5796,0
12.083581,15370.6055,15590.7614,15248.0888,-5485.2543,0
12.087488,-10438.9648,-10886.3046,1626.8573,-3302.9290,0
12.091394,4975.0977,4937.3054,-3324.9183,-1120.6038,0
12.121234,15558.1055,15700.3789,12632.0301,15364.9547,0
12.125141,-3813.9648,-4350.5852,265.7520,-7838.3648,0
12.129047,-11015.1367,4933.7975,-11391.5433,-10845.9942,0
12.132953,15784.6680,15387.2255,10328.2449,15156.4696,0
12.136859,-2562.5000,-9703.6904,-15575.2674,-7567.3030,0
12.140766,1000.0000,-7042.0017,-11343.5497,9032.1242,0
12.144672,15940.9180,15389.0069,10273.7244,15641.6726,0
12.148578,-1314.4531,-4227.5794,9295.8991,597.1348,0
12.150115,15190.9180,-5370.2078,9470.2081,15559.5432,0
12.152484,-7047.3633,-7016.4144,-15334.9914,2797.3927,0
12.154021,-11065.4297,9986.0764,-11038.1263,-7298.0728,0
12.157927,14956.0547,-9002.4602,6679.0178,-4876.8381,0
12.161834,15409.6680,-5997.7728,8632.4369,15470.1718,0
12.165740,-7938.9648,10149.1770,-7166.1527,-5674.6143,0
12.169646,-2997.0703,-7754.4303,10725.5709,13023.2398,0
12.173552,15956.5430,-4424.6090,7919.0488,15742.6835,0
12.177459,-5063.9648,11676.7622,-9073.6606,-3589.4785,0
12.181365,-13020.9961,819.0768,-9262.3013,-6976.4716,0
12.196266,15651.8555,15172.5473,6145.2289,14951.5135,0
12.200172,-7564.4531,-1470.3494,-2749.2952,-2444.7092,0
12.204078,6974.1211,-6725.6216,-4986.9773,-11699.8668,0
12.207985,15581.5430,11434.2379,8625.4551,14832.3966,0
12.211891,-4063.9648,159.6062,14472.1512,-3264.3195,0
12.215797,-7017.5781,3400.3392,-6852.8725,3578.8758,0
12.219703,15698.7305,13684.6871,7874.6866,15147.5691,0
12.223610,-8564.4531,-1160.6358,-8173.4086,-1812.4587,0
12.227516,983.8867,11224.2221,-954.0860,-6686.1815,0
12.240160,15839.3555,15589.6086,11727.1477,15667.7637,0
12.244066,-3938.4766,4618.4989,13012.6924,-3929.8131,0
12.247972,2994.1406,-6219.1207,4802.6054,-2822.8879,0
12.251878,-15933.5938,4957.3126,11666.7006,15797.8924,0
12.255785,1187.5000,7768.3011,1227.8351,-917.8666,0
12.259691,-13000.0000,4869.6466,-14958.2862,1153.3074,0
12.263597,15729.9805,13145.3433,11879.3526,15684.4564,0
12.267503,-7689.4531,4742.3265,13818.4667,-3826.9402,0
12.271410,6973.1445,1750.7515,-10992.5639,-4979.5446,0
12.286230,15519.0430,15663.9413,-14999.3749,15429.5415,0
12.290136,-6062.9883,-5013.1362,-1420.7133,-5350.4555,0
12.294042,15001.4648,2960.5555,10937.4688,-8768.9761,0
12.297948,15808.1055,15830.9058,-15104.4368,15491.0936,0
12.301855,-5188.9648,-4638.5809,-6695.1843,-4410.0808,0
12.305761,8988.2812,-7010.8413,-1250.6772,11032.3710,0
12.309667,15886.2305,15658.0904,15366.2428,15601.8559,0
12.313573,-2563.4766,-8130.2849,-1821.1046,-4241.5165,0
12.317480,6980.4688,6928.7941,815.7834,3016.1843,0
12.331156,15761.7188,15456.5276,-14041.3873,15263.5210,0
12.335062,187.0117,-6670.8147,-350.7507,-5519.9438,0
12.338968,10985.3516,2931.4089,-9324.3885,-2685.1031,0
12.342875,15769.0430,-15749.9884,-15730.7462,15303.7035,0
12.346781,-4813.9648,-2649.7331,10483.3307,-7608.9189,0
12.350687,2983.8867,-8975.4991,-9407.8316,-2688.4222,0
12.354593,15933.1055,15601.5329,14772.6297,15485.0311,0
12.358500,-1313.4766,-6173.1445,13156.6767,-2251.9027,0
12.362406,4996.5820,-9014.2315,4740.6123,-12851.8294,0
12.374961,15940.9180,10744.5495,14661.4054,15764.5191,0
12.378868,-6689.4531,11263.5624,-4899.9807,-5047.0188,0
12.382774,-5028.3203,-6358.0816,12687.6685,-14693.8121,0
12.386680,15472.1680,-2439.6535,12516.3211,15484.1582,0
12.390586,-6814.4531,11747.8706,-2063.5800,-3766.6607,0
12.394493,12973.6328,-5067.1726,4624.0114,-10730.0739,0
12.398399,15620.6055,-4106.6165,12799.4471,15648.3544,0
12.402305,-7438.9648,11038.5159,12441.5503,-1966.2792,0
12.406211,-3007.8125,-2932.6896,14808.5948,6933.4826,0
12.435207,15847.1680,15669.3646,-2353.7620,956.4936,0
12.439113,-4939.4531,-3651.7596,-6690.6479,5616.5827,0
12.443020,-9021.4844,-14927.9321,9221.1831,14458.8799,0
12.446926,15675.2930,15357.0689,7807.3407,729.6488,0
12.450832,-687.5000,-3899.2260,-3038.2650,5576.3482,0
12.454738,4986.3281,-8983.9703,-3023.3376,7957.0007,0
12.458645,15690.9180,15267.6710,-719.5786,9104.7627,0
12.462551,-5938.9648,-7124.2385,1584.1805,10252.5248,0
12.466457,10982.9102,-14973.1276,3887.9395,11400.2869,0
12.481207,15659.6680,15386.6064,12531.5934,15392.0632,0
12.485113,-6813.9648,-6334.2179,-3955.7571,-2732.5946,0
12.489019,8983.3984,949.7833,-5137.2843,9093.3261,0
12.492926,15690.9180,15667.1172,10244.5353,15367.1072,0
12.496832,-6064.4531,-6582.0091,-88.1761,-3784.4384,0
12.500738,-1023.9258,-1059.3291,-2958.9526,5159.5303,0
12.504644,15690.9180,15447.5245,13474.7647,15261.3176,0
12.508551,-2437.9883,-7205.5113,9500.4082,-1940.9929,0
12.512457,-995.1172,10875.3255,-5120.0467,5054.7591,0
12.525285,15901.8555,14986.0539,11759.3182,15676.4294,0
12.529191,-4814.9414,5342.0793,-15409.8402,-6164.6456,0
12.533098,-7030.7617,-9783.6763,-4981.3888,9039.0181,0
12.537004,15511.2305,880.3902,13236.6119,15397.1662,0
12.540910,-7563.9648,2385.7953,9802.1832,-4776.7845,0
12.544816,12985.8398,-4122.1020,-13084.3318,-855.2554,0
12.548723,15698.7305,8627.6030,11905.8299,15564.9714,0
12.552629,-5814.4531,1924.1671,2842.1097,-2731.3364,0
12.556535,-7024.9023,-8781.7461,-13157.8644,-6949.3231,0
12.570327,15878.4180,10974.3389,13340.0551,15820.8912,0
12.574233,-2188.4766,9299.2926,7048.5949,-1168.4922,0
12.578140,8984.3750,-8056.2703,8650.7386,13031.8558,0
12.582046,15597.1680,136.2246,11478.8919,15791.2184,0
12.585952,-5939.4531,10053.7673,-11471.3500,-1105.4219,0
12.589858,-1024.9023,-3378.6200,-13236.0689,7080.7716,0
12.593765,15808.1055,9089.5996,9725.9719,15583.7049,0
12.597671,-4438.9648,9769.6013,-13825.0936,-7025.5423,0
12.601577,14991.2109,-4835.1997,-13359.6313,9020.5181,0
12.615212,15722.1680,13679.9362,12194.9071,15084.2402,0
12.619119,-8690.4297,504.3763,-5667.2647,-9712.7159,0
12.623025,12966.3086,-5834.1800,2585.1379,9130.8317,0
12.626931,15644.0430,8013.5867,9854.0836,15118.4312,0
12.630837,-4438.4766,4970.3262,3439.5314,-3056.6353,0
12.634744,6987.7930,-7673.0606,8464.1086,6425.6152,0
12.638650,15784.6680,3612.4629,7894.3506,-15536.2549,0
12.642556,-5189.4531,3871.0043,14249.6074,-1483.0886,0
12.646462,-5020.0195,-4221.8914,586.3153,-12810.5066,0
12.660160,15690.9180,12946.3625,10642.8026,15451.9429,0
12.664066,-6689.9414,2753.7467,-3812.4968,-6163.5325,0
12.667972,-7029.7852,-9911.8335,621.7931,5128.8303,0
12.671879,15487.7930,2907.0387,9054.4853,15401.3050,0
12.675785,-10689.9414,2779.4405,-13315.1560,-6156.9369,0
12.679691,976.0742,-3607.5950,-7420.2304,-12627.7500,0
12.683597,15831.5430,8682.2333,7445.1584,15535.0789,0
12.687504,-6439.4531,3051.4089,6061.6193,-6259.7102,0
12.691410,-1025.3906,782.8347,10739.6322,7022.9057,0
12.705236,15409.6680,14791.7812,10564.8184,15538.4088,0
12.709142,-5689.4531,4894.7884,14283.4966,-4766.8276,0
12.713048,-3033.2031,-1926.0907,8745.2993,-14799.8225,0
12.716954,15534.6680,8384.3955,10688.5213,15490.6856,0
12.720861,-5563.9648,3300.2789,-8664.4122,-3687.7028,0
12.724767,6985.8398,2024.4706,14608.8467,13016.3672,0
12.728673,15690.9180,13475.1146,11492.3235,15824.7737,0
12.732579,-7814.4531,5062.3492,2761.5692,-2720.7439,0
12.736486,-3017.5781,3406.5032,-13166.5749,-7018.4597,0
12.751024,15792.4805,13222.2093,12226.4950,-15627.6096,0
12.754931,-4688.9648,13912.5609,-7658.2174,1857.2717,0
12.758837,-15012.2070,14602.9125,6753.2989,-2689.0362,0
12.762743,15636.2305,15293.2641,10891.2508,15533.3418,0
12.766649,-8064.9414,6617.5693,10475.1128,-5769.0746,0
12.770556,-7034.6680,-8579.3447,-3323.2713,-2720.1000,0
12.774462,15526.8555,-331.0163,13011.3265,15328.7659,0
12.778368,-7814.4531,6616.0956,-8103.1731,-4531.7161,0
12.782274,-3021.4844,-482.5063,-11226.3658,5030.8465,0
12.810144,15620.6055,15732.8298,13160.0262,1520.0663,0
12.814051,-3938.9648,-242.3658,-1135.5769,-1269.4947,0
12.817957,-7015.6250,-8976.8866,14715.0494,10510.1406,0
12.821863,15729.9805,15643.1501,13201.7646,-1070.7548,0
12.825769,-3438.4766,-7087.3151,15390.5615,-7838.7694,0
12.829676,-11027.3438,2921.0968,-9256.3513,-4926.5230,0
12.833582,15433.1055,15400.9384,12979.5977,-1761.0911,0
12.837488,-6313.9648,-8084.1849,-10438.8855,1404.3409,0
12.841394,-3026.3672,-3043.0330,-5336.5795,4569.7728,0
12.855014,15550.2930,13256.5921,11905.4690,15308.6521,0
12.858920,-2312.9883,5359.9755,-6307.3241,-632.7555,0
12.862826,-15010.2539,450.7042,2575.7324,11057.6310,0
12.866733,15753.4180,10442.5571,10113.7118,15610.5196,0
12.870639,-5438.4766,4319.1129,5791.7203,-291.4987,0
12.874545,5001.4648,-4688.0060,6642.1290,-7113.3287,0
12.878451,-15840.3320,6542.7212,10784.5265,-15392.0872,0
12.882358,-938.4766,5024.4928,3617.4437,2323.6204,0
12.886264,-1008.3008,4180.5673,-11355.3582,-4914.3422,0
12.900067,15769.0430,15324.2216,9980.6940,15775.3219,0
12.903974,-3313.9648,5315.6857,-6962.8334,-4310.0384,0
12.907880,-3012.6953,-2775.3776,-11317.6785,13022.8826,0
12.911786,15769.0430,8026.0084,8662.0722,15764.4149,0
12.915692,-4937.9883,6061.1816,-206.9887,-3674.9552,0
12.919599,995.6055,-9599.8535,-1274.6102,15002.3947,0
12.923505,15972.1680,-312.1881,7471.3316,15766.6392,0
12.927411,-2688.4766,7386.3021,667.5772,-4612.0857,0
12.931317,4979.0039,5082.6680,-3264.5899,-10979.8873,0
12.946061,15651.8555,15458.6125,7377.9411,14320.2729,0
12.949967,-3063.9648,-1167.9317,-4456.7627,-6158.9487,0
12.953873,10968.7500,1143.8567,835.5443,13097.7776,0
12.957779,15737.7930,12890.3623,7395.8544,14608.5506,0
12.961686,-1438.9648,-4235.2267,-14726.3795,-3928.0576,0
12.965592,-15021.9727,-2844.9370,913.9605,-13159.2353,0
12.969498,15683.1055,11994.5982,7129.8288,-15175.3947,0
12.973404,-5313.9648,-1093.5447,-1220.6278,-1028.2178,0
12.977311,8980.4688,2750.1112,-13034.3672,-4691.8623,0
12.990213,15753.4180,14262.2054,10090.2876,15616.3819,0
12.994119,-4688.9648,4229.4573,-95.1344,-2082.7040,0
12.998025,975.0977,-2442.3732,-5147.2002,-12642.8873,0
13.001931,15511.2305,8514.5530,8900.2648,15525.4977,0
13.005838,-7188.9648,3425.8724,-7040.4935,-4173.6260,0
13.009744,8985.3516,-3038.3607,2697.5576,-3174.6700,0
13.013650,15815.9180,8644.8114,8088.2485,-15727.2642,0
13.017556,-2438.4766,4265.1742,891.2564,515.7607,0
13.021463,14985.3516,3910.7085,-5191.6015,-3047.2511,0
13.036148,15854.9805,15580.0434,12750.7847,-15705.2238,0
13.040054,-2562.9883,-5773.4715,15500.8973,10.9016,0
13.043961,2992.1875,-7029.9209,-1309.5618,-2686.3663,0
13.047867,15745.6055,15226.8353,11487.3125,15664.9942,0
13.051773,-2313.4766,-10141.2701,-2241.5706,-995.8102,0
13.055679,-11023.9258,8949.0611,-13403.7706,3210.1213,0
13.059586,15651.8555,15795.1926,11539.5184,15711.4700,0
13.063492,-3438.4766,-5274.4763,-14314.1207,323.8687,0
13.067398,4987.7930,-13008.3600,-1329.7382,1065.1562,0
13.081124,15941.4062,15698.2575,15495.8863,15611.4686,0
13.085030,1437.9883,-3650.2843,-5808.4328,1271.0183,0
13.088936,10991.6992,14941.7718,4616.8245,5225.3047,0
13.092843,15745.6055,15463.3991,14205.7940,15496.8304,0
13.096749,-2562.9883,-9015.6837,1646.8990,1096.0646,0
13.100655,8999.0234,-9015.2328,-3506.3200,-2586.7050,0
13.104561,15792.4805,15509.7359,13915.4146,15383.2835,0
13.108468,-5313.9648,-7394.1851,9977.9334,-4301.5533,0
13.112374,8982.9102,945.8643,-15305.7092,13020.0358,0
13.125156,15729.9805,7430.4193,14108.6421,15579.6493,0
13.129062,-4813.4766,9408.2973,6398.3643,-3891.5636,0
13.132968,977.5391,11386.1752,-3405.6985,-10715.4088,0
13.136874,15636.2305,13364.0531,10626.2480,15593.4438,0
13.140781,-5313.4766,15341.9310,-13716.5977,-6620.6713,0
13.144687,12987.7930,-1635.7334,-15419.9474,11044.3816,0
13.148593,15667.4805,12392.5439,12122.7301,15576.5215,0
13.152499,-6313.4766,15534.6385,-1655.9922,-4663.7108,0
13.156406,986.8164,-4393.5000,14734.1765,9002.2495,0
13.186101,15737.7930,15372.8756,9962.3524,-882.4524,0
13.190007,-3938.9648,-8587.4756,13370.8969,-10975.8934,0
13.193913,-13017.5781,-1061.2358,6886.9631,11772.8402,0
13.197820,-15972.6562,15596.8058,10499.5900,-1942.7995,0
13.201726,311.0352,-1988.9084,-8517.8550,3628.4027,0
13.205632,-15009.2773,-12973.1568,-991.8883,6297.0501,0
13.209538,15831.5430,15444.9170,11718.4806,7809.7741,0
13.213445,-6313.9648,-7591.0141,1618.8173,9322.4982,0
13.217351,8971.1914,-1059.9201,9031.1412,10835.2222,0
13.246512,15503.4180,15507.2297,11766.9907,-59.2865,0
13.250418,-6689.9414,-9307.4170,-952.6045,-9706.0860,0
13.254324,-5035.1562,-1076.5494,-14904.8957,12153.9663,0
13.258231,15565.9180,15314.2784,10583.5464,-2189.7074,0
13.262137,-5439.4531,-5078.7477,14133.4674,9651.3185,0
13.266043,14972.1680,-1046.6050,-2859.3912,1940.7561,0
13.269949,15753.4180,15640.6938,13937.8717,-5769.8063,0
13.273856,-7815.9180,-3212.9625,8088.6133,-13480.3687,0
13.275112,15706.5430,3875.6675,13618.8397,-15614.0753,0
13.277762,-7034.1797,-10165.2681,913.3259,-3457.1457,0
13.279018,-5939.4531,-9200.2910,-4686.9135,2074.5764,0
13.282924,10973.6328,-826.7362,-1014.6019,3169.4690,0
13.286830,15597.1680,10111.1430,11987.1393,15724.1238,0
13.290737,-6688.9648,4866.0011,12110.4087,-2473.6329,0
13.294643,983.8867,-6910.8889,874.9168,-4729.6000,0
13.298549,15823.7305,3954.0939,12358.9932,15738.3159,0
13.302455,-2688.4766,4462.9166,10102.6856,-735.3847,0
13.306362,-11007.3242,-703.3150,-3154.9055,5024.5547,0
13.320199,15847.1680,13949.4662,11028.4726,15758.7054,0
13.324105,-562.5000,10203.5398,13467.0489,2542.4868,0
13.328011,995.6055,-4432.1521,-3296.0109,1188.2298,0
13.331917,15901.8555,1919.4897,11433.4394,15447.0205,0
13.335824,-7564.9414,9664.4488,13420.6944,-5283.2353,0
13.339730,-11020.9961,-5468.2706,-13203.9573,-2753.1864,0
13.343636,15698.7305,3354.6534,10005.2297,15752.1460,0
13.347542,-3187.9883,9434.8371,7018.1183,-1275.8700,0
13.351449,10994.1406,-5831.6461,627.0996,11011.3060,0
13.365251,15800.2930,12364.6199,11473.0530,15268.3682,0
13.369158,-5938.9648,9278.6657,-13398.0658,-4272.8874,0
13.373064,4988.2812,-1018.8615,12567.8351,-7269.4023,0
13.376970,15862.7930,12429.6432,10232.0984,-15510.4828,0
13.380876,-3313.9648,10900.2358,-6539.6278,-456.1040,0
13.384783,-15014.1602,-3922.0873,14412.6678,3383.3401,0
13.388689,15722.1680,-3138.5509,7559.2298,15290.8281,0
13.392595,-4812.9883,8667.1429,-9949.0969,-3182.2563,0
13.396501,10991.2109,-8760.4005,-9423.9525,-2833.0545,0
13.410007,15823.7305,11009.0664,9350.4709,15751.2908,0
13.413913,-1437.9883,6542.6914,11047.1715,-3210.8483,0
13.417820,4993.1641,-9922.0420,10517.8554,-4745.9763,0
13.421726,15792.4805,-2209.6225,7805.1507,15555.3098,0
13.425632,-6438.4766,5818.1483,10373.5267,-3210.5974,0
13.429538,4997.0703,-9363.1435,-9493.4567,14617.5299,0
13.433445,15933.1055,111.7447,6535.1091,-15761.0310,0
13.437351,-2063.9648,7626.7916,-3286.0846,1109.8934,0
13.441257,-7033.2031,1497.8584,14663.4692,-4959.2748,0
13.455977,15378.4180,15554.3724,9478.2622,15380.1053,0
13.459884,-7688.9648,-10517.3002,-14272.5207,-6243.4897,0
13.463790,-1016.6016,953.7806,10658.5186,11027.1048,0
13.467696,15503.4180,15508.3861,9904.1729,15264.2584,1
13.471602,-6563.9648,-6523.5879,-11941.5185,-6331.3346,1
13.475509,-15025.3906,-5011.1080,-3355.6338,3139.0685,1
13.479415,15487.7930,15505.3849,11653.9736,15335.8844,1
13.483321,-7063.9648,-8646.2003,2915.7480,-5512.7365,1
13.487227,4983.8867,-13017.5648,2807.1899,-953.1449,1
13.500054,15854.9805,11556.7017,11823.0747,15736.1413,1
13.503961,-5189.9414,3976.2381,-5595.3589,-2648.0719,1
13.507867,-7023.9258,-4328.5426,-11165.8925,800.7928,1
13.511773,15972.1680,8752.8104,11273.5000,-15804.1278,1
13.515679,-813.9648,7139.6910,-14415.6636,-37.6420,1
13.519586,-15020.5078,2152.5839,10634.8746,-8731.8565,1
13.523492,15729.9805,12016.7961,13556.7763,15542.9811,1
13.527398,-4939.9414,3832.9900,6239.6754,-2823.4093,1
13.531304,-1037.1094,-2737.7403,-15103.5931,-14915.7188,1
13.560002,15534.6680,15530.5327,13373.8209,1914.2258,1
13.563909,-3314.4531,-7345.0992,12906.4780,-11691.3698,1
13.567815,-13032.7148,12789.7888,12929.7216,6541.4175,1
13.571721,15675.2930,15781.3044,-5785.7018,4592.9387,1
13.575627,-6939.4531,-5980.6304,-9937.1884,3379.1416,1
13.579534,4982.9102,-1067.6420,-5409.4884,6019.8378,1
13.583440,15753.4180,15516.8184,-2580.3186,7508.3071,1
13.587346,-4687.9883,-3009.4029,248.8511,8996.7764,1
13.591252,6994.1406,-6979.2939,3078.0209,10485.2457,1
13.605028,15667.4805,11701.5391,12988.7159,15444.4467,1
13.608934,-3938.9648,10767.2691,1728.7194,-4134.8701,1
13.612841,-1031.7383,-4290.0290,14620.8506,9065.8736,1
13.616747,15589.3555,1468.9993,10930.8437,15384.0115,1
13.620653,-5564.4531,10704.7661,-12549.4477,-6007.3468,1
13.624559,-1016.6016,-4489.6076,-5232.7525,-10653.7307,1
13.628466,15995.6055,-17.0268,12077.7753,15400.6166,1
13.632372,-62.9883,11407.8978,1369.7229,-3609.4317,1
13.636278,-14999.5117,-68.4295,-9374.5665,-6923.2526,1
13.650144,15823.7305,14230.7012,10530.6471,15342.2835,1
13.654051,-4438.9648,4342.4812,7928.0727,-7468.3562,1
13.657957,2980.4688,-4205.2752,8683.6024,9072.0290,1
13.661863,15870.6055,6923.3624,9813.0554,15669.8060,1
13.665769,-2438.4766,6384.1458,11068.4113,2471.8189,1
13.669676,6974.1211,-1278.4423,-13165.3937,5130.5032,1
13.673582,15433.1055,7707.5899,7864.2955,15393.5937,1
13.677488,-8439.9414,1372.5132,13932.6578,-5663.4517,1
13.681394,-5033.2031,-10866.7713,14720.4590,-12927.1498,1
13.696322,15550.2930,14561.9046,8959.0775,13859.6114,1
13.700229,-8814.9414,-3480.0343,12225.7073,-5188.9777,1
13.704135,14967.7734,-12095.1893,-7170.8995,-6840.2956,1
13.708041,15448.7305,11411.3966,7233.3550,13272.4105,1
13.711947,-7688.9648,-3484.2484,2943.7066,-8855.3471,1
13.715854,4979.4922,8346.1069,-7097.6961,2280.4306,1
13.719760,15628.4180,14953.4448,6611.4286,13548.1591,1
13.723666,-8440.4297,-2741.2043,-3564.4189,-8378.5020,1
13.727572,-13037.5977,-8564.3592,-15172.5400,-8482.4203,1
13.743097,15472.1680,15458.8976,9714.5471,15459.3590,1
13.747004,-10815.4297,-8455.8244,-302.7569,-7678.4974,1
13.750910,6965.3320,-5038.4579,10711.2409,7054.6449,1
13.754816,15433.1055,15574.0372,8161.0153,15443.9492,1
13.758722,-9313.9648,-6338.6380,13273.8181,-4499.1133,1
13.762629,-13029.7852,4928.8966,8489.9259,-10795.4515,1
13.766535,15104.9805,15339.2343,5175.3535,14957.4050,1
13.770441,14432.6172,-7087.4931,-4500.1624,11601.6929,1
13.774347,-5062.0117,-3043.2249,-15588.2448,2971.7087,1
13.785002,14690.4297,12964.5486,5459.1456,14414.6819,1
13.788908,-2448.2422,5925.5518,-6220.2477,-3728.2917,1
13.792815,835.4492,-3472.3753,2204.2610,12829.3953,1
13.796721,12956.0547,-9384.9556,2077.6031,12803.2391,1
13.800627,4673.3398,-8032.2119,12477.9774,3660.6873,1
13.804533,14750.4883,-2719.3968,2012.6063,2860.7767,1
13.808440,11385.2539,-10364.8452,202.0134,11070.9939,1
13.812346,-11706.0547,-5331.0756,3242.8706,-13436.8042,1
13.816252,10739.2578,-5059.2420,0.0000,6767.0702,1
13.830262,11893.0664,-15194.6169,0.0000,11051.2204,1
13.834168,-9455.5664,-2974.9216,0.0000,-12769.3717,1
13.838074,-9265.6250,163.3912,0.0000,-14590.2555,1
13.841980,11854.0039,-11398.5226,0.4140,11478.5924,1
13.845887,-1328.6133,-3056.8863,124.6006,-572.4814,1
13.849793,-11245.6055,1195.3557,6.0617,-4798.4306,1
13.853699,12409.1797,-10628.8448,552.0876,12253.6841,1
13.857605,3547.8516,-4582.2990,13871.3777,3556.4032,1
13.861512,2783.2031,6273.3581,12038.6915,8800.7470,1
13.878105,12541.9922,-5445.4617,2112.3612,12407.1526,1
13.882011,13300.2930,-8749.9796,-10883.1761,11813.9964,1
13.885917,2792.9688,-12054.4974,-13859.3100,8928.3839,1
13.889823,12846.6797,-15359.0153,2223.8236,11888.2121,1
13.893730,14175.2930,2234.1866,1578.2639,-12591.2537,1
13.897636,-15180.6641,12511.2840,14084.8416,10902.7447,1
13.901542,12971.6797,-14221.8864,5820.0570,13045.6256,1
13.905448,13800.7812,4835.6821,2417.4989,13733.8674,1
13.909355,4815.9180,-2546.1488,4479.4362,-4935.6884,1
13.935057,13213.8672,15973.6396,7569.6377,-3964.2335,1
13.938963,-7322.2656,3973.8970,14268.9689,3063.1759,1
13.942869,6837.4023,5011.4871,12565.4861,12430.3453,1
13.946775,13565.4297,-15708.9625,8464.6878,429.8293,1
13.950682,-4071.2891,-2976.6574,6563.9099,-1252.2443,1
13.954588,14863.2812,993.7842,8797.0474,598.4809,1
13.958494,13799.8047,-15689.5819,10635.9560,2633.2728,1
13.962400,-4195.8008,-2227.7951,-1119.9844,4668.0647,1
13.966307,6873.5352,10975.8644,-4964.8990,6702.8566,1
13.980292,13870.1172,-12791.7416,11839.4964,13590.1247,0
13.984198,-69.8242,-7382.6310,-12926.6253,2494.3990,0
13.988105,10879.3945,6933.7825,11044.2052,-14236.6136,0
13.992011,14112.7930,-2724.6722,11651.8951,13532.7067,0
13.995917,4930.1758,-7687.0617,-6308.1260,2205.8829,0
13.999823,-5092.7734,-3091.6785,-12548.8388,10995.0956,0
14.003730,14612.7930,-10920.7639,13804.8116,14117.8339,0
14.007636,5681.6406,-8360.5045,-6300.6335,5781.2637,0
14.011542,-15075.6836,-1490.4947,-12743.8408,8964.1508,0
14.025162,15019.0430,13630.8536,14517.8621,14624.5801,0
14.029069,15181.6406,6019.3028,1991.1032,10392.2848,0
14.032975,-3081.0547,5976.6966,-618.7306,5189.9116,0
14.036881,15042.4805,-2605.2298,14762.6481,14089.3238,0
14.040787,-15066.4062,-6895.8839,-2017.1589,-14488.9318,0
14.044694,-9042.9688,-1299.3311,-10695.8006,5231.8649,0
14.048600,15112.7930,-10013.1548,11167.7770,14114.9918,0
14.052506,-12565.9180,-10272.0209,-14398.7806,-14285.0701,0
14.056412,-3040.0391,-8454.3247,6868.0894,-8845.8988,0
14.070125,15597.1680,12384.3149,-15898.3517,15011.0803,0
14.074031,-10440.4297,8221.6813,9894.2313,-12729.5608,0
14.077937,-11025.8789,7595.2631,-3197.5737,-4817.0773,0
14.081843,15581.5430,14534.2221,13483.8709,15060.4873,0
14.085750,-7814.4531,5719.8977,5174.4980,-8975.1230,0
14.089656,14970.7031,6501.5699,8886.7734,-838.6956,0
14.093562,15667.4805,15235.2915,13376.6928,15501.9824,0
14.097468,-2313.4766,4116.4861,9411.9780,-1155.2744,0
14.101375,-13010.7422,-1118.6326,2756.7126,12977.4195,0
14.115256,15855.4688,12919.9431,15415.8464,15279.2863,0
14.119162,1313.4766,15100.1692,979.8891,-1669.1922,0
14.123068,15031.7383,-2839.5188,14857.9689,-1356.4076,0
14.126974,-15417.9688,7392.6892,15379.4743,-14871.5875,0
14.130881,7439.4531,14650.2184,12642.0150,9278.0276,0
14.134787,-12942.3828,-6666.6081,-5137.1962,-11032.9950,0
14.138693,-14917.9688,-264.0671,14288.7072,-14646.2624,0
14.142599,-15683.1055,14144.0290,-14663.9023,-10967.2876,0
14.146506,13103.5156,-11008.9526,-12913.0232,-2962.5487,0
14.160175,-14292.9688,10291.2309,-14019.3326,-14156.0507,0
14.164081,-5679.6875,377.2376,-10648.5204,-10497.6851,0
14.167987,1146.4844,-7643.8168,-2792.8118,-2937.3960,0
14.171894,-13698.7305,7114.0806,-12725.1717,-13408.5807,0
14.175800,6447.2656,15497.3755,-10627.7773,9091.3338,0
14.179706,1163.5742,3302.3660,7094.9770,-4878.9559,0
14.183612,-13065.9180,2940.4074,-14166.7646,-12870.8568,0
14.187519,-14925.7812,13487.6801,4328.5650,-13794.6640,0
14.191425,-6802.7344,10536.6304,1270.8320,3181.1177,0
14.205205,-12683.1055,13917.6689,-12168.3233,-12403.3629,0
14.209112,-9174.3164,12456.3245,-12731.7553,-5075.4374,0
14.213018,-10758.7891,10619.0930,15178.6686,-8778.3523,0
14.216924,-12206.5430,12864.9094,-13598.8191,-11892.5839,0
14.220830,-8423.8281,12580.8094,7551.1199,-3088.3306,0
14.224737,-8781.7383,-1575.6320,-2826.8507,-8778.6367,0
14.228643,-12636.2305,1183.8902,-12752.3839,-12128.5459,0
14.232549,-7798.3398,12777.0455,-15893.4981,-2367.3009,0
14.236455,1228.0273,1689.6151,-787.2512,5211.8499,0
14.250088,-12401.8555,11544.5800,-12939.4822,-12001.4885,0
14.253994,-7299.8047,10933.3990,15807.8878,-4528.8035,0
14.257900,15187.0117,-4049.9819,9117.9871,-2903.7242,0
14.261807,-13112.7930,311.5800,-14493.1067,-12655.2071,0
14.265713,10321.7773,-433.7467,-9425.9305,-14716.5976,0
14.269619,5141.1133,-4986.6325,2899.6358,2953.9593,0
14.273525,-13737.7930,10053.1250,-12015.3700,-13336.5034,0
14.277432,4570.3125,90.8201,299.0952,7395.3237,0
14.281338,7111.3281,-10551.9827,-2857.4605,3059.5178,0
14.310183,-14214.8438,15033.2797,3128.9974,-10108.8651,0
14.314089,-3557.1289,14062.8877,11190.1491,5340.0312,0
14.317995,-8924.3164,-10931.0688,-5516.5154,-7070.5796,0
14.321901,-14785.1562,15082.6005,-4314.1496,-13573.4522,0
14.325808,-11308.1055,-11299.3517,-680.8754,-14375.4995,0
14.329714,-931.1523,-15033.0719,-2483.7957,-14956.1858,0
14.333620,-14988.2812,14944.8623,-4461.2267,-14986.2901,0
14.337526,14440.4297,-12419.9722,-6438.6577,-15016.3944,0
14.341433,-8940.4297,-11059.8024,-8416.0887,-15046.4987,0
14.355204,-15136.7188,12476.9500,-15273.3098,-14897.5289,0
14.359110,12815.4297,723.2277,10561.3098,11541.4049,0
14.363017,-4943.8477,-3360.8438,14658.0268,8814.2555,0
14.366923,-15011.7188,9748.7180,12041.0464,-15047.5468,0
14.370829,14815.4297,-141.9687,-7117.0707,10350.2453,0
14.374735,-945.8008,-12828.5037,-15173.6570,878.6107,0
14.378642,-15214.8438,2641.5352,12624.1461,-15142.2113,0
14.382548,8062.9883,2385.1609,280.4601,9301.5544,0
14.386454,5005.8594,-8599.0872,-3342.0982,-4997.3724,0
14.415079,-15652.3438,15475.8009,14715.5430,1745.4533,0
14.418986,7312.9883,-6936.7767,3085.6080,-6829.7656,0
14.422892,-8998.0469,-1135.1060,6828.8968,-14673.9884,0
14.426798,-15832.0312,15145.5971,5731.3410,-790.8038,0
14.430704,5438.4766,-9028.5893,-6960.3323,-12363.5459,0
14.434611,11013.1836,2774.6979,-5780.6189,-15088.6951,0
14.438517,-15839.8438,15365.5666,-1595.7025,-15219.0203,0
14.442423,2562.9883,-5214.5769,2589.2139,-15349.3455,0
14.446329,11007.3242,-10943.2815,6774.1304,-15479.6708,0
14.448328,-15753.9062,15319.5330,8851.9224,-15024.0136,0
14.452234,3812.9883,-5621.5312,-5169.1122,4712.6524,0
14.456141,-10980.9570,4955.9886,4605.3300,14210.8392,0
14.460047,-15792.9688,15719.3903,7398.8281,-15445.4016,0
14.463953,562.5000,-7740.4338,15841.4074,401.2964,0
14.467859,11001.9531,10924.4572,-7210.1517,-15024.0513,0
14.471766,-15871.0938,15847.3691,7180.3517,-15457.2841,0
14.475672,561.5234,-5621.8059,8968.9280,293.3228,0
14.479578,8986.3281,8907.8067,-15200.1025,9052.0770,0
14.490078,15800.2930,13572.7904,9026.9133,15425.7488,0
14.493984,-4063.4766,15164.3540,4558.7596,-4281.2910,0
14.497890,-5009.7656,-9188.5914,4925.1632,-8542.1484,0
14.501797,15847.1680,-8891.5202,9979.0781,15478.4142,0
14.505703,-3813.4766,15831.7256,12486.3428,-3239.1103,0
14.509609,2993.6523,-4612.4899,-5259.7810,7157.2206,0
14.513515,15956.5430,10988.2288,9412.7065,15505.6259,0
14.517422,-562.9883,15309.2060,15427.1125,-625.7032,0
14.521328,983.3984,-8193.0527,14937.4015,9018.5826,0
14.535061,15792.4805,11486.2743,14780.9475,15637.5276,0
14.538968,-1437.9883,5375.9233,-14540.2421,-1869.4737,0
14.542874,-13000.0000,4834.5645,8809.2022,-11020.0355,0
14.546780,-15988.7695,15226.0041,12883.3888,-15856.9663,0
14.550686,-5564.4531,6631.5302,11761.3693,-7225.8121,0
14.554593,10978.0273,-1740.1733,-5294.8311,-12840.5811,0
14.558499,15534.6680,7170.0005,11917.4051,15596.6726,0
14.562405,-6563.9648,3987.9039,7301.4496,-7138.6858,0
14.566311,-11022.4609,-8416.3900,10828.2311,1004.5504,0
14.580259,15487.7930,11913.2375,-14456.2772,15033.4087,0
14.584165,-6938.4766,1034.0474,4562.0186,-7601.9357,0
14.588071,12994.6289,-7681.2321,10681.4794,-2660.8320,0
14.591977,15901.8555,6624.4266,-14806.2649,15592.1119,0
14.595884,-1188.9648,5920.9133,-13764.1460,-1441.4940,0
14.599790,14967.7734,-7379.6801,12521.3981,5191.5846,0
14.603696,15651.8555,2609.5064,15422.9388,15461.5158,0
14.607602,-3438.4766,3465.1428,-12316.6303,-2593.4252,0
14.611509,-15027.3438,-441.6920,-9361.4883,9018.2777,0
14.625181,15433.1055,14174.2290,14479.9799,15437.9776,0
14.629087,-5938.4766,5576.2620,-11801.0813,-5337.8661,0
14.632994,14999.0234,-3121.3413,2627.3601,11027.7934,0
14.636900,15933.1055,6918.8913,12962.5901,15587.1786,0
14.640806,-4689.4531,4299.3130,11774.6800,-6369.4298,0
14.644712,12968.2617,-708.3924,2550.8319,5041.6361,0
14.648619,15534.6680,11181.5156,13266.5237,15545.6203,0
14.652525,-3813.4766,6279.1637,-9154.8958,-2977.9103,0
14.656431,10977.0508,2267.1075,14800.2789,10991.8175,0
14.685099,15526.8555,15587.6871,12152.9661,786.3483,0
14.689006,-7688.9648,-8897.7244,-14956.2965,-6207.0509,0
14.692912,4972.1680,-13022.2588,899.3000,11118.9009,0
14.696818,15604.9805,15508.9041,11985.8600,-2976.4151,0
14.700724,-3437.9883,-8148.5816,13877.6047,896.8957,0
14.704631,980.4688,4944.6413,-9018.1425,4345.0698,0
14.708537,15472.1680,15376.0976,11403.5069,6039.3758,0
14.712443,-7314.4531,-8273.1614,-12169.9537,7733.6817,0
14.716349,-7024.9023,964.9597,8909.7628,9427.9877,0
14.731195,15698.7305,15737.8558,10809.1448,15400.2362,0
14.735102,-4938.4766,-4149.6827,13507.4559,-4488.7107,0
14.739008,14994.1406,-3023.8145,-14957.0654,-652.1270,0
14.742914,15706.5430,15708.1652,9716.9203,15267.5992,0
14.746820,-4938.4766,-5022.9371,12931.0276,-4272.4003,0
14.750727,-13003.9062,-13009.5086,14886.5959,15003.8539,0
14.754633,15909.6680,15415.3154,12711.3953,15391.0977,0
14.758539,-4813.9648,-10138.2583,-1425.7253,-3437.9645,0
14.762445,-3014.1602,-5031.7945,3057.4094,-14810.9782,0
14.775273,15824.2188,12223.6338,13362.6348,15697.0789,0
14.779180,937.0117,11083.1456,-9436.6085,-863.6546,0
14.783086,-11022.9492,-4137.0732,-4912.8852,-6841.3332,0
14.786992,15753.4180,-5272.0778,14231.9803,15551.1983,0
14.790898,-438.4766,9487.9557,15069.1683,-2503.0420,0
14.794805,-13019.0430,-6105.3445,-10954.8001,5063.7067,0
14.798711,15706.5430,-2543.3376,11973.7034,15474.7371,0
14.802617,-2687.9883,9001.1512,-1840.8994,-5327.6720,0
14.806523,-13004.3945,-1402.0585,-4999.9928,-6957.4873,0
14.820149,15870.6055,14382.5455,15274.2299,15756.1743,0
14.824055,-1312.9883,5509.4132,13921.2375,-2714.4767,0
14.827962,10980.4688,-2024.5078,14751.4445,-4788.1576,0
14.831868,15612.7930,8149.5925,12546.3067,15320.4350,0
14.835774,-7188.9648,4788.7790,-4210.2745,-7648.3311,0
14.839680,-15019.5312,1302.7280,-3147.6131,7078.5762,0
14.843587,15534.6680,12203.9031,11894.0628,15316.4826,0
14.847493,-4563.4766,4109.3824,-2336.8026,-1793.8293,0
14.851399,12980.9570,-5316.6058,-9372.6025,10992.1358,0
14.866057,15565.9180,15667.9341,13765.9244,15331.7387,0
14.869963,-6064.4531,-6785.2075,11402.8043,-5354.7519,0
14.873869,-3030.7617,8954.4203,-5356.3295,-8762.3370,0
14.877776,15550.2930,15526.2795,12741.3543,15447.6659,0
14.881682,-6688.4766,-8782.8299,4892.9987,-5396.8595,0
14.885588,12994.6289,2978.5538,-15362.0164,-12689.6722,0
14.889494,15714.3555,15721.4969,9496.1018,15550.0154,0
14.893401,-7939.4531,-6285.2793,4411.6407,-6352.6172,0
14.897307,971.6797,968.2159,-13281.7226,12976.6653,0
14.910226,15729.9805,13691.4870,12925.2947,15404.6366,0
14.914132,-4189.4531,5641.3292,2156.9568,-5636.3631,0
14.918039,4972.6562,-5677.3412,-15238.9459,3055.2651,0
14.921945,15722.1680,4292.3565,10360.3420,15797.9160,0
14.925851,-2562.9883,6763.8000,9027.0701,-1063.1086,0
14.929757,-5005.3711,-8546.1130,-7409.9995,-900.3729,0
14.933664,15823.7305,297.4435,7971.3697,15678.8058,0
14.937570,-4189.4531,4003.5853,-8162.1140,-6578.9552,0
14.941476,-9024.9023,3721.0317,8764.4887,-8967.7237,0
14.955279,15589.3555,15602.2821,10676.6000,15676.6863,0
14.959185,-6313.9648,5615.9950,1575.4466,-4839.6786,0
14.963091,-1020.9961,-5372.0252,10748.8251,-8872.6522,0
14.966997,15612.7930,4864.5505,9650.5083,15677.4387,0
14.970904,-7064.9414,3186.5863,-15423.0463,-4630.9222,0
14.974810,14981.4453,-1298.2133,4669.2256,5054.7578,0
14.978716,15815.9180,10662.6538,11034.9232,15441.5304,0
14.982622,-6939.4531,4701.0369,-8077.8366,-8944.3334,0
14.986529,972.6562,-1035.3969,-9127.5953,10976.9179,0
15.000203,15409.6680,13908.2791,13399.3439,15636.4810,0
15.004110,-8313.9648,4829.1520,7177.8838,-1719.4302,0
15.008016,-3009.7656,-2955.0117,10855.7703,-6880.1118,0
15.011922,15823.7305,7649.2389,11024.3803,15684.3073,0
15.015828,-6314.9414,3501.0491,-10431.6983,-2815.1628,0
15.019735,12968.7500,-4157.6807,12626.6473,-2911.0089,0
15.023641,15636.2305,7556.8183,14012.2060,15644.4662,0
15.027547,-3438.4766,6425.3424,-10706.9967,1007.5488,0
15.031453,10979.4922,-6621.7776,-9052.5583,12988.5590,0
15.060267,15706.5430,13277.4387,15732.3421,15657.2559,0
15.064174,-6188.4766,10304.0245,-10296.3137,-3310.9332,0
15.068080,4997.0703,-1891.4180,921.4960,-2851.0412,0
15.071986,15729.9805,5200.3210,14844.3385,15629.9218,0
15.075892,-4313.4766,8855.8055,-12387.3064,-1930.8061,0
15.079799,-15008.7891,-2670.7683,10803.0211,-874.4087,0
15.083705,15933.1055,10878.9276,15613.2529,15615.4071,0
15.087611,-1687.9883,9800.1405,-551.7442,-3457.6006,0
15.091517,987.7930,-942.5283,10730.4280,-6918.6968,0
15.105207,15706.5430,15576.5335,13756.3938,1850.0989,0
15.109113,-4063.4766,-7152.8308,-3586.0960,-2716.8534,0
15.113019,14984.3750,-7041.7458,-3294.8332,12360.3008,0
15.116926,15815.9180,15521.2750,11476.1133,4386.4653,0
15.120832,-2939.4531,-3033.6165,-8991.7085,9226.9631,0
15.124738,-5023.4375,2967.2058,4708.3913,11484.9182,0
15.128644,15667.4805,15919.7908,13131.8408,12099.2863,0
15.132551,-5313.9648,-3782.2579,9127.8489,12713.6544,0
15.136457,-13026.3672,4954.9235,-13296.5984,13328.0225,0
15.151178,15589.3555,15475.8085,10985.8064,15435.8795,0
15.155084,-2438.4766,-5656.8126,1059.0041,-1610.9028,0
15.158991,-5018.5547,971.4684,6686.9565,5100.7143,0
15.162897,15659.6680,15684.5170,10344.7603,15383.3212,0
15.166803,-7189.9414,-2412.3102,14031.8043,-5581.8877,0
15.170709,965.3320,-7033.1575,4726.5557,-6765.3392,0
15.174616,15722.1680,15586.7095,8699.7498,15666.5813,0
15.178522,-3438.4766,-2536.7642,14650.7993,-2538.2481,0
15.182428,-15015.1367,10954.8458,724.9575,-10934.9842,0
15.196119,15651.8555,15278.6104,9261.5543,14859.2926,0
15.200025,-1937.9883,-2824.6153,-10547.4966,-269.9468,0
15.203931,8981.4453,-11941.8523,-7232.7337,2074.2652,0
15.207837,15722.1680,8924.0872,8633.5978,-15054.8829,0
15.211744,-4313.9648,-1949.9438,13659.3503,1784.3869,0
15.215650,12979.9805,-7090.2649,10842.3668,11229.4831,0
15.219556,15714.3555,10318.8914,7742.1719,14962.3165,0
15.223462,-4313.4766,1113.0684,-12410.5923,-1782.6675,0
15.227369,-1013.6719,-10750.9401,12968.9276,11060.3829,0
15.240053,15581.5430,11364.6651,11143.0937,15499.6078,0
15.243959,-3063.4766,3859.4067,-4179.1081,-2916.6787,0
15.247866,-11021.4844,-4832.3642,1012.8390,14989.8620,0
15.251772,15831.5430,7169.6778,11641.9467,15807.9179,0
15.255678,-4688.9648,5654.4884,655.5766,-2384.2599,0
15.259584,10979.9805,1771.4566,-13179.4552,-10796.4476,0
15.263491,15722.1680,12380.1789,9972.9951,15652.5451,0
15.267397,-4564.4531,7008.3823,-4201.2428,-3247.0541,0
15.271303,8980.9570,5067.2765,-9034.3052,4993.1186,0
15.286176,15706.5430,15571.0534,14980.7847,15218.9271,0
15.290082,-4313.4766,-7734.2028,-11200.5699,-8201.6560,0
15.293988,4984.3750,10918.8048,-11091.9177,3097.7472,0
15.297894,15933.1055,15721.5768,13759.7625,15584.7733,0
15.301801,-813.4766,-5492.2899,-8935.3279,-3474.6929,0
15.305707,-15018.5547,-7043.2808,4666.4234,-6784.2020,0
15.309613,15776.8555,15395.3634,12738.0518,15704.5379,0
15.313519,-2438.4766,-1878.6122,3917.1825,-2903.6231,0
15.317426,-13012.6953,-8988.5675,6819.6699,12984.1499,0
15.330254,15565.9180,12496.7786,-14641.5242,14870.1442,0
15.334160,-7063.9648,3626.2022,-7269.0389,-6401.1985,0
15.338066,8973.1445,-1675.9991,10651.9185,-4478.9208,0
15.341973,15628.4180,9724.7815,-14825.9586,14965.9926,0
15.345879,-2187.9883,3813.6144,3881.1734,-4843.2066,0
15.349785,2985.8398,2687.7474,-3380.4342,-14181.3114,0
15.353691,15808.1055,13504.9602,15711.2281,15319.9984,0
15.357598,-6564.4531,3370.7304,-10710.8256,-4375.7140,0
15.361504,10979.4922,149.4407,-13301.7102,7055.8755,0
15.375189,15667.4805,14500.9737,13237.3070,15567.6153,0
15.379095,-4313.9648,6515.1812,-7302.1669,-3982.1871,0
15.383001,-1033.6914,-7711.2000,2655.7439,8999.3896,0
15.386908,15448.7305,1825.6371,11756.5928,15142.0963,0
15.390814,-6189.4531,5973.3337,-2566.5094,-6204.9061,0
15.394720,10976.0742,-845.8676,6531.3959,11032.9226,0
15.398626,15651.8555,8520.8192,13680.2089,15684.0683,0
15.402533,-6438.9648,4200.9200,-4072.6000,-4044.8981,0
15.406439,-3000.4883,-3502.0788,-5252.1117,-979.3450,0
15.435085,15901.8555,15865.9696,-4192.1214,-218.4916,0
15.438991,-5313.9648,-2221.5914,-8991.4663,4793.0749,0
15.442897,-9016.1133,-10971.1857,7508.8391,14149.4226,0
15.446803,15714.3555,15338.3837,-7984.8290,1168.4710,0
15.450710,-3187.9883,-10184.2079,-8226.2259,-7726.7758,0
15.454616,2984.8633,6887.2843,-5045.9836,-3683.3461,0
15.458522,15690.9180,15483.6591,-2552.8838,2961.8234,0
15.462428,-4813.9648,-5955.3980,-59.7841,9606.9928,0
15.466335,973.1445,-5038.8977,2433.3156,14847.0104,0
15.480297,15659.6680,15526.9566,10566.6766,2918.6137,0
15.484203,-4689.4531,-6225.8745,-11613.1332,7897.5020,0
15.488110,-7032.2266,8911.2113,-12404.5922,15386.2854,0
15.492016,15628.4180,15640.3603,8921.7370,3353.0089,0
15.495922,-4314.4531,-6226.3723,-13316.3412,-720.3616,0
15.499828,-3027.3438,10892.4062,-4487.5509,2303.4232,0
15.503735,15565.9180,15625.0767,13446.7724,4381.8457,0
15.507641,-3563.4766,-5478.0468,12860.2262,6460.2682,0
15.511547,-1015.1367,-3025.4626,-12707.8402,8538.6907,0
15.525125,15769.0430,12599.8320,13126.5652,15591.4842,0
15.529032,-6440.4297,10015.0373,-5696.6716,-2251.1780,0
15.532938,-1032.2266,-4219.2104,-2991.6537,4807.3207,0
15.536844,15597.1680,2205.6658,12988.3983,-15861.3929,0
15.540750,-7939.4531,8796.1313,-4094.2951,-1165.4129,0
15.544657,-3013.1836,-7774.0945,-9033.7053,-13032.6528,0
15.548563,15894.0430,-664.5849,11296.6492,-15794.8891,0
15.552469,-5814.9414,9833.9568,10277.9783,-1299.3625,0
15.556375,-13027.8320,-1772.0901,2814.4554,14977.2214,0
15.570168,15604.9805,14039.0366,12056.2275,15445.4182,0
15.574075,-5314.9414,4973.3254,6543.4368,-3511.2599,0
15.577981,-11052.2461,2965.4727,8697.5812,12988.1930,0
15.581887,15503.4180,14130.8704,10723.2206,15393.7119,0
15.585793,-5188.9648,4255.1065,-7477.6648,-4218.5327,0
15.589700,6979.9805,-5373.6687,-15245.1306,-6761.0685,0
15.593606,15667.4805,5953.9058,9789.5189,15592.5579,0
15.597512,-4438.4766,6277.8229,13760.5247,-3066.8800,0
15.601418,-15015.6250,-4268.4413,-3370.4285,-14921.1447,0
15.615273,15589.3555,12659.3874,12381.0936,15483.1533,0
15.619179,-2563.9648,2596.9419,12931.5345,-541.7220,0
15.623086,-15028.3203,899.8858,14580.1466,1190.5378,0
15.626992,15753.4180,13325.6226,12132.6369,15630.3131,0
15.630898,-5063.4766,3584.4378,14649.7470,-3171.9942,0
15.634804,-15013.6719,-4337.6339,10553.1954,7111.4684,0
15.638711,15784.6680,7332.9349,8851.8962,15541.3193,0
15.642617,-2563.9648,3711.0476,-13848.1086,-2118.1001,0
15.646523,973.1445,-5119.6513,4675.7747,-14900.4833,0
15.660206,15604.9805,12734.6404,12991.7859,15545.6743,0
15.664112,-5813.4766,7654.3392,-9422.0912,-5003.8984,0
15.668019,12991.2109,-6887.6356,4624.8196,5057.9294,0
15.671925,15761.2305,94.1407,11602.6513,15834.7046,0
15.675831,-2313.9648,6578.0321,15058.7072,-803.4098,0
15.679737,14980.4688,-829.6185,12660.2403,882.7959,0
15.683644,15831.5430,8845.5321,9330.9360,-15879.6640,0
15.687550,-6188.9648,7072.0839,13571.5163,-80.7651,0
15.691456,4978.5156,-8619.8493,14946.6294,-2974.3284,0
15.705174,15659.6680,11235.8523,13529.9467,15710.2158,0
15.709081,-8564.9414,3446.6251,10281.6651,-5708.8469,0
15.712987,4979.9805,1797.5761,-12890.6663,-8854.0681,0
15.716893,15847.1680,13418.8439,14158.9184,15772.0764,0
15.720799,-4939.9414,4184.8806,9166.3702,-4405.9207,0
15.724706,14964.3555,-1710.7161,-1122.5498,1077.5242,0
15.728612,15503.4180,9528.4186,14202.5737,15664.8571,0
15.732518,-8939.9414,4431.1550,-2675.5007,-4229.3947,0
15.736424,-1028.8086,591.0359,5011.5662,-10967.2925,0
15.751200,15581.5430,15745.2129,-15839.5297,15649.9571,0
15.755106,-6189.9414,-2008.9607,-6459.2285,-2650.8974,0
15.759012,-1043.4570,12921.3689,-14948.2653,3066.7763,0
15.762918,15394.0430,15690.2997,15123.8276,15488.5662,0
15.766825,-4937.9883,-3379.8848,4160.5211,-2337.8811,0
15.770731,-9009.7656,-12992.3889,864.6418,13020.3615,0
15.774637,15589.3555,15524.3945,15963.2749,15736.1371,0
15.778543,-3313.4766,-4501.6771,-1422.5126,-2489.5783,0
15.782450,4967.7734,-14994.0687,15023.4736,8977.4500,0
15.810181,15667.4805,15594.5339,-5674.7952,-3410.2423,0
15.814088,-1188.4766,-5723.7854,6858.1989,-5388.4435,0
15.817994,4977.0508,14876.9178,-4302.9202,5805.6276,0
15.821900,15675.2930,15625.6101,-9298.3701,2872.6933,0
15.825806,-2689.4531,-2735.9273,-6498.2572,-1168.9472,0
15.829713,-1041.0156,6934.1622,-7916.2402,2307.1042,0
15.833619,15394.0430,15654.0397,-9102.8129,4395.9264,0
15.837525,-9563.9648,-6843.2082,-10289.3855,6484.7486,0
15.841431,6974.6094,8906.7861,-11475.9582,8573.5708,0
15.855247,15487.7930,14572.3435,-15564.5650,15809.5143,0
15.859153,-5439.9414,5604.2178,13371.5945,2079.1746,0
15.863060,-5028.8086,3687.8356,750.8225,-9075.7931,0
15.866966,15706.5430,14291.5165,12741.1210,-15853.3831,0
15.870872,-6438.9648,5886.3898,-12214.3281,-1061.8024,0
15.874778,-3016.6016,-6775.0127,-13199.8793,-1132.2895,0
15.878685,15542.4805,2877.1934,13729.0852,-15702.8450,0
15.882591,-6939.4531,6600.5172,15719.5445,108.6665,0
15.886497,-5032.7148,4587.9288,-5290.8437,5005.6291,0
15.901105,15519.0430,15439.9149,12242.5573,15592.8950,0
15.905011,-6813.9648,-7160.4233,2675.5219,-2126.7677,0
15.908917,992.6758,12937.0924,6660.3976,4822.9257,0
15.912823,15870.6055,15507.9072,10863.4772,-15834.1719,0
15.916730,-4313.9648,-7284.1933,-8841.3605,-668.2763,0
15.920636,-5002.4414,-10999.5810,-15249.0664,-13008.4283,0
15.924542,15917.4805,15656.0985,9391.4368,-15676.0633,0
15.928448,-7064.4531,-9406.6749,299.9271,-109.8327,0
15.932355,6979.0039,12955.1270,-3227.8661,9006.4653,0
15.946408,15683.1055,15688.8275,10007.6315,15500.1668,0
15.950314,-5313.9648,-8123.5550,-3155.9865,-3644.1468,0
15.954221,10982.4219,-3030.4960,8758.1638,-735.8968,0
15.958127,15737.7930,15771.3576,8862.9569,15409.3389,0
15.962033,-3938.9648,-3260.7639,-2731.8293,-3977.7625,0
15.965939,12978.0273,8934.1183,-15196.2414,1237.1881,0
15.969846,15690.9180,15438.5062,7105.6910,15421.4509,0
15.973752,-5188.9648,-5629.6955,-4051.2848,-6012.5406,0
15.977658,-1006.3477,-7007.0664,-1047.3943,-2906.6673,0
15.990183,15651.8555,12627.9595,10924.2203,15756.6051,0
15.994089,-11189.9414,1921.0490,-13928.3389,-6194.2871,0
15.997995,-5020.0195,-9760.2276,-3129.1403,-6878.8782,0
16.001901,15550.2930,3796.6701,9107.2743,15647.8781,0
16.005808,-7063.9648,2432.1331,-3065.2117,-6146.2812,0
16.009714,4990.7227,-4057.8862,6688.2598,1085.1663,0
16.013620,15847.1680,8653.2653,7798.4853,15820.7152,0
16.017526,-3687.9883,4065.6972,12523.9317,-541.0760,0
16.021433,8998.0469,-10977.2732,748.2282,3025.1577,0
16.035084,15847.1680,11246.9811,10894.7511,15831.5897,0
16.038991,-3313.9648,5202.9309,-2210.2018,-1235.4800,0
16.042897,-15020.5078,-7160.3965,-3237.8805,11027.1779,0
16.046803,15862.7930,3150.2742,11117.3985,15775.3500,0
16.050709,-4314.4531,3308.5088,-9199.7626,-3993.3972,0
16.054616,8982.9102,-4007.3740,-1390.2978,7053.3546,0
16.058522,15597.1680,8249.7645,11409.5001,15836.0303,0
16.062428,-9063.4766,4880.1377,-12467.9334,-2999.3225,0
16.066334,8980.4688,3471.5431,-15260.5368,7000.3117,0
16.080466,15542.4805,15163.4118,15625.2730,15460.7135,0
16.084372,-4813.9648,8421.5640,-7662.5606,-1871.0535,0
16.088279,-1013.1836,-4971.3992,6703.3497,-4643.6518,0
16.092185,15925.2930,2208.9205,-15515.3322,15465.5971,0
16.096091,-3938.4766,6379.5597,-1431.8227,-837.5776,0
16.099997,1002.4414,-10883.6452,8615.0108,-8561.9271,0
16.103904,-15902.3438,-1625.5815,15946.2063,15704.2932,0
16.107810,1187.0117,8446.2371,2395.7385,309.3966,0
16.111716,-15013.1836,1871.0566,-7309.8810,7042.3635,0
16.125201,15714.3555,15564.6560,-15604.9347,15668.0281,0
16.129107,-2938.9648,6067.3501,10341.1857,-3264.9502,0
16.133013,-1029.2969,-6130.6071,-13185.0114,-12791.3222,0
16.136919,15690.9180,3514.8221,14391.6153,15649.5725,0
16.140826,-4439.4531,3149.8936,-5760.1577,-4598.5045,0
16.144732,-5021.9727,-594.6233,12498.7743,-8809.4296,0
16.148638,15714.3555,11471.5817,-15702.1236,15640.8481,0
16.152544,-4064.4531,4628.2270,-3538.7870,-4551.4939,0
16.156451,8971.6797,2723.0477,2884.8976,12982.3000,0
16.186173,15753.4180,15645.9493,7290.7214,-5321.4817,0
16.190079,-6939.9414,-6488.7548,-2105.4357,12794.4556,0
16.193985,12968.2617,-14949.5387,11329.4737,15579.0503,0
16.197892,15659.6680,15314.3433,1630.1075,-4306.7856,0
16.201798,-2563.4766,-7356.4559,8139.7898,-1539.1343,0
16.205704,12976.5625,2885.2568,9536.9514,3212.9336,0
16.209610,15651.8555,15460.5972,10085.3747,7893.0720,0
16.213517,-2438.9648,-7231.7514,10633.7981,12573.2104,0
16.217423,-7019.0430,10821.2968,11182.2214,8185.2158,0
16.231064,15753.4180,15563.1382,12967.2812,-3352.2034,0
16.234971,-7940.4297,-12505.9081,5340.3620,-5485.2372,0
16.238877,-11028.3203,6926.4442,7063.0477,11693.1982,0
16.242783,15612.7930,15516.5417,10791.7786,-1372.0430,0
16.246689,-10940.4297,-6268.2238,3239.2999,3161.6294,0
16.250596,-1019.5312,-11013.9613,-8569.3665,6222.8323,0
16.254502,15565.9180,15533.0459,13716.7019,7746.1726,0
16.258408,-9064.4531,-8638.5702,-8930.7672,9269.5128,0
16.262314,8967.7734,4931.0799,7239.9598,10792.8530,0
16.275177,15597.1680,14253.1718,15887.0094,15588.8965,0
16.279083,-5314.9414,5451.2209,-2530.5426,-3019.9203,0
16.282990,-13023.4375,-4284.8370,13177.2346,1128.1160,0
16.286896,15698.7305,5944.7089,-14763.3848,15296.6736,0
16.290802,-8564.9414,3458.1357,-15164.0110,-7800.5372,0
16.294708,-9041.0156,-4977.6977,-736.9650,5089.3532,0
16.298615,15550.2930,6839.0616,-13999.3424,15654.0158,0
16.302521,-4814.4531,3292.4186,13417.3069,-4220.5657,0
16.306427,975.0977,-8288.9963,1289.8767,-6957.0984,0
16.320179,15776.8555,11943.0918,-12815.9573,15425.0531,0
16.324085,-3313.9648,8188.0255,-7543.1197,-1699.4486,0
16.327991,-9009.2773,4549.8230,-815.2126,-2855.7927,0
16.331898,15925.2930,13170.1382,-12472.7790,15733.5678,0
16.335804,-4189.9414,5117.3790,2046.8112,-939.6882,0
16.339710,-1041.0156,-2840.0643,-10750.2475,-877.9140,0
16.343616,15472.1680,8754.0181,-13694.6391,15650.0733,0
16.347523,-8063.9648,5114.9948,-5780.9489,-3435.2050,0
16.351429,10979.0039,1769.7568,7154.1742,-2959.3222,0
16.366151,15714.3555,14154.4974,-13084.4709,15725.3415,0
16.370057,-2564.9414,14522.6580,-10306.7644,297.6239,0
16.373963,-1043.9453,14890.8186,-12880.2992,-14770.3928,0
16.377869,15456.5430,15258.9792,-12843.2354,15353.6715,0
16.381776,-3564.4531,7817.8642,-15049.5660,-6427.4594,0
16.385682,12952.1484,-4222.5688,-12970.2147,-4860.4346,0
16.389588,15550.2930,3237.3727,-14890.7190,15289.5717,0
16.393494,-4563.9648,8565.8855,100.2686,-5790.5224,0
16.397401,982.4219,-4052.1960,14921.5813,-2978.7432,0
16.410178,15769.0430,5362.6573,-15651.1708,15428.8472,0
16.414085,-7689.9414,3808.2618,57.3986,-8585.7198,0
16.417991,-13006.3477,2160.2553,-7091.9717,3097.1641,0
16.421897,15847.1680,13309.8895,12814.8465,15462.0055,0
16.425803,-3813.4766,3183.3286,305.1785,-3063.0529,0
16.429710,12993.1641,-6678.6690,-5279.4796,10755.3712,0
16.433616,15862.7930,5580.7323,9259.1874,-15857.8578,0
16.437522,-7813.4766,1283.4977,190.1696,-5594.5294,0
16.441428,984.3750,-10560.6136,4702.2190,-8957.6269,0
16.455203,15667.4805,12110.6388,10850.7626,15721.4697,0
16.459109,-812.9883,4815.5870,2825.4064,-1410.2895,0
16.463016,10998.0469,-4008.8762,14711.2037,-12785.8291,0
16.466922,-15848.1445,6544.4166,9651.4518,15420.5883,0
16.470828,-3189.4531,2404.9292,-78.5476,-8561.0117,0
16.474734,8975.0977,-8306.6623,4542.4907,7051.5562,0
16.478641,15581.5430,4739.9235,9112.9782,15429.8524,0
16.482547,-6314.4531,4199.8458,4654.5348,-7493.6648,0
16.486453,-13041.9922,-4671.5732,-3341.9851,1014.9817,0
16.500140,15214.3555,13132.0299,9949.2198,15385.7869,0
16.504047,-9314.4531,3608.7444,10338.3655,-2307.2647,0
16.507953,-11022.4609,-6704.6641,-7335.4726,14987.3640,0
16.511859,15581.5430,5357.7115,7582.6768,15332.5768,0
16.515765,-7939.4531,3374.3144,954.4159,-8178.6123,0
16.519672,12972.6562,3985.3032,14453.2584,1201.6370,0
16.523578,15573.7305,14364.3217,9444.4477,15522.5391,0
16.527484,-6563.4766,4008.6401,-3954.8766,-2692.5315,0
16.531390,-15005.3711,3474.5682,622.2525,-2929.3007,0
16.560060,15644.0430,15397.6798,2120.5118,7403.0459,0
16.563967,-8688.9648,-10022.8715,-3013.7248,2387.5841,0
16.567873,14993.6523,-7048.4120,10452.1796,14145.1182,0
16.571779,15667.4805,15380.0402,10786.0277,8396.1028,0
16.575685,-8438.9648,-7165.2870,1597.8268,2910.7190,0
16.579592,6981.9336,10861.3847,-14220.3788,11258.4805,0
16.583498,15565.9180,15388.5986,-10772.3012,11948.6880,0
16.587404,-6689.4531,-9277.6518,-7324.2235,12638.8954,0
16.591310,-9034.1797,-9029.0561,-3876.1458,13329.1028,0
16.608022,15604.9805,15462.7531,-8862.3597,4292.3280,0
16.611929,-1437.9883,-4351.9273,2147.7113,9729.9992,0
16.615835,-15005.8594,-1054.3990,8325.7539,15054.9470,0
16.619741,15597.1680,15306.7064,12405.8249,300.4153,0
16.623647,-8939.4531,-8335.9058,8425.0621,-575.7073,0
16.627554,-15024.4141,-14988.3617,7695.4265,11758.2936,0
16.631460,15628.4180,15556.7893,12736.8688,-1347.8502,0
16.635366,-6063.9648,-9828.4752,-285.1990,-1120.3078,0
16.639272,8978.5156,-1066.2750,-3131.8528,3902.9283,0
16.651114,15706.5430,15667.9428,6882.2184,15275.5043,0
16.655021,-3563.9648,-6410.9554,-8928.2603,-5743.7013,0
16.658927,14973.6328,-3053.8358,6210.8999,14992.9405,0
16.662833,15558.1055,15408.4734,4861.2575,15290.8205,0
16.666739,-6438.9648,-6285.4695,3331.0181,-6164.2692,0
16.670646,12978.0273,10943.7656,-13423.9616,-4582.1469,0
16.674552,15690.9180,15598.7990,4814.4259,15155.0006,0
16.678458,-5938.9648,-6659.2530,-10007.3808,-7059.8854,0
16.682364,6983.8867,-15007.4536,8398.5118,-924.7348,0
16.696588,15784.6680,15491.1755,5105.6460,15326.1142,0
16.700494,-4814.4531,-9629.6457,6254.9357,-6211.5432,0
16.704400,-7021.9727,10922.7323,-11559.2966,1177.2641,0
16.708307,15581.5430,15476.9890,4272.6672,15354.5116,0
16.712213,-8564.9414,-10876.7111,-9953.2356,-5870.4679,0
16.716119,-9022.9492,6937.1057,-3502.0394,-783.5772,0
16.720025,15667.4805,15568.7569,4017.1742,15579.6530,0
16.723932,-9939.4531,-9879.3478,-4339.6434,-5943.8336,0
16.727838,2986.8164,-3057.0359,-9364.1875,-14867.6911,0
16.740055,15565.9180,12849.7853,6879.2688,15492.7563,0
16.743961,-5688.4766,1879.3167,12770.2487,-5805.5334,0
16.747867,-3019.0430,-12933.1171,-1338.8071,-4804.2270,0
16.751773,15440.9180,671.5328,7791.1700,15223.0379,0
16.755680,-9189.9414,3329.9929,-10049.0053,-7187.7471,0
16.759586,8964.3555,783.3235,10657.5750,-6788.4370,0
16.763492,15550.2930,12318.0500,6275.6856,15342.9821,0
16.767398,-6439.9414,6349.9033,-6921.4561,-6858.1980,0
16.771305,-1028.8086,-2616.4807,12713.5084,-10936.7598,0
16.786081,15894.0430,15600.5484,9765.3141,15514.1639,0
16.789987,-3689.4531,-11344.7332,12904.6073,-3372.2854,0
16.793893,970.7031,6892.6125,6710.7710,7035.6942,0
16.797799,15503.4180,15473.0450,10185.3779,15374.0529,0
16.801706,-9064.9414,-6111.8636,-9558.3885,-9432.9908,0
16.805612,-7023.4375,944.2824,10514.8726,11009.9064,0
16.809518,15722.1680,15280.4968,8419.8943,15680.9395,0
16.813424,-5314.9414,-11718.4547,5889.3510,-4070.0704,0
16.817331,-1030.2734,-3056.6313,-5359.4108,-4977.8099,0
16.830243,15440.9180,13330.1573,12002.1925,15428.0105,0
16.834150,-8689.4531,2328.2293,11886.9306,-3649.0976,0
16.838056,958.0078,-12007.3877,4609.1348,-774.3411,0
16.841962,15292.4805,1914.0960,11665.0326,15282.3063,0
16.845868,-10063.9648,1522.0095,-3849.8204,-5799.5986,0
16.849775,2982.9102,-3694.0494,-3513.5994,-12587.8066,0
16.853681,15620.6055,9120.7154,11775.4735,15333.3475,0
16.857587,-3813.4766,3754.9386,-12547.9325,-1891.2429,0
16.861493,972.1680,3584.5557,6533.1255,-6911.2117,0
16.875163,15526.8555,14978.1141,13043.7694,15323.0843,0
16.879069,-6438.9648,3600.3211,9556.1743,-4860.3947,0
16.882975,-3017.5781,-11480.3048,14492.6689,-8746.1712,0
16.886882,15612.7930,820.2750,10474.6803,15104.4166,0
16.890788,-3062.9883,6557.2091,-4443.7795,-10345.7944,0
16.894694,8987.3047,-2572.1358,2412.3436,9065.6476,0
16.898600,15847.1680,6393.5311,11853.0873,15580.7005,0
16.902507,-1563.4766,3176.5299,7544.1602,-3119.6738,0
16.906413,8982.9102,2721.0680,8590.5727,3018.4189,0
16.935119,15604.9805,15633.5359,-555.0705,-2503.3856,0
16.939025,-10814.9414,-6658.1933,-8328.0357,-9418.2765,0
16.942931,-13019.0430,-11007.7191,7133.4757,11877.3925,0
16.946838,15792.4805,15349.7247,8157.3301,1749.4876,0
16.950744,-1688.4766,-5542.2152,-4937.9203,-4391.0412,0
16.954650,2971.1914,-7018.5201,-5306.2204,-8.6274,0
16.958556,15558.1055,15455.2111,-2993.7942,5883.8045,0
16.962463,-7564.9414,-9514.8006,-681.3679,11776.2363,0
16.966369,-11034.6680,-11026.7699,1631.0583,8614.5536,0
16.980065,15534.6680,15602.6747,9694.7723,-6411.6972,1
16.983972,-5438.9648,-7010.5323,7943.3689,-12626.6141,1
16.987878,-15015.6250,14929.5183,-1195.4864,11293.9821,1
16.991784,15745.6055,15463.2180,8362.1156,-2815.0430,1
16.995690,-5939.4531,-7759.6209,-1273.1769,-11972.5194,1
16.999597,-3026.3672,10922.5585,-7035.9866,-9669.4068,1
17.003503,15511.2305,15500.5263,8717.5711,-5732.3931,1
17.007409,-7439.4531,-5639.0287,5620.6514,-1795.3794,1
17.011315,-13029.7852,-15006.8090,901.3185,2141.6343,1
17.025041,15487.7930,11491.1590,10564.4188,15711.9651,1
17.028948,-8065.4297,2107.8199,14869.7935,-4590.9190,1
17.032854,-9037.1094,-11768.1878,-15091.3992,-6772.1634,1
17.036760,15503.4180,1656.2120,10812.1672,15527.2250,1
17.040666,-7814.9414,5794.9251,-12073.5453,-3019.8111,1
17.044573,-15035.1562,4646.0616,-5100.6749,1143.6510,1
17.048479,15456.5430,15186.0708,10726.1231,15582.3078,1
17.052385,-8314.4531,4371.1208,14009.8783,-3573.4313,1
17.056291,4971.1914,-10247.5550,-1243.7892,7001.4545,1
17.070193,15839.3555,11757.7639,12127.6472,15588.1933,1
17.074100,-2564.9414,4099.4340,6896.2612,-2494.9607,1
17.078006,10965.3320,-7436.4444,-5280.2363,-12888.2800,1
17.081912,15604.9805,4409.4911,11447.8207,15455.2532,1
17.085818,-6189.9414,3149.4617,-9583.9852,-5498.8035,1
17.089725,-7033.2031,-4023.8601,-5211.5988,7016.3730,1
17.093631,15573.7305,8002.8701,10029.0916,15573.7067,1
17.097537,-5563.9648,4641.4131,-14168.3387,-6638.8120,1
17.101443,-9020.0195,5950.9703,12685.8848,2997.7457,1
17.116066,15573.7305,15573.0829,12283.5362,15553.5830,1
17.119972,-7313.9648,-8106.3663,1301.8945,-4405.6034,1
17.123879,989.2578,-15017.8940,10636.8554,1084.8211,1
17.127785,15823.7305,15302.5717,12018.2785,15866.2598,1
17.131691,-4313.4766,-8231.9902,-8927.6889,-2838.8686,1
17.135597,-11006.8359,12901.6801,12549.0219,-6871.0311,1
17.139504,15964.8438,15875.9974,9019.3295,15812.4582,1
17.143410,1812.0117,-4617.0899,-11572.0193,-1460.0542,1
17.147316,8987.3047,-14991.9593,-7436.9607,-4965.4084,1
17.160059,15737.7930,7915.8748,10966.2873,15871.1959,1
17.163965,-5438.9648,14957.0148,-7044.1452,1454.3624,1
17.167871,14976.5625,-2639.7787,14521.4544,-11032.7351,1
17.171777,15597.1680,-6787.0509,9283.3835,-15824.3019,1
17.175684,-7314.4531,13835.0075,-5553.5235,-480.3104,1
17.179590,4975.0977,-5257.2081,10450.5465,9050.8774,1
17.183496,15651.8555,-10701.3670,6987.6584,15708.1732,1
17.187402,-5939.9414,13439.9155,-2591.2212,-4710.1260,1
17.191309,6962.4023,-3086.2475,-15361.8704,-6971.0766,1
17.206082,15253.4180,15640.2932,9947.4604,15026.8578,1
17.209988,-13440.4297,-8523.4774,7426.6132,-10989.9006,1
17.213894,6950.1953,2979.6908,8677.0635,3137.7047,1
17.217800,15401.8555,15849.0850,9202.2128,15239.1618,1
17.221707,-7690.4297,-10645.0463,10573.0272,-2552.7898,1
17.225613,12944.8242,4961.5816,-13681.3943,7084.0282,1
17.229519,14886.2305,15532.6331,2217.5129,15177.6970,1
17.233425,6179.6875,-8399.8312,15593.8169,10154.0868,1
17.237332,6845.7031,4953.1560,5995.2245,-9051.9160,1
17.250059,12682.6172,14470.6299,8.2406,12895.8759,1
17.253965,4171.3867,6372.9120,124.5434,8156.7193,1
17.257871,8735.8398,1163.4306,0.0000,6803.2453,1
17.261778,11869.6289,-5535.7489,0.0000,11837.0763,1
17.265684,-6080.0781,-4360.5900,0.0000,-3168.3667,1
17.269590,6754.3945,-2373.2951,0.0000,-10960.7821,1
17.273496,12197.7539,-13438.9893,0.0000,12310.0146,1
17.277403,-2704.1016,-5559.8395,0.0000,658.4219,1
17.281309,-9243.6523,8743.3290,0.0000,10769.8835,1
17.310151,12518.5547,-15572.0199,28.1380,7855.0286,1
17.314057,8422.8516,7464.4559,-3282.9132,-3876.0796,1
17.317964,-15216.7969,-10880.8362,-2323.1819,4581.9020,1
17.321870,12416.9922,-15282.1277,3873.1511,12054.0594,1
17.325776,4048.3398,7714.1376,9563.4898,-5239.9111,1
17.329682,-3200.1953,-2935.5378,11250.6770,-9781.3481,1
17.333589,12823.2422,-15652.3422,9758.0907,-1175.3243,1
17.337495,12549.8047,6593.1990,8265.5043,7430.6996,1
17.341401,-13201.6602,3048.9167,6772.9180,3266.0143,1
17.355095,12940.4297,-15355.8192,1512.4404,-7352.3214,1
17.359001,-12948.7305,10402.3051,-6405.6369,2738.8857,1
17.362908,2825.1953,-4956.1229,14130.1930,12204.3309,1
17.366814,13409.1797,-15512.3553,4135.6228,-4215.4591,1
17.370720,-10823.7305,8404.9136,-13499.1640,11888.1147,1
17.374626,-5170.8984,1031.0479,-15592.4651,14628.6129,1
17.378533,13471.6797,-15574.0452,6834.7368,14409.9180,1
17.382439,-6196.7773,6532.9653,4398.4208,14191.2231,1
17.386345,6845.2148,7038.3882,4398.5972,13972.5281,1
17.401047,13643.5547,-15683.8179,7978.8393,12948.8257,1
17.404954,-4072.2656,5287.5726,13273.2073,-9354.9487,1
17.408860,-3141.1133,1017.6120,6439.8240,969.3436,1
17.412766,13901.3672,-15896.6968,7925.9176,13701.9860,1
17.416672,-695.3125,4413.3874,-11078.2178,-538.8141,1
17.420579,6888.6719,13004.3612,-5386.8536,2991.0005,1
17.424485,14136.2305,15992.3483,8514.2778,14059.2313,1
17.428391,2681.1523,1331.4369,-3827.4505,4700.9549,1
17.432297,12902.8320,-12985.9178,-5291.3568,6909.5890,1
17.446545,14729.9805,-15930.4767,10091.3681,14413.3723,1
17.450451,11681.6406,2863.7272,-5151.0278,6763.8564,1
17.454358,8917.4805,-2971.1068,2765.3643,5100.3043,1
17.458264,14792.4805,-15836.6501,9430.3120,14269.5856,1
17.462170,12432.6172,3737.4567,12397.7202,7910.3869,1
17.466076,-1062.9883,5009.4992,4882.4841,7099.2262,1
17.469983,15175.2930,-15860.5112,8611.9157,14853.8625,0
17.473889,15182.1289,-1618.8291,-1913.1871,12082.7635,0
17.477795,14939.4531,-12938.0742,1049.2040,-14864.0089,0
17.491061,15097.1680,-15821.6108,12548.1779,15042.4736,0
17.494967,13558.1055,-2114.8686,-11158.9909,10267.7857,0
17.498873,2939.9414,-14964.3089,-897.9933,-8868.4098,0
17.502780,15003.4180,-15937.9690,13112.3928,14644.8135,0
17.506686,-15565.4297,252.3736,-4547.2824,-15567.2975,0
17.510592,-9042.9688,-1002.4419,3111.1764,-897.4024,0
17.514498,15362.7930,15387.8563,12292.0380,15204.4104,0
17.518405,-8440.9180,-5609.7994,3287.8721,-9866.6358,0
17.522311,14957.5195,6950.1458,-12872.3464,-1001.9972,0
17.535995,15909.6680,15897.7871,-15308.4835,15617.1225,0
17.539901,-1938.4766,-4032.0297,11182.7539,2115.0583,0
17.543807,998.0469,14930.0198,7152.4148,-3180.9350,0
17.547713,-15761.7188,15291.9494,-12618.6740,-15546.9070,0
17.551620,9815.9180,-5656.3802,5560.8975,7160.6948,0
17.555526,-14933.1055,935.1870,1202.2627,4798.9742,0
17.559432,-14722.6562,15277.3331,-11556.0648,-14503.6843,0
17.563338,-11432.1289,-13769.8344,-2258.7948,-9237.9931,0
17.567245,5105.4688,10890.1064,7373.6265,12997.2355,0
17.580395,-14042.4805,14406.8874,-9743.9323,-13601.7411,0
17.584301,4070.8008,14659.8599,-9505.3102,3966.7894,0
17.588208,15140.1367,-2135.5784,-2695.9478,14493.3330,0
17.592114,-13472.1680,3644.8254,-9001.7139,-13114.7885,0
17.596020,8948.2422,9361.4059,15871.8573,-12555.3715,0
17.599926,7180.1758,7723.0173,3142.4808,-12782.2338,0
17.603833,-13159.6680,12114.3054,-9492.8862,-12504.0710,0
17.607739,-13799.8047,9439.8297,3723.0169,-7181.1739,0
17.611645,1187.5000,-4205.2994,-12818.4262,13046.1472,0
17.625154,-12964.3555,10973.1359,-10016.7903,-12469.7082,0
17.629061,-11299.8047,11043.4033,-4068.4655,-6555.5533,0
17.632967,1201.6602,6305.0004,-12950.4792,7060.0882,0
17.636873,-12901.8555,9713.1315,-12797.3710,-12529.5463,0
17.640779,15449.2188,9594.2996,3290.0325,-9086.2098,0
17.644686,-2815.4297,924.8468,-9182.8275,1090.1039,0
17.648592,-13159.6680,6086.4444,-12024.1535,-12879.8684,0
17.652498,13447.2656,14074.0444,3951.2603,-12913.3070,0
17.656404,-2845.7031,12136.4075,7036.7451,3142.9653,0
17.670126,-13620.6055,12516.1824,-14032.7169,-13180.3989,0
17.674032,1694.8242,13045.9399,11903.6326,4285.4190,0
17.677938,-6870.1172,13575.6974,-12951.8821,14914.0085,0
17.681844,-14066.4062,14105.4549,-15519.5118,-13590.5121,0
17.685751,-6307.1289,13280.1361,14147.0908,-2409.0970,0
17.689657,-8901.8555,6487.2059,-7129.9386,-14885.5609,0
17.693563,-14511.7188,2180.3660,-15794.6390,-14395.8969,0
17.697469,-10932.6172,14551.7202,2945.9582,-7906.8892,0
17.701376,15075.6836,7604.8949,7067.4639,-4928.7983,0
17.730150,-14769.5312,15006.1467,14211.3612,-15581.1427,0
17.734056,-12308.5938,-11747.5362,11271.4863,-11595.5199,0
17.737962,-4935.5469,6889.2249,-6620.9120,-14532.3317,0
17.741869,-15113.2812,15021.8258,11238.0954,7822.2811,0
17.745775,10314.4531,-15862.4521,-5247.8133,-6184.4554,0
17.749681,-2953.1250,8883.8435,-12257.2511,-9724.9986,0
17.753587,-15128.9062,15260.7262,13316.5608,-10603.9887,0
17.757494,11438.9648,-10125.0461,-12524.1871,-11482.9788,0
17.761400,-4969.7266,10905.5790,-10713.4300,-12361.9689,0
17.775109,-15457.0312,14885.8885,14008.0325,-15294.3687,0
17.779016,7813.9648,3651.2188,12783.2209,8020.4854,0
17.782922,13028.3203,-427.7137,-890.2654,931.9394,0
17.786828,-15582.0312,11200.0245,13539.4062,-15402.3362,0
17.790734,2938.4766,3994.5454,12623.0936,6927.0314,0
17.794641,1021.4844,-4085.9247,-12876.4518,4904.1147,0
17.798547,-15832.0312,7300.8944,13727.4607,-15139.0466,0
17.802453,4438.9648,3426.4537,-3425.5345,9311.5829,0
17.806359,-10984.3750,-11764.8160,10945.6267,8969.5651,0
17.821078,-15964.8438,15402.7621,12584.0799,-15672.8059,0
17.824984,1687.9883,-9775.0155,14794.9257,3610.3668,0
17.828890,13005.8594,14930.5092,14793.8707,-9015.5605,0
17.832797,-15847.6562,15518.1738,12597.0948,-15408.8735,0
17.836703,2437.0117,-8776.4371,13146.0664,4951.3066,0
17.840609,-5004.3945,4950.8398,918.6872,6876.9843,0
17.844515,15839.3555,15400.9534,12403.2615,-15831.8447,0
17.848422,-4438.9648,-12395.8619,-5466.3969,491.1998,0
17.852328,-1017.5781,-3043.7001,-13189.9700,-10947.9543,0
17.865542,15636.2305,12632.1231,14757.2297,15318.1169,0
17.869449,-4313.9648,6274.5450,-9008.3659,-4309.2921,0
17.873355,-3016.1133,-6188.1911,14616.6769,1338.1929,0
17.877261,15909.6680,4211.6534,12548.6805,15482.1659,0
17.881167,-1688.4766,7876.0869,4663.0303,157.7085,0
17.885074,8979.9805,-2263.5435,2631.7201,-625.8685,0
17.888980,15550.2930,6582.0861,9888.8697,15052.3887,0
17.892886,-7814.9414,5716.4749,-11788.0759,-9328.6300,0
17.896792,-11036.1328,-6251.4450,-1435.5902,-15017.3658,0
17.910975,15526.8555,15468.8632,11610.9871,-15831.6808,0
17.914882,-11315.9180,-10474.2299,1677.1942,-4734.7577,0
17.918788,-5033.6914,2920.9091,582.7871,-8750.9104,0
17.922694,15487.7930,15140.8018,9917.2870,15669.5191,0
17.926600,-8689.9414,-11347.7414,1404.2674,-3415.7107,0
17.930507,-7033.2031,10879.4669,-7515.2384,-12719.1465,0
17.934413,15503.4180,15246.3243,7833.6826,15558.4089,0
17.938319,-7814.4531,-9728.0985,-3703.2063,-5000.5477,0
17.942225,-7024.9023,-15011.7253,-5363.4788,1032.5177,0
17.955182,15394.0430,11508.0481,10427.7692,15430.2993,0
17.959088,-9813.4766,2593.8614,7055.8254,-6674.1270,0
17.962994,-12998.5352,-12416.8963,6736.3407,-4822.8231,0
17.966901,15644.0430,570.9577,10428.7730,15793.5829,0
17.970807,-8314.9414,4867.3125,-6394.5303,-1940.3597,0
17.974713,10952.1484,3000.0950,8630.5075,13003.5538,0
17.978619,15378.4180,13289.0130,9699.7438,15521.5096,0
17.982526,-5188.9648,5194.2747,-13859.4274,-4071.8484,0
17.986432,-1028.3203,2280.9567,8786.5025,-4979.2565,0
18.000087,15581.5430,14504.9450,12125.9293,15318.7301,0
18.003993,-3813.4766,4459.6349,-3842.6434,-6673.2620,0
18.007899,12986.8164,-1711.2707,-9080.6357,-4807.8395,0
18.011805,15683.1055,9331.0632,11331.1892,15829.1021,0
18.015712,-3937.5000,4501.3501,9529.0213,-2231.6705,0
18.019618,994.1406,-10814.6023,6694.9442,7084.5503,0
18.023524,15628.4180,303.3538,-15448.8494,15568.4157,0
18.027430,-6939.4531,3894.2763,6242.5371,-4742.8372,0
18.031337,-1024.4141,1667.2471,-7060.1217,-10950.9292,0
18.060202,15597.1680,15555.1409,-10256.6877,-6550.0118,0
18.064108,-5063.4766,-6217.0686,1632.4209,-5418.3196,0
18.068015,4983.3984,-12998.9138,-6278.5480,8414.6019,0
18.071921,15776.8555,15353.0490,-14966.4063,5041.4122,0
18.075827,-2688.9648,-9826.7627,2586.1677,3356.8465,0
18.079733,10980.4688,12875.5021,10648.6929,5994.3241,0
18.083640,15870.6055,15647.7262,6939.8796,7484.4088,0
18.087546,-3188.9648,-6217.1025,3231.0664,8974.4934,0
18.091452,2972.6562,-9024.9893,-477.7469,10464.5780,0
18.105228,15698.7305,12601.0149,-13530.8455,15578.8854,0
18.109134,-4188.4766,4499.6960,-221.4430,651.7788,0
18.113041,-3005.8594,2564.8078,-7188.4356,11039.4324,0
18.116947,15917.4805,13279.4928,15495.7446,15684.3492,0
18.120853,-1062.9883,4247.0108,-13939.1205,-1625.8092,0
18.124759,12999.5117,-7814.6829,866.1384,-9044.6130,0
18.128666,15917.4805,3585.4290,-14699.3709,-15704.7432,0
18.132572,-3938.4766,2824.2711,5397.0181,-2533.3841,0
18.136478,-1009.7656,-7256.3925,-9180.7803,1028.8252,0
18.150010,15651.8555,12333.2928,15357.1310,15616.1758,0
18.153917,-6189.4531,4527.1226,6692.7115,-5451.5369,0
18.157823,8969.7266,-586.0174,10845.1362,-6821.0869,0
18.161729,15753.4180,10993.0127,14716.8830,15737.1696,0
18.165635,-3439.9414,4606.8521,1414.2442,-2138.2722,0
18.169542,-7024.9023,-5278.1055,-7232.4071,-11052.6208,0
18.173448,15792.4805,5828.6237,13974.6910,-15720.5681,0
18.177354,-6188.9648,4689.2044,-3580.4505,3203.6130,0
18.181260,6987.3047,-9073.8003,-15019.9047,5034.2372,0
18.196649,15636.2305,15514.3135,12714.3220,15679.3060,0
18.200555,-8564.4531,-8031.6109,-3750.3393,-418.4478,0
18.204462,2981.4453,903.0481,14861.0481,1192.4727,0
18.208368,15769.0430,15577.5431,11273.8034,15611.2981,0
18.212274,-2938.9648,-704.4022,-6314.3439,-1629.8405,0
18.216180,-3025.3906,10893.3701,-8974.9124,-14584.6572,0
18.220087,15870.6055,15667.3216,9308.7275,15568.6133,0
18.223993,-313.4766,-4553.4991,6886.6117,-1185.2705,0
18.227899,14986.8164,6898.5660,-14962.2706,-919.2681,0
18.240163,15683.1055,14224.2277,12206.5639,15828.7377,0
18.244069,-6189.9414,3733.5053,-8899.7395,-4324.1396,0
18.247976,-11040.5273,-3598.3608,9058.1047,14992.2072,0
18.251882,15448.7305,8839.6936,12328.1736,15621.2460,0
18.255788,-9064.9414,4847.1090,-10409.2881,-3951.8493,0
18.259694,-11026.3672,-7988.4320,9014.6827,14989.3868,0
18.263601,15573.7305,2468.3789,10662.6332,15637.5147,0
18.267507,-6437.9883,4352.0353,-7801.1928,-3874.7079,0
18.271413,980.4688,-6629.2406,2827.7234,6992.2213,0
18.286183,15394.0430,15509.6913,11753.4322,15618.3885,0
18.290089,-6189.4531,-3910.6259,-637.9003,-2708.9901,0
18.293995,-1036.1328,-11029.5197,14929.3280,-4843.4994,0
18.297901,15479.9805,15401.6871,12392.5395,15670.4613,0
18.301808,-6689.4531,-7905.3033,-2421.4499,-2853.8608,0
18.305714,-13028.8086,-11037.3966,6718.9464,7052.9323,0
18.309620,15519.0430,15464.0916,11291.5854,15519.7080,0
18.313526,-8440.4297,-7031.9945,15315.3349,-5918.7560,0
18.317433,-9037.5977,-5032.3134,-13160.3454,10981.7788,0
18.345954,15464.3555,15589.2747,2457.1816,-5288.1610,0
18.349860,-8564.9414,-4740.4510,8661.2018,5238.6678,0
18.353766,-9042.9688,-12747.9944,15034.4462,14634.5503,0
18.357673,15558.1055,14397.3815,-2841.3851,-11215.8124,0
18.361579,-6314.9414,-7031.9214,-3367.1667,11017.5588,0
18.365485,-11028.8086,8305.9668,1943.2251,12282.3477,0
18.369391,15425.2930,15309.9583,7253.6170,13547.1365,0
18.373298,-8438.9648,-7028.0913,12564.0088,14811.9253,0
18.375201,15417.4805,3602.4091,15114.6821,15192.3073,0
18.377204,-15021.9727,7290.0851,5194.8672,1744.8631,0
18.379108,-10439.9414,-2800.1322,-4217.4494,-10610.2494,0
18.383014,-9026.3672,-5796.7276,-11358.8996,12996.4506,0
18.386920,15487.7930,6066.2617,12087.0758,15329.4839,0
18.390826,-10940.4297,3146.1969,10895.3519,-6413.3939,0
18.394733,4954.5898,-8348.1445,2455.9412,11013.5576,0
18.398639,15214.3555,4296.1182,13922.8925,14975.2958,0
18.402545,-12564.4531,3682.2305,-3053.2014,-14187.4740,0
18.406451,4986.8164,659.9636,14633.0241,14972.8238,0
18.421119,15519.0430,10999.4048,13910.0879,15282.6985,0
18.425025,-8063.9648,12220.7692,-10570.5380,-7402.9628,0
18.428931,-11019.0430,13442.1336,-7280.6747,-2872.5842,0
18.432837,15651.8555,14663.4979,11306.7907,15441.7912,0
18.436744,-8064.9414,4842.6872,-8713.1567,-6857.4761,0
18.440650,6968.7500,-882.0684,-11321.0369,3078.4118,0
18.444556,15628.4180,14062.1156,11410.4282,15470.7291,0
18.448462,-5313.9648,7955.1166,2307.9249,-5245.3693,0
18.452369,14978.0273,3408.2601,6835.3875,3010.3006,0
18.480016,15558.1055,15646.4415,10829.5651,5320.2650,0
18.483923,-6563.9648,-11635.2683,-2311.0173,-3048.4702,0
18.487829,2975.5859,-13019.7517,-1120.0293,7267.1198,0
18.491735,15503.4180,-15990.5306,8781.3267,3482.7201,0
18.495641,-7313.9648,-4089.2185,2083.2909,-2203.3071,0
18.499548,6970.7031,-7022.2908,6979.7947,2149.8012,0
18.503454,15581.5430,15660.2848,11104.2091,4231.9521,0
18.507360,-6814.4531,-6145.3891,12981.0703,6314.1031,0
18.511266,-3015.6250,-13012.9445,4983.7602,8396.2540,0
18.525159,15800.2930,12128.5429,12191.8876,15609.4035,0
18.529065,-3188.4766,3582.4331,-12204.4467,-6135.7220,0
18.532971,-1009.2773,79.0829,-14995.0001,-14762.5691,0
18.536878,15550.2930,12127.7778,12049.9931,15575.6641,0
18.540784,-8314.4531,4022.3365,-2437.0575,-5355.9924,0
18.544690,-11021.4844,-3267.0101,10864.8618,5050.4470,0
18.548596,15597.1680,8288.7971,11268.2473,15488.2314,0
18.552503,-6939.4531,5084.3900,12034.3066,-2670.6791,0
18.556409,-3026.8555,-2385.1550,8868.1320,14989.5227,0
18.570131,15628.4180,13464.9479,11077.4851,15602.9251,0
18.574037,-6938.9648,4196.4146,9402.4682,-6227.4805,0
18.577944,-15021.4844,-5258.4583,737.2615,7038.6211,0
18.581850,15542.4805,6096.5040,10394.3734,15650.3071,0
18.585756,-3313.4766,6045.0303,1553.8350,833.7621,0
18.589662,-3016.1133,-6257.7404,14766.0258,-14827.0985,0
18.593569,15808.1055,3198.4770,9996.0866,15589.9845,0
18.597475,-3688.9648,5499.3581,-3433.1547,-2331.4552,0
18.601381,14983.8867,-39.8105,14679.6771,-4980.1014,0
18.615162,15878.4180,13541.2827,11245.6377,15313.4024,0
18.619069,-3313.4766,10004.5941,-3214.1904,-4969.1480,0
18.622975,-4999.0234,-6388.0886,14556.5110,1215.3122,0
18.626881,15940.9180,-4799.3502,10587.5514,15467.6445,0
18.630787,-2688.9648,9441.5065,2440.9227,-3062.6008,0
18.634694,-15033.6914,-1947.8920,-11293.1314,-2712.7864,0
18.638600,15378.4180,9424.5012,9636.8870,15627.8499,0
18.642506,-7314.9414,9371.9491,8504.5571,-13.7085,0
18.646412,-1033.6914,267.6913,-15427.5379,11007.0849,0
18.660132,15542.4805,15185.0705,9823.6013,15308.1158,0
18.664038,-7188.9648,9361.9438,-14263.9538,-8569.2080,0
18.667944,8982.9102,-7518.4802,534.9909,3103.1357,0
18.671850,15636.2305,-1269.1482,9393.4259,15277.1875,0
18.675757,-7814.4531,8361.1741,14601.8513,-9373.2544,0
18.679663,10973.6328,-12824.1552,415.7246,-2826.4675,0
18.683569,15651.8555,-7169.6325,7099.0566,15390.5917,0
18.687475,-5563.9648,9200.5031,-7932.8755,-5991.7678,0
18.691382,10972.1680,-9238.9188,-3429.4161,-10935.3344,0
18.705248,15323.7305,11821.5978,9897.7134,15754.3280,0
18.709155,-9314.4531,4313.8911,11737.4427,-5489.1013,0
18.713061,960.9375,-8875.2216,-15350.7039,14971.1682,0
18.716967,15409.6680,2366.6381,8889.4410,15163.0388,0
18.720873,-8064.9414,4895.8897,3633.0194,-10642.9256,0
18.724780,4971.6797,-254.6617,-11389.7983,7053.1796,0
18.728686,15675.2930,10362.2617,9510.4472,15346.8855,0
18.732592,-4437.9883,2944.8686,13161.1151,-7592.8268,0
18.736498,-15011.7188,2812.9910,10700.2671,14986.9411,0
18.750151,15503.4180,15474.3902,10704.3508,15317.7500,0
18.754057,-7313.9648,3661.4204,-13223.0325,-8862.3476,0
18.757963,971.6797,2797.8937,8768.5333,-867.6452,0
18.761870,15565.9180,15263.7376,10099.6395,15440.8724,0
18.765776,-4688.9648,4336.5817,618.6111,-4965.4456,0
18.769682,-11023.9258,-8217.3912,-9145.9456,5081.9604,0
18.773588,15706.5430,3050.3397,14818.7886,15394.3584,0
18.777495,-1687.9883,7284.4950,-13127.8979,-7396.0788,0
18.781401,14987.3047,6506.1896,3018.4911,-2971.3247,0
18.810160,15745.6055,15495.0001,-152.2704,4615.3969,0
18.814067,-3188.9648,-6389.9730,11224.5916,-9514.3618,0
18.817973,-3015.6250,-5020.0864,-4046.4469,1626.2368,0
18.821879,15894.0430,15519.9087,-9824.1444,4248.7233,0
18.825785,-2438.9648,-4651.3281,2143.1651,3534.4035,0
18.829692,-1027.8320,-12943.6614,7254.0956,13467.7196,0
18.833598,15597.1680,15673.8306,3856.5137,14394.2007,0
18.837504,-3563.9648,-4030.9857,458.9319,15320.6817,0
18.841410,-15012.6953,2921.0104,-2938.6500,9839.0064,0
18.855082,15917.4805,15714.4677,-14790.5314,-1312.8414,0
18.858988,-4813.9648,-6767.8477,-13478.7462,-5181.3669,0
18.862895,2970.2148,-11027.2220,-15057.8483,11396.5701,0
18.866801,15370.6055,15462.9790,12974.5673,-451.7008,0
18.870707,-8438.9648,-7764.7036,6941.1584,-238.9582,0
18.874613,2979.4922,965.3125,10816.2979,2586.2510,0
18.878520,15667.4805,15776.8082,14973.2073,4612.4710,0
18.882426,-5938.9648,-5269.8586,-10542.7447,6638.6910,0
18.886332,-11014.6484,12935.5098,8777.6582,8664.9110,0
18.900116,15612.7930,15296.0330,14852.6424,15575.4563,0
18.904022,-5813.9648,4267.6017,10262.7645,-3964.5468,0
18.907928,-13019.0430,-7166.7217,-5221.5831,5106.3998,0
18.911835,15815.9180,4301.4232,13884.6978,15625.9123,0
18.915741,-4689.4531,4559.2958,13387.6646,-3572.3594,0
18.919647,14981.9336,-53.3867,688.8557,7074.7074,0
18.923553,15729.9805,11283.4184,11546.3428,15469.5336,0
18.927460,-5564.4531,5595.5362,-10825.1426,-4481.4300,0
18.931366,-9024.4141,3074.5585,-11226.5897,3025.2403,0
18.946038,15620.6055,15573.5046,10859.6965,14850.0996,0
18.949945,-4312.9883,37.0632,-6230.7507,-4991.3775,0
18.953851,992.1875,-6421.7116,-13170.6623,-11547.5281,0
18.957757,15909.6680,10992.7245,9381.0200,14785.4667,0
18.961663,-4439.4531,-865.7214,6067.8059,-5128.9465,0
18.965570,2972.6562,-11401.9053,8768.5728,-9663.2898,0
18.969476,15690.9180,9597.1154,7783.5023,14702.9663,0
18.973382,-5314.9414,1073.3644,-9987.9060,-5334.1496,0
18.977288,-7025.3906,-2982.3863,2870.3431,-768.2019,0
18.990098,15597.1680,12736.5593,9329.0043,15157.7890,0
18.994004,-7188.9648,5548.8625,15662.1407,-10408.6868,0
18.997911,14972.6562,-2247.6834,2879.1308,5076.4638,0
19.001817,15737.7930,8572.7736,9577.7305,15309.0862,0
19.005723,-2188.9648,6003.1655,-9794.0811,-3829.8320,0
19.009629,12980.9570,245.8893,4792.0199,7067.6584,0
19.013536,15823.7305,10840.8864,8235.3658,15597.9962,0
19.017442,-3563.9648,5022.4987,7545.4660,-4424.6894,0
19.021348,12976.0742,-7388.4540,2771.1648,-2957.5362,0
19.035204,15425.2930,12320.5540,9527.9148,15692.9957,0
19.039110,-9564.4531,2812.0515,4857.4834,-1789.6414,0
19.043016,-13031.2500,-4306.9659,-9115.0242,13013.8924,0
19.046922,15612.7930,8387.6107,10886.9064,15657.3159,0
19.050829,-5314.4531,3452.2677,9643.3156,-3008.2788,0
19.054735,8975.5859,2287.1729,4675.9488,14986.4297,0
19.058641,15769.0430,14192.5796,9456.5997,15745.6363,0
19.062547,-6565.4297,3131.2622,13002.5898,-1270.5703,0
19.066454,6959.9609,-10001.7660,4744.9473,3025.5892,0
19.080285,15706.5430,10546.6412,12842.3728,15372.7942,0
19.084191,-4065.4297,9255.5741,15494.6745,-4283.5729,0
19.088097,-3043.4570,-1411.8461,-1156.0144,9169.9244,0
19.092003,15456.5430,9595.1288,12597.8603,14874.7033,0
19.095910,-8939.4531,8617.0181,-3086.7150,-8040.0173,0
19.099816,-15030.7617,-2459.1125,10586.2515,5287.2933,0
19.103722,15472.1680,10995.7584,12589.7397,14820.7746,0
19.107628,-5563.9648,9120.5300,14286.0344,-6465.7202,0
19.111535,2969.2383,-6183.1446,14575.1127,9027.9541,0
19.125097,15558.1055,11986.1167,13965.4468,15157.1448,0
19.129003,-5938.9648,5988.2857,-10209.1427,-5338.5921,0
19.132910,2972.1680,3234.3595,-9344.3043,-6693.1427,0
19.136816,15659.6680,14177.9202,12403.9654,15582.1103,0
19.140722,-2564.4531,4318.1976,10031.2163,-853.0941,0
19.144628,6967.7734,-5132.7726,10469.3794,5140.2001,0
19.148535,15683.1055,6763.8562,14480.9907,15477.2605,0
19.152441,-2438.4766,7608.7665,-9900.6782,-3724.0201,0
19.156347,-13025.3906,-3300.0051,14640.3887,10991.4394,0
19.170066,15519.0430,4048.2073,12661.4348,15247.5523,0
19.173973,-5063.4766,7094.6978,-3720.8045,-6735.9638,0
19.177879,4986.8164,10141.1882,-11315.0991,-788.3720,0
19.181785,15862.7930,13187.6787,10483.1529,15564.5011,0
19.185691,-1938.4766,12368.7714,-15415.4390,-2090.7805,0
19.189598,-15020.9961,-5603.8378,4608.8634,5139.0319,0
19.193504,15769.0430,-5002.7773,9993.9432,15493.8049,0
19.197410,-3313.9648,12005.9899,-4194.0812,-4488.8266,0
19.201316,-7009.2773,-6640.0218,698.0857,1039.8844,0
19.231203,15808.1055,15653.4918,9853.9779,-414.0192,0
19.235109,-5063.9648,-5140.3737,-9429.6218,526.2857,0
19.239016,-9011.7188,-13019.6170,803.1488,13558.6879,0
19.242922,15776.8555,15319.3439,8288.4032,-6419.2975,0
19.246828,-6563.9648,-10628.0932,3947.8563,-10833.9886,0
19.250734,6977.5391,953.0077,14745.3290,-7724.4621,0
19.254641,15581.5430,15508.2139,9634.4571,-3961.9167,0
19.258547,-6188.9648,-7884.1967,-6586.2063,-199.3713,0
19.262453,2975.5859,14921.6635,-7135.3630,3563.1742,0
19.275168,15722.1680,15565.3586,10273.2719,15579.2937,0
19.279074,-3688.9648,5534.4286,-8942.5601,-1637.1171,0
19.282980,10971.1914,-4283.7826,-5116.5324,3131.4902,0
19.286886,15550.2930,5807.0991,10654.9855,15604.3288,0
19.290793,-6564.9414,3232.7096,-5215.4522,-2983.9395,0
19.294699,-13040.5273,1056.9913,-9105.5370,-6786.3412,0
19.298605,15472.1680,14214.6551,10016.2966,15396.1246,0
19.302511,-4563.4766,5541.5910,13279.1547,-2283.9456,0
19.306418,14984.8633,-4222.0492,6832.9149,-10933.2343,0
19.320081,15651.8555,12705.1704,10622.4857,15406.6335,0
19.323988,-5688.4766,3638.6733,-10542.2407,-5724.0837,0
19.327894,6994.6289,913.6083,8705.0692,13011.5194,0
19.331800,15933.1055,13230.7072,10106.6986,15467.0095,0
19.335706,-187.5000,3612.2420,1623.1167,-5892.4900,0
19.339613,13006.3477,-6046.9789,-13159.5389,8707.5015,0
19.343519,-15918.4570,6151.1925,9873.0464,-15773.3446,0
19.347425,-3813.9648,4669.0548,-4593.4822,2845.6949,0
19.351331,10982.4219,1810.9721,-7320.3549,-4951.3331,0
19.365183,15409.6680,14900.5623,11217.7336,15224.4991,0
19.369089,-10689.4531,1931.3148,-9168.5243,-3253.9922,0
19.372995,-3027.3438,-7935.9143,10631.2456,13055.1686,0
19.376901,15573.7305,5581.2341,10697.9227,15181.0838,0
19.380808,-7189.9414,5804.6206,-175.6874,-5113.9510,0
19.384714,-7030.2734,-3809.0699,4566.8652,-6408.4424,0
19.388620,15511.2305,6381.2531,9005.5881,15308.1868,0
19.392526,-7063.4766,5038.1536,12847.3904,-3827.1255,0
19.396433,-11005.3711,-9881.9434,-9462.4708,-8830.9601,0
19.410152,15706.5430,9846.3109,9755.1538,15639.9630,0
19.414059,-6813.9648,10459.6837,11755.1544,225.5340,0
19.417965,8977.0508,-6852.2047,4506.3576,3164.1250,0
19.421871,15667.4805,-6774.9584,9689.3858,15560.5784,0
19.425777,-1562.9883,9898.9774,15770.6215,-2199.7324,0
19.429684,10991.6992,-3969.2728,-13519.4975,-2746.6562,0
19.433590,15878.4180,3453.5960,7317.8500,15662.4633,0
19.437496,-1687.5000,9899.5680,-6360.4882,-2076.5054,0
19.441402,14993.1641,-6226.2134,12525.5694,-2937.2271,0
19.455064,15651.8555,11934.8737,9818.1706,15414.4828,0
19.458970,-3062.9883,4506.6283,-11186.8087,-3885.4077,0
19.462876,995.1172,-10377.5842,-5339.0549,9083.5715,0
19.466782,15823.7305,1419.6000,9151.8636,15516.5539,0
19.470689,-4814.4531,3050.1807,-12525.9750,-6282.8965,0
19.474595,4956.5430,2095.7889,8578.4703,-12633.7121,0
19.478501,15229.9805,13327.6492,9694.2579,15281.1768,0
19.482407,-10439.9414,2335.3225,4930.2010,-6791.9978,0
19.486314,12961.4258,563.4349,8695.7851,12972.9974,0
19.500042,15612.7930,14550.9169,10734.5919,15151.8810,0
19.503948,-2813.4766,5938.5335,-580.3543,-7577.0789,0
19.507854,12988.7695,4870.8704,-3254.2394,1181.7976,0
19.511760,15745.6055,15335.8797,9922.6193,15279.8347,0
19.515667,-7314.4531,4797.6803,2253.6809,-10735.7960,0
19.519573,4975.0977,-1288.9226,-13279.6082,5108.1045,0
19.523479,15714.3555,10063.1160,12623.1411,15365.4712,0
19.527385,-4063.9648,5499.8087,14113.8048,-2985.3132,0
19.531292,10973.6328,3393.3838,-11038.6432,3013.2939,0
19.560090,15597.1680,15403.7395,14085.2683,15444.6807,0
19.563996,-5563.9648,3539.0442,-13314.9735,-5333.4150,0
19.567902,-3011.2305,-8323.2678,-6960.3902,-6770.6661,0
19.571809,15683.1055,3786.3170,15029.6159,15270.9547,0
19.575715,-6814.4531,4204.6879,-12712.0669,-7772.7593,0
19.579621,-1021.9727,-4596.6831,-11119.9074,-14678.5046,0
19.583527,15644.0430,6796.7683,-15778.3412,15324.5601,0
19.587434,-3938.9648,2629.7871,10832.3256,-5338.5669,0
19.591340,-3026.3672,-7198.7706,-15099.1522,-9030.8184,0
19.605164,15495.6055,15753.5635,-15573.6746,-279.4900,0
19.609071,-7688.4766,-7582.3894,1707.6512,-4703.9088,0
19.612977,8988.2812,-5034.1963,-7093.2585,13159.1517,0
19.616883,15604.9805,15557.1356,12640.4265,829.8644,0
19.620789,-6063.9648,-4968.5666,6889.8348,-4542.8319,0
19.624696,-11019.0430,4935.9092,4789.4543,-2653.1385,0
19.628602,15729.9805,15447.4357,14264.8295,58.8312,0
19.632508,-3813.9648,-8454.2188,6484.9029,2770.8010,0
19.636414,-9019.0430,-7029.5258,-13174.7099,5482.7708,0
19.651151,15769.0430,15690.6237,14107.5221,15463.9808,0
19.655057,-2938.4766,-2616.9969,-14445.3558,-3489.6021,0
19.658964,6981.9336,-7021.9380,-9261.4740,3110.1338,0
19.662870,15659.6680,15469.1399,12397.2899,15219.8728,0
19.666776,-5188.4766,-6104.3189,-4300.7150,-6646.6618,0
19.670682,2985.3516,-7017.2379,12613.4427,-2805.0557,0
19.674589,15722.1680,15624.8478,10998.1480,15243.2505,0
19.678495,-5564.4531,-6600.7625,-13552.7046,-5127.9616,0
19.682401,-5027.8320,14893.6967,-1336.7704,10996.3828,0
19.696821,15675.2930,15604.3215,10032.9153,15058.9223,0
19.700727,-438.4766,-6353.7865,1677.7983,-4436.8181,0
19.704633,14975.0977,12894.7872,-15076.8661,-418.7899,0
19.708540,15722.1680,15516.9201,8517.3262,15070.7969,0
19.712446,-3688.4766,-5730.5461,-3849.7408,-2434.5615,0
19.716352,990.2344,-10992.9771,-5116.4875,1539.0530,0
19.720258,15964.3555,15470.4114,6896.6646,15266.5671,0
19.724165,-2063.4766,-8595.6506,-8921.7540,-2940.7995,0
19.728071,10991.2109,-13002.7061,-15256.3162,-12690.9928,0
19.740197,15604.9805,11724.7898,7479.4885,15497.7241,0
19.744103,-7813.9648,4128.6569,14408.3242,-4215.3359,0
19.748010,-9018.0664,-8107.7443,10681.4156,-6781.1079,0
19.751916,15581.5430,3524.1862,7864.0464,15522.5915,0
19.755822,-6188.9648,4004.7733,10180.2445,-4659.7880,0
19.759728,-4999.0234,-1221.0282,12624.8103,11047.2872,0
19.763635,15995.6055,10436.7624,6408.2501,15580.1912,0
19.767541,-4189.4531,3227.9255,11489.7164,-8250.7579,0
19.771447,-13026.8555,1054.6966,-1330.2560,10989.7806,0
19.785121,15878.4180,14834.9786,7163.8192,15544.0947,0
19.789028,-2063.9648,4440.0576,6589.5511,-4417.4175,0
19.792934,-15018.5547,-10831.7608,-11208.5351,-14727.4941,0
19.796840,15745.6055,318.8599,9028.8120,15399.7748,0
19.800746,-4313.9648,5704.9402,9859.3629,-6251.3087,0
19.804653,981.9336,-4740.0067,-1432.5961,13013.8742,0
19.808559,15698.7305,5220.5310,8055.2864,15533.2273,0
19.812465,-6813.9648,6225.9599,13020.4051,-5338.3423,0
19.816371,10980.9570,-2111.5018,10687.7360,4990.9357,0
19.846102,15714.3555,14445.6854,11630.9586,14289.2487,0
19.850009,-6563.9648,2968.2947,-1573.4970,-8941.3139,0
19.853915,2983.8867,-885.5677,4859.5305,1670.5333,0
19.857821,15698.7305,11241.2553,11393.9676,14416.0400,0
19.861727,-6438.9648,1548.4933,-12183.5447,-7060.2709,0
19.865634,12987.3047,-2164.3778,818.5726,3580.8395,0
19.869540,15675.2930,11354.8883,12045.2133,14732.3085,0
19.873446,-7314.4531,4969.1783,5285.1968,-1018.7674,0
19.875227,15573.7305,-4490.8585,13010.4121,15666.8153,0
19.877352,967.7734,14080.3293,-4863.8665,11234.6440,0
19.879134,-4563.9648,-9312.0925,7114.4172,-5145.3385,0
19.883040,-5019.5312,-9659.7058,-13399.4764,-12724.1003,0
19.886946,15659.6680,-280.3869,11330.3853,15457.9341,0
19.890852,-4939.4531,4514.3573,-13340.0911,-4918.4533,0
19.894759,2972.6562,-11095.2224,-11421.6537,-14714.0996,0
19.898665,15815.9180,-356.9294,12558.3212,15321.4242,0
19.902571,-3688.9648,5584.8746,-11682.4334,-6032.7422,0
19.906477,6978.5156,-7931.0869,4434.4934,-2961.1986,0
19.921181,15644.0430,1803.3717,12580.9333,15407.2120,0
19.925087,-5438.9648,5755.0656,12547.8521,-5676.8931,0
19.928993,12981.4453,9706.7596,14599.6547,-12577.7529,0
19.932900,15706.5430,13658.4535,11226.1608,15483.7068,0
19.936806,-6689.9414,5671.8483,-7417.7023,-3342.3792,0
19.940712,-3026.3672,2466.2731,6638.7373,11061.9743,0
19.944618,15745.6055,13091.4834,10780.6507,15373.9649,0
19.948525,-2438.4766,4612.6078,9752.7952,-3095.7387,0
19.952431,975.5859,-8066.1325,-3290.6905,3020.3694,0
19.981066,15565.9180,15354.7286,10136.7918,-5326.1759,0
19.984972,-7689.9414,-8014.4710,-9699.7087,2738.2672,0
19.988878,10972.6562,2945.2106,-9193.7380,13423.8623,0
19.992785,15581.5430,15531.2460,8937.2115,-3824.6021,0
19.996691,-12190.9180,-6018.3213,8534.7812,-12565.4917,0
20.000597,-7036.6211,-3040.1575,-7048.7404,-8689.7512,0
20.004503,15644.0430,15362.5232,9694.7507,-4814.0107,0
20.008410,-4064.4531,-7889.6544,-6730.7051,-938.2703,0
20.012316,-13034.6680,934.6399,4752.5106,2937.4702,0
20.025121,15628.4180,13506.1983,8138.8233,15450.9502,0
20.029027,-1562.9883,6427.9198,13378.0230,-5482.3021,0
20.032933,-2977.0508,-3731.2016,-7200.4217,-11050.9538,0
20.036840,-15512.2070,5483.3813,8305.8324,-15835.0798,0
20.040746,-1189.4531,5194.0930,-12687.6632,-4148.6947,0
20.044652,959.9609,-9199.7540,-3165.2254,-14786.1063,0
20.048558,15362.7930,1275.2433,9567.1814,15576.7816,0
20.052465,-9440.4297,2208.9837,4057.1797,-3172.7865,0
20.056371,-3036.6211,-3871.4313,10819.2688,-984.5327,0
20.070129,15706.5430,13913.8895,9903.6691,15762.3668,0
20.074036,-6189.9414,6377.3658,-10073.3426,-3997.7613,0
20.077942,-9036.1328,4732.7474,-3297.8635,5059.3251,0
20.081848,15456.5430,15324.1600,10035.6092,15732.8142,0
20.085754,-5313.9648,6441.2399,296.1264,-2903.9472,0
20.089661,4977.0508,-9200.7497,6747.7043,-14787.3869,0
20.093567,15815.9180,-526.0695,9308.2662,15823.0000,0
20.097473,-1313.4766,7446.3537,10285.1565,878.3678,0
20.101379,6979.9805,-3450.2114,8701.7061,-6970.5655,0
20.116109,15933.1055,15710.7622,11261.0442,15583.0476,0
20.120016,-938.4766,-4652.0887,-7236.1527,-2606.1951,0
20.123922,-5006.8359,-10992.1598,14648.7738,-6786.9331,0
20.127828,15698.7305,15666.7233,11052.0266,15347.8546,0
20.131734,-7688.9648,-7022.8685,1374.2549,-5956.6601,0
20.135641,6988.7695,14964.0773,-5436.9913,5074.4414,0
20.139547,15878.4180,15861.2609,9900.2766,15366.6411,0
20.143453,-4439.4531,-4528.0356,4552.1061,-7097.5835,0
20.147359,982.4219,-11022.1581,6554.4908,14896.5901,0
20.160187,15901.8555,10935.7786,11285.9831,-15823.1373,0
20.164093,-1187.5000,9844.3767,1585.7731,-1064.4998,0
20.167999,12996.5820,1781.5993,10530.8239,11030.7637,0
20.171906,15769.0430,15101.2222,10716.4659,15482.2651,0
20.175812,-3938.9648,7999.1569,2926.5000,-1204.9332,0
20.179718,-13014.6484,-8127.5111,4454.4284,-15015.1977,0
20.183624,15769.0430,1133.0030,8043.3144,-15790.6933,0
20.187531,-6564.4531,9908.8841,1412.7594,-2446.2351,0
20.191437,-11020.0195,-7064.9084,-3336.5514,9011.9363,0
20.205078,15761.2305,11182.0358,10802.2001,15545.5869,0
20.208985,-2813.4766,4486.7344,-10191.7932,-2786.1181,0
20.212891,-9004.3945,-8576.5914,-11236.6055,8674.6615,0
20.216797,-15925.7812,2890.3437,10970.5065,-15769.2038,0
20.220703,437.0117,6033.6047,10427.5704,-1854.9724,0
20.224610,971.1914,2126.5938,12626.4257,-4761.0578,0
20.228516,15472.1680,11310.8492,10784.9769,15404.0704,0
20.232422,-6564.4531,5034.6064,10920.1301,-5302.8220,0
20.236328,-9021.4844,2460.9254,6689.0814,14964.3743,0
20.251007,15784.6680,15655.8797,11164.1068,15258.9134,0
20.254913,-3313.9648,-8769.3849,2026.2566,-4711.5123,0
20.258819,4976.0742,-1037.4531,-13188.7536,-14593.8829,0
20.262725,15604.9805,15511.6459,10731.6574,15318.7690,0
20.266632,-5188.9648,-6523.3038,-14210.2139,-4439.8503,0
20.270538,-15024.4141,-5043.3639,-15207.0757,13014.3506,0
20.274444,15698.7305,15356.0065,13739.2056,15547.6905,0
20.278350,-3689.4531,-8769.8793,-11313.9953,-1585.0227,0
20.282257,-1022.9492,-3033.2429,-5003.9799,-2950.8864,0
20.310194,15698.7305,15498.0587,14756.7757,5589.8025,0
20.314100,-3312.9883,-11010.4588,4356.3598,833.2338,0
20.318006,10989.7461,-15026.4556,-2834.9736,11156.7441,0
20.321912,15612.7930,15440.2348,15044.1637,5067.0191,0
20.325819,-8314.9414,-9014.1096,-12370.8792,-5424.1662,0
20.329725,-5028.3203,-11033.5162,12698.6157,-1799.8783,0
20.333631,15628.4180,15425.1157,-15476.4145,4771.0812,0
20.337537,-5564.4531,-6144.6191,-14720.4505,11342.0406,0
20.341444,-7020.9961,10931.7879,-1122.6891,8752.6968,0
20.355079,15784.6680,15622.3298,-15341.4910,-5350.9335,0
20.358986,-3564.4531,-2604.9025,-2561.0168,-14103.3595,0
20.362892,-3034.1797,-14965.6989,844.4124,10623.0091,0
20.366798,15417.4805,15449.6859,11960.7577,110.1273,0
20.370704,-8439.9414,-5218.5898,2515.0917,3679.6560,0
20.374611,-13030.2734,8899.2081,806.1488,6145.5709,0
20.378517,15581.5430,15419.1444,14881.5916,7542.6825,0
20.382423,-7188.9648,-6713.3595,7219.0654,8939.7941,0
20.386329,-9020.9961,-15000.5664,14721.3818,10336.9057,0
20.401192,15378.4180,15444.0880,12563.9947,15420.1812,0
20.405099,-8063.9648,-5345.3548,-12187.0482,-2640.6898,0
20.409005,4967.7734,14884.7191,-1301.0758,-8731.9728,0
20.412911,15448.7305,15571.0560,12047.6109,15658.5979,0
20.416817,-5813.9648,-5594.3026,11255.1281,-597.3074,0
20.420724,6971.6797,-15001.5989,-3392.8304,7098.3096,0
20.424630,15729.9805,15265.6159,9540.9525,15786.7532,0
20.428536,-3938.9648,-6092.8343,9244.6311,201.2570,0
20.432442,-9016.1133,12881.5608,-13354.2661,-8933.7953,0
20.446354,15745.6055,15358.8419,9281.0396,14531.7727,0
20.450260,-2938.4766,-3898.3238,-9767.7452,-639.4983,0
20.454167,-1012.6953,11751.9120,-3314.2271,3953.9890,0
20.458073,15589.3555,15406.1897,8592.4121,14114.0018,0
20.461979,-7564.4531,-1972.2852,-13059.5827,-5785.6189,0
20.465885,-3019.0430,-3305.6116,2751.4604,-10822.4287,0
20.469792,15745.6055,13024.2961,7254.5455,14357.6925,0
20.473698,-5188.9648,-3108.5837,-14560.7614,-3553.9237,1
20.477604,976.0742,11873.8383,618.5246,-10394.7202,1
20.490288,15792.4805,15676.3890,8298.6821,15722.6172,1
20.494194,-2064.4531,5819.9439,14642.6169,-1370.7987,1
20.498100,8972.6562,-5715.7503,6694.3652,-6793.1182,1
20.502007,15573.7305,4065.9943,8145.8591,15455.7150,1
20.505913,-5687.9883,3074.2374,-14246.5292,-4915.0323,1
20.509819,-9007.8125,-1475.7497,2748.6344,-14699.2685,1
20.513725,15761.2305,11135.8429,7385.0808,15763.5837,1
20.517632,-3938.4766,4274.5499,-796.2130,-4157.8988,1
20.521538,2974.6094,-4152.3974,4727.1345,-977.6587,1
20.536162,15433.1055,15587.5339,8623.6506,15340.2691,1
20.540068,-8313.9648,-7396.2197,-15525.6949,-6690.7119,1
20.543975,12982.9102,-11012.3251,6770.8536,13033.1514,1
20.547881,15573.7305,15648.5885,9544.3808,15462.4190,1
20.551787,-1812.9883,-3028.7524,1141.8125,-4026.4590,1
20.555693,4976.5625,12938.6610,-9323.5217,-10684.4094,1
20.559600,15690.9180,15568.8416,8899.1224,15646.1835,1
20.563506,-5313.9648,-5025.2335,8124.3351,-2025.3357,1
20.567412,10981.9336,-1022.7353,-9255.8376,10996.3032,1
20.580285,15769.0430,13713.9511,12265.4738,14921.1526,1
20.584191,-1562.9883,4857.6029,8451.3318,-3349.9544,1
20.588097,6992.1875,-2664.0484,-9198.2665,15029.1745,1
20.592003,15956.5430,7997.0745,11275.5627,15309.0400,1
20.595910,-2689.4531,3914.0089,-9381.3727,-1454.6103,1
20.599816,-9035.6445,4038.1741,8616.2947,11167.1580,1
20.603722,15581.5430,14428.9164,12688.4140,15150.4337,1
20.607628,-3438.4766,4276.6907,4275.6097,-3542.2131,1
20.611535,-5010.7422,5459.6971,2637.2985,-2790.9335,1
20.624973,15558.1055,15535.9689,13377.5842,15796.9176,1
20.628879,-6187.9883,4158.5139,2907.8613,506.1654,1
20.632785,-11001.9531,-7829.0612,2562.8248,7088.8638,1
20.636692,15792.4805,3820.1891,11472.7537,15475.4759,1
20.640598,-3813.4766,5735.5252,-8471.1380,-6589.1243,1
20.644504,-5008.7891,-237.4273,-7540.8824,3120.7928,1
20.648410,15925.7812,9585.8105,13149.6905,15677.8149,1
20.652317,562.0117,3313.4300,12398.4430,-3455.7308,1
20.656223,-13020.5078,-1448.6126,6601.2741,6996.4455,1
20.671114,15558.1055,9966.0990,12686.1397,15420.8661,1
20.675020,-7814.9414,11466.5458,14396.0833,-7851.9608,1
20.678926,-11023.4375,12966.9926,4620.0046,-12819.2607,1
20.682833,15612.7930,14467.4395,10745.1861,15284.7209,1
20.686739,-8689.4531,12823.9866,-15780.1475,-10424.3104,1
20.690645,12987.3047,-3012.7754,12574.2501,9016.1668,1
20.694551,15901.8555,13337.4977,11111.5391,15328.1374,1
20.698458,-3562.9883,12657.1350,-8169.6603,-6561.8429,1
20.702364,12986.8164,-4928.6360,10662.4959,10978.1444,1
20.730123,15644.0430,15730.1609,10264.9261,325.0194,1
20.734029,-5188.9648,-58.3129,6759.6693,-13120.3702,1
20.737935,-15028.8086,6845.2098,4452.8167,2366.4592,1
20.741841,15276.8555,15614.5932,4096.0263,5950.3486,1
20.745748,-12691.8945,3384.6650,13073.3099,-706.9139,1
20.749654,12916.0156,-10808.8993,-1903.5884,-92.5161,1
20.753560,14291.9922,14990.7231,84.9070,1837.9842,1
20.757466,-2323.7305,-2153.7896,71.9462,3768.4845,1
20.761373,-13218.7500,-2985.7869,5979.6862,5698.9848,1
20.775178,12518.5547,13760.6819,0.0000,12456.6287,1
20.779085,5296.3867,8457.2375,0.0000,7786.5608,1
20.782991,10742.1875,393.3993,0.0000,6799.2270,1
20.786897,11783.6914,-8520.5058,0.0000,11726.4360,1
20.790803,-7455.5664,-3160.1428,0.0000,-5764.8799,1
20.794710,14737.7930,2806.9485,0.0000,858.5983,1
20.798616,11916.5039,-8738.4572,0.0000,11904.6895,1
20.802522,-2203.1250,-717.7425,0.0000,-1099.2002,1
20.806428,6762.6953,12624.8899,0.0000,-3176.3642,1
20.820235,12291.9922,-10138.1333,0.0000,12483.8968,1
20.824141,6423.8281,-3792.3386,0.0000,7255.9796,1
20.828048,-15221.1914,5693.8101,0.0000,2881.8926,1
20.831954,12518.5547,-3769.2859,0.0000,12601.5702,1
20.835860,12550.2930,-8186.2719,0.0000,12132.2833,1
20.839766,-9206.0547,-9302.1625,0.0000,-5017.3599,1
20.843673,12620.1172,-13420.1963,0.0000,12865.1819,1
20.847579,11801.2695,-7867.8519,0.0000,11582.4396,1
20.851485,-5160.1562,-2207.4444,0.0000,14843.1823,1
20.866070,13315.4297,-12340.7183,0.0000,13252.7139,1
20.869976,-10948.7305,-5186.7580,0.0000,-10009.8654,1
20.873882,-5167.9688,3181.6894,0.0870,8862.2414,1
20.877789,13323.2422,-13013.2094,45.3816,12685.8845,1
20.881695,-11197.2656,6784.5100,2865.1993,-14329.6651,1
20.885601,-7130.3711,-6828.8687,-1954.0450,-14829.5054,1
20.889507,13690.4297,-13608.8953,1777.2432,13842.1640,1
20.893414,-11573.2422,-455.4145,-3718.1877,-4498.0506,1
20.897320,-5155.2734,15056.5050,4190.5344,2905.7214,1
20.910197,13510.7422,-10940.9809,6514.7869,13929.6571,1
20.914103,-8821.2891,-14645.2253,7486.1717,-908.0281,1
20.918009,6873.5352,-5412.4662,-3477.8247,3011.8720,1
20.921915,13831.0547,-6379.7172,10527.5615,14076.0247,1
20.925822,-3070.8008,-1908.9688,10715.6515,443.6717,1
20.929728,-3109.8633,9644.5516,-7369.8864,-10863.0093,1
20.933634,14354.9805,-3899.4627,12348.6122,14353.5074,1
20.937540,4680.6641,-6683.9564,10625.9347,3633.7927,1
20.941447,2883.7891,7631.1228,-5001.0914,-1081.6479,1
20.955974,14081.5430,15970.4126,-13692.1328,13915.4994,1
20.959880,3555.1758,-781.1751,-4516.6461,4007.5314,1
20.963786,-3097.6562,2955.1362,7132.5593,10940.6814,1
20.967692,14565.9180,15494.8796,-12298.8092,14519.5090,1
20.971599,5430.1758,-7894.3107,-15105.5223,7571.1833,0
20.975505,-11108.3984,-7018.8648,11120.4327,8981.8318,0
20.979411,14198.7305,15389.9034,-12744.0919,14542.6934,0
20.983317,1805.6641,-10764.9183,7177.9707,7351.1567,0
20.987224,10919.4336,8918.9821,-6701.0886,-10987.2565,0
21.000167,14862.7930,14567.7965,-12036.6458,14868.2075,0
21.004073,8931.1523,2661.8735,-9425.8342,9581.0508,0
21.007979,-7071.7773,-9368.6391,-14713.9962,-905.9426,0
21.011886,14956.5430,3226.6863,-12092.9867,15048.6847,0
21.015792,9556.1523,2467.8952,12683.8751,13877.0174,0
21.019698,-11085.9375,-10447.3665,3216.2683,-4892.0899,0
21.023604,15042.4805,2117.2488,-10648.3980,14637.9494,0
21.027511,-11065.9180,1777.7296,9968.9727,-12210.4753,0
21.031417,4936.5234,179.9240,13417.2473,-1018.6525,0
21.060074,15229.9805,15195.4914,-8738.3505,435.6905,0
21.063980,-6313.9648,-11923.1891,-1124.3327,-455.5754,0
21.067886,6989.7461,-1109.4163,-3059.6878,-11523.6001,0
21.071792,-15691.4062,14989.3145,4915.1015,-9245.0982,0
21.075699,9440.4297,13689.4139,-1835.2067,-4070.2548,0
21.079605,5060.0586,2979.6615,-10072.5813,-5023.4665,0
21.083511,-14824.2188,14753.6610,-9530.5898,-8240.7886,0
21.087417,-7930.6641,10455.5635,-8988.5982,-11458.1107,0
21.091324,-10869.1406,2966.0505,-8446.6067,-6356.9459,0
21.105143,-13565.9180,14526.6676,-6561.7375,-5021.4645,0
21.109049,11073.2422,6076.8089,-9832.2078,-9616.6454,0
21.112955,-4825.6836,-15054.3989,-520.9815,-12062.2438,0
21.116862,-12972.1680,14127.3343,-6925.7244,-3910.3734,0
21.120768,-5798.8281,3581.1071,7729.6928,10741.1992,0
21.124674,-8784.1797,14868.3660,-4506.6865,10365.5370,0
21.128580,-12386.2305,14364.0920,-6549.6200,6932.2740,0
21.132487,-4171.8750,5827.4863,-15703.3450,3499.0111,0
21.136393,7249.5117,12891.8755,9476.7077,65.7481,0
21.150225,-12135.7422,14166.8814,-7290.0275,-11968.2008,0
21.154131,202.6367,9947.2610,4216.9572,798.7068,0
21.158038,-12751.9531,7403.1261,5413.7157,13061.3668,0
21.161944,-12058.1055,11768.1541,-8051.1989,-12204.6705,0
21.165850,-5048.3398,11295.2614,9434.8432,-9900.4200,0
21.169756,-6771.9727,6566.6136,-2640.5879,-6831.7505,0
21.173663,-12737.7930,9823.3266,-9721.5356,-12764.6600,0
21.177569,-15050.2930,9931.9523,4823.2586,-11157.3493,0
21.181475,13197.7539,-3983.4662,-694.3346,-8828.1016,0
21.196173,-13112.7930,13091.4175,-10780.2128,-12168.3680,0
21.200079,11072.2656,11790.1024,-1415.8201,8575.9568,0
21.203986,3147.9492,7757.3756,2758.2910,-14779.2514,0
21.207892,-13683.1055,13128.8983,-13184.2875,-12940.2794,0
21.211798,1319.8242,10190.4821,740.2127,1204.6645,0
21.215704,-12870.1172,-10213.4582,-3021.1881,11756.5058,0
21.219611,-14089.8438,8873.1198,-14231.4360,-13440.8409,0
21.223517,-6057.1289,13828.0385,7595.3742,-3690.4528,0
21.227423,-8915.0391,1878.6390,3064.3885,-10950.0856,0
21.240099,-14535.1562,12843.7928,-13912.1512,-14186.4478,0
21.244006,-11558.5938,14390.7337,12331.0822,-8102.4354,0
21.247912,9067.3828,9182.3694,-8804.2994,-1078.4133,0
21.251818,-14964.8438,10239.6319,-14686.0224,-14890.6150,0
21.255724,13941.4062,15134.8293,6595.3174,-15699.0710,0
21.259631,7063.9648,10881.4219,9287.1630,4861.9082,0
21.263537,-15324.2188,11127.9521,15222.8776,-14651.5427,0
21.267443,13566.4062,14879.0355,-9027.8613,15224.0654,0
21.271349,13046.8750,2348.0224,-6807.8081,6979.7444,0
21.285101,-15441.4062,11644.5513,-14513.4684,-14860.6722,0
21.289007,8814.4531,935.9886,6282.6380,13827.2769,0
21.292913,5033.6914,-9759.9032,-12904.6514,14733.8294,0
21.296819,-15324.2188,4796.7047,-15098.1937,-15155.2691,0
21.300726,9438.4766,1238.6395,-4151.9048,5851.7474,0
21.304632,13018.0664,-5627.5167,9057.4122,-14969.8669,0
21.308538,-15644.5312,8934.7787,14604.1183,-15307.0644,0
21.312444,4563.4766,709.2411,-11557.8593,4614.0829,0
21.316351,13016.1133,-14933.2823,-12810.6166,-14991.2907,0
21.330172,-15761.7188,10804.5699,-12775.2676,-14995.6666,0
21.334078,2937.5000,-340.8629,15869.1063,5823.1660,0
21.337985,3000.0000,-11055.6765,3016.6301,-9218.5301,0
21.341891,-15996.0938,4224.7267,-13138.5963,-15358.8193,0
21.345797,186.5234,1436.1488,13303.5864,2233.9602,0
21.349703,-13015.6250,-12443.8611,-9196.9395,14008.8489,0
21.353610,15925.2930,1288.6688,-14789.0913,-15477.0125,0
21.357516,-2188.4766,176.6463,-9472.0679,-569.7159,0
21.361422,-11014.6484,-5547.0435,10815.7278,3111.4008,0
21.375170,15722.1680,12780.7809,-13627.5241,15489.8361,0
21.379077,-3438.9648,7499.1417,12483.8685,-1870.9607,0
21.382983,8979.9805,-12519.6603,-15330.8321,6826.1479,0
21.386889,15628.4180,-5176.7170,-15898.7350,-15770.2822,0
21.390795,-7938.9648,7705.0566,-10308.0452,-134.5263,0
21.394702,-7010.2539,-12251.8121,4553.9225,7055.6755,0
21.398608,15792.4805,-5245.9886,13729.0219,15647.7080,0
21.402514,-2813.9648,8415.8387,-4973.3761,-1618.9351,0
21.406420,-13020.0195,-4430.0143,-15319.2782,-8956.5814,0
21.420055,15722.1680,10492.9027,14209.4301,15735.8223,0
21.423961,-2562.9883,11769.0495,-5959.5118,402.4273,0
21.427868,-13016.1133,13045.1962,-9285.2145,-14674.7889,0
21.431774,15714.3555,14321.3430,13228.8534,15592.0353,0
21.435680,-6439.9414,12142.8168,-15657.5088,-4980.5059,0
21.439586,-15011.2305,-11147.0615,8616.4818,2802.3827,0
21.443493,15972.1680,-6077.1733,12764.2031,-15764.7313,0
21.447399,-3437.5000,12216.6291,10528.6513,-2463.4219,0
21.451305,3000.9766,-7234.0593,2626.1562,7034.1713,0
21.480178,15863.2812,15282.0300,11204.2216,1420.4829,0
21.484084,1437.9883,-9716.8781,-4115.4325,-6925.3031,0
21.487990,-12998.5352,4818.0633,783.2495,12096.0546,0
21.491897,15949.2188,15278.1430,8898.7084,4937.4640,0
21.495803,1561.5234,-10831.3412,-12105.0948,13155.7792,0
21.499709,14961.9141,6783.0753,12681.5205,11450.0507,0
21.503615,15511.2305,14947.3814,9265.7320,7239.1756,0
21.507522,-3562.9883,13819.8183,-1058.7045,3028.3005,0
21.511428,10982.9102,9001.0524,12770.8170,-1182.5746,0
21.525198,15589.3555,14548.5379,9496.4304,-15869.1240,0
21.529104,-6938.9648,2258.6011,12654.5472,-5644.3556,0
21.533010,4981.4453,-13490.9662,-13066.7967,-13038.3419,0
21.536916,15722.1680,-587.9083,9790.9371,-15738.7197,0
21.540823,-3688.4766,2285.0231,-5995.3108,2744.7685,0
21.544729,-7007.8125,-2838.5563,-13006.6418,-14682.4093,0
21.548635,15698.7305,11000.5619,10232.8393,15710.9662,0
21.552541,-6939.4531,3530.4764,-4728.0671,-487.5755,0
21.556448,2976.5625,-650.9923,-9112.4455,-4951.8373,0
21.571124,15894.0430,15046.6878,10433.2639,15785.0013,0
21.575030,-1188.9648,-11639.3134,4096.9794,-770.4108,0
21.578936,6970.2148,-1065.2713,14773.3545,-8771.4952,0
21.582843,15589.3555,15191.0726,10864.4624,15447.6429,0
21.586749,-4438.9648,-10766.1448,11519.0800,-4162.3438,0
21.590655,-15007.8125,-9057.0795,7027.5875,11042.1528,0
21.594561,15698.7305,15253.7391,12603.4278,15646.4649,0
21.598468,-9063.9648,-8395.0481,843.7538,-2039.8196,0
21.602374,2972.1680,-7066.1087,10953.6397,12973.7340,0
21.616177,15503.4180,15249.2375,15025.8444,15322.8288,0
21.620083,-7188.9648,-8894.4890,-9091.4379,-4417.1859,0
21.623989,-15006.3477,-5036.2338,-15118.6576,-2720.8149,0
21.627896,15808.1055,15534.6218,-15947.3171,15590.1988,0
21.631802,-6189.9414,-10016.7603,-4473.9711,-4479.4664,0
21.635708,-9025.8789,-15015.4881,-11173.7414,1212.4974,0
21.639614,15847.1680,15305.1097,13362.1815,15674.2789,0
21.643521,-3563.9648,-13010.9786,6048.4072,-1184.3946,0
21.647427,-5018.0664,-13028.3898,758.5497,-8886.3746,0
21.660002,15628.4180,11164.5073,14822.8817,15594.6733,0
21.663909,-6939.4531,6220.2311,424.4834,-5285.3977,0
21.667815,966.3086,-4744.6317,-3288.2425,-2781.7529,0
21.671721,15542.4805,5684.0741,13406.2908,15521.3193,0
21.675627,-6813.4766,5216.5378,4925.8139,-3109.8292,0
21.679534,2981.9336,-266.8303,4530.3934,3144.3341,0
21.683440,15519.0430,13791.7151,11124.1370,15267.3381,0
21.687346,-5814.4531,4064.3765,-7948.5631,-6200.1294,0
21.691252,-5025.3906,-7333.4504,-9347.7398,-6952.5969,0
21.705157,15526.8555,12875.0336,13964.7902,15340.0026,0
21.709063,-10314.9414,2497.7472,-4421.3808,-10050.6709,0
21.712970,6964.3555,508.2875,2719.7903,9026.7450,0
21.716876,15417.4805,13201.6063,11012.2215,15537.8145,0
21.720782,-6438.9648,3042.3901,7792.3007,-4245.8635,0
21.724688,979.4922,-63.5028,2672.9859,5071.3981,0
21.728595,15636.2305,12175.2289,11455.7706,15753.5769,0
21.732501,-7563.9648,2068.1550,7165.3982,-3464.4425,0
21.736407,12971.1914,-9045.2695,-3223.7307,-6968.0439,0
21.751133,15542.4805,15435.6764,11337.5955,15756.6991,0
21.755039,-9690.9180,-7344.3254,6886.9986,-3926.5934,0
21.758946,-13038.5742,-3050.1407,-11197.2848,14970.0958,0
21.762852,15495.6055,15542.7396,10838.9717,15460.2313,0
21.766758,-9690.4297,-4728.6589,3301.8923,-6327.2810,0
21.770664,-1029.7852,-1045.5826,4809.3858,9040.0267,0
21.774571,15636.2305,15387.7193,13940.2868,15681.0259,0
21.778477,-7565.4297,-7219.8798,-1069.4888,-5845.5906,0
21.782383,-7029.2969,-1052.1332,999.1906,6989.8876,0
21.796059,15651.8555,7058.3461,14575.6422,14603.4607,0
21.799965,-4938.9648,9370.2536,13420.4142,-5733.3584,0
21.803871,2966.7969,11682.1611,-12968.9898,-7829.6827,0
21.807777,15550.2930,13994.0687,12031.9549,14519.5540,0
21.811684,-10315.4297,6535.1304,-15873.1825,-7613.3773,0
21.815590,2969.7266,-5413.1038,2770.1761,-9707.1661,0
21.819496,15612.7930,6271.6482,-15826.2528,14723.1138,0
21.823402,-7063.9648,8040.6089,11756.5550,-3968.7764,0
21.827309,2977.5391,39.5806,4954.3895,14985.9989,0
21.855762,15581.5430,15283.9085,-10910.1609,-5925.0903,0
21.859668,-5813.9648,-12369.5500,9763.2722,-11018.6014,0
21.863575,14977.0508,14905.0248,12806.5069,15798.1165,0
21.867481,15550.2930,15525.4537,7887.8840,-426.7192,0
21.871387,-10440.4297,-8628.9606,-8947.7191,-14999.1240,0
21.875293,-5030.2734,-3061.1997,2524.1949,-10976.0349,0
21.879200,15542.4805,15277.1016,-9512.6966,-6940.6041,0
21.883106,-6939.4531,-9751.6206,14419.7928,-2905.1732,0
21.887012,14962.8906,-3059.1848,11004.7445,1130.2576,0
21.901067,15511.2305,15364.6626,14997.9257,15358.5837,0
21.904973,-6439.4531,-6844.9090,-15788.0934,-6346.2831,0
21.908879,6969.2383,12873.6958,4742.9174,13007.4371,0
21.912786,15667.4805,15049.2557,12610.6439,15475.9519,0
21.916692,-2564.4531,-7966.5518,-9307.6975,-1580.7996,0
21.920598,8953.6133,-13020.5336,2719.2006,-2828.6705,0
21.924504,15354.9805,15064.1955,12285.7669,15295.3782,0
21.928411,-8939.9414,-8464.4049,9615.2802,-6559.7178,0
21.932317,-5027.3438,14871.5497,-13319.0332,5017.8616,0
21.946049,15565.9180,15471.9075,10539.3368,14624.6795,0
21.949956,-7689.4531,-4615.7912,-9773.1258,-315.6933,0
21.953862,-15033.6914,-9318.1634,14543.9459,11282.1579,0
21.957768,15417.4805,10116.7377,8830.8326,13557.7248,0
21.961674,-6438.9648,-4314.9511,-9102.0714,-8205.8088,0
21.965581,8985.3516,-12349.6971,4740.0266,11322.5824,0
21.969487,15792.4805,9222.2967,8251.0731,14210.4623,0
21.973393,-4188.9648,-1395.8510,1738.6537,-5375.4628,0
21.977299,2978.0273,7171.7521,8764.5066,-10450.8963,0
21.990208,15769.0430,14772.1234,8394.5503,15545.8919,0
21.994114,-5689.4531,3169.4263,-10277.9391,-4548.7585,0
21.998020,4972.1680,3431.6562,-3149.9269,-2833.5319,0
22.001927,15620.6055,15173.8199,8995.4500,15516.6960,0
22.005833,-5188.9648,4444.2308,9147.4810,-2697.0225,0
22.009739,-3030.7617,-4518.7527,2833.1768,9044.8967,0
22.013645,15550.2930,6415.0401,8376.9849,15365.0050,0
22.017552,-4688.9648,3864.2596,13335.4929,-6228.3279,0
22.021458,8979.9805,-28.6468,-9105.0679,14983.0253,0
22.036228,15659.6680,15412.9680,9139.9045,15427.9641,0
22.040134,-6188.4766,-12764.7719,-14264.6535,-5947.1168,0
22.044041,14991.2109,10936.6459,12741.8025,-6857.4096,0
22.047947,15808.1055,15362.8765,9076.7728,15353.2324,0
22.051853,-6064.9414,-11018.9088,-14416.1947,-5545.4039,0
22.055759,-11030.2734,14912.2130,2684.8600,-2883.0245,0
22.059666,15683.1055,15541.4519,8950.3990,15534.8986,0
22.063572,-4439.4531,-7274.7180,-15400.5103,-7023.2812,0
22.067478,12965.3320,14929.5362,8814.9559,14978.2278,0
22.080368,15519.0430,15442.5417,12548.7601,15235.7631,0
22.084274,-8564.9414,8357.7198,-12642.2693,-6193.6073,0
22.088180,10977.5391,-6531.7823,10795.2184,11075.1396,0
22.092087,15636.2305,2636.1462,13983.5372,15001.7322,0
22.095993,-9689.4531,7357.5867,-3687.7641,-9181.9782,0
22.099899,6981.4453,-7667.3455,6675.8370,-2631.7515,0
22.103805,15651.8555,5260.4871,12588.6522,15100.4837,0
22.107712,-2938.4766,7667.8033,4177.3768,-6395.3608,0
22.111618,-11011.2305,-5574.1682,10664.9726,13005.9032,0
22.125228,15784.6680,13736.0857,13597.6213,15681.5318,0
22.129134,-5938.9648,6187.3863,4295.0423,-2845.6351,0
22.133040,10967.7734,-8045.2863,8597.3518,-6855.5725,0
22.136946,15581.5430,1623.4334,11644.8950,15455.9829,0
22.140853,-6440.4297,4008.0395,-13472.2515,-4970.6058,0
22.144759,-3035.6445,-9099.0412,-13443.2006,-8833.3061,0
22.148665,15745.6055,2526.8545,12841.5665,15630.1190,0
22.152571,-1689.4531,2916.1970,-11711.9529,-2489.2293,0
22.156478,14962.8906,-9048.4506,-11306.4782,-8973.4825,0
22.170218,15604.9805,1869.8077,13808.2375,15428.6723,0
22.174125,-4814.4531,5468.7950,-11300.1420,-5004.3850,0
22.178031,-11023.4375,9067.7822,4681.2027,3077.3903,0
22.181937,15604.9805,12666.7695,12401.7091,15654.4863,0
22.185843,-5938.9648,12526.5056,1633.5088,-4894.6241,0
22.189750,-5015.1367,-3687.1186,-11388.4800,1092.5543,0
22.193656,15808.1055,-2.9376,12309.4816,15508.9955,0
22.197562,-1062.5000,11603.2758,9489.9075,-4750.6164,0
22.201468,8995.1172,-8299.4080,-15404.7842,-12958.4625,0
22.230189,15839.3555,15162.3783,9195.2584,2875.6546,0
22.234095,-2188.4766,-11491.5367,-7625.6570,-6437.2748,0
22.238001,-11021.4844,10687.6256,-8957.0152,6593.0083,0
22.241908,15425.2930,15179.0044,8422.7067,739.6848,0
22.245814,-10189.9414,-10380.0588,-13508.8874,594.5900,0
22.249720,-1021.4844,835.8606,4876.8244,7721.7910,0
22.253626,15651.8555,15175.6119,9667.1448,8961.7300,0
22.257533,-10565.4297,-12232.2435,7263.1340,10201.6691,0
22.261439,-1026.8555,6729.7856,10770.2444,11441.6082,0
22.275185,15761.2305,14054.9894,9069.0308,15609.0919,0
22.279091,-2688.9648,7712.2844,-13007.2129,-2178.7826,0
22.282998,6976.0742,-10558.7755,2735.4050,11033.3996,0
22.286904,15690.9180,-1884.6255,9429.0093,15597.4234,0
22.290810,-3313.9648,8685.0353,3829.1230,-1888.6544,0
22.294716,10979.0039,-4670.2934,-15035.9833,3110.4743,0
22.298623,15854.9805,6691.2596,10310.8785,15638.6174,0
22.302529,-4939.4531,9195.4565,-5184.0413,-1702.4417,0
22.306435,14974.6094,-377.2861,-1135.5047,-2965.1660,0
22.320080,15542.4805,15328.3637,9849.8628,15549.1927,0
22.323986,-6438.9648,4111.6047,634.3351,-2116.2442,0
22.327893,-5011.7188,-5335.0324,-7141.7491,5077.0515,0
22.331799,15769.0430,6178.7566,10226.9717,15268.3195,0
22.335705,-6064.4531,4761.7212,6455.2882,-8367.2847,0
22.339611,-5019.0430,-6793.8584,-11131.4442,11027.8583,0
22.343518,15871.0938,4062.3522,10356.2269,15837.1784,0
22.347424,2062.0117,5845.6640,-12360.3788,3308.1833,0
22.351330,6981.9336,5222.0570,8940.1967,3016.5410,0
22.365367,15729.9805,15472.7522,14021.8314,15405.6585,0
22.369273,-4313.4766,2744.2566,3770.6986,-3752.3451,0
22.373180,4984.3750,-1039.5214,-3091.4940,-12435.3372,0
22.377086,15823.7305,10424.1639,14086.7947,15684.1977,0
22.380992,-2688.4766,4027.1107,-6441.5709,2574.3939,0
22.384898,14990.2344,-5986.3210,-1136.7748,-2619.0494,0
22.388805,15940.9180,6127.6708,12940.8822,15459.7297,0
22.392711,-1563.4766,3096.5046,12832.2387,-4895.2419,0
22.396617,10987.7930,3799.7839,-15266.8693,-15015.8259,0
22.410151,15917.4805,14815.9357,13559.6387,-15717.9284,0
22.414057,-437.9883,4111.9168,14047.4777,1060.8459,0
22.417963,-9014.1602,-9548.2190,10636.4858,-10739.4238,0
22.421869,15746.0938,1736.9954,12827.6799,15598.1599,0
22.425776,937.5000,6613.1619,7286.3012,1453.5888,0
22.429682,2984.8633,791.5532,2526.2944,3126.1386,0
22.433588,15612.7930,10010.4120,11003.6626,15580.6819,0
22.437494,-7438.4766,2431.0178,-11314.7326,-6156.1260,0
22.441401,8990.2344,-1768.4178,-9351.2470,-2956.6647,0
22.455046,15784.6680,14410.3087,13777.9395,15802.5800,0
22.458952,-1812.9883,3747.5576,-12694.1188,-970.3253,0
22.462859,3000.0000,-662.7764,-13253.9066,11040.8521,0
22.466765,15933.1055,13173.7326,11545.6030,15804.5690,0
22.470671,-3313.4766,6354.1871,-13396.5632,-1884.0941,0
22.474577,-13002.9297,-6862.3360,12606.3108,-10801.5226,0
22.478484,15964.3555,2056.5233,10615.0087,15840.4554,0
22.482390,-2313.9648,4096.1074,3815.9384,-2163.4829,0
22.486296,-1011.7188,645.9353,4785.6334,1035.3095,0
22.515163,15776.8555,15169.2644,-2544.3424,1423.1115,0
22.519069,-3187.9883,-10206.3152,8088.5606,-7792.6857,0
22.522975,2980.4688,12536.8598,11954.5057,11914.4762,0
22.526882,15534.6680,15264.6333,2566.5151,986.6584,0
22.530788,-7688.9648,-13026.1451,-10798.2696,5597.3400,0
22.534694,2983.8867,6592.7609,-6896.2897,9056.6448,0
22.538600,15604.9805,15413.2907,463.9253,11509.2511,0
22.542507,-6063.9648,-9709.1688,7824.1404,13961.8574,0
22.546040,15792.4805,-5615.2818,14358.4791,14838.1769,0
22.546413,-7020.5078,-5121.7657,13725.9646,13363.3209,0
22.549946,-2689.4531,143.2068,7860.1008,-455.1264,0
22.553852,-3022.9492,5978.2823,14929.6606,-10820.5872,0
22.557758,15659.6680,11813.3577,12135.3125,14575.1069,0
22.561665,-6063.9648,7338.3586,8559.9248,-2193.7011,0
22.565571,-9020.9961,-1788.9560,-3010.9422,7655.1148,0
22.569477,15675.2930,11272.6946,13638.2304,14581.4344,0
22.573383,-5314.9414,7400.9040,-11619.6043,-989.7431,0
22.577290,14967.2852,-1546.3302,-15114.8589,3281.4064,0
22.605174,15698.7305,15635.1917,13785.3937,1056.0331,0
22.609080,-1812.9883,-5139.7740,13898.7281,-4506.5100,0
22.612986,-1008.7891,-5016.5213,-1112.5714,-13826.5372,0
22.616893,15698.7305,15556.3082,11948.6383,-3898.1272,0
22.620799,-3438.4766,-9006.2255,2474.0367,11921.6726,0
22.624705,-11010.2539,2952.0390,10751.1280,15077.6475,0
22.628611,15776.8555,15762.2401,12706.2245,15191.1195,0
22.632518,-6940.4297,-4515.9172,13426.2946,15304.5914,0
22.636424,-15028.8086,10937.4463,-13189.1074,15418.0634,0
22.650159,15612.7930,14918.3939,12535.9896,15619.5897,0
22.654065,-11814.9414,4839.6005,12991.0103,-4112.1620,0
22.657971,14982.9102,-5748.4721,2750.3694,-9061.4037,0
22.661877,15636.2305,5160.4707,12415.5145,-15764.9253,0
22.665784,-9314.9414,5732.5360,8694.0005,-2028.5815,0
22.669690,-7016.6016,2734.4056,-11223.2482,-10747.8345,0
22.673596,15706.5430,13330.2438,11652.7903,15657.0319,0
22.677502,-6314.4531,6154.0586,3513.4849,-4038.4998,0
22.681409,-9028.8086,-1626.2127,-1420.4863,11010.0222,0
22.696445,15597.1680,15666.2633,10424.5263,15645.9354,0
22.700351,-4564.4531,-2527.1169,-10957.7616,-4488.1564,0
22.704257,4964.8438,-15013.0400,-11472.3469,14683.5264,0
22.708163,15862.7930,15604.6260,8585.1134,-15687.2477,0
22.712070,-2564.9414,-4523.0389,10624.8151,1329.5575,0
22.715976,14967.7734,8930.3277,-9334.6200,-8775.9822,0
22.719882,15604.9805,15334.0895,7333.7759,15529.7380,0
22.723788,-6939.9414,-5521.6476,-12446.8177,-3308.8316,0
22.727695,-11044.9219,-1051.7368,-11332.8679,-14917.5751,0
22.740132,15456.5430,13226.1912,8791.3957,15555.1697,0
22.744038,-6064.9414,5765.5935,-15509.2649,-3015.2913,0
22.747945,-11036.6211,-9611.9430,14664.6529,-8684.7659,0
22.751851,15479.9805,-75.0793,7941.0912,15779.4826,0
22.755757,-7063.4766,3956.7480,-8654.1887,-1062.0356,0
22.759663,-10999.0234,-4685.1423,12661.7828,-1175.0756,0
22.763570,-15801.2695,7216.1118,7070.6946,-15583.6958,0
22.767476,-688.9648,4826.0728,-578.3494,-1062.9384,0
22.771382,10973.6328,-14.8613,-1323.5745,-962.0973,0
22.785239,15550.2930,13979.3848,8190.6895,15328.1799,0
22.789145,-4438.9648,10426.8523,12398.0644,-7458.8439,0
22.793052,10975.0977,-5559.6807,-1294.6362,7045.1334,0
22.796958,15651.8555,-4863.3484,8262.5881,15626.7897,0
22.800864,-3937.9883,9626.4220,5755.2625,-1595.4119,0
22.804770,-15011.2305,-6284.0019,-13338.3513,11030.2936,0
22.808677,15628.4180,-1956.5843,8168.5079,15553.9254,0
22.812583,-3563.4766,9608.1905,5261.5462,-5195.6251,0
22.816489,12979.4922,-4269.0172,-11236.7391,10995.4429,0
22.830167,15519.0430,12009.4688,11737.8503,15405.9230,0
22.834073,-6688.4766,9459.6142,4691.5526,-3340.7452,0
22.837979,-9009.7656,-5180.9547,12749.1076,1313.1814,0
22.841886,15683.1055,10537.2724,11657.9654,15313.1374,0
22.845792,-5813.9648,9853.9465,-570.4957,-5375.1671,0
22.849698,-3022.9492,-7529.8594,6632.2158,3268.3451,0
22.853604,15651.8555,-1604.2945,11778.5974,15400.5696,0
22.857511,-4314.4531,10149.8379,-7105.3017,-5019.2974,0
22.861417,-1027.8320,-3202.0290,-11346.3782,-2902.1554,0
22.875120,15667.4805,14174.6608,12794.7011,15663.3550,0
22.879026,-4438.9648,3860.0067,-7611.5967,396.5241,0
22.882932,-1021.9727,-10047.6462,-15429.5249,-4856.6074,0
22.886838,15511.2305,1882.1715,11308.4388,15728.6674,0
22.890745,-6938.4766,4802.7859,8239.1119,-2238.1903,0
22.894651,14989.7461,-7193.7839,-7513.0776,-8826.6675,0
22.898557,15581.5430,3644.9256,12773.2363,15433.9911,0
22.902463,-4562.5000,3103.5036,-10288.9578,-2179.8413,0
22.906370,4989.2578,-3430.7233,14603.8894,-996.0034,0
22.921984,15839.8438,8089.0437,12524.6143,14957.6024,0
22.925890,1062.5000,10116.1984,1318.7704,-9470.6227,0
22.929797,-11002.9297,12143.3531,10577.5893,7097.3633,0
22.933703,15776.8555,14170.5078,11248.2808,15467.9641,0
22.937609,-2813.4766,8516.5017,14390.9522,-3783.7816,0
22.941515,14976.5625,1183.2617,10451.5924,-10649.6817,0
22.945422,15573.7305,12645.7511,11589.3202,15684.3307,0
22.949328,-6814.4531,7890.3443,-3189.9256,-2982.9622,0
22.953234,12978.5156,-3735.2892,2599.7894,3066.5991,0
22.980234,15722.1680,15677.2104,9236.4514,-3005.4155,0
22.984141,-6064.4531,-6652.9074,-2419.5752,11189.8725,0
22.988047,-1017.0898,-10990.3930,6572.3332,15429.0259,0
22.991953,15597.1680,15235.9664,7622.4280,-3680.2527,0
22.995859,-6563.9648,-6530.1632,-1356.5399,7528.4946,0
22.999766,-13022.4609,8868.2942,4699.8382,9840.9735,0
23.003672,15667.4805,15518.7725,8066.7849,10777.2522,0
23.007578,-4688.4766,-5411.7256,-8280.0243,11713.5308,0
23.011484,8994.1406,10873.6683,14671.2928,12649.8094,0
23.025287,15815.9180,15177.8675,8234.4728,15756.9950,0
23.029193,-7189.4531,5277.3343,-14759.8765,-3001.8620,0
23.033100,6979.0039,4938.8169,12664.6347,3124.4802,0
23.037006,15628.4180,14295.3820,7297.2523,15304.2417,0
23.040912,-4688.4766,4359.1075,-2677.4455,-7330.6085,0
23.044818,-996.0938,-10568.0775,8793.2879,-8761.0245,0
23.048725,-15832.5195,1101.1876,9285.0280,15694.0247,0
23.052631,-2439.4531,2925.0440,-5692.4041,-4050.4970,0
23.056537,-7009.2773,-7622.9292,-1112.3477,-15000.7219,0
23.070103,15847.1680,12469.9192,10558.5382,-15722.0986,0
23.074009,-2938.4766,6107.8314,3465.8489,-685.5863,0
23.077916,10967.2852,-7420.1964,10869.6648,9076.9591,0
23.081822,15456.5430,1947.9118,10227.5508,15614.3383,0
23.085728,-6313.9648,3055.2571,11537.7396,-2154.3750,0
23.089634,4979.0039,-609.0267,10813.9665,-8694.9906,0
23.093541,15784.6680,12067.8139,10517.7205,15658.1456,0
23.097447,-1437.9883,4578.1381,7481.6713,-3564.0052,0
23.101353,2989.2578,-7763.1549,-5000.2388,-12914.2891,0
23.115139,15847.1680,10868.4383,15077.3985,15519.3492,0
23.119045,-2938.4766,10737.8629,7896.5910,-2911.2922,0
23.122951,-13006.3477,-1972.1027,-1084.2731,11071.1574,0
23.126858,15847.6562,6210.5860,14155.8149,15395.9245,0
23.130764,437.5000,10290.9986,-7225.9778,-2122.1204,0
23.134670,-13011.2305,-6935.0235,-13100.5490,-4614.9746,0
23.138576,15870.6055,-5674.7081,12989.0089,15539.2894,0
23.142483,-3939.4531,9514.6776,4916.3976,-2768.9856,0
23.146389,-1007.3242,-3386.7326,2710.6368,-12845.7986,0
23.160216,15964.3555,14733.3352,13854.7596,15733.8220,0
23.164122,-2813.4766,2076.5992,-341.2547,-2194.2878,0
23.168029,-3012.6953,-2100.2163,-7311.2795,9064.4544,0
23.171935,15706.5430,10019.9000,13428.9249,15506.2819,0
23.175841,-3188.4766,2879.5353,-9553.7046,-6363.7305,0
23.179747,-15009.7656,-322.8613,593.3263,-11060.0131,0
23.183654,15769.0430,10835.6565,11152.9169,-15792.4011,0
23.187560,-6188.9648,4582.1054,-2447.3185,-2381.6381,0
23.191466,-15025.8789,-4555.2901,-1362.8241,3013.5055,0
23.205129,15456.5430,12363.7502,11676.4895,15471.5934,0
23.209035,-6438.4766,6081.3123,4680.2720,-4734.8070,0
23.212942,2990.2344,3289.3293,2685.5386,-10806.9566,0
23.216848,15620.6055,14165.7708,12029.7366,15538.5538,0
23.220754,-7813.9648,4597.9770,-4668.1453,-7084.9470,0
23.224660,-9020.9961,-4052.6234,10582.0782,7053.3693,0
23.228567,15612.7930,7768.3202,9887.1834,15792.3884,0
23.232473,-5438.4766,7239.1334,-4307.4628,-2282.5598,0
23.236379,975.5859,764.0553,-1252.6487,-14950.6946,0
23.250983,15409.6680,15324.6965,11239.1239,15584.4818,0
23.254889,-8064.4531,-10572.5237,11802.4360,-5392.9040,0
23.258796,12968.2617,-3073.7206,10635.4248,-840.5137,0
23.262702,15448.7305,15403.8727,9835.6052,15486.4613,0
23.266608,-10439.9414,-6090.7766,-7946.7312,-5908.1308,0
23.270514,14974.6094,945.0773,-3323.4288,-2810.0794,0
23.274421,15620.6055,15600.9401,11513.8405,15708.4927,0
23.278327,-7439.4531,-6214.8826,-3582.4346,-3992.9039,0
23.282233,14978.0273,-3040.7750,-7063.3375,-8942.5282,0
23.295982,15558.1055,6128.6511,12777.5497,14855.1958,0
23.299888,-5188.4766,8732.9030,10723.9379,-1540.0762,0
23.303795,4975.5859,11337.1548,1148.4006,-5630.4832,0
23.307701,15628.4180,13941.4066,12194.6687,14629.5562,0
23.311607,-5064.4531,7012.8851,3240.9507,-4474.1395,0
23.315513,8962.4023,-4398.5759,-10809.7643,-3770.7921,0
23.319420,15636.2305,6444.5498,12555.9584,14498.0443,0
23.323326,-4564.4531,6966.9994,-13455.9071,-3275.8214,0
23.327232,-3017.0898,-3166.4063,-13085.4276,9111.1820,0
23.355125,15815.9180,14879.0141,13033.3533,-837.7971,0
23.359032,-1937.9883,4446.3465,13846.6977,1346.5044,0
23.362938,14993.6523,1301.1153,-9114.3057,12968.8894,0
23.366844,15800.2930,12255.6490,11679.8984,-278.9037,0
23.370750,-5314.4531,3166.1496,-11858.2667,-12840.4083,0
23.374657,-11022.9492,-10.4432,2855.9959,-11639.8237,0
23.378563,15706.5430,12148.9983,11780.0750,-7398.8254,0
23.382469,-3313.4766,3316.7083,-13058.5511,-3157.8271,0
23.386375,971.1914,-3770.8398,-9210.6460,1083.1712,0
23.400001,15753.4180,13491.2182,12149.6976,15571.8858,0
23.403907,-3064.4531,5520.3263,3133.6969,-4668.3663,0
23.407813,-9033.6914,-8337.3994,-3254.6855,-12661.9845,0
23.411719,15456.5430,1398.2734,11370.2715,15355.8334,0
23.415626,-5563.4766,4938.5283,4455.5131,-5285.7785,0
23.419532,969.7266,-5040.4072,-13219.2356,-12671.8159,0
23.423438,15417.4805,5710.1039,11498.6152,15506.0693,0
23.427344,-7563.9648,5853.9597,3669.5783,1875.5615,0
23.431251,8987.3047,2488.8134,4579.8401,-2975.8779,0
23.445989,15714.3555,15326.6072,9366.1600,14038.7016,0
23.449895,-3562.9883,-3691.0683,15845.9086,-3546.8562,0
23.453801,-15005.3711,4841.0911,2523.3721,11314.0614,0
23.457707,15870.6055,14204.0283,8520.9044,13903.3513,0
23.461614,-1813.4766,-666.5854,6104.7905,-7410.1847,0
23.465520,2980.9570,5710.8386,-5271.8568,-5376.4692,0
23.469426,15628.4180,14106.0042,8228.2851,14281.9966,0
23.473332,-8814.9414,-2146.2110,-9019.6588,-2531.6195,0
23.477239,-13025.3906,5295.0608,678.7613,9139.6721,0
23.490167,15659.6680,14774.1406,9383.6742,15383.3889,0
23.494073,-6313.9648,7644.9071,12019.4754,-10485.9960,0
23.497979,4983.3984,7022.9439,-1347.5016,-2828.1337,0
23.501886,15737.7930,15314.5561,8919.4796,15494.4879,0
23.505792,-3438.9648,6012.3265,10287.8157,-3765.6057,0
23.509698,-5023.9258,3394.4748,4733.4246,-10728.8055,0
23.513604,15550.2930,13148.3747,7872.1737,15433.4503,0
23.517511,-4562.9883,4712.2017,-12644.7307,-5636.5384,0
23.521417,2979.9805,-9624.6061,8779.8980,10996.2190,0
23.535084,15472.1680,11011.2926,8918.1840,15580.7140,0
23.538990,-7689.4531,6389.6392,-9888.1184,-3373.8208,0
23.542897,12983.8867,2545.4951,12748.4975,-10802.1064,0
23.546803,15800.2930,15264.4350,9055.3349,15645.6634,0
23.550709,-8064.4531,6761.7598,5064.5865,-2829.3808,0
23.554615,4978.0273,-7021.1487,12650.2716,11016.9058,0
23.558522,15659.6680,1216.4217,8737.8412,15539.9981,0
23.562428,-4188.9648,5798.3655,12431.5066,-3527.9559,0
23.566334,10961.4258,293.9987,14819.0084,1000.2357,0
23.580246,15495.6055,14676.6305,12149.7731,15150.2383,0
23.584153,-6689.4531,9548.6800,11803.2487,-4385.0836,0
23.588059,-1019.0430,-3652.0090,14789.4020,-762.6937,0
23.591965,15815.9180,6460.5411,12383.6795,15261.4212,0
23.595871,-1688.4766,9023.7973,11986.3571,-5186.6712,0
23.599778,-5009.7656,-9438.5756,-3358.5363,-4685.3187,0
23.603684,15729.9805,-5141.8696,10569.9529,15420.7353,0
23.607590,-5188.9648,8979.5799,7122.2549,-5800.8693,0
23.611496,14964.3555,-3807.8631,-3331.0242,-4921.5681,0
23.625207,15354.9805,14174.4284,12691.0808,15594.8875,0
23.629113,-8439.9414,5457.2387,-9952.6088,-4457.7992,0
23.633020,4962.8906,-6515.6952,-1446.0040,-6870.4149,0
23.636926,15401.8555,3495.2947,11012.0181,15316.0934,0
23.640832,-8939.9414,3276.8107,269.7268,-6567.7143,0
23.644738,-7037.5977,-1506.6027,-1540.9930,-6862.6894,0
23.648645,15698.7305,12079.2035,12223.2822,15739.8353,0
23.652551,-2813.4766,5495.4034,-6069.7944,-3641.1849,0
23.656457,4979.0039,29.7934,6528.3994,3012.3273,0
23.671239,15581.5430,11220.1173,12079.6261,15333.1645,0
23.675145,-3813.4766,12522.5463,-8862.5561,-7647.2584,0
23.679051,4978.5156,13824.9753,-13337.7116,9048.4384,0
23.682958,15714.3555,15127.4043,11313.8628,15622.7310,0
23.686864,-4189.4531,6627.1215,14491.3824,-2695.3988,0
23.690770,-1021.9727,211.6202,6461.5107,9068.0528,0
23.694676,15683.1055,9811.5009,11571.4151,15752.6988,0
23.698583,-4438.9648,4577.1768,-7611.4840,-2017.9689,0
23.702489,8981.4453,-10238.7175,14575.7395,14988.9882,0
23.731250,15847.1680,15717.9355,10461.0121,15479.2525,0
23.735156,-3688.9648,-5513.2889,-14756.5752,-4399.6953,0
23.739062,-7022.4609,-5026.1992,8576.5698,-14415.5824,0
23.742968,15448.7305,15656.7131,9278.8822,15303.0611,0
23.746875,-9564.9414,-6760.8091,-5637.3990,-4244.1702,0
23.750781,2970.2148,-1037.3579,-11089.6186,-6575.1877,0
23.754687,15604.9805,15487.0754,9822.4378,15286.6775,0
23.758593,-5438.4766,-4141.5762,-9059.4939,-5954.3741,0
23.762500,4972.6562,-5022.4060,-7209.5555,-12838.1912,0
23.775180,15448.7305,12688.6117,9662.2318,15592.1828,0
23.779086,-8815.4297,3256.9020,11254.1499,-3801.0235,0
23.782993,12957.0312,-1594.8579,-13077.0456,-14721.4895,0
23.786899,15620.6055,11039.7483,9849.6614,15598.9521,0
23.790805,-3563.9648,5550.0834,-2801.4758,-1454.6892,0
23.794711,2969.7266,1884.2470,8901.1079,-2847.2905,0
23.798618,15425.2930,12247.0345,11257.7255,15202.0865,0
23.802524,-9439.9414,5859.8489,3065.6328,-7989.3183,0
23.806430,-3035.6445,4927.4884,9058.5540,-12952.8498,0
23.820068,15519.0430,15440.5587,12161.4716,15128.5417,0
23.823974,-3438.9648,5452.7493,10035.5102,-6648.3236,0
23.827880,-5030.7617,-8601.6301,939.8933,-14711.9839,0
23.831786,15526.8555,1136.5475,10188.8629,15503.0491,0
23.835693,-8064.4531,5634.3066,6247.8355,-4790.7388,0
23.839599,8983.8867,-7547.4441,-15070.3871,-14995.0674,0
23.843505,15831.5430,-12196.3239,10451.4969,-15768.7426,0
23.847411,-5940.9180,-11349.2877,1556.1965,-1742.1915,0
23.851318,-1046.8750,-900.4663,4977.5599,-6959.1711,0
23.865183,15558.1055,14011.1662,14652.6457,15279.4705,0
23.869090,-4813.4766,4397.1608,8638.4958,-1625.3415,0
23.872996,986.8164,2907.5388,-5027.4873,14995.3725,0
23.876902,15753.4180,13371.4426,14450.9840,15425.8358,0
23.880808,-4939.4531,4984.8526,12546.1682,-458.4897,0
23.884715,-11030.7617,-3884.7970,14894.7046,13048.1763,0
23.888621,15777.3438,6546.6198,13491.4565,15467.8548,0
23.892527,811.0352,4558.8864,-7577.0572,1771.7671,0
23.896433,-15042.9688,2054.5259,-7320.8137,5057.7540,0
23.910160,15675.2930,14178.1167,14147.0871,15602.5865,0
23.914066,-2188.4766,11825.2260,7665.5759,-2223.3372,0
23.917973,-13014.6484,-4328.5504,2633.4201,7077.6315,0
23.921879,15683.1055,2010.3014,13059.8070,15566.6361,0
23.925785,-3938.4766,11444.0609,-1357.9700,-4309.0590,0
23.929691,-13016.1133,-6635.1432,-15359.8007,9061.9912,0
23.933598,15651.8555,401.3253,9786.4159,15735.4846,0
23.937504,-4187.9883,12456.3022,-4810.8969,330.6708,0
23.941410,6991.2109,-4000.7214,582.8777,15001.5566,0
23.954940,15878.4180,11562.6384,11267.0616,15717.0297,0
23.958847,-4313.9648,5159.5272,13902.4489,-2979.9127,0
23.962753,6982.4219,-3079.0860,6577.8865,-7083.4230,0
23.966659,15784.6680,7461.2516,10970.2123,-15741.9588,0
23.970565,-2939.4531,4630.4959,3801.3295,-3309.6551,0
23.974472,-11026.8555,-529.6866,6497.1985,-15007.7692,1
23.978378,15636.2305,10351.8557,8969.5349,-15878.4519,1
23.982284,-5188.9648,4240.7330,-8307.8968,-4505.6437,1
23.986190,-15026.3672,-7931.8256,600.1510,-10933.0074,1
24.000095,15651.8555,12109.2691,10170.5350,15722.3324,1
24.004001,-4438.4766,4260.1567,9312.2575,-1287.2083,1
24.007907,8988.2812,-2972.5956,12540.6923,-10740.5354,1
24.011814,15690.9180,8162.6862,8271.0776,15686.5657,1
24.015720,-4563.4766,4895.4624,7187.0087,-2424.1007,1
24.019626,-15008.3008,-3231.3103,-13394.9954,-839.9719,1
24.023532,15753.4180,7353.1475,9485.0232,15540.0153,1
24.027439,-8189.4531,4831.3337,5923.0631,-3848.2629,1
24.031345,-3011.7188,-7492.3300,6770.9427,5017.1451,1
24.046097,15769.0430,2570.5347,10390.0496,15136.5174,1
24.050003,-5813.9648,6110.1128,-12339.1191,-325.1800,1
24.053909,8977.5391,9649.6909,8792.5583,9229.3817,1
24.057815,15683.1055,13189.2690,10017.5500,14819.1275,1
24.061722,-2938.9648,6716.2209,-8102.2889,-4941.4445,1
24.065628,-15023.9258,-7710.5074,-9252.3429,-4243.7959,1
24.069534,15589.3555,2361.7390,11726.6042,14820.0775,1
24.073440,-7689.4531,8821.0540,5702.3466,-4853.0116,1
24.077347,-11021.9727,718.3606,-9203.9595,7067.0884,1
24.105126,15675.2930,15584.2064,12184.9259,619.4642,1
24.109032,-5188.9648,-6520.9094,5278.1229,-9408.6089,1
24.112939,2964.8438,12932.3767,4747.9153,9691.0818,1
24.116845,15417.4805,15490.5899,11314.6381,-3852.1529,1
24.120751,-7939.9414,-8641.4019,-10713.2167,-9035.2749,1
24.124657,-3025.8789,-3032.2583,10823.1801,-6460.5286,1
24.128564,15644.0430,15505.5982,12805.5169,-3196.0135,1
24.132470,-3437.9883,-9016.5383,-14570.7756,68.5015,1
24.136376,14984.8633,-3051.5231,-11201.6388,3333.0166,1
24.151109,15714.3555,15572.2971,12807.9183,15392.0462,1
24.155015,-4813.9648,-6398.2156,5082.1135,-6304.0469,1
24.158921,-15016.1133,4943.4876,14708.1324,7078.8977,1
24.162828,15761.2305,15351.1192,12607.4287,15672.8865,1
24.166734,-2313.4766,-8644.8846,3718.4486,-1456.7678,1
24.170640,-15016.1133,14921.5215,-9227.9904,9068.4520,1
24.174546,15784.6680,15502.4112,12292.5364,15704.0402,1
24.178453,-5314.4531,-8894.1677,10933.9055,-2160.4139,1
24.182359,967.7734,6931.6482,14661.1237,12983.8693,1
24.196028,15589.3555,15078.3269,10374.9211,14411.9159,1
24.199934,-7689.9414,-1347.7382,-14498.0362,-6687.3561,1
24.203840,-13028.8086,-9949.8609,10504.5789,11179.9191,1
24.207747,15229.9805,9844.1432,8617.6237,14124.1415,1
24.211653,-13315.4297,-2737.5327,-1888.9554,-10541.2515,1
24.215559,-5035.1562,-11891.8885,-11174.1162,-4040.2934,1
24.219465,15675.2930,9498.3672,5512.4488,14886.0421,1
24.223372,-11441.8945,1610.5273,-12177.0245,-5921.1681,1
24.227278,-11068.3594,-1280.3947,-9671.3552,-12667.8289,1
24.240040,14472.1680,13461.4134,2088.3953,14429.0301,1
24.243946,927.7344,5653.0975,-14924.3365,3623.4910,1
24.247852,12827.6367,-8993.5730,11971.6050,8879.8866,1
24.251758,12690.4297,-14236.7960,55.5273,12420.0822,1
24.255665,2670.8984,-5098.0380,374.0169,2540.2462,1
24.259571,-3274.4141,3527.4931,0.0000,-7030.9560,1
24.263477,11807.1289,8237.1886,0.0000,11336.1629,1
24.267383,-2831.0547,10279.2301,0.0000,-8036.5345,1
24.271290,-13309.5703,-4100.3979,0.0000,4726.9317,1
24.286080,11213.3789,-15767.6301,0.0000,11295.9731,1
24.289986,-5703.6133,4891.8891,0.0000,-1447.8763,1
24.293893,-11260.7422,11013.1582,0.0000,10791.3601,1
24.297799,11924.8047,-15280.5257,0.0000,12304.8947,1
24.301705,1297.3633,10380.9694,0.0000,3826.6970,1
24.305611,14777.8320,-12919.9864,0.0000,-5031.0737,1
24.309518,12471.6797,-15677.4949,0.0000,12659.2244,1
24.313424,10924.8047,6140.2446,0.0000,11724.6772,1
24.317330,2803.7109,-12922.7261,0.0000,-7132.8944,1
24.330340,13127.9297,-15266.4882,2.5196,12404.5036,1
24.334246,-14324.2188,-3545.5958,247.5493,-10816.4263,1
24.338152,12812.9883,-797.0768,9.6803,-14420.6107,1
24.342059,12956.0547,-11654.8860,300.0218,12447.8033,1
24.345965,-14698.2422,-2662.1171,1363.4632,-10861.9331,1
24.349871,-11163.5742,3206.8243,105.7117,-2696.6686,1
24.353777,13721.6797,-8792.1723,1948.4316,13289.9132,1
24.357684,-4198.2422,-3578.8488,-3122.5406,-3418.1613,1
24.361590,10838.3789,6689.6597,-3664.0891,6891.2484,1
24.375202,13370.1172,-12770.0551,7456.8058,13508.3224,1
24.379108,-6946.7773,-8377.1318,4743.5166,-2421.2573,1
24.383014,-11166.0156,-7036.0743,-5625.1857,947.8354,1
24.386921,13323.2422,-14476.0226,8590.6776,13546.7883,1
24.390827,-6572.2656,-8279.3961,-1132.3094,-1353.1395,1
24.394733,-3156.7383,98.6479,-13516.1679,10899.6167,1
24.398639,13713.8672,8494.8211,13227.2775,13911.0959,1
24.402546,-1070.8008,6077.6232,12163.0911,3764.0647,1
24.406452,-3123.5352,-8277.8071,12636.4179,14887.0149,1
24.420072,13932.6172,-811.7788,14561.0011,13981.2942,1
24.423979,-2445.8008,3261.6477,8558.9224,909.5090,1
24.427885,14887.2070,7335.0741,-15191.2814,-936.1295,1
24.431791,14378.4180,11408.5006,-15727.7831,14561.3812,1
24.435697,4055.1758,15481.9271,11809.0429,4787.1915,1
24.439604,10881.3477,-2708.8777,-11332.7667,3020.3391,1
24.443510,14026.8555,-10357.5893,-14797.7738,14383.4704,1
24.447416,2931.1523,12947.9321,68.9868,8564.3102,1
24.451322,-7100.0977,-2943.0059,983.9136,-3034.5779,1
24.480214,14464.3555,15684.6045,-14010.1143,-3421.8062,0
24.484120,11306.6406,-8456.7435,3377.8473,-15416.5300,0
24.488027,6895.9961,6907.8639,14922.1378,2703.4792,0
24.491933,14511.2305,15419.0563,15396.5156,14270.8346,0
24.495839,11057.1289,-10201.0158,9996.4281,14487.5487,0
24.499745,-7072.2656,6898.6652,-10990.9942,14972.8029,0
24.503652,14870.6055,15489.0515,-14666.8439,15002.7419,0
24.507558,11433.1055,-10574.5333,-9045.1933,15032.6808,0
24.511464,14939.9414,12854.9257,5189.5336,15062.6198,0
24.525173,14948.7305,15140.5153,15700.6597,14989.6905,0
24.529079,-14814.9414,4839.5261,729.8166,-10456.5817,0
24.532985,4963.8672,-10698.2550,15090.7827,5051.6705,0
24.536891,15300.2930,-512.1240,-15830.1399,15572.5308,0
24.540798,-13565.9180,3355.0147,4435.2338,-3711.9772,0
24.544704,-1036.1328,-2599.7443,-823.5148,-6862.9891,0
24.548610,15386.2305,9869.5408,-14244.6583,15541.2078,0
24.552516,-3562.5000,2662.8275,-9374.2936,1807.9976,0
24.556423,-12989.7461,-12920.8181,15375.3713,988.2905,0
24.569968,-15535.1562,9993.7853,-12528.3402,-14730.4855,0
24.573875,8188.9648,1814.3747,-13120.3302,14978.5055,0
24.577781,-14954.1016,-12093.0686,5340.7762,-10984.7542,0
24.581687,-14714.8438,2306.0848,-11811.5612,-14438.9198,0
24.585593,-6181.6406,2125.0440,-13260.2036,-3552.1127,0
24.589500,9097.1680,-9182.3909,-520.8011,-12909.4833,0
24.593406,-14229.9805,5770.1682,-11301.1310,-13902.5156,0
24.597312,1446.2891,15026.9010,-11624.2851,891.5892,0
24.601218,11153.8086,10748.5235,3505.9817,-12858.1107,0
24.615212,-13308.1055,12917.0936,-8275.8146,-13037.5859,0
24.619119,11698.7305,14714.6510,501.6075,11539.6566,0
24.623025,13196.2891,9668.7591,15373.8254,-12834.1430,0
24.626931,-12815.9180,1753.7111,-9144.5940,-13258.5003,0
24.630837,-10049.3164,7450.4439,13644.7626,-15085.3620,0
24.634744,-782.2266,-12086.0796,-8603.9361,4890.4720,0
24.638650,-12417.4805,-2509.0600,-11130.3054,-12815.1064,0
24.642556,-7048.8281,9135.3542,-14874.5149,-12275.9477,0
24.646462,-8758.3008,-6280.2333,1271.4555,-10804.4130,0
24.660091,-12222.1680,13089.6686,-10161.7888,-12821.2045,0
24.663998,-6297.8516,2472.2173,2545.6327,-14401.8569,0
24.667904,11235.3516,3322.9705,-12820.9465,5057.3799,0
24.671810,-12300.2930,15261.9410,-11976.0301,-12697.6181,0
24.675716,-2798.3398,1752.5555,186.7861,-12552.7380,0
24.679623,-786.1328,-10938.9888,-5020.6900,-12813.7152,0
24.683529,-12784.6680,2759.9339,-15269.1758,-12963.6012,0
24.687435,-10925.2930,4021.7103,-15482.9213,13912.7449,0
24.691341,-10817.8711,-10877.1013,14990.3615,9114.1983,0
24.705152,-13089.3555,10926.1949,-13719.0178,-13448.3660,0
24.709058,13947.2656,1928.7337,6324.2343,6595.7388,0
24.712964,15134.7656,-6009.8618,8861.3584,-6937.8904,0
24.716871,-13878.4180,7230.0019,-15000.9539,-14197.8856,0
24.720777,444.8242,2607.9348,4954.0010,-5522.4719,0
24.724683,13113.7695,597.2625,10773.5251,-996.9223,0
24.728589,-14449.2188,13177.5834,13347.8456,-14522.0661,0
24.732496,-8806.6406,840.0252,-9319.2618,-13815.6697,0
24.736402,13098.1445,-3151.8281,-15129.7582,-14905.8009,0
24.751052,-14785.1562,15459.1860,14128.3441,-14617.8795,0
24.754958,-13933.1055,-8766.8274,-838.7014,13885.8272,0
24.758864,-12925.2930,-3043.1988,-15149.2493,-3066.2427,0
24.762770,-14800.7812,15310.7467,10608.3355,-14787.6988,0
24.766677,-15809.5703,-11138.3277,12167.7660,14521.2655,0
24.770583,-12948.7305,-11043.7493,4753.2341,-12950.9158,0
24.774489,-15277.3438,15435.2162,12637.5248,-14727.8968,0
24.778395,11440.4297,-7518.7707,-12432.6867,12341.1932,0
24.782302,-2953.6133,-11018.0448,-12907.1071,2994.9705,0
24.810242,-15363.2812,15569.8599,-2643.8031,-774.9560,0
24.814148,8563.9648,-8686.5319,-2385.1764,10835.8989,0
24.818054,-2966.7969,6883.1024,11383.1861,-6763.7181,0
24.821960,-15589.8438,15279.9195,7677.6089,210.3957,0
24.825867,7314.4531,-7817.0251,-2079.1614,8490.6223,0
24.829773,11027.3438,927.4000,-5862.8732,4009.0623,0
24.833679,-15589.8438,15411.7144,-7310.8711,-3245.2595,0
24.837585,9189.4531,-7319.7575,-8758.8690,-10499.5814,0
24.841492,15026.8555,-14993.8861,-10206.8669,-10549.7672,0
24.855153,-15574.2188,15618.5955,-15205.3852,2310.1925,0
24.859059,5937.5000,-7394.0665,-4569.3693,11174.8316,0
24.862966,-6997.5586,-15024.7707,-3029.9147,15670.5810,0
24.866872,-15816.4062,15325.1012,-15863.5186,2431.2362,0
24.870778,2813.9648,-11010.8239,5958.4416,9663.0858,0
24.874684,1016.6016,-15010.1222,14858.8773,9930.6237,0
24.878591,-15964.8438,15527.8623,-13939.0559,5949.6522,0
24.882497,1437.0117,-5771.4509,6740.6289,1968.6807,0
24.886403,-7001.4648,2944.7688,-1108.2120,-2012.2908,0
24.900158,-15839.8438,13936.2531,-14552.5891,-15787.6694,0
24.904064,4187.5000,6261.6779,3906.1755,-570.6531,0
24.907971,-15014.1602,-7277.8557,833.7228,-10695.0590,0
24.911877,15761.2305,1686.8525,-14745.8800,15530.4624,0
24.915783,-2687.9883,3877.5838,-5863.8478,-495.8920,0
24.919689,2985.8398,-2133.5679,14798.3821,-14636.9177,0
24.923596,15776.8555,10048.3572,14806.4193,15561.1514,0
24.927502,-3188.4766,3918.2185,14536.8486,-2222.9052,0
24.931408,-15001.9531,-11727.3406,12774.8949,-4925.3373,0
24.945954,15839.3555,11437.3959,13104.5238,15432.9589,0
24.949860,-3063.4766,7226.8428,1117.6990,-699.4459,0
24.953767,-15013.6719,-1566.9553,14674.5768,-5331.5344,0
24.957673,-15878.9062,7015.5353,10972.6360,-15496.5016,0
24.961579,936.5234,7366.8020,-3886.5363,-3302.7176,0
24.965485,-3000.4883,2394.0339,-15122.5242,1443.2128,0
24.969392,-15925.7812,11230.6348,10303.8847,15189.1686,0
24.973298,1562.5000,5374.4431,-12952.8272,-3361.8860,0
24.977204,1001.9531,-10351.3942,-15210.6342,3105.6227,0
24.990123,-15848.1445,10972.7727,10929.8084,15736.7700,0
24.994030,-188.4766,5512.6317,-9138.4192,508.1373,0
24.997936,2970.2148,2509.5823,12769.8974,-5098.9940,0
25.001842,15479.9805,12452.6221,9666.9752,-15632.5100,0
25.005748,-3813.9648,6715.7358,-4936.2006,2155.1185,0
25.009655,2952.1484,488.8410,797.1928,-857.7924,0
25.013561,15386.2305,9330.7161,8132.1846,15710.7087,0
25.017467,-7439.9414,4269.6310,6452.1760,982.5261,0
25.021373,-1028.8086,-1710.5114,10869.9660,-6953.2711,0
25.036333,15628.4180,15348.4086,9670.8207,15654.0539,0
25.040239,-5814.4531,-11267.6473,1870.0201,-5193.1255,0
25.044145,-7020.9961,-3050.8137,14781.1445,7083.2724,0
25.048052,15628.4180,15376.9578,8629.1849,15797.5546,0
25.051958,-6313.4766,-6524.9987,2068.3835,-3270.0168,0
25.055864,-13010.7422,-1048.8599,6653.9251,1142.6185,0
25.059770,15667.4805,15232.3250,7887.2495,15541.5975,0
25.063677,-3813.4766,-7398.7103,-14208.5434,-1765.1750,0
25.067583,-15014.6484,951.8908,10831.3394,3027.2633,0
25.080329,15854.9805,12682.5044,11765.9444,15374.0312,0
25.084236,-4188.9648,7855.8991,15442.7012,-4669.7320,0
25.088142,-15014.6484,-10422.4853,-15037.8600,-10572.6709,0
25.092048,15597.1680,-4453.7909,11656.9869,15393.4733,0
25.095954,-5313.4766,8973.8835,-6225.1105,-6203.0054,0
25.099861,2973.1445,-9017.0483,-11206.5376,-6640.8465,0
25.103767,15745.6055,-5894.8900,13207.8052,15537.9981,0
25.107673,-688.4766,8400.2606,-12537.9455,-2243.2287,0
25.111579,-7005.8594,-7843.4805,902.0901,-12884.9996,0
25.125113,15894.0430,10846.6882,-14064.3910,15668.2334,0
25.129019,-5439.9414,10943.5531,-3108.1434,-2114.7693,0
25.132925,-13017.5781,-4426.5712,-15199.1463,5092.6129,0
25.136831,15823.7305,-1455.0413,-15099.6528,15668.2129,0
25.140738,-7314.4531,9335.2245,14037.3091,-3042.1056,0
25.144644,-15017.0898,-7945.1161,14675.7140,-12701.2901,0
25.148550,15815.9180,1592.6428,-13457.8739,15463.2379,0
25.152456,-3063.9648,10186.7363,-7169.6921,-4650.6963,0
25.156363,8970.2148,-6492.3130,4913.7654,10967.6409,0
25.185083,15690.9180,13957.8130,-14260.4470,15216.1029,0
25.188989,-3189.4531,3452.5860,38.4534,-6368.3390,0
25.192896,-7027.8320,-7473.3394,-5195.0449,3084.7251,0
25.196802,15714.3555,4584.1309,-15554.9628,15725.7136,0
25.200708,-3563.4766,3290.1933,6687.4698,-5594.6077,0
25.204614,8990.2344,-460.5157,14556.2608,7059.8738,0
25.208521,15792.4805,11317.8717,-15259.8632,15795.3498,0
25.212427,-4188.4766,2390.5873,-14404.2247,2492.3182,0
25.216333,-13026.8555,-2272.2707,2824.2979,-6953.5823,0
25.230361,15534.6680,13627.8582,15226.1099,15230.5838,0
25.234267,-2187.9883,9030.7846,9939.0432,-2920.8386,0
25.238174,4979.0039,-8557.4843,10744.2331,-11144.8183,0
25.242080,15565.9180,-5618.0384,11564.2460,-15572.3743,0
25.245986,-6063.4766,8789.1940,5797.9873,-1041.7625,0
25.249892,14989.7461,-4252.2897,4955.3128,-9196.0253,0
25.253799,15894.0430,5402.0357,14639.2264,-15566.4573,0
25.257705,-3564.4531,9048.8613,9166.9407,-1278.3609,0
25.261611,-9020.0195,-1538.6856,-2917.9522,13013.2878,0
25.275205,15737.7930,14219.0555,13060.9352,15637.6208,0
25.279111,-3438.4766,6346.9144,-7909.3086,-1933.2729,0
25.283017,-9011.2305,-4149.1532,3111.0465,11042.4262,0
25.286924,15847.1680,5123.2191,13549.6308,15736.1932,0
25.290830,-1062.9883,4572.0071,5904.3484,-3745.1646,0
25.294736,-9016.1133,-7110.3900,-8848.2808,3115.1884,0
25.298642,15644.0430,4075.5729,14612.2547,15530.8336,0
25.302549,-4938.9648,5341.2516,11021.0866,-2592.7145,0
25.306455,8970.2148,2499.3120,-6809.4080,6985.8234,0
25.321150,15495.6055,15547.7951,13856.7754,15426.4620,0
25.325056,-5063.9648,-7149.6680,3910.6316,-2091.9452,0
25.328962,10978.0273,-1039.2327,-10921.3036,7079.8006,0
25.332868,15894.0430,15427.3480,11955.2230,15623.4001,0
25.336775,-4190.4297,-8521.9115,-9939.1940,-3290.5740,0
25.340681,-1034.6680,-7023.2422,-6799.8400,-858.3875,0
25.344587,15722.1680,15681.8903,13283.9485,15498.8902,0
25.348493,-4188.9648,-4404.7214,-4463.3510,-402.6527,0
25.352400,2973.6328,-11034.2000,-12899.6379,3025.0302,0
25.365191,15636.2305,12338.7344,14467.3726,15517.9479,0
25.369097,-5064.4531,1461.3944,-4150.1879,-3595.3488,0
25.373003,2976.5625,-10474.5513,14985.2078,-12549.6591,0
25.376909,15776.8555,3731.1816,14731.9015,15520.6629,0
25.380816,-3064.4531,2654.4962,7155.9346,-4467.2263,0
25.384722,-7029.7852,1561.9553,2928.6590,9073.8023,0
25.388628,15644.0430,12652.8218,12087.5836,15176.6421,0
25.392534,-8313.9648,1287.2610,14601.6713,-6745.0249,0
25.396441,6990.2344,-2894.9864,-11234.7618,5028.5459,0
25.410220,15745.6055,13990.7335,12407.3654,15591.5504,0
25.414126,-5313.9648,5384.2609,7550.0930,-5267.9412,0
25.418032,-13024.4141,3891.1411,8634.7770,1084.5989,0
25.421939,15542.4805,13339.9196,12396.4544,15461.5383,0
25.425845,-6939.9414,4037.3402,13728.7396,-4961.2198,0
25.429751,-9029.2969,-6681.1137,-15433.3165,9031.6695,0
25.433657,15745.6055,4911.4601,9990.3018,15707.9112,0
25.437564,-5815.4297,4403.5039,-11328.5476,-3173.6261,0
25.441470,-1028.3203,-146.6109,-13392.2082,-991.0632,0
25.455133,15542.4805,14209.4378,13459.4392,15281.7753,0
25.459039,-8688.9648,4876.9054,7207.6792,-6403.6191,0
25.462945,10983.3984,-9286.6150,12592.7314,5134.7010,0
25.466851,15589.3555,1820.2522,12631.3831,15456.2521,0
25.470758,-7688.9648,6675.7898,-8153.0593,-7088.1848,0
25.474664,-5009.2773,-2494.7622,567.2453,9077.2992,0
25.478570,15644.0430,6504.4271,9893.4181,15595.4595,0
25.482476,-6187.5000,3424.1914,5574.9476,-270.1454,0
25.486383,-3009.7656,-4362.9793,-13259.0099,-14897.2401,0
25.500066,15440.9180,13328.8974,11338.5295,15352.1047,0
25.503972,-6688.9648,5616.7314,71.5831,-6211.2878,0
25.507878,-15015.6250,-4917.1232,4665.7965,-8839.0744,0
25.511784,15753.4180,5223.8669,9684.2330,15498.2597,0
25.515691,-4188.9648,7241.2800,10412.0658,-3188.1424,0
25.519597,-13014.6484,-4244.8726,6620.5021,13005.9732,0
25.523503,15823.7305,4127.9930,11218.7025,15597.0013,0
25.527409,-3312.9883,4934.2218,-812.0917,-1496.7783,0
25.531316,-11013.6719,2330.1107,938.0564,7001.9787,0
25.545990,15651.8555,13138.8462,12682.7912,14641.3474,0
25.549896,-1187.5000,13803.2996,341.0649,-2493.4566,0
25.553802,-10995.6055,14467.7529,6932.8278,7477.0193,0
25.557709,15878.4180,15132.2062,12770.1695,14521.2495,0
25.561615,-4438.9648,8104.5938,-1695.2709,-5415.4287,0
25.565521,8977.0508,-2767.0692,873.2010,-3831.2388,0
25.569427,15722.1680,8623.2545,13366.6797,14795.8517,0
25.573334,-3812.9883,8171.1022,-14319.3346,-2260.6757,0
25.577240,5003.9062,-9649.2361,-12976.7751,9111.5240,0
25.605175,15862.7930,14176.9823,13969.9666,2352.9496,0
25.609081,-3062.9883,4647.0472,-11697.6679,12819.1452,0
25.612988,2990.7227,-4456.7121,-9080.5635,15702.9815,0
25.616894,15870.6055,6389.7962,12212.0154,1504.5991,0
25.620800,-312.5000,3681.3356,-3413.8404,2421.9687,0
25.624706,14994.1406,-5458.2385,6958.1171,4300.5449,0
25.628613,15917.9688,6389.3430,14462.0618,5828.6553,0
25.632519,1437.5000,4514.8043,4344.9147,7356.7656,0
25.636425,8998.5352,-9706.4590,14755.3136,8884.8759,0
25.654241,15737.7930,15482.9179,12675.6425,15636.7821,0
25.658148,-3813.4766,-6898.8417,13269.6583,-4369.8947,0
25.662054,-13022.9492,-5033.2420,4776.7671,14989.7844,0
25.665960,15707.0312,15466.2492,12835.4876,15461.9428,0
25.669866,812.9883,-7272.6613,4298.1363,-5626.9642,0
25.673773,-10997.0703,-1035.7993,10748.0433,12996.3686,0
25.677679,15940.9180,15465.7013,12767.2680,15210.1245,0
25.681585,-1313.4766,-5152.9843,8799.0370,-4691.5986,0
25.685491,-3009.7656,12930.0299,12728.4532,-4925.4825,0
25.696035,15839.3555,15591.0604,11970.6564,15346.7469,0
25.699941,-4688.9648,-997.3012,-5011.0098,-2212.6988,0
25.703848,-15019.5312,4121.9538,12546.2973,-2437.5901,0
25.707754,15667.4805,13547.7518,10296.6731,15024.9241,0
25.711660,-4313.4766,-3315.7655,11504.2213,-7546.9706,0
25.715566,12992.6758,1937.5510,2676.5919,-14081.9573,0
25.719473,15800.2930,13214.5638,9701.0935,15070.3399,0
25.723379,-5062.9883,-3672.6765,-15663.9048,-5849.3748,0
25.727285,4999.5117,-2829.1571,-5380.9020,-6789.7128,0
25.740085,15925.2930,13249.8354,9668.7376,15707.0996,0
25.743991,-3688.9648,3866.8487,14298.3420,-5578.1484,0
25.747898,14985.8398,-10068.0707,12635.1323,9039.0318,0
25.751804,15683.1055,1490.9156,9005.0743,15628.9582,0
25.755710,-6313.9648,4914.1591,-1109.1370,-7838.7263,0
25.759616,-3013.6719,-5832.7947,-15386.0819,-10811.7755,0
25.763523,15769.0430,4856.4080,6695.6630,15638.2720,0
25.767429,-2688.4766,5623.1657,5692.5322,-5468.8089,0
25.771335,10974.6094,-3402.4397,10734.3046,7002.3056,0
25.785007,15784.6680,13381.6204,8941.6084,15466.8068,0
25.788914,-1188.9648,4551.3617,4653.7414,-3729.4164,0
25.792820,-9026.8555,-3480.7786,-3247.3788,-6759.5079,0
25.796726,15550.2930,7465.7215,8444.8693,15380.1768,0
25.800632,-4813.4766,2909.4268,728.8436,-3281.5767,0
25.804539,6973.6328,-6996.1080,14773.2754,-10691.5511,0
25.808445,15526.8555,5531.9140,8212.7566,15517.8612,0
25.812351,-4938.4766,5169.8460,-1201.0619,-3831.6761,0
25.816257,4992.6758,1287.8042,-5041.8412,5024.0981,0
25.831183,15940.9180,15483.4219,12206.7335,15802.5806,0
25.835090,-4189.4531,-5652.7561,-2437.8768,-3507.1164,0
25.838996,4979.4922,12942.6978,972.4420,3096.8562,0
25.842902,15839.3555,15522.4916,13938.7334,15711.9637,0
25.846808,-6564.4531,-6277.1081,9506.8701,-4282.9309,0
25.850715,-1013.6719,975.3073,-9218.9117,-14748.5587,0
25.854621,15667.4805,15837.3592,12531.8003,15336.1810,0
25.858527,-8189.9414,-6401.8074,-11403.0766,-6321.9695,0
25.862433,10970.7031,-13017.5427,14856.4728,7006.5247,0
25.875258,15714.3555,12192.4997,-14754.8301,15728.1103,0
25.879164,-5564.4531,5151.1212,9990.0395,-1784.8551,0
25.883070,12973.1445,3781.6587,-13248.7975,1128.9232,0
25.886977,15636.2305,13347.3399,14076.0349,15247.7031,0
25.890883,-6689.4531,1675.7235,11761.6815,-6466.0838,0
25.894789,2960.9375,-12923.6210,2623.9318,-8787.0866,0
25.898695,15448.7305,1261.6204,15934.6639,15366.0536,0
25.902602,-6189.4531,6302.3052,-1202.1009,-3208.2306,0
25.906508,8987.7930,-5745.5618,823.4986,-4961.8669,0
25.935086,15784.6680,15941.3997,-14566.4587,-1677.2428,0
25.938992,-11689.9414,-8640.3963,3536.1211,6305.0539,0
25.942899,10971.1914,948.8404,2819.6314,14318.0317,0
25.946805,15370.6055,15481.9865,14385.3419,-5474.7813,0
25.950711,-7439.9414,-6769.5591,-3668.8458,-9244.2662,0
25.954617,-9051.7578,-9014.6098,4647.0276,-3779.8047,0
25.958524,15354.9805,15719.1974,15835.6492,2651.8220,0
25.962430,-10064.9414,-7269.0099,-118.7143,9083.4488,0
25.966336,8968.7500,-3049.1236,-7289.6259,14880.3202,0
25.980209,15464.3555,15565.7036,13922.9964,3134.8507,0
25.984115,-7439.4531,-2135.2700,-8207.8408,-5525.7282,0
25.988021,12974.1211,-1030.8537,-12722.5085,6745.8836,0
25.991928,15651.8555,15367.7913,10748.2216,5672.2378,0
25.995834,-4689.4531,-8865.3702,-6127.2783,2126.1819,0
25.999740,-13047.3633,12900.1203,6851.6436,5832.1981,0
26.003646,15347.1680,15269.8740,11470.5067,7333.2068,0
26.007553,-5438.9648,-6497.9713,-12601.8802,8834.2155,0
26.011459,-7027.3438,-11010.9365,10877.9594,10335.2242,0
26.025053,15487.7930,12042.5774,11401.7195,15313.8695,0
26.028959,-7313.9648,3344.8704,1782.9408,-5412.5817,0
26.032865,6982.9102,-7367.0730,-9032.9530,-2813.5627,0
26.036772,15823.7305,4944.9156,10327.4706,15488.4023,0
26.040678,-3188.4766,3397.4916,2534.5049,-4278.0213,0
26.044584,986.8164,-7362.0925,-3183.3951,-832.8545,0
26.048490,15644.0430,4946.1696,9631.5234,15496.1296,0
26.052397,-6813.9648,4422.6488,-11155.0684,-4387.1980,0
26.056303,4971.1914,-5296.6579,4962.0775,-10959.2237,0
26.071189,15440.9180,15469.6906,9820.1085,15167.4832,0
26.075095,-8689.4531,-13386.8952,-13161.7782,-9202.5974,0
26.079001,-9023.4375,960.3542,2821.7432,-789.2194,0
26.082907,15589.3555,15624.9562,8975.3808,15413.1967,0
26.086814,-7189.4531,-6898.0152,145.4692,-3516.3660,0
26.090720,-9013.6719,-15014.9455,-11058.6666,9083.6941,0
26.094626,15870.6055,15540.9907,9985.7864,15547.7614,0
26.098532,-5189.9414,-5275.6087,6290.3306,-4381.0333,0
26.102439,-15032.2266,10946.6817,4827.3407,8882.7277,0
26.115208,15714.3555,14971.1547,11773.4515,-15612.3629,0
26.119114,-6064.9414,2433.8590,1783.5875,-2308.2735,0
26.123021,-1028.3203,-6911.7207,14808.2619,-6484.3230,0
26.126927,15651.8555,5899.1564,11572.2699,14993.2353,0
26.130833,-4563.9648,2870.5245,9690.5036,-4283.1614,0
26.134739,8978.0273,-8639.4244,-1147.3854,-12320.8167,0
26.138646,15737.7930,4120.9708,9945.2378,15246.5531,0
26.142552,-4063.9648,4952.7114,13090.7823,-1597.1699,0
26.146458,-13014.6484,2705.9427,-9251.1014,7052.6630,0
26.160157,15878.4180,14567.1492,11365.7329,15775.1281,0
26.164063,-2438.9648,2482.7275,-15569.6758,-1703.2592,0
26.167969,-7027.3438,-2977.6924,-7374.4763,-14697.5911,0
26.171876,15511.2305,9492.5299,10843.9651,15582.9954,0
26.175782,-5063.4766,4588.8086,13355.7956,-4237.9484,0
26.179688,10973.6328,-25.9719,-13402.4519,14981.7837,0
26.183594,15644.0430,10428.6955,9184.5594,15445.0524,0
26.187501,-5814.4531,3857.7592,-15018.1761,-5722.8732,0
26.191407,12968.7500,2451.5928,14583.9015,3020.5320,0
26.205116,15339.3555,14630.9103,12813.1727,15279.2793,0
26.209022,-5313.9648,10117.7572,-13554.1915,-4791.9264,0
26.212929,-3038.5742,-5333.6501,-3424.6535,14990.7002,0
26.216835,15401.8555,252.8658,10305.2427,15176.1009,0
26.220741,-6564.4531,8963.0531,-1317.9862,-7637.5931,0
26.224647,12966.3086,-8486.8838,4472.7219,-12618.8864,0
26.228554,15628.4180,267.8578,9180.3452,15596.7356,0
26.232460,-4688.9648,9546.2021,-6448.8334,-3830.3252,0
26.236366,-5014.6484,-9487.9596,-7383.0794,-4950.4269,0
26.251182,15745.6055,15766.8377,10857.4230,15347.6412,0
26.255088,-5313.9648,-6400.1849,-7913.1972,-7085.9816,0
26.258995,-7019.0430,12939.3314,8550.9690,-8722.4655,0
26.262901,15683.1055,15397.5650,9018.1192,15498.0274,0
26.266807,-6814.4531,-12889.8637,-4295.6728,-5892.5582,0
26.270713,6982.9102,12917.1224,12515.8597,9068.6260,0
26.274620,15737.7930,15272.7669,10519.4303,15409.2591,0
26.278526,-5564.9414,-6899.7113,7525.1608,-8310.3627,0
26.282432,-3036.1328,-3027.9188,-3222.5197,3017.3209,0
26.295998,15558.1055,14415.7134,10168.3228,14554.5724,0
26.299905,-4563.9648,1858.5641,-12939.2523,-3177.7536,0
26.303811,2968.7500,-10484.5350,14707.8913,-1764.6055,0
26.307717,15651.8555,8559.4982,9843.9937,14538.7020,0
26.311623,-3813.9648,-1868.3776,-13121.9918,-2046.9423,0
26.315530,10965.3320,-1067.0760,12639.4065,-5532.9956,0
26.319436,15331.5430,11855.8522,11667.5931,13471.9191,0
26.323342,-9814.4531,-4174.3655,12022.2662,-9720.1132,0
26.327248,-15026.8555,4253.3282,-5119.4596,9102.2766,0
26.355199,15440.9180,15782.6453,12034.3156,-4214.7619,0
26.359106,-8564.9414,-5521.1299,9230.2180,-10564.9834,0
26.363012,-7019.0430,-5027.9597,-1206.9175,12834.4873,0
26.366918,15714.3555,15663.9960,10223.7509,-4093.2936,0
26.370824,-7689.4531,-5146.5725,-927.0177,11015.0170,0
26.374731,2965.3320,955.6255,-15072.1802,13288.9038,0
26.378637,15542.4805,15442.4045,12596.6982,13637.6699,0
26.382543,-4063.4766,-9139.3323,12732.4379,13986.4360,0
26.386449,2984.8633,4940.6695,2758.8892,14335.2021,0
26.401072,15878.4180,15748.0976,10826.1788,15379.1724,0
26.404978,-3188.9648,-5774.6218,9025.8100,-3997.5507,0
26.408885,-11014.6484,-3020.3065,4748.5148,1183.8775,0
26.412791,15722.1680,15679.7660,11898.3372,15730.4547,0
26.416697,-5563.9648,-10642.1530,3771.6344,-381.4333,0
26.420603,10978.5156,-1046.6525,726.1341,-14613.9861,0
26.424510,15558.1055,15660.0401,12376.8995,15240.9621,0
26.428416,-8439.4531,-8395.3768,-5545.7983,-7557.5018,0
26.432322,8972.6562,-3024.6678,14682.9583,-6946.6918,0
26.445937,15511.2305,14417.2056,11358.8563,14066.7015,0
26.449843,-4438.4766,-1513.8278,12799.7601,-9053.0736,0
26.453749,10983.8867,-10048.9895,6563.1759,-9533.5011,0
26.457655,15722.1680,8937.8142,8866.9681,14561.9048,0
26.461562,-5438.9648,-1315.4307,-6618.9830,-4525.6797,0
26.465468,-7021.4844,9793.8894,-1225.0409,9348.2817,0
26.469374,15620.6055,15470.8375,8595.6727,14546.1404,0
26.473280,-5438.9648,-467.9806,11053.1677,-5062.4063,0
26.477187,2990.2344,-3635.6148,4605.7614,-4689.1719,0
26.490165,15933.1055,12863.6950,9175.7205,15462.3932,0
26.494071,-4314.4531,5378.4205,-1815.3222,-7675.5907,0
26.497978,14974.1211,2682.6421,4586.2671,11019.5315,0
26.501884,15808.1055,14115.3235,8416.7052,15640.6570,0
26.505790,-2438.9648,5340.7157,12403.2875,-4721.0806,0
26.509696,14976.0742,-986.7224,4587.8772,-8838.1821,0
26.513603,15565.9180,9909.1678,6774.1870,15534.9607,0
26.517509,-9314.9414,4536.6251,5898.7529,-7393.0324,0
26.521415,-11033.2031,-6648.2732,-9296.2209,-1012.1203,0
26.535135,15581.5430,12565.0844,9002.5951,14850.5622,0
26.539042,-3188.9648,5921.8156,10605.2308,-10373.7320,0
26.542948,-9035.6445,4742.4975,-7169.3432,5089.3333,0
26.546854,15292.4805,14312.1126,8751.1175,15140.6137,0
26.550760,-8064.4531,4986.7769,3153.5595,-7631.9628,0
26.554667,-9018.5547,4756.9134,-3113.4897,-2790.3505,0
26.558573,15769.0430,15256.5246,7911.1021,15443.1139,0
26.562479,-8690.4297,2482.4307,3145.2949,-8719.5845,0
26.566385,-1034.6680,-2701.0021,-5007.8856,-975.5288,0
26.580215,15425.2930,13233.4259,12442.5942,15196.3651,0
26.584121,-6938.9648,8558.2367,-5906.9622,-7197.6418,0
26.588027,-5023.9258,-7066.9945,6972.0950,9080.6109,0
26.591934,15659.6680,3524.8331,13471.8732,15361.0236,0
26.595840,-5063.4766,10076.0690,2654.1998,-6054.7317,0
26.599746,988.7695,-6230.5027,-3200.6996,3141.7712,0
26.603652,15769.0430,-2348.4277,12797.8372,15009.4507,0
26.607559,-687.9883,9639.7297,-1720.5217,-7063.9858,0
26.611465,4965.8203,-7598.5978,-9080.4723,-6937.6632,0
26.625239,15573.7305,11066.5876,-15591.4437,15571.1584,0
26.629145,-2064.4531,3228.7525,11354.6595,-999.3079,0
26.633051,-11029.2969,-5001.0312,-11205.3995,5059.8277,0
26.636958,15706.5430,8003.2789,-15896.4681,15170.4411,0
26.640864,-3937.9883,6398.4177,26.1086,-3716.9014,0
26.644770,10992.6758,1938.4571,-3352.2494,4782.2491,0
26.648676,15690.9180,12018.8422,-15188.0709,-15723.4543,0
26.652583,-3687.9883,4209.8900,2417.5228,-161.0398,0
26.656489,-7001.9531,-9658.1553,879.6181,-8949.5295,0
26.671066,15862.7930,1532.8587,-14151.3528,15553.2227,0
26.674972,-4063.4766,5456.5781,7810.6790,-5267.1597,0
26.678878,-8996.5820,9380.2975,14746.8574,-12730.6316,0
26.682784,15940.9180,13304.0169,-14895.3469,15508.9199,0
26.686691,-2187.9883,7169.9077,-11471.9543,-7132.8420,0
26.690597,8985.3516,-9569.0545,-15403.6184,11024.8010,0
26.694503,15628.4180,-3041.6746,-15264.7425,15518.8483,0
26.698409,-6938.9648,5762.4626,8384.7570,-6182.3921,0
26.702316,-5004.8828,-9278.2319,-9289.7678,7013.2509,0
26.730059,15753.4180,15670.2101,15071.7339,969.0663,0
26.733965,-6563.4766,-2877.5438,13242.3794,11985.3598,0
26.737871,6987.7930,12710.4649,11884.3598,15586.6015,0
26.741778,15769.0430,15492.5595,6988.2057,317.2468,0
26.745684,-3938.4766,-9397.6664,8217.9451,-6297.1349,0
26.749590,14987.3047,14557.4288,8911.8112,-4447.9582,0
26.753496,15690.9180,15563.7157,9128.0519,-1347.4134,0
26.757403,-4062.9883,-4109.5397,9344.2926,1753.1313,0
26.761309,986.3281,-3043.8568,9560.5333,4853.6761,0
26.775227,15737.7930,13323.3925,10298.5496,15754.7911,0
26.779134,-4187.9883,6259.3985,-4966.7900,-909.0523,0
26.783040,5000.4883,-2102.0161,-13291.3162,3093.5992,0
26.786946,15964.8438,7349.2030,7448.4159,15864.6773,0
26.790852,812.0117,3959.2888,-14291.8394,-1852.2554,0
26.794759,8988.2812,-6485.9767,2767.9612,-6855.5395,0
26.798665,15808.1055,5307.5528,8303.5427,15543.4509,0
26.802571,-4313.9648,5800.4954,10540.9367,-3252.6359,0
26.806477,-11020.5078,4360.6803,6783.9841,4984.3287,0
26.820084,15636.2305,15087.8405,8900.8977,15069.3524,0
26.823990,-7814.4531,4626.2757,12628.4588,-8071.4710,0
26.827896,6976.0742,926.0679,-7240.4123,13003.3803,0
26.831803,15745.6055,14251.5473,8184.3323,15493.7030,0
26.835709,-2063.9648,6766.9102,13144.7679,-3077.4728,0
26.839615,6975.5859,2447.5914,2862.9140,-14679.2779,0
26.843521,15815.9180,13008.8968,9312.3325,15569.1745,0
26.847428,-4564.4531,5936.6350,-1825.4133,-972.3233,0
26.851334,972.1680,-6427.8753,737.3523,6990.9792,0
26.866127,15589.3555,15553.1996,9975.5130,15612.5767,0
26.870033,-5188.9648,-6898.9597,-5630.8351,-2799.5203,0
26.873939,-9023.9258,-15019.9280,10773.5059,11026.6649,0
26.877845,15628.4180,15486.8014,10857.1895,15245.8290,0
26.881752,-7689.9414,-9269.1902,3247.5630,-9454.7147,0
26.885658,-9025.3906,-9022.0179,-5143.0862,-10743.5912,0
26.889564,15651.8555,15567.9355,9602.0029,15472.1837,0
26.893470,-2937.5000,-407.2986,14154.3841,-7481.7471,0
26.897377,12996.0938,7006.4416,-15242.2808,13005.7229,0
26.910115,15714.3555,14792.7384,12363.7382,15634.9302,0
26.914021,-4188.4766,4686.8400,-1460.5118,-7993.4284,0
26.917928,8979.9805,4595.8496,604.3656,-14790.2722,0
26.921834,15612.7930,14532.6251,11128.9638,15453.8814,0
26.925740,-7189.4531,4471.1849,8163.9726,-9191.4417,0
26.929646,2973.6328,-6287.8210,8584.8234,7022.3483,0
26.933553,15495.6055,5084.4858,9876.0082,15166.7640,0
26.937459,-9439.4531,5421.4085,-2105.0238,-7220.3293,0
26.941365,4979.4922,1065.1162,-13391.0351,4999.0404,0
26.955158,15698.7305,14296.6815,12754.4775,15410.2769,0
26.959064,-937.5000,5000.9820,-3951.8578,-4512.6875,0
26.962971,4977.5391,-421.1453,-1400.1278,13010.7648,0
26.966877,15472.1680,10233.6399,11740.6809,15572.9598,0
26.970783,-6063.4766,3652.8380,-461.4669,-9272.5573,0
26.974689,12988.7695,-5607.1790,-1542.7095,-4810.6150,0
26.978596,15815.9180,6255.1223,9430.1858,15503.8461,0
26.982502,-5063.9648,4672.8571,1158.6958,-6920.2916,0
26.986408,985.8398,4395.0142,-3397.5080,-4959.2573,0
27.000063,15706.5430,15368.7264,11721.3443,15604.7586,0
27.003969,-6938.9648,1858.6045,-7275.0022,-7976.7722,0
27.007875,-15020.9961,1909.1053,14579.6354,-12808.1145,0
27.011781,15558.1055,15242.8661,9701.2751,15399.9824,0
27.015688,-9189.9414,3467.8883,7375.7599,-9363.8675,0
27.019594,14967.2852,-5639.9553,-13424.6364,1083.6494,0
27.023500,15550.2930,6372.6649,10431.2836,15498.9055,0
27.027406,-8440.4297,3569.4456,9564.3455,-7472.9737,0
27.031313,10964.8438,-5587.2207,10912.5854,4995.9900,0
27.046419,15690.9180,14781.5929,12178.8499,12520.9289,0
27.050326,-5188.9648,-5897.1822,7950.3979,-6410.7119,0
27.054232,-9012.6953,-3763.3688,4562.9276,-3942.1545,0
27.058138,15988.2812,13191.3262,12603.3324,12829.5987,0
27.062044,3812.5000,-2607.3218,-10522.0098,-5221.9400,0
27.065951,-5003.4180,-5043.7262,-13113.6722,-3967.9069,0
27.069857,15675.2930,12989.9270,-11156.2706,12443.2408,0
27.073763,-5313.4766,-4460.7598,7037.4969,-3794.1469,0
27.077669,-5020.0195,-10570.9344,-6827.2501,13109.2575,0
27.120270,15620.6055,15624.8626,-11968.4961,-1294.7939,0
27.124176,-1688.9648,-3102.4255,-4223.4974,2316.4967,0
27.128082,-11040.0391,-1046.5154,-12733.6153,4295.1038,0
27.131988,15440.9180,15147.4264,-11985.7265,6273.7108,0
27.135895,-6439.4531,-10445.9122,-12887.8177,8252.3179,0
27.139801,-5039.0625,-11014.0370,-4666.1160,10230.9249,0
27.143707,15370.6055,15544.8162,-10136.5995,12209.5320,0
27.147613,-9190.4297,-7831.4182,6590.7034,14188.1390,0
27.151093,15597.1680,15384.9407,-10253.5463,15739.2442,0
27.151520,-7029.2969,-13781.3529,11202.7394,14115.5363,0
27.154999,-6063.4766,-11197.8582,-15620.1158,1185.9448,0
27.158906,990.2344,-13022.0320,9276.0244,11036.0269,0
27.162812,15847.1680,15365.4331,-10645.2725,15487.4669,0
27.166718,-2189.4531,-9019.6538,12694.6739,-5182.6648,0
27.170624,14958.9844,-13019.6047,13211.8183,14994.9084,0
27.174531,15573.7305,15459.0088,-11501.2552,15596.1138,0
27.178437,-1937.5000,-5151.0857,13267.7167,-2373.0780,0
27.182343,2997.5586,-9016.4208,-8844.1898,-6941.7930,0
27.195981,15847.1680,14180.9089,-12534.9246,13991.9776,0
27.199887,-1437.9883,857.5160,-14439.4200,-5798.2556,0
27.203793,4972.1680,3011.6342,-11116.3464,11273.5329,0
27.207700,15503.4180,13056.5304,-15220.4889,13638.1975,0
27.211606,-6938.9648,-3341.4019,-10087.6535,-7167.2279,0
27.215512,-9020.5078,-5929.6122,-6296.3494,13182.5465,0
27.219418,15628.4180,10858.0588,14811.5436,14524.9365,0
27.223325,-3563.4766,1408.5630,-14048.3557,-2389.6695,0
27.227231,-11013.6719,10895.1120,-3131.2931,-14360.3652,0
27.240133,15722.1680,15508.1457,-15711.7484,15509.8671,0
27.244039,-4188.4766,4235.6289,-2047.2060,-6579.3282,0
27.247945,6987.3047,-2583.3159,957.4387,14981.2508,0
27.251852,-15925.7812,9152.1161,12711.7753,15588.7366,0
27.255758,1811.5234,7935.8942,-10067.7594,-874.5681,0
27.259664,-1006.8359,2249.9464,-13073.1468,5101.6512,0
27.263570,-15926.2695,10172.4142,9444.5604,15762.7879,0
27.267477,-1563.9648,4708.2785,-7556.0763,-397.2608,0
27.271383,-3015.6250,-3099.5246,-9064.4049,14975.7616,0
27.284959,15792.4805,13619.0203,11253.2647,15721.7142,0
27.288866,-4313.4766,5930.4301,-2526.8851,-3634.5171,0
27.292772,983.8867,-1244.2531,8837.7592,-8714.0748,0
27.296678,15753.4180,8903.7215,8965.8298,15317.8699,0
27.300584,-2563.4766,3106.3271,-3721.6051,-6276.8625,0
27.304491,2999.5117,-8881.0175,-15226.6795,-12639.8030,0
27.308397,-15902.8320,3756.7343,8552.0941,15366.8453,0
27.312303,-2938.4766,5242.7455,9561.6555,-10175.1249,0
27.316209,4975.5859,944.4608,10909.3283,-8946.7661,0
27.330300,15597.1680,14871.5913,13409.0278,15006.4098,0
27.334207,-5188.9648,5670.0858,-6662.1235,-7638.9365,0
27.338113,-3018.5547,-2928.7425,1049.8752,-10449.1513,0
27.342019,15511.2305,7046.1529,14649.9110,15071.5626,0
27.345925,-8939.4531,3398.3261,-715.3269,-5942.2362,0
27.349832,-13014.1602,-8020.0165,-7072.0288,11059.4535,0
27.353738,15534.6680,4218.3536,13044.8705,15065.2350,0
27.357644,-8689.4531,3466.1902,11230.2687,-4754.6679,0
27.361550,8978.5156,-2475.1334,-12954.4650,14971.6675,0
27.375132,15792.4805,13712.5222,-15518.4960,15206.3033,0
27.379039,-3814.4531,6834.7556,-6271.5211,-6191.3394,0
27.382945,-7019.5312,-7626.9161,12864.6978,11049.7430,0
27.386851,15870.6055,1219.0194,-15156.2595,15456.8834,0
27.390757,-4188.9648,5333.6178,507.0251,-6779.8236,0
27.394664,-5029.2969,-4115.2856,-11251.0869,-12631.1128,0
27.398570,15526.8555,6162.3259,-14057.6287,14976.4335,0
27.402476,-2688.4766,4305.3713,6033.4087,-7404.4718,0
27.406382,-15030.7617,-5060.9512,981.0058,-4933.7364,0
27.420097,15558.1055,12856.1797,-13236.3674,15306.3058,0
27.424003,-5314.4531,4638.3832,-15573.6381,-6619.8064,0
27.427909,-9031.2500,3515.3758,-15150.0461,11037.0005,0
27.431816,15769.0430,14340.3324,-15146.6505,15748.5814,0
27.435722,-688.9648,7888.8570,8804.1788,-1768.8538,0
27.439628,-7020.0195,3602.0124,14528.6083,-8740.7717,0
27.443534,15636.2305,11380.1050,-14915.6726,15583.5894,0
27.447441,-8438.9648,5454.7646,7656.4038,-6065.9681,0
27.451347,8978.5156,2187.9592,754.0920,5029.7006,0
27.480215,15542.4805,15406.8210,15265.6164,-2396.5502,1
27.484121,-5688.9648,-7493.8542,-3380.4545,10425.0260,1
27.488027,-5004.3945,951.4722,14588.0397,15312.3352,1
27.491934,15808.1055,15599.2839,12188.4249,-2486.3543,1
27.495840,-9939.9414,-4876.1499,904.2480,-5093.8357,1
27.499746,963.3789,6940.6856,-12926.4736,-2633.8388,1
27.503652,15479.9805,15508.5519,11613.8146,160.5018,1
27.507559,-7189.4531,-6994.9986,-8798.5385,2954.8424,1
27.511465,-9022.4609,-13014.4995,-7219.1246,5749.1829,1
27.525078,15534.6680,11920.8780,10467.7304,15204.7602,1
27.528984,-7189.4531,4969.8954,4845.5678,-7514.7182,1
27.532890,12974.1211,3022.3402,12773.2639,-2811.3678,1
27.536796,15667.4805,13389.2787,9151.3484,15579.4101,1
27.540703,-2438.4766,4469.5562,-1969.8979,-3550.5102,1
27.544609,2973.1445,-10800.9651,-5166.3152,9042.7799,1
27.548515,15698.7305,481.6897,8883.0137,15380.2841,1
27.552421,-8064.4531,3607.9401,-15669.3165,-4896.5165,1
27.556328,2990.2344,-6453.6333,-9160.9635,-961.5441,1
27.570104,15604.9805,12532.0486,9187.4144,15544.7556,1
27.574010,-6313.4766,4797.4346,8431.0654,-5750.3527,1
27.577917,4975.5859,-8321.1428,10765.8722,-10703.5448,1
27.581823,15526.8555,2398.8418,8079.4582,15504.7021,1
27.585729,-5314.4531,6174.5731,-6567.1078,-5851.0836,1
27.589635,-13038.5742,-1134.9166,-1140.3690,-8750.0335,1
27.593542,15597.1680,8845.9521,8969.4361,15237.3065,1
27.597448,-6189.4531,5901.4660,-2850.9755,-5649.3812,1
27.601354,-3020.5078,-1456.8509,-11200.2633,-12919.1109,1
27.615254,15644.0430,14084.8129,9550.1770,15142.1121,1
27.619160,-7439.4531,4206.0797,10146.4014,-3367.4030,1
27.623066,6975.0977,-7484.4328,750.9309,-521.3222,1
27.626972,15604.9805,4270.4245,9848.0493,15455.5372,1
27.630879,-6814.4531,3669.6117,-6705.8399,627.8035,1
27.634785,6977.5391,-7893.0539,-1227.3033,14996.9307,1
27.638691,15800.2930,4232.2339,8654.0373,15375.1752,1
27.642597,-6064.9414,3775.5555,-14450.7434,1552.5036,1
27.646504,2966.7969,-6701.3476,-9330.1335,-14742.7087,1
27.659997,15651.8555,11952.0497,10658.0203,15605.2655,1
27.663903,-5939.9414,5701.3331,6779.8158,-4049.8961,1
27.667810,12968.7500,-6181.6299,4576.2512,9042.0240,1
27.671716,15675.2930,3925.5531,9931.8950,15473.2053,1
27.675622,-7314.9414,4898.9701,-4235.7067,-1436.7089,1
27.679528,2962.4023,-9847.7483,-11486.3995,-12712.7499,1
27.683435,15425.2930,591.5635,9202.5568,15580.7534,1
27.687341,-7313.9648,6433.8490,4013.5161,-4405.5137,1
27.691247,10981.4453,-8809.2306,-7415.0142,-12921.6859,1
27.705055,15753.4180,11080.5933,12291.5894,15548.9858,1
27.708962,-6313.9648,5901.8407,-11203.7527,-8215.4828,1
27.712868,986.8164,-2291.2048,-9376.7361,-783.6409,1
27.716774,15667.4805,8553.4746,11141.9982,15354.5505,1
27.720680,-5188.9648,5855.0804,13615.5047,-7146.4031,1
27.724587,-3004.8828,-5891.6107,-3579.5598,5137.8121,1
27.728493,15847.1680,3909.4268,8982.2471,15425.5141,1
27.732399,-5813.9648,4162.7437,-4536.3177,-6022.4168,1
27.736305,-15028.3203,-11302.3067,12540.7023,-2944.6279,1
27.751019,15472.1680,15596.7103,10688.0536,15580.5104,1
27.754925,-10440.9180,-8896.6788,-5082.3042,-7657.8828,1
27.758832,-9028.8086,-3057.4945,-7464.7549,7070.8121,1
27.762738,15589.3555,15438.8017,8806.0036,15301.3058,1
27.766644,-12941.4062,-9770.3557,-2728.6737,-10605.8308,1
27.770550,-13039.0625,-1044.6406,-11457.1311,9043.4511,1
27.774457,15370.6055,15715.3825,9531.3107,15283.6732,1
27.778363,-15691.4062,-6399.9691,-2561.9122,-9622.5460,1
27.782269,-3041.0156,-11024.9273,2754.2809,-14947.8225,1
27.796631,15354.9805,15492.2445,10155.7786,15351.7638,1
27.800538,-9066.4062,-3264.9341,14153.2576,-4817.0057,1
27.804444,14929.1992,-13014.9439,8736.8198,3112.2838,1
27.808350,15151.8555,15443.9199,8853.4507,14506.0972,1
27.812256,-14818.3594,-8500.6170,-3293.1567,-10014.7389,1
27.816163,-15125.9766,939.2922,14357.1210,8991.2606,1
27.820069,13956.0547,15472.9664,6882.1818,14024.7242,1
27.823975,-5324.2188,-2391.2617,13740.7704,-4518.0121,1
27.827881,10815.4297,2973.5197,2501.0043,6845.3784,1
27.855231,12666.5039,15052.9966,6779.3713,-3704.7937,1
27.859138,-454.5898,6185.6334,-14078.4360,-10535.3618,1
27.863044,-3281.7383,-9175.0860,-9515.7740,7235.2116,1
27.866950,11588.3789,-15392.8965,4986.0927,13532.4664,1
27.870856,-12206.5430,-7532.9491,3786.3698,-6961.9444,1
27.874763,4720.2148,-6480.0464,8450.7402,-8857.7129,1
27.878669,10994.6289,-14383.2049,6037.0579,-5900.9519,1
27.882575,7916.9922,-6689.5792,11339.1342,-2944.1909,1
27.886481,-3299.8047,-6726.2008,2306.2173,12.5701,1
27.901061,11189.9414,-15620.7203,4058.8006,10810.8364,1
27.904967,-8705.5664,8018.6145,5732.3682,-8855.9725,1
27.908874,-13300.7812,8998.7134,-5706.1529,12693.0058,1
27.912780,11752.9297,15919.9741,5182.3859,11705.7028,1
27.916686,547.3633,-1403.6228,-15676.7740,1169.3676,1
27.920592,-15213.3789,7015.2108,14259.8689,909.8402,1
27.924499,12479.4922,-15656.6513,4900.2619,12539.4677,1
27.928405,5548.8281,-342.1330,-9062.8911,6859.7275,1
27.932311,8800.2930,-14971.6933,14308.4749,-11128.7714,1
27.946660,12987.3047,15913.0141,5732.1834,12039.2769,1
27.950566,-15824.7070,4260.4839,12166.5120,-14490.6994,1
27.954473,6808.5938,-10902.6240,-5730.3955,14775.3655,1
27.958379,13268.5547,-15623.6809,3972.0238,12584.1461,1
27.962285,-8573.7305,2448.4324,4335.0772,-8006.9533,1
27.966191,14831.5430,-994.0962,-5624.9483,14778.3087,1
27.970098,13557.6172,-15849.5295,5535.0110,12703.5715,1
27.974004,-9697.2656,2076.8731,13081.2594,-7752.7542,1
27.977910,14868.1641,1011.1982,331.5000,-14814.8460,0
27.990981,13776.3672,15846.3632,6533.2064,13460.4074,0
27.994888,-1320.8008,-3900.0932,-13280.2505,-1057.0397,0
27.998794,-7146.4844,-12991.2000,12387.5313,-10862.3006,0
28.002700,13823.2422,15674.2505,6294.7764,13555.8707,0
28.006606,-195.3125,-4898.8838,-1849.9780,-700.0026,0
28.010513,6889.6484,-7004.7753,-5502.0651,-953.7588,0
28.014419,14440.9180,15841.8326,4568.6230,14243.1732,0
28.018325,6805.6641,-530.6027,-6699.0178,7585.4935,0
28.022231,4899.4141,-6992.8771,-3501.7942,-1038.1223,0
28.036018,14487.7930,15714.6624,6242.5761,14586.1334,0
28.039924,5556.6406,-2768.8886,1569.0878,11074.7619,0
28.043831,12912.5977,6975.2010,14459.0693,-10803.2301,0
28.047737,14565.9180,-15840.5732,4693.5954,14630.9818,0
28.051643,8681.6406,-1348.6421,-11707.9222,8867.9691,0
28.055549,8897.9492,-14993.7558,-9544.6147,3026.8478,0
28.059456,14112.7930,15438.6047,4108.1506,14536.9945,0
28.063362,5307.1289,-4141.1388,10031.7333,9446.3763,0
28.067268,2917.4805,4967.9192,6540.5525,-1037.1424,0
28.080243,14604.9805,14367.7775,8095.9871,14640.5031,0
28.084149,11308.1055,6101.0131,1724.6233,11607.6782,0
28.088055,2905.2734,4038.3765,14581.9111,9064.2417,0
28.091961,14237.7930,13442.6030,8538.0419,14629.8870,0
28.095868,10182.6172,4276.4781,1485.6464,14421.1508,0
28.099774,-3063.4766,-9963.3475,-7519.2069,5202.4098,0
28.103680,15097.1680,1726.8312,5648.0314,15029.2660,0
28.107586,-15566.8945,6679.3206,-12522.1239,15662.3649,0
28.111493,2923.3398,5541.7580,2570.8262,14928.9237,0
28.125154,14737.7930,15333.8809,9353.8775,14664.4157,0
28.129061,13684.0820,4910.5412,9466.4245,-13728.5613,0
28.132967,4975.0977,1000.2104,-1464.4983,7057.0147,0
28.136873,15714.3555,11477.7546,8734.5276,15437.3705,0
28.140779,-10064.4531,4472.3951,-11484.9365,-5457.6574,0
28.144686,3005.8594,1606.2915,12440.1971,4790.0222,0
28.148592,-15925.7812,12530.2899,11677.6547,-15550.4354,0
28.152498,2063.4766,2681.4292,-15344.8992,1330.2997,0
28.156404,15020.5078,2917.5162,8721.8140,2973.3021,0
28.172193,-15292.9688,15313.8751,-374.9715,-12886.1971,0
28.176099,-13307.6172,15410.9407,997.8304,-6689.0317,0
28.180005,13079.5898,15508.0063,2760.1920,-9063.8021,0
28.183911,-14753.9062,15605.0720,2145.9016,-9322.5129,0
28.187818,-10055.1758,307.1065,-650.1953,-480.0000,0
28.191724,-14867.1875,-8358.2733,-3300.6230,-5780.4964,0
28.195630,-13886.2305,7474.6331,-3720.4265,-3216.4605,0
28.199536,5947.7539,15468.1546,4480.7282,614.4109,0
28.203443,3166.5039,2924.8971,1488.8912,-6065.5282,0
28.230282,-13300.2930,14819.1179,-14732.9275,-12773.2551,0
28.234188,-15675.7812,13813.1953,14661.6066,-14486.8044,0
28.238095,-2802.2461,-8951.8684,-6662.2184,-12894.7254,0
28.242001,-12729.9805,14859.6455,14041.3286,-9776.4043,0
28.245907,-13300.2930,14808.5768,1259.7445,-12277.5822,0
28.249813,-2785.6445,6962.4160,12781.5037,-12770.5291,0
28.253720,-12308.1055,14789.4097,14368.6471,-12752.2614,0
28.257626,-4548.8281,-15031.5093,-1845.4837,-12733.9937,0
28.261532,-8773.9258,10809.0270,-6915.0308,-12715.7260,0
28.275230,-12519.0430,14655.1854,14091.1349,-12626.3878,0
28.279136,-12675.2930,-759.7094,10916.5421,-10057.8782,0
28.283043,-12786.1328,-8138.3239,5062.4700,1053.1910,0
28.286949,-12667.4805,7296.8176,12751.5951,-12894.3050,0
28.290855,-13425.7812,-455.7829,7246.9858,-15772.6691,0
28.294761,1179.6875,-1641.4485,-6835.2343,-976.0839,0
28.298668,-13394.0430,13156.4859,12985.9076,-13316.3717,0
28.302574,7822.2656,-729.4670,-956.9175,6905.8785,0
28.306480,11144.0430,-7107.5928,-4875.7853,3058.8865,0
28.320051,-13737.7930,13144.5007,13167.9347,-14064.8752,0
28.323957,3569.8242,2522.9852,-11178.1259,-5626.4490,0
28.327863,-12887.2070,-13099.3393,-10861.4069,-14898.9591,0
28.331769,-14238.2812,-532.3856,12490.7026,-14382.7914,0
28.335676,-4431.6406,2195.0926,-14014.6251,-5625.9935,0
28.339582,-6901.8555,-13430.2785,7246.2797,-14904.5869,0
28.343488,-14550.7812,-576.1973,14380.1303,-14639.7028,0
28.347394,-8182.6172,3713.1219,1454.6414,-8808.5874,0
28.351301,15063.9648,-3099.1472,7215.8654,-8949.4837,0
28.366178,-14972.6562,15330.3025,-15474.5487,-14749.7762,0
28.370084,14941.4062,-8506.8882,-8644.3674,12773.5590,0
28.373990,7062.5000,4933.7239,9192.8972,-3065.1963,0
28.377897,-15019.5312,15501.4236,-13307.0857,-14905.4334,0
28.381803,-15434.0820,-9629.2145,1842.6673,-15841.1647,0
28.385709,9034.1797,6929.1198,13230.5212,-7063.2548,0
28.389615,-15394.5312,15381.5481,-14914.1152,-15238.2440,0
28.393522,13314.4531,-7634.3319,-9288.1438,12054.1415,0
28.397428,-10967.7734,-3044.9045,-2783.2217,10949.5161,0
28.410160,-15238.2812,13481.6786,-12373.1338,-15142.6993,0
28.414066,11564.4531,4779.3532,-9929.1324,7559.1665,0
28.417973,-12963.8672,4046.2392,-10806.2671,6840.3318,0
28.421879,-15488.2812,13455.6539,-12613.0811,-15479.4915,0
28.425785,8439.4531,1857.1560,12524.8171,4210.3636,0
28.429691,1029.7852,1728.1235,-6965.2105,6828.1877,0
28.433598,-15417.9688,13534.1739,-13180.8548,-15654.5917,0
28.437504,9563.4766,5684.7292,12948.6085,5496.0761,0
28.441410,2990.2344,-7202.1163,13103.7602,-2956.1289,0
28.456134,15784.6680,15324.9752,-11922.5471,15814.0219,0
28.460040,-2312.5000,-11142.4333,15344.4135,-1636.4678,0
28.463946,-12998.0469,12922.6054,-6906.9846,-9052.3287,0
28.467853,15925.7812,15467.6345,-12288.0937,-15676.5151,0
28.471759,3687.9883,-4902.0380,-6335.2231,1373.9264,0
28.475665,-2987.3047,-7039.1623,-13121.3574,-5090.8934,0
28.479571,15894.0430,15259.8707,-14885.1059,-15705.1595,0
28.483478,-2187.9883,-5900.5398,1871.6645,-2136.7426,0
28.487384,-15014.6484,8939.3427,-14910.0745,3024.1797,0
28.501118,15839.3555,15609.3628,-12245.7815,15746.5821,0
28.505024,-312.9883,-5027.9084,-9006.0100,-6581.8578,0
28.508930,988.7695,-7048.6410,9014.8054,-9033.7011,0
28.512837,-15816.4062,15462.4901,-13807.2681,-15731.6184,0
28.516743,1437.5000,-5901.0318,10786.8303,364.9882,0
28.520649,8994.1406,8949.4961,-6832.1779,-9023.8730,0
28.524555,15761.2305,15702.1295,-11472.3792,-15479.7489,0
28.528462,-2562.9883,-6898.3471,-4760.4976,-1964.1543,0
28.532368,4981.4453,6945.9501,9323.3042,11012.1708,0
28.546016,15690.9180,11235.5415,-9973.8061,14327.7365,0
28.549922,-188.4766,12456.6803,12115.1243,-4370.9697,0
28.553829,14989.7461,13677.8191,-14452.6915,-7568.2405,0
28.557735,-15832.0312,14898.9579,-9719.8860,-14278.3512,0
28.561641,1812.0117,8132.5162,1773.2695,3752.8033,0
28.565547,-2999.5117,-8354.0866,5113.4364,-15066.2250,0
28.569454,-15902.3438,-3010.6478,-8891.9971,-14779.2559,0
28.573360,3439.4531,8225.6805,1077.3093,2878.6214,0
28.577266,1019.5312,-4429.7346,-6538.9454,10496.2323,0
28.605246,-15933.5938,12941.9520,-10138.7095,3750.3855,0
28.609152,3313.4766,8364.4483,5737.9225,3945.3910,0
28.613059,11051.7578,-5300.1492,-6592.5070,-12299.1068,0
28.616965,-15339.8438,12197.0667,-10275.6891,-801.0227,0
28.620871,6939.4531,9957.1881,-9069.1314,7788.3025,0
28.624777,-14969.2383,-1167.8960,3352.2828,6303.3596,0
28.628684,-15261.7188,12123.7658,-9048.4316,3043.5696,0
28.632590,6562.9883,9816.9745,-15362.9878,-216.2204,0
28.636496,-985.3516,-7365.9642,7406.3437,-3476.0104,0
28.650989,-15597.6562,15343.0977,-9514.8881,-15411.0705,0
28.654895,61.5234,-3649.1328,7184.1364,-3848.0136,0
28.658801,-14974.6094,2956.4636,3297.9837,-7065.5842,0
28.662708,-15566.4062,15797.1860,-9596.5958,-15573.5785,0
28.666614,4062.9883,-4522.8357,10788.1120,2015.4907,0
28.670520,-3005.3711,-5029.7997,3346.6917,9072.6870,0
28.674426,15652.3438,15515.5863,-8974.0544,15522.5290,0
28.678333,4687.0117,-6642.5340,3637.2602,11348.1268,0
28.682239,992.1875,10962.9833,-8561.7204,2928.8879,0
28.696641,-15629.3945,-15796.7870,-8596.0963,-15517.6195,0
28.700547,-4064.4531,-7090.1149,12005.7954,-236.2255,0
28.704453,2975.5859,-13006.9646,-4619.2651,5130.3608,0
28.708360,15722.1680,15432.3304,-8950.1311,15518.1720,0
28.712266,-1562.5000,-4258.6601,-15737.3472,-6342.2847,0
28.716172,14977.0508,4950.3881,-4641.4194,9099.3177,0
28.720078,15917.9688,15497.6819,-9084.9791,15701.6252,0
28.723985,3062.5000,-5006.5431,9122.7756,2532.1419,0
28.727891,-996.5820,-13007.2709,15387.8321,9037.4356,0
28.740190,-15738.2812,11893.2718,-9007.6911,15802.8748,0
28.744096,5935.5469,7093.1685,-670.6654,-4821.8913,0
28.748003,996.5820,3161.8243,-6621.4482,11017.2358,0
28.751909,-15136.7188,-4852.8152,-9027.8019,15832.5891,0
28.755815,3312.0117,-8792.3067,-9916.4910,-4068.4717,0
28.759721,7035.6445,3604.4314,-12598.8794,-5017.6552,0
28.763628,-15363.2812,-3906.8420,-11796.8789,-15325.5465,0
28.767534,4564.9414,-8300.2391,-3248.4941,244.6179,0
28.771440,-961.9141,-60.1006,11328.0517,-8935.1766,0
28.786162,-15964.8438,15831.1614,-11574.2434,15750.2067,0
28.790068,562.9883,-7396.7256,15186.3145,-3367.3804,0
28.793974,2996.5820,982.2503,3280.5093,14995.4731,0
28.797880,15949.2188,15874.8112,-12149.6808,15478.8626,0
28.801787,812.9883,-158.3054,12796.5075,-6357.2208,0
28.805693,-985.8398,6981.5967,-2773.4697,13024.9468,0
28.809599,-15902.3438,15839.3905,-14707.0127,15619.1141,0
28.813505,4687.9883,91.6442,6200.6566,-7166.7152,0
28.817412,11011.7188,12989.1977,3134.4503,-5026.7153,0
28.830257,-15683.5938,-12372.6720,-15313.7220,-15232.0677,0
28.834164,2437.5000,-8067.4522,6887.9334,-1478.6105,0
28.838070,-4997.0703,4218.6893,-6826.4231,13030.4635,0
28.841976,15917.4805,12723.3994,-15120.3072,15094.9538,0
28.845882,-5813.4766,6152.0857,15413.2035,-4298.9898,0
28.849789,6997.5586,-4735.6420,10823.3529,-8456.3095,0
28.853695,15909.6680,5451.5845,9690.2853,15305.2632,0
28.857601,-3563.9648,5994.5900,-13704.5544,-5220.5639,0
28.861507,4998.5352,-8169.4700,-13245.2655,14990.4054,0
28.875068,-15848.1445,11934.9212,11106.7515,15565.3152,0
28.878974,-687.9883,4864.3910,9124.6869,-8393.1136,0
28.882880,990.2344,5468.4075,-3481.5259,-4729.8652,0
28.886786,15957.0312,15245.0164,7484.3354,15652.7225,0
28.890693,562.9883,3701.8112,-9614.0915,-4390.2165,0
28.894599,13004.3945,-2756.5778,-9711.8863,-751.9207,0
28.898505,15863.2812,-7838.0114,7130.3818,15601.5874,0
28.902411,1562.9883,-7347.2638,-10994.1121,-9481.5357,0
28.906318,992.6758,6973.9772,-13677.7460,5018.6437,0
28.921183,15737.7930,15734.2515,6169.7032,15400.7740,0
28.925089,-937.9883,-4849.6632,12098.5498,-2728.5955,0
28.928996,-13010.7422,-12969.7480,-5661.6291,9000.4982,0
28.932902,-15902.8320,15637.6699,5996.2605,15543.5915,0
28.936808,-62.5000,-6716.9948,-2.6831,1688.5714,0
28.940714,9003.9062,-10995.6324,-3833.5842,-14813.6241,0
28.944621,-15855.9570,15622.8841,5950.6568,15625.7070,0
28.948527,-938.4766,-4228.3202,15499.7452,2352.8856,0
28.952433,12982.4219,-3026.0659,10240.1201,-8973.1838,0
28.980142,15659.6680,15651.1710,6343.5689,5927.4250,0
28.984049,-3562.9883,-5993.3955,-6970.7734,8010.3140,0
28.987955,10997.5586,6938.3877,-5665.2873,14614.3761,0
28.991861,15815.9180,15655.0299,4491.4647,5280.7807,0
28.995767,-688.4766,-2380.5012,49.6949,-4747.2778,0
28.999674,-9016.6016,-12993.6713,-5609.6184,-5029.3372,0
29.003580,15925.2930,15481.4589,4458.1078,-1840.9862,0
29.007486,-8938.9648,-8486.5809,14068.9925,1347.3649,0
29.011392,-14997.5586,12910.9626,313.6083,4535.7159,0
29.025177,15792.4805,15293.7061,4619.3428,15489.9664,0
29.029083,-937.5000,10435.5188,6318.3505,-4152.6964,0
29.032989,2996.0938,-3094.1768,-11537.0351,-11075.6376,0
29.036895,15878.4180,10.8918,5022.5332,-15576.6568,0
29.040802,-8064.4531,9555.1168,-6862.0747,-19.1993,0
29.044708,-8990.2344,-6679.9647,-9513.0451,13041.3499,0
29.048614,15776.8555,-4096.4108,4561.7788,15671.3017,0
29.052520,-5688.9648,8892.4304,-15346.3041,-7693.9911,0
29.056427,-9008.3008,-8854.2757,10444.7327,11023.3846,0
29.070106,15690.9180,10725.1134,4226.5307,15592.9872,0
29.074013,-7813.9648,5356.0869,-8066.4729,-8173.8512,0
29.077919,4960.4492,-10033.9654,4445.0112,11020.4057,0
29.081825,15558.1055,-276.4596,3027.2629,15566.1158,0
29.085731,-4566.4062,3854.0543,-14923.6838,-4626.6566,0
29.089638,-13053.7109,-7695.9622,10478.2845,-12866.3713,0
29.093544,15753.4180,3917.0882,4192.2431,15179.3063,0
29.097450,-4189.4531,3335.7875,-5232.1116,-297.9442,0
29.101356,-1017.5781,-12215.9257,-7529.0057,-14967.7677,0
29.115266,15558.1055,9867.4841,5236.1346,15095.5573,0
29.119172,-8438.9648,8436.6745,-8173.1116,-5184.4497,0
29.123078,-13014.6484,-8797.7244,12419.6540,-4583.2719,0
29.126985,15378.4180,-2982.2454,5026.2668,15173.7571,0
29.130891,-8063.4766,9040.3333,8582.5785,-6376.1870,0
29.134797,14962.4023,-6619.9302,-13443.8790,-14371.7388,0
29.138703,15097.1680,-1609.1646,4666.3133,15377.6000,0
29.142610,-14440.4297,6848.9419,13575.7814,-2979.5921,0
29.146516,12955.0781,-11492.0072,-11605.5490,1052.2066,0
29.160168,15448.7305,10247.5504,5955.3352,15630.5842,0
29.164075,-10064.9414,9202.8250,-1090.8884,-1246.8697,0
29.167981,12958.4961,-9800.7525,6299.7053,-8864.1910,0
29.171887,15026.8555,-5750.3163,4809.5617,15406.2801,0
29.175793,-9689.4531,9351.3020,2875.1356,-4203.7435,0
29.179700,12956.5430,-2161.2887,-3749.7373,10989.6196,0
29.183606,15175.2930,15059.3991,4486.5042,15343.5288,0
29.187512,-12440.9180,9307.5130,-14336.3124,-8649.9227,0
29.191418,10956.0547,-8406.9916,-5647.5891,-2997.4608,0
29.205200,15878.4180,11695.4558,8528.5152,15542.9715,0
29.209106,-4064.9414,3660.0382,12465.9772,-7019.4067,0
29.213012,-13035.6445,-829.5205,362.0884,-14716.5740,0
29.216918,15401.8555,11180.5198,7527.0727,15140.7562,0
29.220825,-7314.9414,3737.5844,14607.4385,-6901.1107,0
29.224731,-7013.6719,-7674.9873,6181.3561,-2854.2447,0
29.228637,15651.8555,4110.5980,5337.7300,15332.1811,0
29.232543,-8313.4766,5231.4075,-6297.4116,-8672.5537,0
29.236450,959.4727,757.5907,4304.8437,-7011.6646,0
29.266151,15222.1680,15747.5183,7726.5210,14863.3120,0
29.270058,-2939.9414,-2601.3667,2743.9366,-5187.8278,0
29.273964,-11041.9922,-9010.6794,-15596.0271,-4885.6514,0
29.277870,15448.7305,15463.9412,7685.4617,14975.3367,0
29.281776,-9814.9414,-6707.4858,1808.3176,-13101.3676,0
29.285683,-13023.4375,6911.1801,14326.1709,-906.6655,0
29.289589,15800.2930,15587.0975,8433.9274,15363.7483,0
29.293495,-5563.9648,-4093.8275,-5665.7149,-5447.1123,0
29.296314,15722.1680,12628.0898,9663.9677,13344.6126,0
29.297401,-9012.2070,11137.0370,14477.3193,6789.3319,0
29.300221,-2563.4766,241.2149,-8750.5366,-7820.5502,0
29.304127,10979.4922,-9751.5365,-1218.0575,5931.9822,0
29.308033,15604.9805,12052.9068,8710.9901,13601.7687,0
29.311939,-8688.9648,-5015.6964,15696.4855,-5805.3612,0
29.315846,4995.1172,-7187.1343,-5079.0058,8636.7199,0
29.319752,15909.6680,12703.8379,10636.4061,-14779.4773,0
29.323658,-6313.9648,-901.0767,15777.7937,-2391.9920,0
29.327564,981.4453,-4819.3498,2722.5132,11099.7784,0
29.355200,15784.6680,15598.5874,11597.2211,-1516.5457,0
29.359106,-2939.4531,-6641.0070,-11154.6759,10020.9927,0
29.363012,-5031.2500,-9008.6711,4821.5804,15406.3423,0
29.366919,15729.9805,15645.5701,10498.8268,-2022.8637,0
29.370825,-4189.9414,-5144.0320,-3798.2678,4886.5144,0
29.374731,6960.4492,-11005.0398,-10852.7865,7898.5397,0
29.378637,15714.3555,15680.2378,13732.5991,9030.3545,0
29.382544,-5313.9648,-5393.8974,-12315.6152,10162.1694,0
29.386450,-15019.5312,-3026.6858,851.0993,11293.9843,0
29.401196,15526.8555,15531.4991,12476.2338,15418.3705,0
29.405102,-6189.4531,-11504.4081,-9590.0210,-3098.3122,0
29.409008,963.8672,-7019.4505,-11152.1986,9024.0902,0
29.412915,15612.7930,15679.2017,11869.8929,15686.0694,0
29.416821,-7563.9648,-5765.3681,-12343.5734,-448.7935,0
29.420727,6978.5156,-10993.7771,-15047.9645,14956.6838,0
29.424633,15487.7930,15724.8435,14229.8309,15351.6778,0
29.428540,-7439.9414,-6265.1038,-2721.6347,-3897.5569,0
29.432446,6968.7500,-1028.9193,-7090.0466,-14962.8940,0
29.446209,15620.6055,14796.6248,-15852.4293,13328.4577,0
29.450115,-7314.4531,-1810.8670,-15050.9832,-5590.3562,0
29.454021,-7019.5312,2812.2585,8795.9403,13225.3686,0
29.457927,15659.6680,13273.2095,11795.6179,13630.4486,0
29.461834,-7064.4531,-2790.2717,-4537.5155,-5428.1351,0
29.465740,14980.9570,-11878.3431,-6843.5574,2290.2597,0
29.469646,15542.4805,10092.9145,10742.4748,13783.2192,0
29.473552,-10939.4531,-797.3837,12277.1434,-3634.5518,0
29.477459,10969.2383,9500.4155,-11062.0093,7205.6913,0
29.490180,15065.9180,15139.1606,12790.6775,15451.8723,0
29.494086,-10314.9414,4418.6972,-3327.6757,-8729.2221,0
29.497992,-9041.5039,-8208.2850,-9252.4079,3078.0573,0
29.501898,15472.1680,2781.2707,11465.3152,15605.7635,0
29.505805,-6188.9648,3830.9783,12143.2184,-4547.3392,0
29.509711,-1021.9727,-7815.4212,-1325.2316,14991.0787,0
29.513617,15956.5430,3928.9979,8171.7604,15442.1082,0
29.517523,-4064.9414,5332.8449,6905.2745,-12131.2086,0
29.521430,-9037.5977,-7303.5519,-3317.7797,12994.0508,0
29.536173,15456.5430,15465.9926,10352.5738,15519.0832,0
29.540079,-7564.9414,-10391.2405,15378.4878,-4333.8936,0
29.543986,6961.4258,960.2013,-7282.3710,5086.7075,0
29.547892,15394.0430,15601.1732,8250.6120,15402.5435,0
29.551798,-10439.4531,-8021.8442,7544.4557,-6411.8669,0
29.555704,-7015.1367,-11040.3554,6613.1568,7085.1567,0
29.559611,15503.4180,15461.8316,6335.1316,15265.6348,0
29.563517,-9314.4531,-7021.9728,-9949.2938,-8220.6121,0
29.567423,-5033.6914,2949.6008,-13154.2344,10990.3052,0
29.580349,15573.7305,13395.2710,8666.5601,14895.3431,0
29.584256,-5814.4531,8172.3470,-4015.2888,-6079.3685,0
29.588162,10966.7969,-5478.6784,12718.2280,13048.2348,0
29.592068,15737.7930,4267.4202,9448.9109,15192.0767,0
29.595974,-1938.9648,7630.1449,-688.9057,-3943.5287,0
29.599881,6988.2812,-11132.4010,4577.0264,-8406.2790,0
29.603787,15878.4180,-5155.2952,7881.4708,15172.1905,0
29.607693,-4688.4766,9090.0162,2515.3318,-7474.5330,0
29.611599,-3004.3945,-2112.5411,-5201.9170,1085.0605,0
29.625119,15831.5430,14005.8112,12267.5834,15660.0728,0
29.629025,-3313.9648,6115.2722,12034.3708,-2924.5356,0
29.632931,4976.0742,-5393.4197,8701.1289,11024.7337,0
29.636837,15667.4805,3987.6767,11382.7603,15278.9125,0
29.640744,-6438.9648,3438.6403,-7793.3762,-6969.0629,0
29.644650,8980.9570,-9049.8552,14644.7258,14998.1897,0
29.648556,15644.0430,2872.9129,14934.6697,15733.0935,0
29.652462,-5939.4531,2174.8092,1021.1375,-5064.3617,0
29.656369,-11022.9492,-12214.1089,-7145.9056,-4948.5260,0
29.670182,15667.4805,11252.1573,-15071.2572,15534.6181,0
29.674088,-9064.9414,5989.7342,-5713.9488,-3581.4570,0
29.677994,-3022.4609,-4056.2592,-7172.0212,11010.2403,0
29.681900,15831.5430,6294.2536,-15403.1513,15616.2290,0
29.685807,-2563.4766,5750.4198,-7816.1054,-2127.3886,0
29.689713,12983.8867,-4269.7886,6533.0270,-10798.5701,0
29.693619,15902.3438,6248.6501,-15503.7514,15790.0598,0
29.697525,61.0352,5807.8338,-11453.4557,-2560.6881,0
29.701432,-15027.8320,-5886.1479,-9261.6403,14968.4981,0
29.730174,15487.7930,15667.7200,6340.7425,7281.4047,0
29.734080,-5188.9648,-7205.1526,-3580.2871,-2506.7888,0
29.737986,12966.3086,-1100.9066,4032.9013,6752.7747,0
29.741893,15339.3555,15551.4259,4140.1603,2381.3958,0
29.745799,-7188.9648,-2624.6205,-3655.2405,3703.7927,0
29.749705,12989.2578,10846.6912,-2130.7606,13203.1359,0
29.753611,15808.1055,15612.0622,25.9262,13589.1596,0
29.757518,-6188.9648,-7203.6174,2182.6130,13975.1833,0
29.761424,6971.1914,10799.5631,4339.2998,14361.2070,0
29.775166,15800.7812,15094.8603,11799.3776,15433.6740,0
29.779072,312.0117,4927.7097,-14492.1332,-6446.1907,0
29.782979,-1006.8359,-2403.7946,2852.7917,-6720.6771,0
29.786885,15878.4180,8932.6826,10908.2941,15544.6896,0
29.790791,-3189.4531,5235.4605,-11929.4738,-2078.7987,0
29.794697,-5028.8086,-9545.2676,-7095.0235,-12647.5115,0
29.798604,15597.1680,343.1743,10689.9064,15635.0524,0
29.802510,-5188.4766,3980.3196,12382.2496,-3724.1453,0
29.806416,-9018.0664,1443.4905,880.3077,12986.8788,0
29.821171,15597.1680,15705.0535,8717.2503,15486.6212,0
29.825077,-8564.9414,-5027.7472,10507.7294,-2786.2765,0
29.828983,-13025.3906,6955.7714,-13162.9474,873.1834,0
29.832889,15722.1680,15628.7269,8031.7333,-15740.6881,0
29.836796,-4188.9648,-5901.3113,11050.7075,-1121.1742,0
29.840702,6971.6797,-11022.2519,12864.4160,-9052.7340,0
29.844608,15550.2930,15573.5070,9005.5915,-15887.5591,0
29.848514,-5063.9648,-3905.3745,14644.0596,-2157.5644,0
29.852421,10975.5859,-9029.5641,-2979.3330,-14940.1723,0
29.865306,15753.4180,11427.7449,11748.0794,15447.4733,0
29.869213,-3813.9648,9715.0525,-7213.0688,-32.7701,0
29.873119,4978.0273,-94.9780,-9206.1911,-11196.3157,0
29.877025,15683.1055,10951.9574,9086.6649,-15550.1693,0
29.880931,-3688.9648,8801.8442,-7317.0033,-1305.2730,0
29.884838,6969.2383,-1746.9657,-3112.5365,3365.9642,0
29.888744,15597.1680,11001.9024,9298.6330,15193.8098,0
29.892650,-3313.9648,9448.5591,-5010.5800,-3425.8264,0
29.896556,8969.7266,-7234.4149,10829.0508,-6828.2167,0
29.909994,15675.2930,8873.1865,12706.2975,15293.4468,0
29.913900,-3188.9648,11861.1791,-952.7929,-6044.8686,0
29.917807,14965.8203,-1124.6129,752.0943,-14680.1677,0
29.921713,15362.7930,10164.7793,12398.1169,15103.7479,0
29.925619,-9439.9414,10947.1784,11133.6356,-8091.3970,0
29.929525,-7022.9492,-8178.4790,-1368.0494,11025.2743,0
29.933432,15878.4180,-2816.7312,10655.5403,15683.9469,0
29.937338,-1563.4766,11875.8609,-11912.8991,-1556.4504,0
29.941244,-15014.6484,-5938.4934,8722.5969,-947.7243,0
29.956078,15871.0938,15532.7190,15225.3196,15562.0627,0
29.959984,687.0117,-3029.2917,5045.2194,-3189.3409,0
29.963890,-15025.3906,-11007.8440,4709.9952,-12669.0450,0
29.967797,15456.5430,15501.4911,15236.0428,15246.1005,0
29.971703,-7064.4531,-9019.7346,3982.9302,-7336.5303,0
29.975609,980.4688,-5042.5571,-9419.6898,-8710.5085,0
29.979515,15722.1680,15356.5240,9434.8643,15581.8553,0
29.983422,-6563.4766,-8769.5059,-9942.3049,-3776.1643,0
29.987328,6984.3750,-5014.8026,-9333.9028,9014.6357,0
30.000976,15651.8555,15555.9943,13595.9921,15513.3642,0
30.004882,-6564.4531,-8833.0643,12801.9708,-6567.0756,0
30.008789,-5025.3906,-9021.6146,10588.8741,5102.2190,0
30.012695,15628.4180,15529.2464,11491.5237,15451.5614,0
30.016601,-4313.4766,-5471.9839,-1300.8570,-5229.2906,0
30.020507,-15027.3438,4924.0242,12557.9082,-8784.8336,0
30.024414,15300.2930,15488.8301,11761.2003,15139.6155,0
30.028320,-8939.4531,-3979.4188,7777.7369,-7474.8301,0
30.032226,4969.7266,-3037.6774,-7310.8980,13004.4661,0
30.046199,15651.8555,14567.7348,10993.3342,14572.3898,0
30.050105,-4439.9414,-2722.2574,-3519.8355,-1289.6758,0
30.054011,-9031.7383,-448.3577,978.5207,348.8966,0
30.057917,15542.4805,12927.0256,11269.9424,13820.2639,0
30.061824,-8438.9648,-4840.7374,-4541.3972,-4611.5777,0
30.065730,-15026.3672,695.9334,-13032.6105,13220.6387,0
30.069636,15597.1680,13464.9666,12642.7240,13851.5275,0
30.073542,-1563.9648,403.4556,12387.6210,-8406.4160,0
30.077449,12971.1914,6765.3541,-4952.5680,-14271.7609,0
30.105280,15519.0430,15524.9028,14219.6934,78.4524,0
30.109186,-9689.4531,-8763.5914,-8608.9572,12316.5880,0
30.113092,-3017.5781,6944.3712,2943.0835,15555.5509,0
30.116998,15604.9805,15548.1433,11954.8904,-2272.9575,0
30.120905,-5814.4531,-5395.9824,-7654.7482,-10158.4700,0
30.124811,-3030.7617,14929.4388,14783.6244,-11562.9935,0
30.128717,15511.2305,15494.5212,-14863.3672,-12235.1500,0
30.132623,-5564.4531,-6268.8299,-13615.8699,-12907.3064,0
30.136530,-11027.3438,14922.2690,-2916.2684,-13579.4628,0
30.150109,15792.4805,15196.1717,-15745.3154,-15854.7554,0
30.154015,-7440.4297,2188.5131,-286.2302,-8859.9001,0
30.157921,-1024.9023,-3411.0771,14988.0131,1103.0020,0
30.161827,15714.3555,10166.8578,15169.0316,15746.7932,0
30.165734,-4189.4531,5367.1163,-15925.6754,-3436.0396,0
30.169640,-3029.2969,-2240.4510,-1161.8503,-2863.2133,0
30.173546,15636.2305,8119.9167,-15638.8259,15589.5283,0
30.177452,-5438.4766,3716.4578,-12898.5880,-4675.6160,0
30.181359,8989.2578,-6898.8827,10924.8962,-2983.3632,0
30.196088,15722.1680,14255.7563,15859.6176,14105.8322,0
30.199994,-5064.4531,-4778.4752,13873.5896,-4096.6021,0
30.203900,-3025.3906,-1306.9039,-15119.5122,-1562.5668,0
30.207807,15542.4805,12565.6738,12381.3995,13282.3832,0
30.211713,-6064.4531,-1978.9960,-15230.9944,-8979.8771,0
30.215619,-5030.2734,-13266.8584,2816.9880,5834.3314,0
30.219525,15722.1680,9404.3173,11385.2521,14565.3479,0
30.223432,-4188.9648,141.1815,-694.4732,1896.7059,0
30.227338,974.6094,3124.9305,738.9197,13030.4194,0
30.240172,15644.0430,13908.4254,12205.7085,15078.1750,0
30.244078,-6563.9648,3768.3954,-15631.1221,-11123.8952,0
30.247984,10973.6328,-9820.9063,12643.6196,-4806.3151,0
30.251891,15495.6055,1801.3685,11132.8212,15467.4071,0
30.255797,-5313.9648,3893.6312,-3704.6629,-4338.9800,0
30.259703,2980.4688,1847.2637,-3279.7701,5095.6669,0
30.263609,15831.5430,14249.2565,8539.2243,15643.8391,0
30.267516,-2937.9883,4167.7007,432.4616,-4354.5733,0
30.271422,-1025.8789,2094.6706,-1349.4479,14972.7564,0
30.285160,15370.6055,15124.9854,10171.4615,15378.3155,0
30.289066,-5813.9648,5925.3411,-11694.6003,-5256.6517,0
30.292972,14981.4453,-865.8292,-13213.1991,9068.2532,0
30.296879,15581.5430,9718.9722,8976.9498,15090.1574,0
30.300785,-7189.9414,4820.8109,-12396.1756,-9651.2150,0
30.304691,14971.1914,-2165.8527,664.6418,13000.9250,0
30.308597,15886.2305,9709.4396,6833.0759,15356.4156,0
30.312504,-4189.4531,4242.9646,-2023.4260,-6342.8258,0
30.316410,12971.1914,-3748.4050,8799.8152,10997.8527,0
30.330174,15573.7305,13811.1556,9211.9161,15379.3270,0
30.334080,-5813.9648,5810.4901,5019.6129,-3197.9196,0
30.337986,-15034.6680,-2405.1578,-1222.3915,11053.0646,0
30.341893,15347.1680,7324.2178,10403.2021,15331.2210,0
30.345799,-7689.4531,3303.4296,-15481.2787,-4874.5906,0
30.349705,6979.4922,-6843.3093,8608.0371,-746.0841,0
30.353611,15589.3555,5366.3025,8371.3302,15235.1470,0
30.357518,-9065.4297,4781.4652,1164.8885,-9277.3960,0
30.361424,-3027.8320,-3395.2295,783.7484,-6931.3941,0
30.375293,15628.4180,13180.2517,11848.8076,15108.5463,0
30.379199,-8439.9414,5646.3532,6008.7028,-10438.9869,0
30.383105,-1026.8555,-4913.5349,-9238.7225,12997.6029,0
30.387012,15839.3555,5065.2260,10994.0179,15515.2453,0
30.390918,-1313.9648,5348.9860,-13454.1118,-8032.6110,0
30.394824,-3016.1133,4434.2552,-7310.8760,-4808.1733,0
30.398730,15714.3555,15309.5618,13193.0248,15479.2154,0
30.402637,-8564.9414,2834.1321,-9849.9792,-4177.4990,0
30.406543,-11025.8789,-2085.3958,-15226.3513,-3060.8354,0
30.420180,15597.1680,14620.6188,13940.6081,-15772.3062,0
30.424087,-4689.4531,6103.4690,-8503.4807,-196.5590,0
30.427993,14966.7969,-9301.7502,10795.1913,-850.6824,0
30.431899,15636.2305,439.1621,13798.0995,15579.9436,0
30.435805,-2813.4766,4656.8606,13521.5998,-1107.9996,0
30.439712,8971.1914,-1430.4670,12462.3232,7073.0373,0
30.443618,15534.6680,9285.3762,13620.7308,15397.8215,0
30.447524,-7939.9414,3039.2217,8434.0344,-10184.8911,0
30.451430,14978.5156,-1962.5586,12678.2648,3011.2432,0
30.495645,15659.6680,15602.2976,-8802.1545,-10129.3627,0
30.499551,-8064.4531,-2987.2815,-7559.5752,-9696.4663,0
30.503457,10974.1211,14171.2244,-4518.5759,-637.8006,0
30.507363,15550.2930,15548.0483,-1477.5767,8420.8651,0
30.511270,-4939.4531,-4665.9192,1563.4225,11000.4282,0
30.515176,-1025.8789,2613.2463,4604.4218,-5301.5616,0
30.519082,15604.9805,15180.6437,7645.4210,-1976.4742,0
30.522988,-4937.9883,-3343.4978,10686.4202,12053.0442,0
30.525273,15440.9180,15435.2992,12313.7511,2019.1082,0
30.526895,-7016.6016,-4920.0177,5877.3250,-2132.6617,0
30.529180,-5064.4531,-7188.2075,-3166.4482,-4302.2540,0
30.533086,4962.8906,14915.1082,-14976.9338,11659.6982,0
30.536992,15675.2930,15579.9983,11377.4895,-629.7431,0
30.540898,-6689.9414,-3640.1948,-884.5958,-9763.5722,0
30.544805,-5027.3438,14921.5308,6878.2619,-8150.8677,0
30.548711,15604.9805,15541.0285,11051.8268,-4592.7836,0
30.552617,-7439.4531,-7132.4099,1739.5248,-1034.6995,0
30.556523,8978.5156,-9019.2843,-6962.3110,2523.3846,0
30.571215,15651.8555,15687.3641,11457.0090,15738.8541,0
30.575121,-5814.9414,-5278.6135,-7147.3406,-2431.8469,0
30.579027,-9034.1797,14926.3725,8932.3053,14964.8779,0
30.582934,15690.9180,15674.0589,9176.1533,15585.1008,0
30.586840,-4689.9414,-9147.4425,-2713.4446,-4429.3183,0
30.590746,2961.9141,-3028.2496,-10903.3847,-2894.8914,0
30.594652,15776.8555,15876.9471,10489.2198,15478.4453,0
30.598559,-2314.4531,-1784.2996,2084.7667,-4105.5365,0
30.602465,-9022.4609,-9037.2973,13024.9018,6982.0031,0
30.616114,15644.0430,15412.2647,12302.3017,14960.9672,0
30.620021,-8439.4531,-5524.4354,4518.3699,-11202.1414,0
30.623927,-5024.4141,4956.4696,-9002.1671,-2779.7536,0
30.627833,15487.7930,15421.4523,11041.6472,15134.6125,0
30.631739,-8188.9648,-7895.4760,-3363.4357,-8984.8029,0
30.635646,10977.0508,10937.4788,-15009.6632,14975.8465,0
30.639552,15612.7930,15276.6472,9936.0975,15677.1243,0
30.643458,-5939.4531,-9892.5338,-14791.5182,1060.5726,0
30.647364,-13013.1836,-7024.9626,-1097.8367,926.0284,0
30.661129,15729.9805,15554.8589,12863.3671,-15809.0080,0
30.665036,-7563.9648,-7870.2242,-7536.0005,-3332.6738,0
30.668942,-15017.5781,-11014.3574,-1166.1463,-12578.3900,0
30.672848,15745.6055,15713.5274,12440.0879,15588.5649,0
30.676754,-3814.9414,-6000.5875,-11446.7694,-4564.2291,0
30.680661,-11021.9727,-9012.2927,-9193.2552,-12605.3745,0
30.684567,15690.9180,15571.4227,11027.1785,15346.9606,0
30.688473,-6564.9414,-6000.5377,4477.7049,-2799.5878,0
30.692379,4962.4023,-3040.1805,-5242.3390,14991.1601,0
30.705103,15651.8555,12901.6376,14478.7507,15477.5010,0
30.709009,-9314.9414,4629.1246,-4059.5832,-10576.1945,0
30.712916,-13031.2500,-8906.0523,4727.4733,1100.2410,0
30.716822,15394.0430,1800.3634,14995.4109,15204.8468,0
30.720728,-6063.4766,5518.6932,-6439.1127,-9173.2343,0
30.724634,14975.0977,-7041.2141,2507.1019,5078.8663,0
30.728541,15300.2930,2831.9579,11143.3230,15270.4150,0
30.732447,-12190.9180,4496.0280,-3593.6413,-8881.6178,0
30.736353,-9046.8750,-10071.2757,-9377.0096,-2968.7252,0
30.750992,15526.8555,15535.0578,14143.7589,15528.3778,0
30.754898,-10190.4297,-8626.7241,6661.3723,-5910.6726,0
30.758804,-9029.7852,4926.3222,567.0973,-14717.4817,0
30.762711,15581.5430,15600.6093,11513.2224,15295.3331,0
30.766617,-6689.4531,-4262.4599,-8701.5157,-4362.1199,0
30.770523,-7022.9492,4945.5217,-5484.9337,3105.8542,0
30.774429,15690.9180,15717.5116,11341.1341,15556.6881,0
30.778336,-5939.4531,-4012.3192,-9178.6755,-6012.3025,0
30.782242,-5022.4609,-12993.7481,629.2944,-969.9566,0
30.796216,15698.7305,1227.4261,9843.2936,14790.9490,0
30.800122,-4314.4531,5212.2599,-8008.6228,-408.0388,0
30.804028,-1021.9727,9197.0936,12719.7233,11277.8367,0
30.807934,15839.3555,13181.9274,9653.0016,14226.7899,0
30.811841,-2438.4766,9478.6197,9088.6226,-6463.4228,0
30.815747,2979.9805,1226.7739,14513.1817,-3671.0562,0
30.819653,15698.7305,10031.1677,10505.1363,14000.8322,0
30.823559,-6564.4531,8165.2705,10722.8984,-9718.3110,0
30.827466,4976.0742,1883.2108,2802.9324,-697.7706,0
30.855100,15722.1680,15634.7336,-6691.8470,179.2843,0
30.859006,-3939.4531,-6018.3565,5433.1229,-11292.4035,0
30.862912,-1023.9258,-9002.1901,11466.8160,10882.2839,0
30.866819,15753.4180,15156.1135,311.8781,1013.3071,0
30.870725,-6938.9648,-9492.2163,-4617.6157,-11150.2064,0
30.874631,10988.2812,8839.9320,-3247.0525,-6245.9844,0
30.878537,15604.9805,15622.8566,-952.1514,1953.5168,0
30.882444,-1688.4766,-4777.8493,1342.7497,10153.0181,0
30.886350,-7028.3203,6872.4921,3637.6508,9099.9120,0
30.901001,15675.2930,15568.6971,12249.4926,-1664.1868,0
30.904907,-4188.4766,-4894.0455,15135.1917,7816.8757,0
30.908813,-5013.6719,-3024.2217,10859.8468,14418.5094,0
30.912719,15839.3555,15517.4225,12237.6716,-757.5639,0
30.916626,-814.4531,-4145.7221,5884.8164,-10685.2368,0
30.920532,10963.8672,-3026.9642,2843.4005,-7123.1805,0
30.924438,15612.7930,15712.2977,13189.5244,-3561.1243,0
30.928344,-5564.4531,-4769.4130,14217.8842,0.9320,0
30.932251,14967.7734,-7020.5490,4810.8833,3562.9882,0
30.947168,15558.1055,15434.9553,12269.3461,6342.0111,0
30.951074,-7440.4297,-6707.7471,11425.1211,-11057.0868,0
30.954981,-1029.7852,-12955.4133,-14958.6397,-3017.5099,0
30.958887,15565.9180,15286.7864,11649.4938,8100.6684,0
30.962793,-7064.9414,-7820.7501,-2041.7027,-8392.6909,0
30.966699,4957.5195,4828.1435,10748.1631,-3166.2825,0
30.970606,15417.4805,15348.3871,11380.1639,7706.4566,0
30.974512,-7689.9414,-4481.3389,-6087.9094,-1715.9733,0
30.978418,4963.8672,10816.5584,2720.6207,4424.4532,1
30.990043,15597.1680,14881.1119,11972.7809,15316.1166,1
30.993949,-7565.4297,1755.8530,-15414.8647,-7948.9277,1
30.997855,-9039.0625,-12135.2486,6637.3056,-8813.9694,1
31.001761,15589.3555,1784.7280,10774.7067,15598.4738,1
31.005668,-6189.9414,5329.3116,415.5353,-2014.0472,1
31.009574,-9034.6680,4532.2698,-1318.4256,-10800.2771,1
31.013480,15597.1680,14235.5579,8594.1540,15392.2013,1
31.017386,-7063.9648,3965.1099,12011.7702,-5161.1937,1
31.021293,-1009.2773,-4869.4905,-13398.7557,12996.0627,1
31.036193,15894.0430,15457.1485,9316.4917,15742.3660,1
31.040100,-1689.4531,-5537.6580,7453.4158,-2676.5956,1
31.044006,10956.5430,-9034.0675,12592.6591,-898.0479,1
31.047912,15534.6680,15526.1938,8228.5525,15776.2820,1
31.051818,-5689.9414,-7784.6172,4003.0983,-2195.5205,1
31.055725,963.3789,952.9652,-7333.7796,13001.2781,1
31.059631,15675.2930,15500.1597,5709.7529,15634.8206,1
31.063537,-5188.9648,-4413.0713,14865.0012,-4413.1048,1
31.067443,968.7500,960.7587,-1314.1693,14979.5411,1
31.080311,15745.6055,13924.6985,8509.6895,15287.2394,1
31.084217,-1438.4766,4552.8798,-14519.2360,-3402.8386,1
31.088124,-3016.1133,-4769.4897,4677.8560,-14137.5521,1
31.092030,15581.5430,6324.7403,9337.6203,15231.6448,1
31.095936,-7189.4531,3504.6183,11735.7134,-1450.8441,1
31.099842,-11024.9023,2194.6092,-7344.6403,11108.7141,1
31.103749,15636.2305,12574.3565,8042.7566,15300.3241,1
31.107655,-5439.4531,2875.1037,-14424.9978,-3628.3823,1
31.111561,-9024.4141,-4949.0494,-5248.1371,7068.9605,1
31.124970,15597.1680,12788.5078,11050.6485,15859.7361,1
31.128876,-5563.9648,5161.5809,-1591.7730,1401.8777,1
31.132782,974.6094,-6528.2488,-7253.7495,13002.0010,1
31.136689,15808.1055,3822.4168,10770.1996,15763.4855,1
31.140595,-812.9883,3728.8720,-15087.8775,-1946.9805,1
31.144501,8997.5586,-6155.0985,-13323.4225,13020.5964,1
31.148407,15761.2305,5903.5830,12784.0406,15722.7908,1
31.152314,-5188.4766,4801.4914,-9807.5095,-2350.3400,1
31.156220,10958.9844,-6924.0048,8790.9184,-6987.5435,1
31.172048,15206.5430,3994.0875,-12042.8357,5570.2426,1
31.175954,-5313.4766,7118.5260,-1623.4459,-1972.2822,1
31.179860,14980.4688,10242.9645,-5792.4621,8046.1714,1
31.183766,15714.3555,13367.4031,-987.0303,5625.5756,1
31.187673,-2688.9648,5403.2976,8130.7821,4246.6181,1
31.191579,-11024.4141,-184.7349,9863.4369,13352.3268,1
31.195485,15683.1055,15295.1192,1686.1837,571.2502,1
31.199391,-6815.4297,7228.9124,-9531.5941,51.6818,1
31.203298,12963.8672,-1749.3003,-9923.9801,11710.6473,1
31.230171,15722.1680,15588.5949,-5657.2894,-2637.3112,1
31.234078,-2938.9648,-2595.8017,-6220.8307,-6938.0290,1
31.237984,-7017.0898,-1084.7638,-13776.4027,11561.0211,1
31.241890,15894.0430,15236.1240,397.0280,548.9707,1
31.245796,-7439.9414,-4060.2890,9460.0542,11849.3358,1
31.249703,4967.2852,-8907.5689,10993.7913,15095.6355,1
31.253609,15550.2930,15021.9581,11370.1184,15232.6592,1
31.257515,-4813.9648,-5767.0771,11746.4455,15369.6829,1
31.261421,2978.5156,2748.8985,12122.7725,6028.3816,1
31.275121,15573.7305,14211.9152,13429.7376,-4621.5015,1
31.279027,-11439.4531,3953.8716,10814.8222,668.4811,1
31.282933,-5050.7812,3200.1988,-13310.8181,11431.9961,1
31.286840,14729.9805,14377.2562,8349.9778,15248.9197,1
31.290746,11554.6875,3650.4782,-6291.0909,-1379.4340,1
31.294652,-7141.6016,-7340.7871,6382.0975,-3307.4694,1
31.298558,13401.3672,4744.1491,4159.9472,-963.9304,1
31.302465,13798.8281,5522.0439,8193.6745,1379.6085,1
31.306371,12753.9062,-1508.9050,-9675.9647,3723.1475,1
31.321172,11947.7539,-15762.5968,3076.7410,12493.3516,1
31.325078,-5082.0312,10154.9810,1636.6397,-2822.5439,1
31.328984,6707.5195,1035.9551,-3731.6830,-1212.2364,1
31.332890,11674.3164,-15668.5819,1445.8182,11604.6148,1
31.336797,-12458.0078,9530.4535,-2959.1720,-8350.1619,1
31.340703,-5288.5742,-12930.6657,12305.1683,8745.6502,1
31.344609,11346.1914,-15531.6418,2232.4553,11548.6714,1
31.348515,-12830.5664,10154.3258,768.5077,-7416.4417,1
31.352422,-5278.8086,-4957.8036,-1625.6673,-1241.1000,1
31.366271,11729.0039,-15678.4888,4224.1954,11751.3565,1
31.370177,-1954.1016,4779.7934,-1824.0554,1003.5653,1
31.374084,4738.7695,5028.9336,14356.1080,-981.7239,1
31.377990,11995.1172,-15726.5636,4287.3424,12237.1093,1
31.381896,5799.3164,3530.3125,-11085.9240,8216.5140,1
31.385802,14786.6211,-2967.9422,-9374.0807,-8806.5020,1
31.389709,12706.0547,-15513.9253,4734.3703,12496.6268,1
31.393615,13674.8047,6151.2571,-10440.6566,13783.1020,1
31.397521,809.0820,10997.7129,-7369.2275,12837.0820,1
31.410227,13541.9922,-12652.5284,8449.0201,13403.1011,1
31.414133,-7448.7305,-6122.6828,-6568.2941,-8502.1246,1
31.418039,-5169.9219,6864.9457,6637.8975,2895.8518,1
31.421945,13471.6797,-3900.4097,9283.8121,13502.0302,1
31.425852,-6446.7773,-6511.5986,13863.2092,-3891.5036,1
31.429758,10858.8867,-6801.9471,-7414.3824,4911.9002,1
31.433664,13831.0547,-14631.2282,8092.5119,13919.0441,1
31.437570,-4446.7773,-7397.8205,-5677.7579,1798.8550,1
31.441477,4857.9102,-7475.7803,14565.1334,899.9760,1
31.454932,13752.9297,10012.7768,10496.9502,13826.6116,1
31.458838,-945.8008,10873.9874,-13334.4552,-2415.6375,1
31.462744,-11140.6250,-6215.1051,-9367.0568,10923.6470,1
31.466650,14104.9805,-4520.2237,11570.7359,14413.8534,1
31.470557,3554.1992,12698.4571,-5948.9420,7492.6667,1
31.474463,-7131.3477,4306.3658,4396.2531,12889.6504,1
31.478369,13956.0547,10630.9692,8717.7366,14189.4799,0
31.482275,-1445.3125,10977.3527,10746.5773,3972.2656,0
31.486182,-9095.2148,-4776.6194,-11451.4719,-3058.7606,0
31.501101,14167.4805,15960.6569,11785.3746,13954.7336,0
31.505007,2806.6406,-912.5409,-15442.9044,3008.5342,0
31.508914,-7085.9375,6965.3984,-11463.4724,-907.7597,0
31.512820,14362.7930,15724.3575,9072.3268,14080.4269,0
31.516726,2056.6406,-2535.4081,-11206.4858,490.8441,0
31.520632,4914.0625,2980.7417,-9503.2899,-4852.4109,0
31.524539,14565.9180,15819.6474,10228.1660,14649.2884,0
31.528445,10932.6172,-4657.4808,4331.9264,8871.6322,0
31.532351,4927.7344,12948.4940,12562.6917,-6992.8533,0
31.546827,14917.4805,14411.6373,3870.1739,14540.5231,0
31.550733,11432.1289,14799.3069,-9293.1083,10701.8762,0
31.554640,2928.2227,15186.9765,-3343.7062,10731.0612,0
31.558546,15065.9180,15574.6461,12165.1089,14292.5051,0
31.562452,13306.6406,4936.8837,5124.8789,10440.3601,0
31.566358,10922.8516,-2503.6416,2287.7032,10737.0337,0
31.570265,15089.3555,8717.0441,8349.9138,1587.4250,0
31.574171,-7189.9414,4159.4426,-1463.2575,-1417.8653,0
31.578077,2942.8711,-9227.2739,-6639.9878,11493.0929,0
31.621029,15300.2930,15819.2432,-1506.9131,-2210.4306,0
31.624935,-7689.4531,-4042.2826,-9196.9788,-7580.0483,0
31.628841,14958.9844,-12957.9518,-9818.8134,-8581.6771,0
31.632748,15573.7305,15341.6436,-10440.6479,-9583.3058,0
31.636654,-1437.5000,-3424.3851,-11062.4825,-10584.9346,0
31.640560,9020.5078,-6997.6904,-11684.3171,-11586.5634,0
31.644466,-15285.1562,15672.4060,-12306.1517,-12588.1921,0
31.648373,13191.4062,-2056.8303,-12927.9863,-13589.8209,0
31.651116,-14238.2812,15564.3844,-13364.8730,-14192.2555,0
31.652279,-909.6680,11093.4069,-13572.2435,-10812.8563,0
31.655023,-180.6641,-7406.4716,-14052.1215,-2864.2764,0
31.658929,11113.7695,4925.0254,-8746.2944,4971.3403,0
31.662835,-13722.1680,15045.1192,-12535.6165,-13414.7701,0
31.666741,9448.2422,-12405.1330,7187.3753,8586.2193,0
31.670648,-14797.3633,12916.1413,9229.4354,-4881.6625,0
31.674554,-12425.2930,15219.2498,-12327.4863,-12790.4990,0
31.678460,-9300.2930,-13155.4226,5323.8744,-12388.7803,0
31.682366,11199.2188,-7077.1948,11252.1249,7140.3553,0
31.695089,-12862.7930,10730.4348,-12354.1611,-12853.5404,0
31.698995,-11674.3164,14944.6406,6960.6371,-7315.6647,0
31.702901,1215.3320,12198.9759,10983.8371,-8818.7559,0
31.706807,-12628.4180,5684.4258,-13938.9545,-12295.6194,0
31.710714,-11674.3164,13268.6053,-14806.4031,-8965.6310,0
31.714620,-12793.9453,10245.2081,10930.7630,8957.4901,0
31.718526,-12761.2305,14905.6645,-13597.2994,-12586.8710,0
31.722432,-7299.3164,14390.4114,2711.8014,-8122.3497,0
31.726339,11190.4297,13304.5689,8973.5851,7144.8276,0
31.740181,-12854.9805,14705.2186,-14816.5938,-12786.4539,0
31.744087,-10174.8047,12833.4126,15812.0282,-10427.0263,0
31.747994,-789.0625,8965.7496,14861.9019,-10817.8608,0
31.751900,-12737.7930,11061.3758,14897.4511,-12828.2096,0
31.755806,-15301.7578,-507.2774,1420.4267,-14820.3709,0
31.759712,-14830.5664,-5148.5432,-9109.3261,3071.8006,0
31.763619,-13394.0430,10007.7669,11075.3328,-13179.6640,0
31.767525,6446.2891,126.5862,-8065.9682,14031.3865,0
31.771431,-10859.3750,-13610.5844,-15135.8088,7105.7894,0
31.786081,-13996.0938,15091.4814,11086.2870,-13884.5015,0
31.789987,-1306.1523,-14894.9273,-3421.2941,-2475.6772,0
31.793894,-2901.3672,12899.7710,-1140.7407,4913.5637,0
31.797800,-14324.2188,15288.8085,10976.3678,-13937.6045,0
31.801706,-8056.6406,-13520.8085,10079.4644,-4559.3731,0
31.805612,-14899.9023,-13046.2238,12855.0635,6858.5390,0
31.809519,-14738.2812,15146.7809,8873.4298,-14552.5109,0
31.813425,-12058.1055,-12397.2382,-10064.6753,13908.5291,0
31.817331,-4921.3867,-11036.8654,-13038.5050,-12936.2879,0
31.831163,-14847.6562,15339.1967,11402.1296,-14644.4053,0
31.835069,13565.4297,-11739.7254,-7270.5800,13232.7499,0
31.838975,5050.7812,-15022.5603,8947.2784,-3108.8904,0
31.842882,-15121.0938,15038.1656,11031.6043,-14958.6232,0
31.846788,14690.4297,-8760.8450,-8814.1899,9928.8082,0
31.850694,-2943.8477,-9031.5401,-9118.3913,8756.1355,0
31.854600,-15269.5312,15338.3391,10083.5809,-14586.6220,0
31.858507,7438.4766,-6898.7173,11049.8725,10515.1837,0
31.862413,-12984.8633,6866.9124,3084.2994,-3032.5377,0
31.875214,-15652.3438,14571.2853,15901.6898,-15361.8170,0
31.879120,4688.9648,3246.7403,-7660.4976,5470.3654,0
31.883026,1026.8555,641.1384,7030.3034,-9003.5383,0
31.886933,-15753.9062,12345.2062,15698.3511,-15089.0821,0
31.890839,3938.9648,3214.4649,11788.5782,11770.1290,0
31.894745,13020.5078,-2399.0622,8773.2904,4884.4030,0
31.898651,-15683.5938,9573.2379,-15516.6021,-15342.8929,0
31.902558,6563.9648,4482.1387,1775.1187,7235.0942,0
31.906464,3014.1602,3864.0227,-12961.6687,-4998.9888,0
31.920102,-15769.5312,15200.4061,-12418.8600,-15417.1385,0
31.924008,4062.5000,5488.7225,8595.6051,7637.4329,0
31.927914,-8993.6523,-3793.0046,-7027.0161,15022.5841,0
31.931821,-15902.8320,6625.9613,-13327.9872,15816.7794,0
31.935727,-62.9883,4141.8272,-13920.9993,189.9315,0
31.939633,-9006.8359,-1555.9188,-5244.9487,12736.3189,0
31.943539,15940.9180,10873.2422,-12779.6786,-15713.2990,0
31.947446,-312.5000,3167.8127,11033.3123,1903.6213,0
31.951352,991.6992,-10972.4943,-15054.5021,10939.3764,0
31.980370,15604.9805,13983.9700,-13026.7860,7618.6392,0
31.984276,-4687.9883,2456.5112,7436.5843,7335.0976,0
31.988183,-3007.3242,3159.4045,483.0507,-13570.4350,0
31.992089,15941.4062,13646.8067,-15763.5918,-1515.7288,0
31.995995,3312.9883,4002.7246,-3766.4091,-13487.0642,0
31.999901,6998.0469,-6026.0852,-7383.0913,-11336.7410,0
32.003808,15909.6680,5798.1566,-14559.8434,-7291.4238,0
32.007714,-312.9883,2604.0599,8839.2950,-3246.1065,0
32.011620,988.7695,-5845.5542,-11134.6446,799.2108,0
32.026220,15784.6680,15548.0559,12581.0417,15732.1268,0
32.030126,-2312.5000,-6153.8079,-7658.7983,-2947.5915,0
32.034033,995.1172,-7027.9384,12852.9031,11046.3288,0
32.037939,15996.0938,15552.7895,13716.7071,15726.1583,0
32.041845,1687.0117,-786.9593,10155.1513,-873.0406,0
32.045751,4991.6992,-1019.6856,-3198.6821,7057.7879,0
32.049658,15933.1055,15640.5030,11704.2729,15391.5564,0
32.053564,-3688.9648,-5529.1540,5767.6259,-2020.9026,0
32.057470,-11000.9766,12968.0398,-15086.4238,3022.5893,0
32.071188,-15972.6562,15783.5459,10485.6153,15842.0095,0
32.075094,1437.5000,-4160.2369,-11657.6578,2485.1861,0
32.079000,-9016.1133,-3017.7709,6787.7850,11014.0703,0
32.082906,15659.6680,15570.8510,8555.0760,15708.8630,0
32.086813,-4938.9648,-6282.4975,7172.8263,-4452.3289,0
32.090719,-7007.3242,12956.6025,6830.7102,14993.8303,0
32.094625,15753.4180,15492.0542,9209.0452,15525.2103,0
32.098531,-6064.4531,-7781.9830,-3542.7447,-2746.6077,0
32.102438,-11019.5312,-9035.3814,13039.9316,-13009.9614,0
32.116192,-15957.0312,15563.5390,11607.8745,-15744.3498,0
32.120099,186.5234,-1413.1821,6576.7977,-978.0485,0
32.124005,-1006.3477,8958.4508,11025.3906,8778.5180,0
32.127911,-15965.3320,15727.9296,12034.6887,-15623.6072,0
32.131817,-1064.4531,-5159.4249,12365.3365,197.1256,0
32.135724,-11015.6250,-3013.4323,-1174.3958,-12753.0562,0
32.139630,15948.7305,15874.2782,8928.8283,15780.4403,0
32.143536,-3563.9648,-7405.9048,-11816.5590,-5384.3268,0
32.147442,12983.8867,4960.8948,-9058.6109,1015.4025,0
32.160164,15800.2930,14010.1203,12740.9139,15805.4842,0
32.164070,-3688.4766,8046.3223,10383.1124,493.7657,0
32.167976,10983.3984,-361.7164,-13174.2416,-10867.4630,0
32.171882,15823.7305,12566.1254,11855.0356,15561.6153,0
32.175789,-1187.5000,7781.2376,-1805.9026,-2506.4817,0
32.179695,-13000.0000,-8201.4952,14809.4845,7049.6546,0
32.183601,15722.1680,-1728.6191,10461.3338,15404.4512,0
32.187507,-5813.4766,8253.2219,-5465.1322,-9548.1098,0
32.191414,6975.5859,-407.1975,-13256.4472,-6963.2313,0
32.205093,15604.9805,14602.1855,13237.8638,15546.9073,0
32.209000,-3563.4766,4902.9500,3292.0637,-1764.9702,0
32.212906,12985.3516,-4211.8028,2732.4238,-8755.6829,0
32.216812,15698.7305,6421.1575,14861.9475,15135.6610,0
32.220718,-5188.4766,4013.7596,-15327.8121,-8976.9670,0
32.224625,4974.6094,4066.2765,-9476.0250,11030.6257,0
32.228531,15597.1680,15334.8823,11160.3736,15471.1580,0
32.232437,-6314.9414,4321.7519,11270.0494,-6586.9477,0
32.236343,-7030.2734,3298.4411,-7433.9502,3006.2606,0
32.251126,15620.6055,15760.0873,12906.5433,15138.1600,0
32.255032,-4188.9648,-4411.6347,12090.6023,-2917.1093,0
32.258938,-3020.5078,-13009.3849,6630.9990,9117.2266,0
32.262845,15425.2930,15628.6659,10825.7470,15153.9585,0
32.266751,-11440.4297,-5785.8764,-10196.3905,-4073.5632,0
32.270657,-11037.1094,14935.7542,6544.2319,1289.9985,0
32.274563,15565.9180,15541.6976,10764.6159,15081.4084,0
32.278470,-2813.4766,-6283.9062,-15325.0147,-5816.4601,0
32.282376,10990.7227,971.0879,-7313.6251,5053.6540,0
32.296043,15769.0430,14791.7357,11584.6530,14434.6019,0
32.299949,-6562.5000,-2334.6113,15416.5235,-7872.0062,0
32.303856,10990.7227,-3779.2419,12704.4570,-7826.9916,0
32.307762,15651.8555,11804.6743,10500.4727,13919.9567,0
32.311668,-5938.9648,-2549.0624,-4310.1448,-14001.0256,0
32.315574,-13027.3438,-3838.3266,633.8023,-2071.0693,0
32.319481,15354.9805,11789.9282,11104.2171,14721.1086,0
32.323387,-8064.9414,-1152.2072,-81.2191,-5947.2692,0
32.327293,-3031.7383,-8284.3332,-1199.5195,11049.7048,0
32.355069,15284.6680,15552.4491,4451.3257,-291.7871,0
32.358975,-8564.4531,-5637.9818,7918.0736,-3036.3473,0
32.362882,-11036.6211,4897.5058,11490.3817,13008.1858,0
32.366788,15542.4805,15479.3733,11828.5635,-48.1914,0
32.370694,-6314.4531,-6507.4050,-7399.9500,-9780.2325,0
32.374600,-9018.5547,-14959.1401,-8426.2008,-4572.0699,0
32.378507,15550.2930,15137.4486,-5219.2136,3043.3520,0
32.382413,-6063.9648,-5268.1312,-2012.2265,10658.7738,0
32.386319,-1026.8555,-10976.7842,1194.7607,8751.1079,0
32.400040,15808.1055,12370.9266,12288.7494,-2967.8631,0
32.403946,-4564.9414,3843.8797,-11903.4009,2439.1698,0
32.407852,-7020.9961,3664.8565,-3022.8368,13930.8133,0
32.411759,15776.8555,15262.2384,12256.9889,-2535.4271,0
32.415665,-6064.9414,4912.1124,15568.1829,-8525.9109,0
32.419571,-9028.8086,-3273.3192,916.5647,-6212.4870,0
32.423477,15573.7305,7389.0004,11597.8487,-2943.7523,0
32.427384,-2687.9883,6104.1394,-15557.9664,324.9825,0
32.431290,-15026.8555,863.3661,8905.1434,3593.7172,0
32.446015,15526.8555,14803.6796,14112.0017,14203.9760,0
32.449922,-4313.4766,-1492.0744,11746.7071,-3042.2037,0
32.453828,-11014.1602,5209.6348,-949.4273,13168.6206,0
32.457734,15651.8555,13940.8567,11890.9713,14161.9356,0
32.461640,-9814.4531,-3688.2993,-13966.1242,-4860.3951,0
32.465547,978.0273,7574.8290,-2711.2891,-5342.5785,0
32.469453,15581.5430,15049.9294,14951.5819,14177.2166,0
32.473359,-5813.9648,-687.5525,-8258.2872,-5225.9859,0
32.477265,-13001.4648,2410.0464,744.9685,-1285.7297,0
32.491227,15870.6055,15717.6316,12569.7498,-15824.3283,0
32.495133,-5314.4531,-5109.6625,-5206.2752,-3909.9476,0
32.499039,14972.1680,14886.5282,-13215.4753,1054.7337,0
32.502945,15698.7305,15423.5223,14189.1468,15402.8840,0
32.506852,-4938.4766,-10464.7191,-1831.9089,-2779.2049,0
32.510758,4985.8398,-9027.8918,-5208.1838,3056.6154,0
32.514664,15714.3555,15424.8684,10502.9334,15310.4545,0
32.518570,-3563.4766,-5732.1008,15537.9578,-7908.8468,0
32.522477,-3010.2539,2944.7750,-3202.2396,-2974.8798,0
32.535086,15729.9805,13988.1949,11907.2529,15575.2609,0
32.538993,-3563.4766,4891.5064,-9441.3383,-775.2316,0
32.542899,8986.3281,3399.4954,-11219.6893,14686.0117,0
32.546805,15933.1055,14302.4867,11683.2192,-15901.4684,0
32.550711,-6564.4531,4421.4455,-8029.3336,-7331.8018,0
32.554618,-13007.8125,1960.2874,10830.0284,2816.5828,0
32.558524,15886.2305,13228.5335,8923.6083,-15699.4078,0
32.562430,-4188.9648,4420.6392,-2047.1553,194.7944,0
32.566336,-13014.1602,2027.3142,875.5704,948.9148,0
32.580501,15706.5430,15184.1302,10980.7604,-15320.3845,0
32.584407,-5814.4531,4150.6282,-399.8558,206.4147,0
32.588314,-7017.0898,1561.7865,-6783.1257,-2407.6418,0
32.592220,15862.7930,11288.8530,10996.4285,15299.6983,0
32.596126,-2563.9648,3534.9980,-8015.1222,-738.7227,0
32.600032,4982.9102,-10793.6387,12753.2787,12069.1973,0
32.603939,15823.7305,3299.5589,8896.0532,-15611.2040,0
32.607845,-8439.4531,2569.3600,-2983.9195,-4209.8241,0
32.611751,-5031.2500,560.0485,-14914.7041,-860.9459,0
32.625236,15401.8555,13432.3553,13738.6873,15554.5585,0
32.629142,-5188.9648,10384.6829,4677.1984,-5783.4742,0
32.633049,8979.0039,-1492.6343,940.3576,-899.2050,0
32.636955,15581.5430,7798.4188,12961.2862,15620.1588,0
32.640861,-6438.9648,9098.8057,-13202.9885,-2777.3098,0
32.644767,8978.5156,-7561.5918,-11212.5181,3047.8751,0
32.648674,15479.9805,1867.4765,14782.2751,15611.9034,0
32.652580,-11314.9414,9253.3220,8281.7526,-6567.3108,0
32.656486,10968.2617,-9995.1967,833.0683,-6976.7275,0
32.671128,15464.3555,15322.4638,-15318.7547,15490.6180,0
32.675034,-2562.9883,-3656.5855,-6444.2453,432.3580,0
32.678940,2979.9805,4951.3155,920.9812,-10727.4439,0
32.682847,15745.6055,15649.5442,14604.7767,15431.8525,0
32.686753,-8314.9414,-2908.2675,-4360.6123,-2434.4096,0
32.690659,-7022.9492,-15005.1343,-13329.8774,9044.4581,0
32.694565,15464.3555,15701.8320,-14692.0198,15014.7673,0
32.698472,-8314.4531,-3781.1695,4645.7875,-12199.1695,0
32.702378,10984.3750,10958.1103,-5201.8656,-12912.7692,0
32.731053,15776.8555,15962.9173,-14648.5529,-6954.2337,0
32.734959,-5439.4531,-3148.8581,12805.6397,-12359.3884,0
32.738865,-9037.1094,2961.0579,-3091.2979,13801.8984,0
32.742772,15644.0430,15773.1089,13928.6365,-4537.3492,0
32.746678,-5564.9414,-5394.9244,-11272.4575,5099.5036,0
32.750584,-11044.4336,8942.5971,10713.7955,6579.5461,0
32.754490,15534.6680,15863.7828,14798.5882,8059.5886,0
32.758397,-7189.9414,-2400.1426,-3844.8636,9539.6311,0
32.762303,4978.5156,10950.0783,12696.3080,11019.6736,0
32.775128,15440.9180,14899.0571,12577.7553,15616.6794,0
32.779035,-11564.9414,4412.2590,6292.5626,-6424.4179,0
32.782941,-5034.1797,3885.0625,4695.5283,-4806.1478,0
32.786847,15448.7305,15296.1459,11979.9775,15306.8039,0
32.790753,-4439.4531,6209.3606,3433.2532,-5916.0593,0
32.794660,-11033.6914,3684.8782,10696.2042,-14683.7416,0
32.798566,15589.3555,13279.1010,11703.7428,15372.4870,0
32.802472,-4563.9648,4726.7751,-15792.6735,-7337.2597,0
32.806378,-9018.0664,189.7178,4805.4858,12988.2805,0
32.821097,15612.7930,15414.1714,10641.1196,15624.8709,0
32.825003,-8313.9648,-9033.1412,-11171.1307,-6573.4927,0
32.828909,4983.3984,6955.0710,-1180.8331,7043.6012,0
32.832816,15503.4180,15617.3512,9155.3450,15393.6527,0
32.836722,-8064.9414,-3164.4101,12050.6195,-3654.8625,0
32.840628,-11019.5312,972.6985,12890.8025,14992.9328,0
32.844534,-15934.0820,15913.9782,10156.7044,15668.7931,0
32.848441,-6064.4531,-1666.4265,9151.4081,-8630.4509,0
32.852347,4971.6797,-9016.4951,-12959.7601,12981.9574,0
32.866202,15495.6055,15501.8129,11081.1765,15623.6097,0
32.870108,-6564.4531,-6784.0589,1426.7369,-3674.5501,0
32.874015,-5034.6680,-9022.3807,-2956.5259,9050.9930,0
32.877921,15417.4805,15446.6189,11492.8306,15702.6200,0
32.881827,-7314.9414,-10403.6788,15647.7861,-4931.7313,0
32.885733,-9039.5508,961.5090,810.1847,7080.3361,0
32.889640,15519.0430,15522.6511,9048.1448,15747.6684,0
32.893546,-5689.4531,-2788.4868,8901.1262,1780.3665,0
32.897452,-15028.8086,14945.0289,-5049.5989,-969.9570,0
32.910111,15565.9180,15383.1328,12682.8446,15643.8730,0
32.914017,-6313.9648,10537.6102,13143.9951,-1178.6186,0
32.917923,2987.7930,-5441.9714,-5177.2693,14749.4991,0
32.921830,15995.6055,-1537.6750,11421.7090,-15814.2741,0
32.925736,-437.9883,9978.4463,-11303.5662,475.5111,0
32.929642,13004.3945,-6072.7646,8775.6076,5082.3242,0
32.933548,15894.0430,3054.9278,10588.4933,15463.2202,0
32.937455,-5063.4766,10344.8460,10646.0971,-6204.9767,0
32.941361,8990.7227,-3866.0689,-3263.1052,7000.2768,0
32.955206,15894.0430,13895.7693,12278.2822,15610.6426,0
32.959112,-812.9883,5627.0210,8257.7149,-4138.1114,0
32.963018,-7006.3477,-6008.6259,-13234.3170,4859.5771,0
32.966924,15761.2305,4283.6938,13854.4705,-15913.6388,0
32.970831,-5313.9648,5588.4291,-6948.9447,-1097.3437,0
32.974737,4967.7734,-10617.5483,4472.8238,15000.2876,0
32.978643,15472.1680,-1300.4194,9850.6248,15706.1080,0
32.982549,-9564.4531,5755.9671,-3309.5009,-6487.5182,0
32.986456,-9014.1602,-6763.5005,12589.0783,7012.2753,0
32.999962,15628.4180,7993.1986,11946.5034,15592.4094,0
33.003868,-6938.9648,13159.4683,14004.9312,-1187.7745,0
33.007774,6979.4922,7675.1250,561.6239,-12696.8621,0
33.011681,15675.2930,-5864.1954,10664.1404,15688.6751,0
33.015587,-3188.9648,1878.1492,-6348.6804,-2834.9657,0
33.019493,-11021.4844,6028.8297,-9508.3865,7062.5340,0
33.023399,15667.4805,-6587.8610,11346.5586,15476.0210,0
33.027306,-6563.4766,2941.9637,3012.1766,-3163.4781,0
33.031212,10981.9336,6853.9977,-7437.9696,10993.1619,0
33.045737,15589.3555,15199.5074,10962.0378,14808.5454,0
33.049643,-6063.9648,3027.2182,-14174.0377,-3978.0414,0
33.053550,4988.7695,3908.2950,10604.9519,1574.9404,0
33.057456,15753.4180,12968.9040,9337.3914,14816.2420,0
33.061362,-6689.4531,1624.6980,-6972.0626,-3375.6269,0
33.065268,4967.7734,-2210.9855,-15067.9523,7332.8704,0
33.069175,15511.2305,10382.8146,10685.9996,14865.3460,0
33.073081,-6313.4766,46.7260,14331.5719,-4856.0839,0
33.076987,-15010.2539,1197.7729,-15018.9295,3148.5810,0
33.105122,15612.7930,15656.4127,5191.4503,182.0489,0
33.109028,-7688.9648,-5909.8089,-8352.4849,-7977.5773,0
33.112935,-11016.6016,-1060.3948,10481.6062,11409.7018,0
33.116841,15823.7305,15563.8422,10978.3430,-4788.8854,0
33.120747,-6689.4531,-5412.2969,-5471.8242,-10677.2608,0
33.124653,-3012.6953,14831.3925,-9640.2014,-5117.9611,0
33.128560,15597.1680,15538.4512,-10573.7262,2010.2677,0
33.132466,-4938.4766,-6653.8931,-11507.2511,9138.4965,0
33.136372,2981.4453,6886.3666,-12440.7759,13465.9116,0
33.150030,15651.8555,14493.3262,-15651.0274,1502.7110,0
33.153936,-5688.9648,3893.7147,-4465.7969,-1793.7443,0
33.157843,977.0508,-272.1515,-8898.2399,10353.3731,0
33.161749,15667.4805,12201.2328,-15741.5796,5835.8109,0
33.165655,-5063.9648,4529.9987,-3675.0095,-5743.5581,0
33.169561,2970.7031,-11138.0659,3027.2129,-7024.8228,0
33.173468,15620.6055,-353.9309,-15604.1753,-3625.1408,0
33.177374,-3187.9883,4996.8093,-11454.0016,-225.4589,0
33.181280,10999.5117,-7671.1514,-10996.2094,3174.2231,0
33.196029,15964.3555,14159.7755,-14890.6805,14041.0254,0
33.199935,-1939.4531,1082.9867,9401.4865,-7096.4457,0
33.203841,-3038.5742,-4594.0492,12798.8645,-7171.3335,0
33.207747,15776.8555,10918.8482,12160.1781,13909.8242,0
33.211654,-1438.9648,-2100.3610,-10723.7241,-5194.7793,0
33.215560,14985.8398,-13265.4097,-14157.0117,7648.0406,0
33.219466,15815.9180,8860.0465,14960.9018,14491.5824,0
33.223372,-4064.4531,-2741.3186,-2774.9390,-155.9627,0
33.227279,-3030.7617,-992.8911,10840.6744,11069.2477,0
33.241223,15667.4805,15683.4743,13324.0451,15709.3782,0
33.245130,-6314.4531,-7982.8809,8311.8266,-2643.7317,0
33.249036,-9024.9023,-5038.8702,12764.5066,5061.4930,0
33.252942,15831.5430,15673.4437,13285.9130,15825.8910,0
33.256848,-3689.9414,-5117.2182,-11670.6639,-2643.7738,0
33.260755,10971.6797,-5036.6671,8753.0441,5052.1868,0
33.264661,15495.6055,15377.5728,10456.5565,15453.3191,0
33.268567,-9814.9414,-6238.8550,5537.8943,-6644.2762,0
33.272473,-3028.3203,14896.2789,-11249.4870,1012.5649,0
33.286199,15472.1680,15620.3711,11790.1121,15602.5855,0
33.290105,-5563.4766,-8284.6532,4938.3507,-4654.6945,0
33.294011,12987.3047,-13011.6274,8626.0906,-836.1095,0
33.297917,15675.2930,15607.7744,10263.7549,15713.6459,0
33.301824,-9564.9414,-11032.1190,7146.8765,-3502.3700,0
33.305730,-11021.4844,-9038.2137,-13280.4274,3093.5002,0
33.309636,15604.9805,15542.5896,8592.0391,15582.8053,0
33.313542,-8689.9414,-7035.8066,10289.6589,-1843.1836,0
33.317449,-1028.3203,8950.8998,-7208.2146,-4958.9570,0
33.330351,15417.4805,14455.2717,8816.3481,15403.3610,0
33.334257,-7563.9648,7777.8522,-1663.8150,-2818.3252,0
33.338163,6971.6797,-10285.4666,893.6608,-2629.2977,0
33.342070,15792.4805,-4839.3468,9865.2628,15495.7412,0
33.345976,-1563.4766,8700.2120,14134.0440,2325.8891,0
33.349882,12986.8164,-1328.3885,-3261.1764,3242.6473,0
33.353788,15808.1055,9829.8772,7981.6684,15331.3147,0
33.357695,-7689.4531,8052.3087,62.4375,-3707.9696,0
33.361601,2974.6094,-5812.8456,848.6797,12997.2720,0
33.375244,15495.6055,12796.6656,11248.3863,15492.6951,0
33.379151,-8690.4297,5412.5884,-11562.7971,-9640.2769,0
33.383057,-3034.1797,-7824.2915,-3209.7933,-918.3362,0
33.386963,15526.8555,2333.0052,11064.8057,15521.7497,0
33.390869,-8564.4531,4025.8841,-13931.6334,-4610.8196,0
33.394776,-11014.6484,-7107.9018,4707.5587,-12839.1995,0
33.398682,15761.2305,4333.1733,11349.7353,15666.4517,0
33.402588,-5939.4531,3667.0454,3513.6157,-7810.4804,0
33.406494,10977.5391,-3439.8471,-13241.2107,-6990.9893,0
33.420144,15917.4805,13294.0959,13255.9739,15486.6949,0
33.424050,-3438.9648,6544.4262,10539.9748,-5259.7881,0
33.427956,-11015.1367,-4319.2136,10812.1998,1099.8377,0
33.431862,15729.9805,5048.3483,12768.3775,15433.7657,0
33.435769,-4313.9648,5821.7828,-1599.3213,-5968.1950,0
33.439675,-5006.3477,-6111.5818,-1391.3878,5086.5237,0
33.443581,15769.0430,3889.5935,14521.5664,15471.4146,0
33.447487,-7187.9883,4982.7480,-3069.1431,-6023.2747,0
33.451394,996.5820,-234.8437,10690.7120,12990.5888,0
33.480503,15776.8555,15579.6636,-360.1091,-1735.8874,0
33.484409,-3563.4766,-3163.2474,7131.7347,9046.3976,0
33.488315,-9005.3711,14720.3109,14695.2019,15335.5204,0
33.492222,15683.1055,15680.7227,1840.9621,-375.0659,0
33.496128,-5563.4766,-7720.2415,6310.1121,6582.5397,0
33.500034,-13009.2773,4781.3445,10974.9167,11442.8385,0
33.503940,15808.1055,15450.8844,11425.6934,12066.9646,0
33.507847,-5438.9648,-5135.0038,11876.4701,12691.0907,0
33.511753,12994.6289,-3072.8884,12327.2468,13315.2168,0
33.525137,15628.4180,13109.7580,13775.5843,15289.5286,0
33.529043,-2562.5000,6685.3425,-11516.8520,-4329.9907,0
33.532950,12983.3984,-3315.6593,6641.3062,9045.7060,0
33.536856,15519.0430,5667.6904,11313.0886,15577.2698,0
33.540762,-6313.9648,5457.6890,-14315.2232,-4159.1062,0
33.544668,12977.5391,2745.7617,-9204.7158,14974.3943,0
33.548575,15800.2930,14114.7193,11573.8887,15498.7827,0
33.552481,-2439.9414,4703.8665,7560.2374,1196.1653,0
33.556387,6943.3594,-4520.1998,8789.0323,-12973.2755,0
33.570148,15323.7305,12954.5782,10607.6532,15122.7407,0
33.574054,-9815.4297,4305.4421,7427.2873,-12699.8875,0
33.577961,-15037.1094,726.5102,2800.6054,7030.9611,0
33.581867,15472.1680,13133.5746,8976.0989,15436.7876,0
33.585773,-9439.9414,4732.1672,-14307.4716,-8182.7477,0
33.589679,-7026.3672,193.9270,-1199.9970,-6895.1013,0
33.593586,15542.4805,12070.4878,9602.7837,15547.2858,0
33.597492,-8689.4531,2965.6093,14413.8978,-5073.2288,0
33.601398,970.7031,-865.1904,979.5483,14979.6784,0
33.616152,15589.3555,15586.5264,9913.1806,15375.3637,0
33.620058,-5313.9648,-9764.8119,-1722.0930,-2856.6613,0
33.623964,-13019.5312,-9031.8378,-13070.6184,-4619.5328,0
33.627870,15644.0430,15563.6929,10742.8419,15353.1580,0
33.631777,-6813.4766,-7393.5227,10152.3241,-582.9482,0
33.635683,14999.5117,-13006.9513,2820.1912,11083.8873,0
33.639589,15737.7930,15618.1229,8392.0960,15659.2192,0
33.643495,-4063.4766,-5771.1486,15230.4512,-410.6502,0
33.647402,6996.5820,14942.4481,-15182.1388,1075.0674,0
33.660133,-15934.0820,15663.5972,10829.7264,15759.0072,0
33.664040,-5189.9414,1819.0360,4164.4114,-5109.3193,0
33.667946,8965.3320,-2238.6956,2818.0471,5071.6226,0
33.671852,15425.2930,10593.0485,11414.3900,15733.1780,0
33.675758,-9814.9414,4108.3094,4481.3686,-2441.6010,0
33.679665,4964.8438,-1196.2128,-11135.0689,12995.0324,0
33.683571,15581.5430,9757.4984,10057.2554,15557.9870,0
33.687477,-6314.4531,5326.5149,3636.4717,-1218.7051,0
33.691383,10979.9805,859.4466,-3381.6717,-4980.8216,0
33.705117,15714.3555,14188.5662,11398.7702,15429.0034,0
33.709024,-5688.9648,7779.3736,-5810.0151,-1672.0636,0
33.712930,4984.8633,852.5892,14644.7072,1078.4644,0
33.716836,15808.1055,8967.2738,12109.7293,15789.6213,0
33.720742,-8314.4531,4478.9778,175.3896,-6059.0148,0
33.724649,-9011.7188,-10286.3472,12427.8062,14997.7743,0
33.728555,15503.4180,559.4226,9502.0779,15697.1176,0
33.732461,-9439.4531,4823.0780,3671.3491,-4803.0368,0
33.736367,8957.5195,-395.1841,14518.7923,-3002.5539,0
33.751115,15386.2305,15499.3089,12584.4819,15356.9817,0
33.755022,-6814.4531,-9399.8681,-829.2441,-4644.1048,0
33.758928,-7022.4609,10961.6246,2520.8602,1083.6739,0
33.762834,15651.8555,15722.5564,10538.3156,15579.5406,0
33.766740,-3938.4766,-5905.4867,-10966.5592,-2134.7366,0
33.770647,12992.1875,-7027.1010,-11463.5883,-10793.8236,0
33.774553,15878.4180,15553.9019,11166.8447,15768.2707,0
33.778459,-5188.9648,-7029.4312,653.5432,-2739.1464,0
33.782365,-13000.4883,-1038.7576,-3411.2552,-8978.7639,0
33.810178,-15988.7695,14172.2085,12016.4511,15818.1224,0
33.814085,-4439.4531,10090.1935,-5209.1438,-2984.8190,0
33.817991,14988.7695,-2150.0115,-15283.2697,-11038.5819,0
33.821897,15917.4805,5302.4133,10827.1584,-15910.3246,0
33.825803,-3438.4766,9321.0366,13385.0232,-882.7349,0
33.829710,-7003.4180,-4765.0123,-7400.9660,-12840.1740,0
33.833616,15972.1680,3886.6523,11572.5079,15798.3744,0
33.837522,-187.9883,10025.0204,459.1720,-2163.0472,0
33.841428,-9003.9062,-4749.1750,-11094.3435,4894.1621,0
33.855158,15769.0430,15584.8875,5566.8221,24.8004,0
33.859064,-4312.9883,-10075.4139,-6919.6515,2094.1951,0
33.862971,4991.6992,-7039.4325,9108.4530,13817.8510,0
33.866877,15800.2930,15512.3420,4997.5236,-379.1585,0
33.870783,-3563.4766,-6341.6021,1388.3221,8773.1590,0
33.874689,979.4922,8908.1580,2521.1419,11985.5319,0
33.878596,15776.8555,15707.7918,4362.1622,13188.0810,0
33.882502,-4439.4531,-5096.5940,6203.1825,14390.6301,0
33.886408,2974.1211,6912.8567,8044.2028,13968.2184,0
33.901108,15644.0430,15460.7960,14918.7007,-2318.8263,0
33.905015,-6939.4531,-7777.7850,5912.6931,-6832.8094,0
33.908921,10975.5859,-7018.8333,3143.0507,11975.7137,0
33.912827,15597.1680,15733.1501,15292.7652,284.0447,0
33.916733,-7064.4531,-6778.8802,-11015.1203,5406.8218,0
33.920640,14967.2852,-5020.8960,2949.8993,7978.0251,0
33.924546,15612.7930,15580.2958,-15247.6259,9177.8576,0
33.928452,-2938.9648,-6530.0077,13050.7928,10377.6900,0
33.932358,8970.2148,14929.9556,14974.8483,11577.5225,0
33.946041,15659.6680,15626.9277,-15712.1704,13928.2639,0
33.949947,-3188.9648,-1411.0405,-3486.5533,-4900.9168,0
33.953853,14973.6328,-8384.4643,12838.1691,-8694.4386,0
33.957759,15542.4805,10474.0250,12650.1752,14128.2876,0
33.961666,-6688.9648,186.1806,-8413.7457,-2085.1177,0
33.965572,-15027.8320,-9538.9764,-5206.5709,448.6326,0
33.969478,15620.6055,9895.3861,-15713.9732,13706.8938,0
33.973384,-5064.4531,-1131.0106,-210.4786,-4566.6420,0
33.977291,-1022.9492,4275.6482,8911.7783,15000.3803,0
33.991124,15667.4805,15667.5615,14811.6440,15522.2607,0
33.995030,-6438.9648,-7121.1784,-9920.3626,-6673.6994,0
33.998937,14986.3281,-7012.7311,6765.5143,14981.4991,0
34.002843,15800.2930,15646.9772,12887.6021,15691.5430,0
34.006749,-5814.9414,-5999.8847,439.7107,-3384.5740,0
34.010655,-5021.9727,947.4116,12717.5895,5051.4800,0
34.014562,15753.4180,15616.1118,10355.6378,15700.9199,0
34.018468,-3938.4766,-5874.9306,11302.0619,-3252.4581,0
34.022374,-15010.7422,4955.3980,12605.2966,-12965.1493,0
34.035970,15487.7930,15678.5660,10254.8264,15482.3996,0
34.039876,-8688.4766,-8403.8334,-10907.0778,-6612.3564,0
34.043782,8992.6758,-5021.6558,14522.4248,-10730.0066,0
34.047689,15659.6680,15512.1226,9464.3924,15425.6161,0
34.051595,-7314.4531,-7655.1485,-3323.7828,-6816.1239,0
34.055501,-9023.4375,-15025.2846,558.6346,-6770.7931,0
34.059407,15667.4805,15333.5074,7257.4606,15427.6363,0
34.063314,-5438.9648,-7156.1291,898.6843,-4972.5411,0
34.067220,969.7266,4953.2348,-15386.2327,14974.8718,0
34.080334,15433.1055,14500.3608,7783.4096,14913.9801,0
34.084240,-5813.4766,5834.2744,1772.6523,-7788.3868,0
34.088146,-15018.0664,-1374.5248,6753.2065,-6286.6938,0
34.092052,15487.7930,8287.8606,8617.6191,15105.5492,0
34.095959,-7438.4766,2974.3587,-6916.6606,-3285.8976,0
34.099865,4974.6094,1020.9978,-11111.2255,9201.3929,0
34.103771,15456.5430,11849.1001,6059.0684,15124.8452,0
34.107677,-4063.4766,4581.0569,-10417.9426,-5655.2256,0
34.111584,-9031.2500,-4552.0396,10715.4527,3091.1402,0
34.125155,15347.1680,12464.6165,10873.7406,15306.0137,0
34.129061,-7689.4531,2937.5492,-15291.7261,-7366.7718,0
34.132967,6971.6797,-9429.1617,6716.7965,5033.1932,0
34.136874,15495.6055,3195.0012,10311.2958,15528.2480,0
34.140780,-7188.4766,5646.9863,13139.9736,-5240.5413,0
34.144686,-15007.3242,-8799.2714,-1298.8720,7023.9735,0
34.148592,15698.7305,1203.7526,11808.0674,15210.6084,0
34.152499,-3688.9648,5547.0216,-6469.3390,-7821.5524,0
34.156405,-7024.4141,-3995.4835,-9213.4947,-8980.2510,0
34.171158,15472.1680,15479.1780,14235.6932,15314.7318,0
34.175064,-10939.9414,-8403.0254,-13669.5077,-7791.9198,0
34.178970,12963.3789,964.6649,14799.5937,-4863.5691,0
34.182877,15542.4805,15606.1152,12935.9760,15320.4542,0
34.186783,-5063.9648,-4907.6523,-361.0684,-8007.9898,0
34.190689,-15013.1836,-5019.8961,-9358.0559,-892.1457,0
34.194595,15651.8555,15604.7826,-15880.5160,15476.4999,0
34.198502,-6438.9648,-6654.9761,5421.6855,-2081.3078,0
34.202408,4976.0742,4961.7277,12760.5185,11007.7523,0
34.231078,15683.1055,15623.1459,5026.0624,-5813.0217,0
34.234984,-5814.4531,-8222.7578,7618.0261,-7620.2089,0
34.238890,-1033.6914,6824.4304,-13833.1244,13983.9251,0
34.242796,15472.1680,15434.1230,1684.5128,-646.9504,0
34.246703,-3937.9883,-6737.4164,4859.7419,-8173.2647,0
34.250609,992.6758,-1077.7762,6214.4141,-1364.4609,0
34.254515,-15941.8945,15586.5864,7569.0862,5444.3430,0
34.258421,-2814.4531,-5620.0371,8923.7584,12253.1468,0
34.262328,-13010.7422,4872.9297,10278.4305,5015.0169,0
34.275190,15745.6055,14222.5768,14636.2882,-811.3808,0
34.279096,-5813.4766,3607.0691,953.6412,-318.6335,0
34.283003,-5012.6953,-4337.5427,6647.7644,12533.5198,0
34.286909,15815.9180,7551.8143,12468.3073,581.0783,0
34.290815,-1312.5000,4756.5839,-10758.8554,-3108.2720,0
34.294721,-10984.3750,-10465.9376,746.1913,-994.9517,0
34.298628,-15941.4062,749.9615,11397.3761,1571.3480,0
34.302534,2187.9883,5355.8517,-1589.9519,4137.6476,0
34.306440,-7002.4414,-8895.5844,14688.6607,6703.9473,0
34.320094,15917.4805,11108.3402,9737.1780,15543.6527,0
34.324001,-2438.4766,6932.2627,-561.0741,-4656.5522,0
34.327907,2983.3984,-3901.6433,6671.0504,899.2121,0
34.331813,15784.6680,5022.8727,8759.7121,-15942.0904,0
34.335719,-3188.9648,6582.0215,13627.6151,-6430.8248,0
34.339626,-5015.6250,-6.8483,-15240.0467,-4894.0460,0
34.343532,15870.6055,10756.7179,9266.2690,15422.8545,0
34.347438,-4563.9648,6373.9055,-7420.7420,-5448.5703,0
34.351344,6981.4453,-1237.8707,10822.4143,-7002.0528,0
34.365142,15729.9805,13914.3644,8795.6831,14918.0421,0
34.369048,-4188.4766,5396.4851,-12691.2913,-8889.4321,0
34.372955,9000.0000,-7052.4420,-9244.0457,14987.0399,0
34.376861,-15973.1445,3091.0049,8188.5010,15033.4069,0
34.380767,-3688.4766,5637.3672,-2075.7643,-8658.3850,0
34.384673,990.7227,-4066.6633,844.0224,9110.4004,0
34.388580,15808.1055,6071.7823,8086.3987,14955.9880,0
34.392486,-2813.9648,2859.9457,4294.2943,-5769.7719,0
34.396392,-11022.4609,-9813.9808,2770.0374,7037.0910,0
34.410244,15597.1680,12386.7615,9515.3371,15437.7471,0
34.414151,-6063.9648,3068.9217,12696.6726,-3911.2784,0
34.418057,2970.7031,-3592.7815,-11165.1070,13011.3445,0
34.421963,15519.0430,8108.5741,10804.5010,15188.5559,0
34.425869,-4563.9648,4469.8771,4506.6932,-10089.6076,0
34.429776,-3024.9023,6485.9009,-3129.5357,14963.9669,0
34.433682,15620.6055,15352.2918,10343.0871,15321.4604,0
34.437588,-7565.4297,3691.6707,7648.2470,-6621.9274,0
34.441494,12948.2422,-8721.7660,2709.1966,992.1949,0
34.455018,15323.7305,11921.1357,13237.1351,15001.4836,0
34.458924,-7563.9648,3916.6053,263.8525,-8297.2998,0
34.462830,-1026.8555,-1714.9442,-9149.7753,-14566.1227,0
34.466737,15362.7930,9552.5587,15154.8629,14962.4520,0
34.470643,-8189.9414,2894.0284,-11655.4593,-9984.4109,0
34.474549,-15038.5742,-7883.9619,6599.0179,3158.4459,0
34.478455,15386.2305,4647.8735,11822.4739,15356.5340,0
34.482362,-6688.4766,3837.9416,13729.0306,-3741.2900,1
34.486268,8980.9570,-7963.5447,-9313.5709,-6930.6309,1
34.500210,15534.6680,12184.4188,15574.6798,15245.2851,1
34.504116,-5813.9648,2364.6291,-14778.3252,-7298.3113,1
34.508022,-7022.9492,-815.0818,12595.9683,-4862.0253,1
34.511928,15604.9805,11483.7222,13548.9617,15672.1056,1
34.515835,-9314.9414,1894.4037,4018.4666,-9634.1209,1
34.519741,-5024.9023,-12847.8468,-9403.2681,-910.7991,1
34.523647,15558.1055,984.4270,13871.0430,15651.3271,1
34.527553,-6689.4531,3806.4870,443.2321,-6808.4910,1
34.531460,-9019.0430,-10021.2308,8586.9113,12982.1541,1
34.545723,15769.0430,12788.7552,13477.1774,14655.4454,1
34.549629,-5564.4531,3184.8479,-9816.5329,-6624.9400,1
34.553536,-1024.4141,-10997.7380,-9207.1677,-4226.3062,1
34.557442,15550.2930,4777.3383,11798.2541,14650.5425,1
34.561348,-7439.4531,216.5323,-14505.6508,-6901.9292,1
34.565254,-7028.8086,-3499.3729,2615.7456,-8067.5755,1
34.569161,15550.2930,9649.8303,12178.1923,14671.1028,1
34.573067,-6439.4531,3273.2123,14496.7925,-7500.8062,1
34.576973,10975.5859,-9612.4361,881.4484,-8883.4319,1
34.605210,15729.9805,13812.8054,11969.4162,15226.0470,1
34.609116,-3189.9414,4547.8164,-10085.1111,-9275.9583,1
34.613022,-5042.9688,-4510.2780,14768.9397,-4848.0977,1
34.616928,15589.3555,6523.0827,10226.2915,15421.3626,1
34.620835,-5438.9648,5328.1796,7767.0294,-4851.8055,1
34.624741,8968.2617,1416.4334,926.3524,-8803.6756,1
34.628647,15354.9805,11410.8592,12032.1116,14992.0201,1
34.632553,-10439.9414,2900.1541,-4434.7484,-13530.2042,1
34.636460,-11017.5781,1154.1908,-964.3464,-14906.2047,1
34.650166,15948.7305,15045.6039,13226.2654,3327.4696,1
34.654073,-1688.4766,4522.2576,-6465.4012,-3971.8074,1
34.657979,4991.2109,241.1721,-8873.0883,7901.5749,1
34.661885,15957.0312,11380.6689,13436.9382,4345.9871,1
34.665791,1187.5000,5727.0641,12931.4727,1461.9008,1
34.669698,2991.2109,-2596.2262,14997.4045,5871.6516,1
34.673604,15815.9180,7281.6911,14559.8844,7362.2754,1
34.677510,-1813.4766,3161.1043,-6999.4564,8852.8992,1
34.681416,2980.4688,2007.6926,12830.6863,10343.5230,1
34.696162,15659.6680,15456.4191,12853.1628,14233.0201,1
34.700069,-5938.4766,-2158.9695,-2747.0701,-3818.1097,1
34.703975,-1008.7891,-5179.3575,-11139.2759,11384.3703,1
34.707881,15698.7305,11971.1395,11338.5829,14843.1543,1
34.711787,-4438.9648,-2158.5670,-5629.6709,46.1587,1
34.715694,10973.6328,6360.5612,12801.4909,-12633.4804,1
34.719600,15667.4805,14473.9505,12105.9988,14274.9849,1
34.723506,-2938.9648,-1119.2480,-9737.8679,-3911.0171,1
34.727412,-15019.0430,11523.1527,-15199.5876,-10395.7969,1
34.740176,15776.8555,15639.8921,12720.7359,15389.1074,1
34.744082,-6689.9414,5245.8458,8478.0378,-9378.6511,1
34.747989,6961.9141,-7010.7534,-7189.7956,12986.5779,1
34.751895,15636.2305,3562.9373,12664.9231,15479.5228,1
34.755801,-7939.9414,4940.3835,14225.5719,-5039.2863,1
34.759707,970.2148,1816.8237,-1361.4381,12990.1919,1
34.763614,15206.5430,12372.8802,8074.0383,15253.8539,1
34.767520,14057.6172,4889.8786,-7539.7947,13411.2873,1
34.771426,2916.5039,-4272.3926,6235.8838,10919.0831,1
34.786061,14307.6172,15925.3081,3406.7331,14114.1657,1
34.789967,-5324.2188,-4785.6888,-1382.2550,-5570.3334,1
34.793873,-1213.3789,998.0650,-9971.8548,8822.1583,1
34.797780,12104.0039,-15637.8339,373.2952,12238.6973,1
34.801686,-2955.0781,6534.1981,8867.5190,-5684.2113,1
34.805592,-3279.2969,9024.5320,3993.4873,10741.7087,1
34.809498,11549.3164,-15439.8405,16.2124,11738.7823,1
34.813405,-6205.5664,12152.4027,374.3870,-4640.7066,1
34.817311,-13283.2031,-14937.7385,0.0000,-11226.8292,1
34.830626,11744.6289,-15370.0962,0.0000,11212.9013,1
34.834533,-6454.5898,2266.0751,0.0000,-6152.3841,1
34.838439,2739.2578,-581.7284,0.0000,-12593.1256,1
34.842345,11823.2422,-12618.9868,0.0024,11500.6566,1
34.846251,296.8750,2204.1332,68.4105,1120.5854,1
34.850158,-5261.7188,12524.8236,13940.6035,-4764.0124,1
34.854064,12002.9297,-5677.9997,123.6521,12335.2263,1
34.857970,9174.8047,-557.2069,15842.9846,9379.5988,1
34.861876,10786.1328,-7293.8430,8059.3857,-1099.6145,1
34.875131,12510.7422,-15716.1301,744.0984,12623.0241,1
34.879037,11925.2930,-7159.3291,-8252.7708,15852.1273,1
34.882944,-15167.9688,4023.9698,-15798.3494,2871.9643,1
34.886850,13291.9922,-4419.2001,2751.4601,13114.1552,1
34.890756,-13573.2422,-5231.7568,3374.3028,12011.4896,1
34.894662,-5156.7383,-1106.9526,-5703.3524,4883.3013,1
34.898569,13432.6172,-13166.1411,5353.5645,13221.2855,1
34.902475,-5196.2891,-7569.4727,11133.8150,-4947.9654,1
34.906381,12837.8906,-1087.1699,4434.2687,-5131.8210,1
34.921000,13424.8047,-15749.5112,8496.1079,13358.0653,1
34.924907,-5447.2656,3162.7555,11086.5206,-4361.8717,1
34.928813,-15131.3477,-990.1408,-5365.9812,-8946.3438,1
34.932719,14136.2305,15973.4087,9592.4395,14109.2104,1
34.936625,54.6875,-540.3813,10800.4367,-575.8207,1
34.940532,-7124.0234,7001.8247,-13426.0924,-1004.9777,1
34.944438,13987.7930,-15614.9338,11520.4530,14006.2957,1
34.948344,178.7109,4785.7756,-11875.5661,-52.3447,1
34.952250,-11132.8125,-8977.5670,12717.2179,-13050.3526,1
34.965474,14144.0430,-12309.1866,12629.1445,14083.9622,1
34.969380,11181.6406,-13288.4330,-3587.2118,7104.3637,1
34.973286,-9113.2812,-14267.6794,627.9737,14878.6777,1
34.977192,14433.1055,-15246.9257,11536.5157,14409.2516,1
34.981099,6931.1523,-11994.7839,50.3790,6944.6100,1
34.985005,-3075.1953,3207.5290,12640.5095,8954.0557,0
34.988911,14886.2305,13743.2949,13621.3454,14629.9582,0
34.992817,14809.0820,11586.8877,-11544.3814,9813.2042,0
34.996724,14938.9648,-4928.7551,14655.4769,-9023.7433,0
35.025194,14714.3555,14186.9122,13381.2604,-1637.5749,0
35.029100,-13689.4531,6338.3827,-15067.4662,11119.3387,0
35.033006,-7025.8789,559.2141,-11208.1367,-10106.1067,0
35.036913,15487.7930,9833.1774,12724.9213,4456.6655,0
35.040819,-3062.5000,5326.3419,-7791.8146,9100.9639,0
35.044725,-2990.7227,-9866.6604,852.4466,6440.6611,0
35.048631,-15542.9688,1235.0222,-15772.1576,3188.4188,0
35.052538,12565.4297,5944.1635,14668.5616,-63.8235,0
35.056444,-14929.1992,-1810.8760,7102.6042,-3316.0658,0
35.070026,-14691.4062,13244.4947,-13643.8611,-14560.6223,0
35.073932,-11557.1289,4875.0264,561.0048,-10031.7078,0
35.077838,-4890.1367,1293.3396,-4844.9498,-6937.2132,0
35.081745,-13964.3555,12919.0098,-13520.6197,-13570.4853,0
35.085651,5447.2656,2485.5671,4290.0530,5703.2919,0
35.089557,9154.7852,-13278.7556,-6712.6946,-8855.9897,0
35.093463,-13448.7305,-860.1294,-12321.6009,-12965.4649,0
35.097370,14073.7305,14700.0753,10514.7322,-13811.6198,0
35.101276,-6812.9883,1396.7659,-8626.8266,15149.2499,0
35.116157,-12831.5430,14620.8366,-12876.0127,-12655.2904,0
35.120064,-11049.8047,10190.7406,-4279.4378,-10715.9132,0
35.123970,-12791.9922,-7040.3052,-651.8311,-14766.3548,0
35.127876,-12604.9805,14682.4157,-13390.1242,-12804.2680,0
35.131782,-9424.3164,11313.8454,7089.4091,-12327.9311,0
35.135689,1209.9609,6932.7990,9391.7381,-2879.8132,0
35.139595,-12659.6680,14575.3753,-14037.2310,-12210.2985,0
35.143501,-11800.7812,11189.3185,-14784.2559,-3215.0586,0
35.147407,-14818.8477,-7037.9929,-10634.5068,5119.7135,0
35.160183,-13065.9180,10926.0233,-11720.9500,-12878.8713,0
35.164089,-15926.2695,13082.5625,-5115.3092,12859.1292,0
35.167996,7176.7578,9447.0935,5230.5360,-6907.5310,0
35.171902,-13222.1680,10906.6988,-12226.9662,-12967.6036,0
35.175808,10196.7773,6231.5291,2519.2354,13229.9426,0
35.179714,3137.2070,-10892.7090,-8700.0445,-6927.2351,0
35.183621,-13815.9180,12.7425,-13027.0636,-13387.6679,0
35.187527,69.8242,5314.1200,2733.3534,6658.0867,0
35.191433,-2878.9062,-15403.1451,9198.0365,3074.7429,0
35.205120,-14246.0938,10228.3307,-13086.9654,-14060.2154,0
35.209026,-5556.6406,15365.8170,10034.5515,-4033.5983,0
35.212932,-14913.5742,5055.1603,-4891.7615,14855.4523,0
35.216838,-14753.9062,3460.4097,-13246.6999,-14408.8809,0
35.220745,-12307.6172,3839.6862,-779.6562,-7011.6479,0
35.224651,-6931.1523,-9995.5805,12873.1754,14833.5664,0
35.228557,-15269.5312,1325.7408,-15169.9146,-15049.8131,0
35.232463,13066.4062,1933.8875,-290.4266,-15772.2643,0
35.236370,11067.3828,-4575.2764,7068.0330,5018.2758,0
35.251130,-15066.4062,15597.7713,-12177.7034,-14980.0719,0
35.255036,10689.4531,-8512.5794,-9684.3735,8816.9550,0
35.258942,-14963.3789,-11030.1945,-9156.6714,-14953.1642,0
35.262848,-15316.4062,15600.7587,-15375.2593,-15089.5958,0
35.266755,8813.9648,-8137.3118,11279.5668,8240.4728,0
35.270661,-4963.3789,-11023.5184,-3263.5614,12751.1653,0
35.274567,-15449.2188,15507.2285,-15109.2636,-15299.6547,0
35.278473,4187.9883,-9385.2475,4337.2929,8796.5426,0
35.282380,13018.5547,-1052.7300,14855.8856,6963.2993,0
35.296141,-15808.5938,14615.1588,-14623.7175,-14855.8275,0
35.300047,2062.9883,-3081.0107,-13847.3813,3995.2076,0
35.303953,-2980.9570,2521.6827,-1160.5767,8146.3963,0
35.307859,-15714.8438,13212.6247,-15110.7427,-15053.7128,0
35.311766,2937.5000,-4040.3338,5867.1966,3725.3130,0
35.315672,990.2344,2311.4590,14674.4765,-9232.2622,0
35.319578,15769.0430,13390.9055,14660.6194,-15344.9233,0
35.323484,-3062.9883,-6716.9332,-1305.0086,216.5680,0
35.327391,11002.9297,-9620.3893,-960.4736,1161.8186,0
35.342094,-15973.1445,3739.4139,11354.0017,5539.1230,0
35.346000,-4189.4531,7316.7712,8362.2765,-4549.9229,0
35.349906,10995.1172,10894.1286,10697.8754,-10527.7491,0
35.353812,-15871.5820,14471.4859,9681.7400,-9297.1721,0
35.357719,-3188.9648,832.4255,3993.7638,-6331.0887,0
35.361625,-1002.4414,5336.2781,7909.0249,-12560.7100,0
35.365531,-15886.7188,13961.2148,-768.2410,-3355.3867,0
35.369437,5062.5000,1939.5391,-1791.9191,286.6927,0
35.373344,-1009.2773,-8914.5538,11326.9409,-8327.6050,0
35.400102,-15988.7695,10826.8147,14533.6610,-3466.5780,0
35.404008,-3938.4766,10069.9326,7370.7011,12469.7142,0
35.407914,13011.2305,-2292.4682,-2815.2206,15700.0333,0
35.411820,-15722.6562,10647.0039,13987.2926,2305.3667,0
35.415727,1311.5234,10361.2021,-4149.3837,4202.0069,0
35.419633,-9015.6250,-7845.0193,7087.3598,2670.4529,0
35.423539,15722.1680,-7321.3189,15595.6692,-101.0659,0
35.427445,-2562.9883,10803.8197,-1504.6484,-2872.5847,0
35.431352,-5005.3711,-5124.7747,-10924.6550,-5644.1036,0
35.446058,-15980.4688,14167.0828,12938.6178,-15216.7169,0
35.449964,2061.5234,1972.9518,6705.0896,-319.2589,0
35.453871,-7014.1602,5301.4177,10910.5850,-2137.7619,0
35.457777,15894.0430,13937.4177,12744.0320,14990.4328,0
35.461683,-1937.9883,-2939.7744,4560.1333,-1101.9722,0
35.465589,14996.5820,-7124.8778,7048.8846,-5957.4332,0
35.469496,15776.8555,11083.2243,15556.1804,14904.8958,0
35.473402,-5563.4766,-3757.8160,-9782.8102,-2077.8410,0
35.477308,12984.8633,5489.0517,12932.7455,13030.7273,0
35.491116,15776.8555,15608.7916,14464.1596,15547.5488,0
35.495023,-2563.9648,-6894.0279,-8694.4757,-2893.1302,0
35.498929,-5015.6250,-3034.2490,-5196.1938,-10744.6737,0
35.502835,15659.6680,15668.8108,13804.5494,15547.9007,0
35.506741,-4062.9883,-3899.3945,-5020.9175,-3478.8367,0
35.510648,-9006.8359,-9007.8360,8758.4044,5095.7445,0
35.514554,15628.4180,15555.3842,10330.4896,15507.4666,0
35.518460,-5313.9648,-8515.7706,-14585.3135,-5370.1043,0
35.522366,-7020.0195,-13008.1213,8685.2188,-10939.0394,0
35.535022,15644.0430,11670.8770,11819.0656,15512.6471,0
35.538928,-6564.4531,3034.9952,-1908.1011,-5252.1904,0
35.542835,-9016.1133,-2327.6314,14631.9501,3086.4878,0
35.546741,15870.6055,11131.9376,10854.2720,15762.8193,0
35.550647,-5189.4531,5253.4306,6924.2580,-2938.8729,0
35.554553,-3014.6484,-7534.3011,8570.5868,-2852.1207,0
35.558460,15870.6055,2731.2280,9192.2935,15852.7349,0
35.562366,-3813.9648,4500.8922,13681.3445,-2230.0476,0
35.566272,979.9805,1208.8223,8754.9718,9005.6560,0
35.580269,15753.4180,14643.1840,9720.5823,15408.7034,0
35.584175,-1812.9883,8666.4654,-5800.4823,-6757.0440,0
35.588081,2991.2109,-3207.3420,-3160.0966,-2735.8070,0
35.591988,-15934.0820,6994.7430,9970.7125,15581.3868,0
35.595894,-2438.9648,8900.1205,-212.8651,-3063.6402,0
35.599800,-7004.3945,-1775.4065,-5329.7759,-3209.0945,0
35.603706,15925.2930,9730.7803,6926.4712,-15777.8124,0
35.607613,-3563.4766,8945.0917,-7565.5808,-3617.1993,0
35.611519,12981.9336,-4847.2655,-9161.2550,1042.3611,0
35.625176,15526.8555,12552.8174,10348.6115,15493.3219,0
35.629082,-7938.9648,3412.5956,-3001.0269,-5283.4973,0
35.632988,-15014.1602,2115.1928,-13081.1076,9054.5704,0
35.636894,15815.9180,15324.9330,9695.4336,15464.7360,0
35.640801,-3938.4766,5825.0336,-8371.6602,-5864.1261,0
35.644707,4985.8398,-190.0818,6729.0682,1139.0803,0
35.648613,15495.6055,10141.7115,11384.7749,15310.7728,0
35.652519,-6688.4766,4895.8236,13979.7002,-7223.1374,0
35.656426,987.7930,-6984.5790,2715.0676,1040.9798,0
35.670154,15659.6680,12664.4034,11946.6614,15549.8189,0
35.674060,-5939.4531,4617.5791,15146.2674,-4098.4028,0
35.677966,-7028.8086,5443.6416,10778.6991,5088.4415,0
35.681873,15628.4180,14351.4959,12278.2120,15591.8114,0
35.685779,-2312.9883,4559.1389,-9486.5328,-3121.8265,0
35.689685,6985.8398,-6829.2006,14559.9925,-8760.5402,0
35.693591,15636.2305,4644.4306,-15884.4391,15637.0031,0
35.697498,-4563.9648,2340.1511,442.1619,-3186.2043,0
35.701404,12977.5391,-10829.7916,6869.9936,-2981.7391,0
35.730397,15651.8555,14049.3464,-15050.8022,14872.8005,0
35.734303,-6688.9648,3522.4601,-8606.1412,-2779.4959,0
35.738210,-13020.5078,-7637.5396,-11160.1746,5359.9794,0
35.742116,15729.9805,4843.9297,14049.8432,15029.7845,0
35.746022,-2563.4766,4183.0825,11553.4932,-4890.5627,0
35.749928,-5013.6719,-8166.0739,14651.5804,-6206.1488,0
35.753835,15690.9180,4130.0532,-14020.2529,14860.7736,0
35.757741,-5813.9648,3019.6078,-2770.0479,-6460.0271,0
35.761647,6979.4922,-3473.6422,-13263.8927,-6772.9076,0
35.775182,15729.9805,13301.4119,-15227.5388,-1396.9774,0
35.779089,-4188.9648,3595.7290,-488.6746,10019.8856,0
35.782995,10976.0742,-6732.3744,-7071.6047,15324.5424,0
35.786901,15753.4180,5241.5251,15300.6474,-554.5546,0
35.790807,-4187.9883,4636.9452,-8693.4029,-13161.4317,0
35.794714,9015.6250,3410.6606,-7159.6717,-11533.8700,0
35.798620,-15996.5820,14368.0728,15546.9526,-7346.0762,0
35.802526,-5313.9648,4765.4558,-6242.7030,-3158.2823,0
35.806432,4977.0508,-1596.4260,-13107.0260,1029.5115,0
35.820062,15722.1680,13916.7930,13380.5081,15349.3664,0
35.823968,-2938.9648,5983.3138,-11811.2758,-3804.0134,0
35.827875,-11018.5547,395.4829,-11124.9232,-12650.5340,0
35.831781,15831.5430,10219.4531,10239.1731,15429.4223,0
35.835687,-4688.9648,5283.4430,3730.6547,-5260.3077,0
35.839593,9000.0000,-2213.5525,-13010.8994,-793.0527,0
35.843500,15784.6680,8175.4327,9933.0192,15693.4933,0
35.847406,-7689.4531,4774.2058,-13773.6561,-3136.1189,0
35.851312,-15026.8555,-2712.6777,-4930.2138,10988.1042,0
35.865331,15651.8555,13098.8263,10812.1562,15340.1603,0
35.869237,-5813.4766,9370.9316,11343.0911,-4019.2275,0
35.873144,8978.0273,-8494.2022,-2803.8786,-14446.4495,0
35.877050,15456.5430,-5796.6974,12855.9788,15272.6953,0
35.880956,-9064.9414,8439.6760,15153.3066,-4314.6462,0
35.884862,-13029.2969,-2511.2382,-6715.7923,9102.1524,0
35.888769,15558.1055,12292.9285,11840.2309,15445.1924,0
35.892675,-5813.9648,7888.3138,15333.3376,-2400.2099,0
35.896581,6993.1641,-9310.7821,1032.7602,13013.3755,0
35.910147,15995.6055,10958.8758,13177.8565,15710.4322,0
35.914053,-4313.9648,7238.5889,3028.3296,-3103.9330,0
35.917960,8986.3281,-10873.0501,-12906.9216,-6794.9788,0
35.921866,15683.1055,-4336.1415,13875.2932,15483.3055,0
35.925772,-6188.9648,8460.0494,1148.8326,-1866.6035,0
35.929678,974.6094,-1144.4883,-12900.9311,-6798.7975,0
35.933585,15675.2930,9988.8363,12722.8925,15606.2639,0
35.937491,-7939.9414,8032.0682,-5813.7137,-4158.2084,0
35.941397,10962.4023,-7336.8873,-3012.8464,-998.6223,0
35.955098,15456.5430,11573.2772,15398.7208,15234.4137,0
35.959004,-5689.4531,4016.1701,-6587.2627,-5512.3593,0
35.962910,14966.3086,-2906.4535,-9071.5795,-14781.1422,0
35.966817,15589.3555,9853.6025,15036.9901,15690.6772,0
35.970723,-6189.4531,4836.2786,-811.1397,-3437.7741,0
35.974629,-7021.9727,714.2507,10632.0839,12989.4229,0
35.978535,15604.9805,13083.1103,12011.8612,15564.9000,0
35.982442,-7938.9648,6880.5948,-1582.4659,-5793.0450,0
35.986348,10983.8867,-1414.7827,-3281.0311,-2982.9692,0
36.001135,15589.3555,15649.1157,15929.7687,15369.6706,0
36.005041,-7064.4531,-7968.0856,-11690.5326,-6290.6528,0
36.008947,-1020.9961,-9002.0366,-7316.1947,-3100.6351,0
36.012853,15683.1055,15746.2480,12557.4739,-15921.6328,0
36.016760,-8814.4531,-7718.3711,-13321.0145,-8788.1048,0
36.020666,4988.2812,8916.6468,-7381.8074,-4870.3586,0
36.024572,15667.4805,15687.0292,14026.0951,15407.2159,0
36.028478,-6313.4766,-5104.0833,-8673.8990,-7560.0959,0
36.032385,-13013.1836,-9003.4903,2597.2321,-6979.5742,0
36.046053,15503.4180,14145.9880,13980.4849,13597.9290,0
36.049959,-5438.4766,-1006.2653,12039.5482,-6753.8719,0
36.053866,979.4922,5572.4124,10595.5073,5781.4154,0
36.057772,15737.7930,14049.6523,11056.3606,14057.7134,0
36.061678,-6064.4531,-1996.1460,-3662.6354,-6228.8740,0
36.065584,14968.2617,-10146.7012,-13300.4877,9460.3435,0
36.069491,15511.2305,9535.9689,11753.6240,13899.9209,0
36.073397,-6189.4531,-1883.2587,-6476.6099,-6923.7294,0
36.077303,-9021.4844,-11656.3838,4759.1812,-12385.3973,0
36.105136,15636.2305,15677.6912,-4570.4209,-2305.0115,0
36.109042,-5938.9648,-4212.7602,7540.6177,-219.1910,0
36.112948,2978.5156,8910.8094,12524.5334,13348.6809,0
36.116854,15628.4180,15664.7437,8388.4975,193.3700,0
36.120761,-7689.4531,-8317.3858,-2856.8280,-6344.4963,0
36.124667,10976.5625,-7020.8821,-3021.6549,-2026.7176,0
36.128573,15753.4180,15646.0573,-534.5464,4006.7936,0
36.132479,-6564.9414,-5705.8302,1952.5620,10040.3047,0
36.136386,-1025.3906,10881.9313,4439.6705,14014.4278,0
36.150161,15659.6680,15045.4399,13107.7384,4295.5037,0
36.154067,-5188.4766,5955.0774,-3593.7110,-7930.6326,0
36.157974,975.0977,-3047.3071,-6841.0251,5187.6472,0
36.161880,15472.1680,6573.2392,13998.7465,5643.4315,0
36.165786,-6314.9414,4959.2253,4678.6559,5068.1592,0
36.169692,-5038.0859,-10157.8816,7078.9602,9524.6840,0
36.173599,15487.7930,810.6842,15312.4006,10423.4212,0
36.177505,-4813.9648,5122.6699,-5449.3519,11322.1585,0
36.181411,8975.5859,-726.1797,-4901.6276,12220.8957,0
36.196099,15558.1055,14939.7775,13648.3000,13831.3765,0
36.200005,-6813.4766,-1223.9205,152.8894,-2810.5051,0
36.203911,-11020.9961,2971.7170,10865.4074,2303.9970,0
36.207817,15503.4180,13513.4774,11929.1003,13830.1010,0
36.211724,-5438.4766,-1942.3489,-11008.0511,-4302.7681,0
36.215630,-9010.7422,-5241.7487,-2850.6494,-10451.9168,0
36.219536,15690.9180,11652.5087,15479.4674,13604.0368,0
36.223442,-3313.4766,-4336.6117,-14827.5713,-4745.5174,0
36.227349,2977.0508,-2613.2742,10946.0884,1386.0736,0
36.240075,15597.1680,13191.9822,15319.5915,15635.2321,0
36.243981,-5563.9648,4536.3148,-1278.5862,-4212.2753,0
36.247887,2975.0977,-2575.9687,10730.7498,3149.3350,0
36.251793,15581.5430,8336.4075,12492.3374,15165.7651,0
36.255700,-4063.4766,4886.6184,-3932.0783,-5730.3427,0
36.259606,2981.9336,-3268.2789,2755.1399,9077.2468,0
36.263512,15901.8555,7383.4106,10932.9422,15657.8888,0
36.267418,-313.9648,4408.4593,-4630.2644,-2471.2831,0
36.271325,14978.5156,-9829.1254,12654.8425,12994.9302,0
36.285091,15870.6055,11500.8240,11481.4808,15761.4170,0
36.288998,-2563.9648,4129.2086,-10671.2355,-2784.3165,0
36.292904,-11013.1836,3248.7585,4618.4932,1120.0482,0
36.296810,15909.6680,15378.4974,10549.4706,15827.1964,0
36.300716,-6439.9414,5490.8210,-970.7220,-2333.7831,0
36.304623,-15026.8555,-4193.9735,-7462.5254,-4865.9936,0
36.308529,15589.3555,6169.4611,8885.3135,15270.1626,0
36.312435,-6064.9414,6101.6078,8440.5039,-7161.7756,0
36.316341,14971.1914,3281.6889,12577.6396,12972.0587,0
36.330299,15776.8555,15035.2477,8933.0805,14976.5109,0
36.334205,-8189.9414,1403.9284,-12275.7581,-695.7390,0
36.338111,969.2383,2588.7831,-7194.7076,-4388.0264,0
36.342018,15597.1680,15332.7924,8760.4648,15046.6543,0
36.345924,-7564.4531,5026.5519,10214.7684,-6455.2715,0
36.349830,-11022.9492,-1583.3268,-11282.8328,-10214.3695,0
36.353736,15511.2305,8631.6895,6748.6797,14813.8358,0
36.357643,-7064.9414,2966.8164,-7591.9668,-12221.0471,0
36.361549,-1018.5547,-8633.0221,-9248.1875,-897.6603,0
36.375171,15823.7305,11968.4971,9757.7828,15621.0390,0
36.379077,-5938.4766,4841.4750,-9695.5210,-980.8171,0
36.382983,2987.3047,2902.3211,-7240.5021,-4808.7028,0
36.386890,15901.8555,14367.4263,9761.7395,15735.8722,0
36.390796,-1564.4531,6019.2141,-3978.2307,-3312.3627,0
36.394702,-7026.3672,-2791.9902,-15225.6644,-2823.9483,0
36.398608,15729.9805,7032.1627,11475.3868,15474.6768,0
36.402515,-4063.9648,5479.2376,-1169.7924,-9849.1703,0
36.406421,-15016.1133,-7105.2738,12845.3061,-984.9940,0
36.422128,15769.0430,3688.5770,2973.2248,4210.8410,0
36.426034,-6188.4766,7311.6665,-25.9601,-6292.7236,0
36.429940,8988.7695,10934.7560,10695.1625,5318.9467,0
36.433847,15675.2930,14557.8455,3093.8820,3852.9623,0
36.437753,-4063.9648,3483.7597,-6423.0561,-6579.2208,0
36.441659,965.8203,4978.6557,-10067.9031,5250.0979,0
36.445565,15339.3555,13352.5393,-6672.7966,2776.0263,0
36.449472,-9063.9648,1105.0897,-5933.2548,-2018.3475,0
36.453378,-3020.5078,2475.0932,-11358.9499,4781.6941,0
36.466162,15565.9180,-5050.3314,-13488.3211,15575.0437,0
36.470068,-3563.9648,461.6930,10912.1802,-2447.7041,0
36.473975,4973.6328,6332.7705,8793.5718,9042.9238,0
36.477881,15597.1680,12203.8479,13791.6925,15494.1492,0
36.481787,-5188.4766,7868.8520,3247.5119,-4240.7539,0
36.485693,-13024.9023,275.1352,-13201.9670,14981.6629,0
36.489600,15511.2305,9334.7404,-14415.1640,15348.8201,0
36.493506,-7814.4531,6630.6574,-12917.4424,-6568.8214,0
36.497412,2950.6836,329.3177,4815.9790,-6973.6085,0
36.525137,15339.3555,10581.7675,-14929.2879,-746.3961,0
36.529044,-63.4766,10662.9682,-7807.4604,-6587.6872,0
36.532950,8961.9141,-4275.9374,-3160.9190,11084.9302,0
36.536856,15409.6680,-1202.8047,15588.9543,2472.6397,0
36.540762,-6563.9648,9910.3402,-12045.0132,5363.6587,0
36.544669,-9035.1562,-7163.7588,-3220.3524,7904.4789,0
36.548575,15269.0430,-4163.6470,14692.4826,9061.7662,0
36.552481,-7063.9648,9126.2516,-12555.9661,10219.0536,0
36.556387,-15022.9492,-5235.2926,14789.6043,11376.3409,0
36.571147,15636.2305,15653.5105,13268.0780,15547.1682,0
36.575053,-5813.9648,-7024.1343,-9530.2650,-3937.2009,0
36.578959,-9026.3672,8950.8834,-1208.8807,9069.3466,0
36.582865,15401.8555,15647.9579,10899.3654,15728.9008,0
36.586772,-8814.9414,-4529.0038,13893.2393,-2130.3682,0
36.590678,-5028.8086,-1034.5185,4930.2566,-8773.6023,0
36.594584,15620.6055,15404.2515,10407.2131,15548.5364,0
36.598490,-5437.9883,-13763.6747,-8999.5806,-2281.8593,0
36.602397,4991.2109,-11009.8083,5021.7774,1014.5905,0
36.615061,15534.6680,10750.1470,10493.8336,15572.7642,0
36.618967,-11190.9180,10099.5066,-4298.3659,-4124.7118,0
36.622874,-3035.1562,-7099.9946,-930.7161,3073.4320,0
36.626780,15628.4180,-2779.4741,11443.6202,15588.6211,0
36.630686,-3064.4531,10683.5557,-1796.2389,-2317.5146,0
36.634592,6964.8438,-6389.7658,5088.4998,11010.1266,0
36.638499,15659.6680,-7251.9466,9924.9277,15466.1643,0
36.642405,-1812.9883,10023.3608,-6527.1518,1873.5691,0
36.646311,-9020.0195,-3157.1119,4908.9876,-4959.4793,0
36.660061,15651.8555,13981.5752,10048.7658,15534.8407,0
36.663967,-4438.9648,5152.6891,9784.0114,-7089.2184,0
36.667873,-9021.9727,-6170.0661,837.1436,-8692.2581,0
36.671780,15690.9180,4284.9524,10041.5183,15440.2365,0
36.675686,-7064.4531,3532.2258,6803.4916,-5251.6851,0
36.679592,-11019.0430,-6790.7697,10824.7158,9062.1035,0
36.683498,15597.1680,5233.6818,9735.2679,15422.2829,0
36.687405,-6064.4531,3848.8223,5796.2101,-1998.0426,0
36.691311,2978.5156,-10413.7411,6805.4038,3032.1878,0
36.705217,15901.8555,10212.2226,11763.1670,15586.6583,0
36.709123,-2938.4766,10143.0008,-9569.4336,-4712.5728,0
36.713029,-3020.0195,-2692.8886,-1290.1733,9022.7435,0
36.716935,15690.9180,6438.4942,11888.6126,15509.6258,0
36.720842,-3062.9883,9938.8761,-5230.1634,-3728.1328,0
36.724748,4995.6055,-8043.1321,-13333.0060,-8833.1072,0
36.728654,15823.7305,-6619.8752,10146.9371,15607.8078,0
36.732560,-2938.9648,10392.6585,11774.8854,-1990.0362,0
36.736467,-11027.8320,-1603.3994,4657.5947,-8966.8121,0
36.751089,15651.8555,15637.4930,13213.4842,15642.7984,0
36.754995,-2188.4766,-3154.5658,-11478.4441,-1949.5009,0
36.758902,14977.5391,-3039.3411,-15292.0590,-2837.1706,0
36.762808,15683.1055,15367.6954,12070.0496,15479.5917,0
36.766714,-3938.4766,-9269.1558,-2548.0116,-5226.4196,0
36.770620,974.1211,2936.2481,6556.3330,-8790.5237,0
36.774527,15604.9805,15347.6141,13080.0681,15359.4670,0
36.778433,-3438.9648,-9893.5433,-10045.2652,-4894.0306,0
36.782339,-7009.2773,-1050.6777,-1433.2516,-12945.5482,0
36.796200,15886.2305,14532.1277,12335.3299,14699.1680,0
36.800106,-3188.4766,-1754.8813,-3482.2576,-3236.5005,0
36.804012,8979.0039,-1028.9901,6601.3018,-11479.2918,0
36.807919,15581.5430,12181.6186,11141.1836,14790.8158,0
36.811825,-5938.9648,369.8989,723.8408,-1144.2249,0
36.815731,-5026.8555,5677.6012,-5423.7787,13137.1232,0
36.819637,15472.1680,13797.0565,10099.4762,14486.4388,0
36.823544,-7939.4531,-2099.5497,14924.7550,-6388.9384,0
36.827450,2976.5625,-1137.3655,2684.3665,-758.3592,0
36.842078,15698.7305,8264.1491,4580.3991,5506.2949,0
36.845984,-5063.9648,10349.2130,5199.3788,-6206.9235,0
36.849891,-5010.7422,12434.2768,10959.7668,3885.0374,0
36.853797,15729.9805,14519.3407,7036.2282,4620.2119,0
36.857703,-7814.4531,-1591.5019,6647.0897,-2209.9270,0
36.861609,10982.9102,-8193.9281,9750.7549,9183.4309,0
36.865516,15808.1055,7847.0954,10620.8605,7173.8521,0
36.869422,-5064.4531,765.9372,-1849.4508,2304.8417,0
36.873328,4967.7734,7382.6788,-14128.6004,8193.3056,0
36.916115,15784.6680,15534.3531,11281.3312,14226.7438,0
36.920022,-4314.4531,-8141.4393,-4485.7323,15092.8442,0
36.923928,-13021.9727,14927.7444,6977.6720,15191.2479,0
36.927834,15589.3555,15650.4853,11379.0319,15289.6515,0
36.931740,-6063.9648,-4772.5589,-12652.9967,15388.0551,0
36.935647,968.7500,12944.9548,-4969.3192,15486.4587,0
36.939553,15628.4180,15584.0782,11843.4412,15584.8623,0
36.943459,-4813.4766,-9638.3097,-13481.0160,15683.2660,0
36.945840,15870.6055,-10497.9129,10908.6823,14437.2743,0
36.947365,2993.1641,-11017.3276,-3101.3837,5291.9552,0
36.949747,-2813.4766,5511.9458,-1208.8504,-7651.5589,0
36.953653,10991.6992,-692.2039,-4747.5221,-5742.4767,0
36.957559,15996.0938,10858.5114,11036.6214,14584.7277,0
36.961465,436.5234,7063.1128,7603.2948,-5313.6146,0
36.965372,-7016.6016,3039.0818,-14373.7394,-107.6451,0
36.969278,15659.6680,13114.8152,11436.1160,14692.7575,0
36.973184,-5063.4766,5771.4150,-11691.8046,-1818.6722,0
36.977090,14980.4688,-3111.3274,-14989.0230,13020.3908,0
36.991081,15659.6680,15602.4508,11365.4432,15441.0493,0
36.994987,-4439.9414,-2774.9828,5876.3986,-3053.1883,0
36.998893,-9035.6445,-15010.4418,-11225.2402,11027.3681,0
37.002800,15589.3555,15476.9815,11334.8905,15365.9415,0
37.006706,-5438.9648,-5269.2913,-8543.2391,-7768.1121,0
37.010612,8979.9805,-5022.5981,14683.3258,-2829.9741,0
37.014518,15800.2930,15584.1858,10347.0824,15727.3062,0
37.018425,-2563.9648,-4022.2719,-11198.4734,-4892.7109,0
37.022331,8974.6094,-15012.6320,-7364.2385,-12934.9975,0
37.036155,15792.4805,15706.8586,11533.7079,15448.9526,0
37.040061,-3939.4531,-2282.1980,15164.1669,-8389.8269,0
37.043968,-1027.8320,2958.9582,12551.4167,14981.5509,0
37.047874,15581.5430,15496.9374,10407.8931,15561.1468,0
37.051780,-4063.9648,-3904.2063,-9294.4545,-4924.8422,0
37.055686,-1030.7617,6947.5896,10521.6453,-2897.7510,0
37.059593,15487.7930,15464.9863,8425.3114,15356.6684,0
37.063499,-5313.4766,-4527.6869,8655.8866,-2105.5335,0
37.067405,12997.5586,4977.3078,-1433.2035,9007.5034,0
37.080784,15933.1055,14802.3453,9185.0503,15453.0958,0
37.084690,-4314.4531,-1520.9321,11253.3703,-3665.7348,0
37.088596,-15025.8789,-7466.5877,-1264.6668,-8560.8953,0
37.092502,15706.5430,9015.9781,8790.8037,15410.7022,0
37.096409,-7564.4531,505.9823,-1583.6878,-4317.6865,0
37.100315,8969.2383,449.0774,-3383.4730,-10512.9353,0
37.104221,15706.5430,11811.1172,7681.3838,15242.7881,0
37.108127,-2563.4766,-248.4594,15890.9223,-8613.8219,0
37.112034,8985.8398,8668.7762,8724.7906,14983.0196,0
37.125120,15565.9180,15390.5434,11319.6401,15453.1976,0
37.129026,-4187.5000,3764.5389,-8141.0905,-5658.4820,0
37.132932,6982.9102,-911.1114,12848.8475,15000.6491,0
37.136838,15565.9180,10339.9955,10270.0453,15570.7417,0
37.140745,-6313.4766,3788.0138,11117.1296,-6662.1138,0
37.144651,4991.2109,-11165.7024,-15193.8456,-2878.7492,0
37.148557,15604.9805,776.8694,11594.9534,15671.5689,0
37.152463,-5438.4766,5108.2071,10788.5074,-3514.6534,0
37.156370,4979.0039,1328.7189,2951.2670,3018.3837,0
37.172042,15761.2305,11220.2977,10125.9034,7074.5944,0
37.175949,-812.9883,12425.8981,3442.3221,6409.4079,0
37.179855,2991.2109,13631.4985,7599.3340,15345.4794,0
37.183761,15925.2930,14837.0990,9235.6994,6020.1558,0
37.187667,-1438.9648,6930.7442,-4668.2035,-2495.2044,0
37.191574,-7022.4609,-1334.5812,-14554.0981,7291.3302,0
37.195480,15753.4180,8440.3805,-5312.3795,6375.8163,0
37.199386,-3814.4531,7264.9459,3427.9530,-7116.3716,0
37.203292,-9030.7617,2364.5063,-1109.7677,-7486.6814,0
37.216086,15644.0430,2763.3691,-14924.9228,15692.0359,0
37.219992,-5813.9648,8773.1657,-14048.6203,-3535.8954,0
37.223899,-11030.2734,11341.7844,2823.1655,-12751.7323,0
37.227805,15456.5430,13910.4031,13459.5949,15127.3935,0
37.231711,-7314.9414,6079.3053,-9688.4753,-7932.3993,0
37.235617,-1023.9258,-5706.6039,2783.0224,5087.3988,0
37.239524,15417.4805,5492.0031,-14689.8589,15350.0282,0
37.243430,-9563.4766,6859.3254,524.9412,-6772.1619,0
37.247336,6983.8867,-826.6914,-5258.6390,-14973.3036,0
37.275101,15558.1055,13697.6869,15871.6181,15332.8531,0
37.279007,-6189.4531,5896.7287,-841.8363,-8716.4682,0
37.282913,6972.1680,-8533.2057,-3207.5958,-10715.8333,0
37.286820,15854.9805,1277.7861,14969.6275,15445.8953,0
37.290726,-2688.9648,3137.1564,161.7701,-7580.2574,0
37.294632,-7023.4375,-5244.1857,2643.0606,-8742.3146,0
37.298538,15651.8555,7287.7032,14088.8238,15406.4969,0
37.302445,-4313.9648,4380.5946,-13911.3934,-5602.6206,0
37.306351,-3019.5312,2993.1106,2702.8436,-8942.2821,0
37.321090,15464.3555,15767.5643,12835.3314,15333.0589,0
37.324996,-6687.9883,-5028.3514,1013.6108,-4258.5898,0
37.328903,6988.2812,-12993.5602,-7243.8361,1145.9783,0
37.332809,15737.7930,15820.5637,9237.4223,15707.8198,0
37.336715,-3813.4766,-6275.5218,1380.2905,-2281.7902,0
37.340621,2986.3281,8956.8901,-7169.4820,13012.6112,0
37.344528,15706.5430,15663.6968,10423.1813,15357.7424,0
37.348434,-3938.4766,-8023.8026,3850.3597,-5540.0607,0
37.352340,3000.4883,2958.8913,-11158.4687,8987.6392,0
37.367200,15940.9180,15677.1515,8834.4075,15510.6829,0
37.371107,-8064.4531,-7272.9659,-566.4456,-7947.2761,0
37.375013,10986.8164,4965.8615,2792.8726,-8831.4981,0
37.378919,15784.6680,15695.2323,9249.8798,15461.8720,0
37.382825,-7439.9414,-7148.1330,15858.8815,-4961.5213,0
37.386732,12970.2148,8952.6169,-15108.1604,9021.1515,0
37.390638,15667.4805,15616.5678,8047.0483,15693.6265,0
37.394544,-8313.9648,-8520.8349,-11774.8883,-1012.0375,0
37.398450,-11016.6016,2967.1986,10828.2971,-10951.0352,0
37.410123,15604.9805,13392.8862,8880.4157,15619.2798,0
37.414029,-4313.9648,7745.6802,-12164.8605,-2052.2959,0
37.417936,981.9336,-8592.7438,4766.4804,-838.9959,0
37.421842,15698.7305,-1842.2458,9912.0019,15420.3987,0
37.425748,-4938.9648,8767.5946,4191.5036,-6964.7057,0
37.429654,-13026.8555,1044.5997,14898.1200,14998.7512,0
37.433561,15519.0430,12615.1980,9987.6613,15661.1320,0
37.437467,-8314.4531,8504.2233,3043.1973,-5518.4032,0
37.441373,-15017.0898,-2373.5084,789.3076,-972.2475,0
37.455338,15831.5430,14037.8409,10823.4676,15022.0454,0
37.459244,-2813.9648,4155.0779,-10691.4371,-7303.9859,0
37.463151,-15022.4609,-8701.7652,-14628.7320,5307.2436,0
37.467057,15690.9180,3184.1215,11140.9878,15204.3715,0
37.470963,-5438.9648,2676.7735,-8209.7283,-5058.0612,0
37.474869,-13009.7656,738.0020,-12780.0603,15000.9995,0
37.478776,15894.0430,12675.2158,10236.7096,15041.2924,0
37.482682,-3063.4766,4795.1163,7321.3161,-6268.6968,0
37.486588,-8999.5117,5684.6518,8675.2661,10890.5636,0
37.515060,15909.6680,15811.3046,12731.1884,-15623.3541,0
37.518966,-1937.9883,6263.2283,10064.9864,-2026.9788,0
37.522873,-15017.5781,-7178.9230,-1296.3666,-10405.0083,0
37.526779,15651.8555,2346.6995,12100.0507,15085.5145,0
37.530685,-5313.9648,5480.7995,-14025.2047,-6759.1746,0
37.534591,2976.0742,-9863.5967,8527.8411,-14309.1134,0
37.538498,15479.9805,378.4395,11864.7592,15359.5712,0
37.542404,-6938.4766,7007.0493,3868.6076,91.3010,0
37.545998,15511.2305,9494.0726,11975.4990,13208.5200,0
37.546310,4976.0742,11613.2855,4451.8054,8627.8652,0
37.549905,-7690.4297,-6239.2262,-3389.0892,-4262.2041,0
37.553811,-7028.3203,-8792.3334,8532.5883,1450.4203,0
37.557717,15792.4805,9803.7357,11090.2041,14900.6142,0
37.561623,-4688.9648,-1364.2833,-13696.2843,-6084.9851,0
37.565530,8974.6094,3718.8794,-11253.5930,-2388.4730,0
37.569436,15597.1680,13525.9280,10553.4013,15274.7585,0
37.573342,-5564.4531,2324.4067,1808.5349,-2539.9193,0
37.577248,-9035.1562,-1214.5641,-15499.8164,13005.0723,0
37.593095,15479.9805,8105.7137,5293.3805,243.3485,0
37.597001,-8564.4531,10497.3775,-7720.2000,5772.3916,0
37.600907,-15016.1133,12889.0412,3615.2927,14100.0809,0
37.604814,-15996.0938,15280.7050,8528.8933,-2423.8471,0
37.608720,1437.0117,-5781.9925,-9492.6006,-11832.4678,0
37.612626,974.1211,-4.3466,4196.2425,8764.7006,0
37.616532,15440.9180,14254.8149,6115.2871,-647.9469,0
37.620439,-5689.4531,-1280.5292,12265.6796,8555.6441,0
37.624345,-11037.5977,5888.6975,14222.1186,13267.1287,0
37.651060,15315.9180,15596.8529,9488.3463,15454.1388,0
37.654966,-11189.9414,-6772.0716,-8218.2749,-6464.3803,0
37.658872,10961.4258,-12996.2343,-11078.8855,1173.4570,0
37.662778,15315.9180,15652.8671,10786.9693,15183.5450,0
37.666685,-10189.9414,-5149.4174,15337.6872,-5354.6053,0
37.670591,-3034.1797,4961.9472,-1117.3228,1173.8604,0
37.674497,15323.7305,15670.8978,11097.1223,15506.4061,0
37.678403,-10314.9414,-5025.6550,7747.5143,-2672.8909,0
37.682310,8953.6133,-5029.8500,-3143.8968,-10916.9134,0
37.696649,15433.1055,15356.1279,11173.7715,15169.0324,0
37.700555,-5439.4531,-7753.5558,4130.9889,-2973.8861,0
37.704461,4956.5430,-9012.9810,-5248.8466,7161.0454,0
37.708367,15573.7305,15836.9299,10518.8750,15351.4107,0
37.712274,-4064.4531,-5883.0310,3867.9448,-4399.6651,0
37.716180,-3032.7148,-3021.7835,-9094.5629,9118.9475,0
37.720086,15214.3555,15618.8041,12199.0725,15014.3684,0
37.723992,-12565.4297,-8127.7792,3377.1811,-5599.1010,0
37.727899,6958.9844,-7044.4962,-7171.8422,-12837.2692,0
37.740117,15245.6055,11966.1785,11559.9595,15145.2498,0
37.744023,-10189.4531,1594.5122,-4846.1028,-9271.6164,0
37.747930,-9031.7383,396.3205,-9240.6862,-4823.2952,0
37.751836,15479.9805,15304.2314,11138.5716,15221.3414,0
37.755742,-4938.9648,6131.1551,1936.9075,-6889.0401,0
37.759648,-1022.9492,3087.9014,14647.4854,11010.4698,0
37.763555,15800.2930,13168.8680,10599.5844,15507.9375,0
37.767461,-2563.9648,4394.3548,-1931.8835,-3043.9423,0
37.771367,8984.8633,3195.0716,8710.5106,-964.8651,0
37.785075,15706.5430,15625.9875,12704.8208,15608.7095,0
37.788981,-8564.4531,5702.9475,-6211.2633,-7211.9687,0
37.792887,10979.0039,-7026.7203,-13322.2210,3100.7048,0
37.796793,15597.1680,2832.3856,12048.4644,15517.8566,0
37.800700,-5813.9648,5263.2779,15008.2749,-5638.7507,0
37.804606,-1018.5547,-10356.6188,-3304.0569,-12735.5939,0
37.808512,15589.3555,-310.4838,9832.2553,15624.3697,0
37.812418,-7314.4531,5598.5132,-15129.6237,-4118.0788,0
37.816325,-5022.9492,-9971.8714,8751.6726,3010.7269,0
37.830314,15503.4180,9818.5986,11526.6512,15149.1248,0
37.834221,-10190.4297,8991.6466,11339.3311,-8285.9360,0
37.838127,-11023.4375,-5332.4097,-1118.7604,7145.6115,0
37.842033,15800.2930,2527.0208,10189.8453,15442.3157,0
37.845939,-4563.4766,9366.3405,-15532.5635,-4203.6117,0
37.849846,12972.1680,-5733.1001,4653.4164,-4633.7921,0
37.853752,15315.9180,-239.5136,8034.9181,15427.2779,0
37.857658,-7188.9648,8572.9989,-11057.8135,-6183.3588,0
37.861564,-3016.1133,-5363.9432,-11090.0678,1054.0028,0
37.875232,15683.1055,13387.8704,11130.7551,15493.4752,0
37.879138,-6314.4531,5184.4865,4897.3292,-8137.2467,0
37.883045,-13016.1133,4028.0575,-15127.2959,15008.8437,0
37.886951,15831.5430,14402.5126,10138.7688,15704.7965,0
37.890857,-5938.9648,4974.0438,-13695.4783,-2862.2786,0
37.894763,6982.9102,-5352.4473,-11223.3012,7054.2216,0
37.898670,15683.1055,5390.0189,10763.0115,15696.9979,0
37.902576,-4314.9414,4518.6704,8147.9982,-7.2328,0
37.906482,2959.4727,-691.1677,-7056.4952,-8955.8373,0
37.920076,15573.7305,14083.0787,14531.6158,15738.0702,0
37.923982,-7189.9414,6829.4892,-2357.5361,-2613.5508,0
37.927888,12976.5625,4513.5646,-11067.6429,14999.9016,0
37.931794,15581.5430,15252.3658,15251.4507,15374.3429,0
37.935701,-9189.4531,5946.8673,14897.8737,-7546.2254,0
37.939607,-13030.2734,-5455.1817,10680.0273,5099.1022,0
37.943513,15401.8555,4343.5590,15295.2997,15283.7172,0
37.947419,-8189.4531,6885.8034,305.0703,-3940.1399,0
37.951326,12965.3320,-6234.4771,6835.8004,6991.8764,0
37.967918,15628.4180,3887.0609,-502.8882,1316.0968,0
37.971825,-5689.9414,7380.7586,-12819.8633,5220.3554,0
37.975731,-3026.8555,10874.4562,4255.3258,13659.4674,0
37.979637,15737.7930,14368.1538,9624.7146,738.3492,0
37.983543,-2062.5000,345.5608,-4115.6097,7890.7058,0
37.987450,9007.8125,6668.0087,6873.9150,14887.1901,1
37.991356,15948.7305,15452.9512,11936.1516,237.0360,1
37.995262,-3812.9883,2949.2674,6620.5278,-9544.7553,1
37.999168,12996.0938,-8554.6992,5524.5292,-5622.7768,1
38.025999,15729.9805,15607.3437,13366.6301,-3396.2313,1
38.029905,-5563.9648,-5759.8892,-9751.0518,3313.9664,1
38.033811,6972.1680,8946.4047,-13058.8837,15415.7598,1
38.037717,15644.0430,15627.3907,13720.6272,-1863.7892,1
38.041624,-5939.9414,-5386.2552,5501.4209,1037.5451,1
38.045530,-11013.6719,4954.4191,2674.2845,3062.0173,1
38.049436,15894.0430,15679.7267,10272.6509,5086.4896,1
38.053342,-3438.4766,-3765.6486,-7892.3943,7110.9619,1
38.057249,10979.9805,-1036.2600,-1331.3389,9135.4341,1
38.069957,15565.9180,12495.9313,10896.6531,15448.8386,1
38.073863,-6188.9648,9892.3351,2028.7275,-6331.4193,1
38.077769,-3008.7891,-6645.7017,-5410.2210,3146.7344,1
38.081676,15745.6055,194.9083,9017.2116,15528.1452,1
38.085582,-5063.9648,10134.9432,12041.8332,-6985.6161,1
38.089488,-13017.0898,-6270.7695,10695.3000,-10728.8568,1
38.093394,15870.6055,187.0687,9621.5271,15352.2119,1
38.097301,-1063.4766,11428.9530,7001.1628,-1173.7796,1
38.101207,-5024.4141,-2336.4799,-13303.1582,10989.6050,1
38.116647,15690.9180,15553.7368,8686.1394,15539.0072,1
38.120553,-4813.9648,-4775.3101,10544.1257,-719.0214,1
38.124459,14976.5625,-15006.9972,6770.6051,-15013.6335,1
38.128365,15378.4180,15429.9165,9044.1210,-15859.9622,1
38.132272,-9438.9648,-6022.6001,-11321.7840,-3267.6938,1
38.136178,12976.0742,4948.7998,-11056.7987,1140.5722,1
38.140084,15636.2305,15662.7853,7927.7407,15539.9409,1
38.143990,-7689.9414,-1905.0535,-4557.8852,-4160.4361,1
38.147897,12971.1914,10951.5791,-1040.1248,-13028.6430,1
38.161109,15769.0430,15725.3896,10314.3055,-15648.7894,1
38.165016,-938.9648,-1506.9643,-12797.5827,2048.2835,1
38.168922,-9027.8320,-12982.0947,-1118.7102,1180.9383,1
38.172828,15519.0430,15511.4402,10190.8903,15497.9463,1
38.176734,-4938.4766,-4124.2814,10788.1929,-3581.5013,1
38.180641,-7009.2773,-11008.4038,6927.3907,-5145.9096,1
38.184547,15769.0430,15424.4955,10653.7676,-15684.2460,1
38.188453,-5188.9648,-9732.1795,-7719.4225,52.6309,1
38.192359,2969.2383,12901.5968,-15195.4912,9015.4397,1
38.205179,15644.0430,15227.8554,11655.3674,15673.0892,1
38.209085,-4314.4531,4583.9580,13751.9582,-4443.7184,1
38.212991,-11023.4375,-834.1964,-7164.3304,-4857.1155,1
38.216897,15808.1055,10331.1116,11079.0519,15839.3326,1
38.220804,-5064.4531,5981.2590,-593.2089,-3013.8553,1
38.224710,6962.8906,-5474.3077,-3333.3075,-12798.2024,1
38.228616,15464.3555,4233.1577,10487.1067,15667.2246,1
38.232522,-7314.4531,6054.7067,6637.7804,-7148.7909,1
38.236429,-9021.9727,-1368.9845,-7279.4861,14969.8775,1
38.250058,15526.8555,13674.1046,15136.0456,15027.9853,1
38.253964,-7438.4766,3729.2618,5623.2280,-9854.7392,1
38.257871,4978.5156,-6924.9409,-3348.3204,-871.4644,1
38.261777,15542.4805,4980.6105,11578.2925,15264.1844,1
38.265683,-10065.9180,4684.1133,10927.3315,-11704.3507,1
38.269589,-7038.0859,-10294.2748,-13605.2674,12972.0702,1
38.273496,15089.3555,1374.0160,6872.1501,15182.2584,1
38.277402,5679.6875,3684.4381,15231.5885,9386.6082,1
38.281308,6870.6055,395.8013,8069.8353,4897.0980,1
38.296066,13456.0547,15078.2641,3061.1501,11778.6882,1
38.299972,14173.8281,797.3693,-8945.3689,-11848.8921,1
38.303879,14775.8789,-1456.3494,9952.1259,-7525.7548,1
38.307785,12291.9922,-12646.6483,1049.1362,11385.1078,1
38.311691,796.3867,2808.1703,-13164.7895,1111.3775,1
38.315597,2724.6094,10338.8554,-3945.6515,-9445.6138,1
38.319504,11549.8047,-10049.9325,1176.3334,10715.2525,1
38.323410,547.8516,3511.1961,-7821.4407,-1995.4432,1
38.327316,749.5117,-8365.3541,-15919.5316,-10689.6909,1
38.342171,12112.3047,-14365.2652,-1169.0873,7329.5959,1
38.346077,4421.8750,-14757.3277,-9756.3870,716.8838,1
38.349983,10769.0430,-15149.3901,-7321.4652,5905.3751,1
38.353889,12518.5547,-15541.4526,1442.4437,9325.0325,1
38.357796,8424.8047,-3657.6912,-1028.8853,-4821.3850,1
38.361702,802.2461,4078.8435,-317.0365,-781.2963,1
38.365608,12815.4297,-8874.9731,-3562.1532,12488.9464,1
38.369514,13675.2930,289.4301,-10822.8184,6360.8104,1
38.373421,8812.5000,-7623.8519,-10605.4593,2462.2469,1
38.401154,13096.6797,-15783.8873,3591.7067,-65.5514,1
38.405060,-12447.7539,529.1168,-15460.7986,4856.8215,1
38.408966,6838.8672,8992.5239,-13314.9450,12442.4105,1
38.412873,13651.3672,-15742.3439,6087.8716,-4079.4710,1
38.416779,-5947.2656,3898.2027,-12265.1648,2253.8060,1
38.420685,-5143.5547,3021.8942,14571.7412,5855.1475,1
38.424591,13651.3672,-15738.9764,8400.9724,7084.4059,1
38.428498,-5820.8008,1278.1052,8474.9182,8313.6644,1
38.432404,12880.3711,5000.2710,763.9437,9542.9228,1
38.446572,13886.2305,15966.8510,10326.8496,13876.9951,1
38.450478,430.1758,592.5787,-1566.1778,4109.1313,1
38.454385,-11101.0742,-14957.4442,6767.8979,8955.7297,1
38.458291,14581.5430,-15830.8965,11120.0235,14532.5749,1
38.462197,10807.1289,-93.7571,4399.8985,8562.2121,1
38.466103,10905.7617,-4991.4953,-1127.3954,-12799.7589,1
38.470010,14597.1680,-15787.8404,11995.1838,14236.2174,1
38.473916,8680.6641,3150.5353,8888.8624,8515.4215,1
38.477822,-15097.6562,10967.9401,-3009.5578,4939.5754,1
38.490124,14729.9805,15035.7032,14802.8263,14698.9722,0
38.494030,11431.1523,5927.4684,12894.1765,9491.0034,0
38.497937,-3098.6328,-483.1345,2920.0587,-14857.2846,0
38.501843,14487.7930,9431.7020,14310.4363,14816.8930,0
38.505749,11057.6172,8846.3770,8874.9628,13925.4583,0
38.509655,-11075.6836,3332.3795,-7146.6614,12953.2358,0
38.513562,14808.1055,10422.1182,12850.4638,14821.0009,0
38.517468,12432.6172,6848.1568,-5825.4545,-14818.2168,0
38.521374,-13075.1953,-4661.2250,-7210.5461,-14991.2085,0
38.536162,14784.6680,15585.2638,13705.1637,14830.3544,0
38.540069,13307.6172,-1494.3600,1549.6276,-15097.2634,0
38.543975,12932.6172,6954.1134,-1318.6238,14941.2820,0
38.547881,14972.1680,15679.4892,13034.9823,14859.8492,0
38.551787,-14065.9180,-4856.4416,-13054.6003,-12305.7359,0
38.555694,-7058.1055,-9015.3850,-5241.8156,-10853.4800,0
38.559600,15222.1680,15615.4789,11353.6023,15065.5201,0
38.563506,-11438.9648,-1992.4427,14435.3985,-10561.4778,0
38.567412,8989.2578,14919.1759,10849.4749,6999.1691,0
38.580621,15815.9180,15522.7790,13776.5935,15503.9166,0
38.584527,-312.0117,2037.5365,10654.8763,-473.2960,0
38.588434,7030.7617,-2843.5168,5086.5651,-7170.4933,0
38.592340,-15292.9688,9462.4684,15051.6731,-14496.1675,0
38.596246,15066.8945,1506.2001,-12192.4299,13002.0262,0
38.600152,1084.9609,-5707.3005,-14769.2397,-14922.7979,0
38.604059,-14472.6562,7627.9528,13788.6699,-14498.9612,0
38.607965,-6055.6641,-3728.7367,10217.0893,-5030.9340,0
38.611871,15123.0469,-7406.8787,11168.5104,10962.8163,0
38.625233,-13644.0430,12745.1935,-14163.2923,-13317.4124,0
38.629139,8696.7773,-329.4635,-917.2853,7073.3570,0
38.633045,-2833.4961,-10727.6387,-853.4547,6961.9644,0
38.636952,-13448.7305,4299.3277,-15078.8146,-13124.1666,0
38.640858,10449.2188,14995.8603,-2271.0673,-14649.2958,0
38.644764,13197.2656,5699.3915,10983.6897,10954.9032,0
38.648670,-12808.1055,6371.8973,-15742.0183,-12765.7780,0
38.652577,-9424.3164,-794.4649,12205.5144,-13787.2520,0
38.656483,3216.3086,349.3669,15208.3436,-819.0467,0
38.671069,-12354.9805,14800.3640,-13052.2056,-12377.4794,0
38.674975,-5673.3398,14309.0127,335.2586,-8289.4499,0
38.678881,-14765.1367,12941.0011,7101.6285,1038.6198,0
38.682788,-12308.1055,15124.3815,-13972.9419,-12343.7844,0
38.686694,-9925.2930,-14761.2120,3944.6483,-6497.6942,0
38.690600,-8791.9922,-9068.7192,12933.8536,-2930.7609,0
38.694506,-12769.0430,14771.9134,-12546.5762,-12708.0623,0
38.698413,14447.2656,13810.9378,-14170.6168,-13939.4179,0
38.702319,3145.9961,10952.5405,-4922.5372,-14833.7976,0
38.731063,-13612.7930,15076.1149,-14030.8946,-3615.6821,0
38.734969,4445.3125,15925.8368,-7677.7781,8595.1964,0
38.738875,-4872.5586,-14737.5740,-12009.5979,-14417.2276,0
38.742782,-14214.8438,14960.4656,-4561.5262,-11545.8078,0
38.746688,-3555.6641,-10811.3726,-3222.6877,-14949.0495,0
38.750594,-10919.9219,-7101.7023,-4631.9929,-14982.7934,0
38.754500,-14871.0938,14898.3217,-6041.2980,-15016.5373,0
38.758407,-9058.1055,-14774.0470,-7450.6032,-15050.2811,0
38.762313,-933.1055,4766.7658,-8859.9083,-15323.6479,0
38.775186,-14910.1562,13858.2499,-13446.1143,7808.3797,0
38.779092,14315.4297,41.9896,-4002.8837,6475.1080,0
38.782998,1045.4102,-6842.5371,10633.3920,-11763.1671,0
38.786904,-15253.9062,8341.9323,-15143.7272,3966.6107,0
38.790811,11064.9414,4011.2085,-10490.3655,2342.9258,0
38.794717,-14952.1484,-4140.2320,-15061.4402,-822.5518,0
38.798623,-15363.2812,7359.5702,15239.5470,-3064.4200,0
38.802529,6813.4766,3955.8187,-13216.1510,-5306.2883,0
38.806436,13020.9961,842.9063,8744.5835,-7548.1565,0
38.821085,-15847.6562,15522.6048,14171.9160,-15757.2451,0
38.824992,2812.9883,-8264.6546,12560.6831,1820.8903,0
38.828898,-2992.1875,-13011.0702,14720.4358,14708.3290,0
38.832804,-15714.8438,15786.2797,10843.1729,-15562.6314,0
38.836710,5312.9883,-4771.3612,5438.4727,1785.0270,0
38.840617,2995.6055,14925.5608,10811.1289,-1129.2711,0
38.844523,15925.7812,15619.2275,11301.8348,-15598.2403,0
38.848429,437.5000,-4021.9592,1025.2118,4322.9477,0
38.852335,8999.0234,8945.6479,-15165.5109,-6939.1527,0
38.865201,15949.2188,14578.7037,8742.7869,15660.2348,0
38.869107,62.5000,3231.1881,7762.4971,-3700.3464,0
38.873013,7005.3711,-6417.9191,-13063.4094,-15004.1962,0
38.876919,-15660.1562,5783.7073,9084.4966,-15676.6272,0
38.880826,1686.5234,4227.8439,-7768.1287,392.3671,0
38.884732,-14999.0234,-6682.2378,13001.1931,6724.9525,0
38.888638,-15769.5312,4850.8983,9579.6863,-15586.3387,0
38.892544,2437.0117,5553.6932,6294.6481,2666.5165,0
38.896451,8992.1875,2848.6642,-999.4420,1032.2216,0
38.910272,-15949.2188,14682.2473,10826.6609,15770.5865,0
38.914178,3061.5234,3870.4437,15040.8384,-1286.1376,0
38.918084,4979.0039,-6124.0978,12772.4369,-10744.2590,0
38.921991,-15925.7812,5895.0540,10138.6674,15469.6147,0
38.925897,937.0117,2251.6151,12544.6077,-6350.1173,0
38.929803,994.1406,-2870.0730,-14969.5482,14682.6511,0
38.933709,15839.3555,9370.7025,10646.7525,-15796.4177,0
38.937616,-3688.4766,4263.1787,14846.1906,-1189.6028,0
38.941522,14988.7695,-7042.9732,-3088.5013,11011.2376,0
38.955125,15862.7930,11899.8604,11596.8417,15466.3335,0
38.959031,-4063.9648,5798.1874,15147.3848,-4382.5817,0
38.962938,-11020.9961,-1339.0971,4816.8984,3050.8641,0
38.966844,15526.8555,9622.8955,11164.0636,15179.6291,0
38.970750,-5313.4766,4787.4361,-9457.4877,-6350.0244,0
38.974656,-11010.7422,-1477.4753,-7340.4784,5083.3000,0
38.978563,15831.5430,10768.9081,9886.8028,15670.8460,0
38.982469,-2938.4766,4215.9843,-5916.3362,-5048.1708,0
38.986375,2992.1875,-6706.2814,12719.1901,-2968.7675,0
39.000040,15972.1680,12821.4433,13372.1558,15666.8681,0
39.003946,-688.9648,6381.8720,13656.1658,-1950.4809,0
39.007852,-11020.0195,-5951.4261,-13269.7726,-2835.4617,0
39.011759,15698.7305,3173.3100,11421.9560,15705.8009,0
39.015665,-3937.9883,4613.4033,12545.1286,-3475.1862,0
39.019571,-13013.6719,-8771.5375,14462.8067,-6781.1190,0
39.023477,15604.9805,2047.8689,10387.6561,15560.6530,0
39.027384,-6189.9414,3503.7391,-3505.2120,-6098.6149,0
39.031290,-11036.1328,118.7639,12586.4936,14980.1280,0
39.046007,15636.2305,15120.5245,12959.6918,14642.7664,0
39.049914,-3188.4766,919.4375,1153.1870,-641.5406,0
39.053820,-3010.7422,-9302.8990,1056.5515,-10962.9642,0
39.057726,15776.8555,9769.1527,13983.5171,14217.2293,0
39.061632,-3437.9883,-1600.7431,10208.7406,-5873.5886,0
39.065539,8988.2812,-13130.8308,4843.0249,-3537.7020,0
39.069445,15597.1680,8985.1595,13821.2076,13849.8168,0
39.073351,-6563.4766,-2160.4795,1059.4689,-10417.5807,0
39.077257,-15006.8359,-8612.5634,-9036.5717,-14352.3268,0
39.092332,15878.9062,3930.0129,185.8440,6280.0561,0
39.096238,1187.0117,7485.9820,515.8926,-2361.9400,0
39.100145,-13020.0195,11041.9512,10879.3355,7147.5612,0
39.104051,15519.0430,14597.9203,-2849.6256,2687.7031,0
39.107957,-7313.4766,2175.0227,-7390.1818,-8483.3226,0
39.111863,10985.3516,-4553.1694,6103.4585,4548.3085,0
39.115770,15644.0430,9554.6184,4292.3610,4496.6058,0
39.119676,-5688.9648,52.9893,-3879.1969,3919.7475,0
39.123582,-5012.2070,-1204.3057,-3670.9998,11348.7299,0
39.150064,15886.2305,14554.3977,12897.9550,15606.8897,0
39.153971,-2938.9648,3015.9696,11537.6809,-2905.9451,0
39.157877,12991.2109,-60.0353,5075.5198,9073.7355,0
39.161783,15894.0430,12468.2840,13767.6427,15335.9313,0
39.165689,-5814.4531,4589.4218,13782.8906,-8395.1972,0
39.169596,14979.4922,-6738.6859,7136.4763,-4755.3202,0
39.173502,15776.8555,4422.7556,14890.7129,15511.5830,0
39.177408,-5439.4531,4719.1482,13796.9200,-2640.4092,0
39.181314,-5023.9258,-1433.3551,9100.2482,1029.1668,0
39.196115,15808.1055,13943.5980,15184.1489,14944.5477,0
39.200022,-2313.9648,3326.2240,-13132.9746,-1718.5383,0
39.203928,-11015.1367,-4950.0127,-983.9000,-11448.2992,0
39.207834,15784.6680,6929.4059,11820.1345,14763.5821,0
39.211740,-4938.4766,3009.4110,-749.4846,-3970.5810,0
39.215647,-4995.6055,-3099.3694,-9012.4156,-9550.8738,0
39.219553,15948.7305,8767.3303,-15599.6197,14477.5461,0
39.223459,-5939.9414,3266.1698,-461.4179,-6088.0705,0
39.227365,-11028.3203,-723.5542,-955.5283,-12532.0125,0
39.240209,15636.2305,13975.2168,-15273.3618,15659.6584,0
39.244115,-2438.4766,4899.3722,2146.2774,-4816.9445,0
39.248021,-15020.0195,4209.3675,-8957.1714,-5103.4923,0
39.251927,15870.6055,15420.5507,15852.7749,-15683.5646,0
39.255834,-3064.4531,6020.1551,-11067.6821,1442.1036,0
39.259740,12970.7031,5221.7395,-3184.3383,-14808.1744,0
39.263646,15894.0430,15357.7873,11273.0791,15553.2221,0
39.267552,-1188.4766,5776.1296,9934.3808,-3407.1540,0
39.271459,-13006.3477,-2825.4137,14781.8157,1008.5226,0
39.286065,15683.1055,15778.8121,13111.9284,15273.2435,0
39.289971,-10315.9180,-5227.2482,-9189.5662,-10654.2546,0
39.293878,6961.9141,-3029.0094,-5326.3495,5071.7600,0
39.297784,15604.9805,15496.9394,11913.6362,15369.3126,0
39.301690,-4688.4766,-5600.1763,3008.4749,-4362.8043,0
39.305596,-15017.5781,4937.8663,-13289.0958,3098.1529,0
39.309503,15690.9180,15475.5242,10169.9068,15309.0047,0
39.313409,-5563.9648,-5352.4072,-3081.1411,-7229.7533,0
39.317315,-1017.5781,12893.6977,-7444.8573,1021.6498,0
39.330609,15706.5430,15182.0243,11917.3244,15163.9377,0
39.334515,-5688.9648,6113.5266,13939.8964,-6571.5826,0
39.338422,-5015.6250,-4366.7598,14523.4387,-680.2447,0
39.342328,15558.1055,5976.9859,9067.5768,15089.4014,0
39.346234,-8940.9180,5791.9804,-3930.7994,-8002.1196,0
39.350140,8963.8672,-6496.3505,-13169.2234,-4591.0289,0
39.354047,15542.4805,3609.8566,6905.0548,15390.4268,0
39.357953,-9064.9414,5517.9056,-2359.2183,-1549.0212,0
39.361859,-3021.9727,1664.3825,4751.7263,5055.6519,0
39.375209,15808.1055,15650.6301,9852.6431,15788.7370,0
39.379115,-687.5000,6703.7709,-9412.8593,-2644.0448,0
39.383021,12988.2812,1252.4974,4756.2745,3076.5290,0
39.386927,15683.1055,10142.7460,9190.3560,15256.7447,0
39.390834,-5064.4531,3943.4055,-2913.7786,-7296.6342,0
39.394740,8973.1445,-5302.7543,12624.7367,-4855.6332,0
39.398646,15690.9180,6322.3954,8576.1377,15519.3394,0
39.402552,-4938.9648,5135.3376,-5674.0391,-5467.8869,0
39.406459,10973.1445,4660.9637,4796.9662,-8993.0007,0
39.420986,15729.9805,15698.3072,12171.0290,15369.4939,0
39.424893,-4314.9414,-5400.2749,-7596.0394,-2519.4043,0
39.428799,-5027.8320,10940.8835,-15210.8859,11027.7370,0
39.432705,15683.1055,15604.0840,11181.0319,15485.2947,0
39.436611,-5438.4766,-7021.4122,-10930.4520,-2175.7319,0
39.440518,2985.8398,-15009.4764,4672.9396,-10711.2101,0
39.444424,15761.2305,15703.4616,13769.7319,15193.3350,0
39.448330,-5064.4531,-1905.7506,-10962.5232,-5039.1452,0
39.452236,8980.9570,970.6042,-13069.9674,-2966.5976,0
39.466140,15659.6680,8283.0317,-15651.4182,15193.7595,0
39.470047,-6564.4531,10336.9618,-3143.1330,-8164.5049,0
39.473953,14968.7500,12390.8919,-11044.4884,9070.7071,0
39.477859,15526.8555,14444.8220,12435.5187,15138.4279,0
39.481765,-6063.9648,8451.9145,3947.1476,-7332.9212,0
39.485672,-9014.1602,-8564.4292,-7233.9106,7148.1870,0
39.489578,15839.3555,-4280.4081,15175.2825,15599.5798,0
39.493484,-4189.4531,8387.6116,11775.3005,-3613.3678,0
39.497390,-1034.6680,-6296.5343,-7246.8826,1068.6191,0
39.525093,15487.7930,11170.1394,15609.9823,1280.2557,0
39.529000,-4813.9648,10654.8796,-8629.4423,2188.7596,0
39.532906,12982.4219,-5890.7652,6784.4782,13513.7428,0
39.536812,15706.5430,-4425.1609,14197.3498,-310.9105,0
39.540718,-3313.4766,9289.3754,9932.2713,-1438.3405,0
39.544625,979.4922,-6846.3435,14700.9615,848.2633,0
39.548531,15784.6680,4654.3483,14104.1341,3079.4653,0
39.552437,-5564.4531,10752.8637,8382.8537,5310.6672,0
39.556343,-7013.6719,-6977.3195,2691.9948,7541.8692,0
39.571142,15800.2930,15596.7859,12746.3530,15735.2894,0
39.575048,-3938.4766,-7259.7617,-12771.4119,-7623.0327,0
39.578954,4989.7461,8938.0617,14587.8768,-1156.0221,0
39.582861,15917.4805,15565.9329,9865.9622,-15827.1972,0
39.586767,-3438.4766,-4640.0836,-10530.1323,-2940.2450,0
39.590673,-7008.7891,977.3017,12661.2409,-2829.7704,0
39.594579,15628.4180,15624.9996,10093.8654,15642.6133,0
39.598486,-8064.9414,-8881.8031,-13442.6575,-3725.3485,0
39.602392,-7028.3203,4941.2368,-11225.7348,5020.5068,0
39.616136,15698.7305,15740.0419,9061.1672,15595.1489,0
39.620042,-5313.9648,-4153.2293,-10142.9113,-3867.3580,0
39.623949,-15008.7891,-5015.5860,14720.2992,14980.9597,0
39.627855,15901.8555,15723.4743,8618.6729,15489.4990,0
39.631761,-3563.9648,-6898.2039,11896.1756,-3104.7042,0
39.635667,-15005.8594,-7025.7219,796.8557,-7100.9632,0
39.639574,15925.2930,15610.6479,7980.3195,-15792.1372,0
39.643480,-4938.4766,-5276.3554,-15535.8628,-2094.8283,0
39.647386,8978.0273,-13009.9170,2810.9894,7001.0055,0
39.660167,15487.7930,12031.4586,9196.6669,15574.5353,0
39.664074,-7564.4531,4314.4329,5576.2295,-6034.0976,0
39.667980,2981.9336,-7562.1967,-15184.6553,-2837.6267,0
39.671886,15581.5430,3935.6442,8516.0406,15456.0084,0
39.675792,-8688.9648,4434.9257,-1618.1284,-5495.9675,0
39.679699,-11018.0664,-5335.4248,-9138.9535,1126.2279,0
39.683605,15698.7305,5847.6739,8814.8767,15432.8765,0
39.687511,-5813.4766,3916.9054,10551.4369,-1680.8539,0
39.691417,8998.0469,-555.1224,10792.0378,10998.9511,0
39.705124,15722.1680,13951.9487,10441.8997,15644.5024,0
39.709030,-8313.4766,6343.7126,144.4779,-2347.8750,0
39.712937,8989.2578,2435.3843,-13135.1505,-6848.2137,0
39.716843,15636.2305,14088.2763,12118.3915,15656.7905,0
39.720749,-3937.5000,5478.9260,7805.9011,-3851.9071,0
39.724655,3007.3242,-2104.1557,14680.5684,-9051.1886,0
39.728562,15972.1680,9614.2849,10384.5877,-15909.2802,0
39.732468,-2687.9883,6674.8411,-12542.8491,-4056.2521,0
39.736374,-14994.6289,-5840.8277,4778.5407,-2973.2740,0
39.751096,-15980.9570,15701.7219,-15933.9346,15574.1512,0
39.755003,-1313.4766,-4153.9789,2169.3540,-4994.5286,0
39.758909,10986.8164,12932.8077,726.6103,14979.1924,0
39.762815,15972.1680,15592.4738,-15912.4041,15491.9474,0
39.766721,-2313.9648,-4403.2548,-13022.9302,-5586.3614,0
39.770628,-9012.6953,6958.6539,14611.0601,5073.0943,0
39.774534,15644.0430,15472.6279,13741.0290,15027.2654,0
39.778440,-4937.9883,-8521.0978,-14167.4149,-8726.4629,0
39.782346,2983.8867,14937.5311,694.0697,12998.0962,0
39.796197,15644.0430,15545.1848,-15227.0555,13841.5608,0
39.800103,-3688.9648,-4658.2787,4009.2126,-11115.8107,0
39.804010,-13030.7617,-4099.3732,3004.8413,-1786.5288,0
39.807916,15511.2305,12345.0930,14024.9914,14213.6272,0
39.811822,-9690.4297,-1045.1264,-8548.6331,-5708.1686,0
39.815728,-3024.9023,-1687.1566,4816.2166,-11145.6577,0
39.819635,15550.2930,12539.6727,14113.6311,14041.9451,0
39.823541,-6563.9648,-4159.0222,-2771.6096,-4451.4397,0
39.827447,14989.2578,5869.5841,6723.9328,13050.9755,0
39.842329,15917.4805,12629.4710,8097.3192,2219.4652,0
39.846235,-4813.9648,13632.9918,10477.4680,-2046.6496,0
39.850141,2968.2617,14636.5125,12678.1074,9882.5320,0
39.854047,15417.4805,15640.0333,-52.5375,1866.9175,0
39.857954,-4813.4766,-565.6699,-11364.4930,4565.9105,0
39.861860,6975.0977,-12800.8374,1116.2318,15275.1866,0
39.865766,15597.1680,8360.6592,7211.2045,3355.7689,0
39.869672,-5689.4531,-1002.5711,-1527.9936,4543.0434,0
39.873579,-13020.0195,-11399.1756,-2183.5269,13452.8654,0
39.915162,15870.6055,15740.5731,-5701.8479,-5764.6754,0
39.919068,-187.9883,-4893.3168,-12321.0129,-4909.8942,0
39.922975,2973.1445,8686.5855,-8535.3847,-1889.3411,0
39.926881,15386.2305,15495.3628,-4749.7566,1131.2121,0
39.930787,-8563.9648,-6120.8286,-964.1285,4151.7653,0
39.934693,8967.7734,-12897.1967,2821.4996,7172.3184,0
39.938600,15354.9805,14971.4033,6607.1277,10192.8716,0
39.942506,-4938.9648,-3917.0443,10392.7558,13213.4247,0
39.946162,15714.3555,-12295.9107,13537.7607,14464.0731,0
39.946412,-5027.3438,-12854.1247,12863.6001,13141.0869,0
39.950068,-4689.4531,4456.8500,2796.3438,-4429.1927,0
39.953974,-13029.7852,765.6760,-14287.8453,1942.9005,0
39.957881,15636.2305,11496.2241,11157.2093,14579.3862,0
39.961787,-5313.4766,3872.7592,8506.1782,-193.5959,0
39.965693,10996.5820,-3920.9089,3282.1172,5716.6986,0
39.969599,15792.4805,7652.9803,15254.5831,14707.5935,0
39.973506,-2437.9883,3804.6109,12905.6191,-1761.8447,0
39.977412,8975.0977,-2947.4805,-4846.2079,-693.2370,0
39.990044,15565.9180,13541.6363,14683.7105,15349.7691,0
39.993950,-7314.4531,5531.1646,5059.9412,-6048.5699,0
39.997856,2972.6562,-2425.8967,10901.9802,13018.8591,0
40.001762,15479.9805,7635.1163,13731.6890,15238.5284,0
40.005669,-8314.4531,4265.6592,-8096.7925,-5185.0614,0
40.009575,8980.4688,-1492.9229,-11076.4378,13028.6727,0
40.013481,15800.2930,9601.7717,12255.8380,15677.8878,0
40.017387,-5314.4531,5534.6715,-9325.6488,-2187.5681,0
40.021294,10983.3984,-2433.9831,-7235.4843,-10918.8968,0
40.036074,15839.3555,15528.5770,12459.4185,15703.7808,0
40.039980,-4189.9414,-5348.5839,10409.1276,-1164.7855,0
40.043886,-9030.2734,-3042.1618,6585.6181,1141.1427,0
40.047792,15636.2305,15640.9782,11331.9564,15507.2125,0
40.051699,-7314.4531,-2484.3140,-5949.4861,-6525.9441,0
40.055605,-1019.0430,6940.1233,-1341.9430,-2804.1515,0
40.059511,15581.5430,15497.6392,9540.3602,15650.9072,0
40.063417,-5813.9648,-8336.6362,-5319.7010,-4500.7632,0
40.067324,6978.5156,-9039.8741,-1445.3455,12977.1298,0
40.080305,15745.6055,12514.2155,10333.6613,14912.2882,0
40.084211,-3562.9883,2795.6407,4874.4915,-4572.3504,0
40.088117,13003.9062,2523.9992,682.1256,-479.1352,0
40.092023,15776.8555,13442.2042,8816.1350,15230.3580,0
40.095930,-6939.4531,2395.7304,-5943.8194,-4457.7840,0
40.099836,8976.5625,-10952.8300,-5288.1319,-4348.0185,0
40.103742,15815.9180,2627.5503,6391.8268,15155.0156,0
40.107648,-4813.4766,3884.7249,-12010.0138,-6260.1168,0
40.111555,12989.2578,-3191.8338,12652.7024,3093.4060,0
40.125067,15573.7305,13225.5311,10318.8701,15436.8592,0
40.128973,-7188.9648,4630.1716,10970.3755,-7933.4198,0
40.132879,6986.3281,-2285.1131,-5261.5966,5089.2555,0
40.136785,15698.7305,9089.0649,9505.8260,15484.3702,0
40.140692,-4313.9648,6486.3193,354.7765,-2588.7160,0
40.144598,-15021.4844,2615.9360,12596.0150,-4819.7527,0
40.148504,15769.0430,12193.7466,8504.1641,15546.4389,0
40.152410,-5438.9648,8543.8217,3769.8154,-3311.6087,0
40.156317,2968.7500,-1943.3974,-3180.9430,-2977.9118,0
40.170160,15620.6055,12624.1173,11621.9809,15558.3662,0
40.174067,-5688.9648,5564.2851,-10174.7589,-4640.2984,0
40.177973,985.3516,3824.7287,-1181.1652,10697.6511,0
40.181879,15949.2188,14325.9769,11939.9172,-15745.8550,0
40.185785,311.0352,5196.2984,-2909.6473,2609.9799,0
40.189692,8973.1445,-6400.8037,14657.5533,7067.8685,0
40.193598,15722.1680,4109.5151,14046.4882,15382.3675,0
40.197504,-6314.9414,3985.6800,-14461.5311,-11639.5218,0
40.201410,4973.1445,-5724.6520,-15095.5351,-6941.3307,0
40.217976,15683.1055,7253.4933,14988.6519,-3160.5166,0
40.221882,-7688.9648,10006.7004,8722.7409,-7401.7027,0
40.225788,12985.3516,12759.9074,10411.0975,10385.8486,0
40.229695,15651.8555,15513.1144,-6444.4289,-762.0438,0
40.233601,-2312.5000,-3306.2271,-4033.5445,-516.4396,0
40.237507,991.6992,12087.3279,9244.4507,12170.0175,0
40.241413,15847.6562,15478.6989,14457.2642,192.2459,0
40.245320,312.5000,-5078.8095,2682.9244,-3311.5577,0
40.249226,14995.6055,10097.1687,1891.0392,987.6727,0
40.275149,15729.9805,15512.0423,-8441.3955,-159.2342,0
40.279055,-9689.9414,-9180.7920,-6597.6564,-8067.3277,0
40.282961,2968.7500,908.8283,10068.6897,11672.3770,0
40.286868,15417.4805,15471.5019,4182.5590,-1482.2885,0
40.290774,-9939.9414,-8558.9993,-12357.6957,1663.6876,0
40.294680,-3019.0430,-7031.4684,-12359.3426,4418.9518,0
40.298586,15815.9180,15521.6019,-8672.6388,6141.4589,0
40.302493,-4314.4531,-5449.4024,-4985.9350,7863.9660,0
40.306399,-5021.4844,8887.8182,-1299.2311,9586.4730,0
40.320111,15636.2305,14628.9209,11607.7744,15472.7395,0
40.324018,-7314.4531,5704.1703,-1940.3564,-4611.2814,0
40.327924,-3027.8320,-472.9128,6538.1365,-10827.4805,0
40.331830,15581.5430,9229.2091,9453.9732,15498.6887,0
40.335736,-6189.4531,5142.8084,8622.9050,-6349.4809,0
40.339643,-1018.5547,-7051.7840,-13335.0197,-10833.5796,0
40.343549,15644.0430,3338.5054,9740.0385,15620.1461,0
40.347455,-4313.9648,5153.9181,-7939.2987,-2443.2537,0
40.351361,-9017.5781,-6112.0035,-1349.0931,-2985.9334,0
40.365245,15706.5430,12756.4111,8965.5407,15181.6826,0
40.369151,-5439.9414,4507.0113,-2186.9349,-6703.7117,0
40.373058,-7040.0391,1972.2801,4718.2040,13033.4380,0
40.376964,15456.5430,11628.1139,8526.1437,15507.3597,0
40.380870,-5564.4531,2358.4695,14897.0724,-4470.9408,0
40.384776,6968.2617,-8540.5531,4837.4158,-12489.6769,0
40.388683,15597.1680,4743.8771,8275.4779,15560.1396,0
40.392589,-9189.9414,3343.0879,8249.8928,-3887.0387,0
40.396495,-15027.8320,-5651.9442,-15049.0659,-942.6443,0
40.425110,15503.4180,14175.4047,10742.4702,743.2916,0
40.429017,-7689.4531,4273.9453,-4267.1675,-12617.5910,0
40.432923,8971.6797,-10955.1062,-14870.7940,9491.0903,0
40.436829,15620.6055,389.0662,10644.0088,-1657.9603,0
40.440735,-6814.9414,3316.6259,8695.8594,1144.3126,0
40.444642,-15041.0156,-10877.8694,10990.3637,5828.6153,0
40.448548,15620.6055,1401.7806,10730.0145,9408.4574,0
40.452454,-3064.9414,4222.2684,-8702.1638,12988.2995,0
40.455152,15472.1680,-516.6802,13131.9236,15237.7138,0
40.456360,-9034.6680,9679.4118,4863.8041,7308.8262,0
40.459058,-9689.4531,-9223.5021,-9826.2198,-10074.9864,0
40.462964,4963.8672,-784.7467,-12947.2871,5026.5341,0
40.466870,15487.7930,9318.9490,13834.5852,14945.2676,0
40.470777,-8815.4297,3302.0159,-5964.7737,-11780.5362,0
40.474683,962.4023,-8679.3548,-9268.5942,9014.2785,0
40.478589,15394.0430,3610.5982,12080.9877,15331.4472,0
40.482495,-13065.4297,3646.6709,-13210.5553,-8042.4974,0
40.486402,-13049.8047,-1360.1262,-15272.7978,-5017.2167,0
40.501112,15089.3555,15099.4865,13020.8570,14864.8152,0
40.505018,-12440.9180,-10769.9525,-3930.2122,-9912.8214,0
40.508924,-9050.2930,-5068.3158,6751.9764,5068.2453,0
40.512830,15347.1680,15217.3996,14974.0796,15273.2918,0
40.516737,-9439.9414,-9022.7925,5119.5372,-9435.7659,0
40.520643,8964.8438,-1066.9441,-15329.3920,-8779.1824,0
40.524549,15214.3555,15411.6698,13845.5883,15287.5998,0
40.528455,-14690.4297,-10645.0659,-15521.0332,-10363.3684,0
40.532362,14963.3789,-5056.3970,10702.0070,-14945.3846,0
40.546033,15417.4805,12725.0624,-15671.0499,13886.2881,0
40.549940,-11065.4297,428.5799,-8267.5694,-8438.1821,0
40.553846,-11050.7812,603.6198,-959.4611,-3610.7517,0
40.557752,15276.8555,15203.2677,14536.4878,13939.1446,0
40.561658,-7564.9414,4572.3232,-10212.9991,-7073.6697,0
40.565565,-1031.2500,-5546.9780,-5007.0976,3820.3844,0
40.569471,15511.2305,5164.5064,13631.1423,13446.8921,0
40.573377,-9939.9414,1397.0768,-12762.1387,-12344.6521,0
40.577283,970.2148,-13565.0365,-15077.4038,-10492.2384,0
40.590061,15362.7930,10780.9057,11747.5454,15240.2675,0
40.593967,-12440.9180,2845.6013,6958.7188,-7684.1259,0
40.597874,-1024.9023,-8564.2866,-13194.3232,-6820.7490,0
40.601780,15628.4180,4122.2824,10725.3272,15289.5962,0
40.605686,-14691.8945,2741.4563,11554.6972,-7984.9145,0
40.609592,-9057.6172,2174.2877,14601.5892,12964.9281,0
40.613499,14940.9180,15047.6278,11733.6334,14702.0252,0
40.617405,-15939.9414,2312.7718,3848.0352,-12671.5707,0
40.621311,961.4258,1928.8304,-13179.7311,14940.7319,0
40.649958,15276.8555,15120.3516,4243.9413,-7802.5758,0
40.653864,-13440.9180,-10918.2734,2854.0545,-3076.5077,0
40.657771,-11044.9219,6783.0418,9382.2288,12484.2764,0
40.661677,15495.6055,15461.8575,2352.5912,-7070.4710,0
40.665583,-6064.9414,-10049.7963,843.9573,-12827.3244,0
40.669489,2960.9375,-3124.2188,2223.7072,-9947.8900,0
40.673396,15479.9805,15142.0901,3799.3179,-6199.4760,0
40.677302,-10690.4297,-11164.4890,5374.9286,-2451.0620,0
40.681208,-15035.6445,6769.8235,6950.5393,1297.3520,0
40.696092,15526.8555,15008.5615,12963.6391,13629.4234,0
40.699998,-9314.9414,-1561.1479,15490.0134,-11041.1276,0
40.703904,970.2148,-11564.5845,8893.6035,-5601.9161,0
40.707811,15370.6055,9195.2592,9871.1672,13762.9768,0
40.711717,-9939.9414,-3099.0279,-8977.6793,-9005.9690,0
40.715623,-3046.8750,3532.2380,2903.4984,1891.4942,0
40.719529,15104.9805,13419.6968,12042.9021,14136.3263,0
40.723436,-9189.9414,-4718.2482,-12671.2737,-3579.8982,0
40.727342,-3048.3398,-3133.5638,4922.0323,9081.5938,0
40.740124,15237.7930,12783.9011,13680.6967,15046.4412,0
40.744030,-12190.9180,4075.8153,-7117.4845,-10072.6884,0
40.747937,-7044.4336,-5824.5498,-15008.3294,14953.1173,0
40.751843,15472.1680,5775.0690,12526.5138,15137.1692,0
40.755749,-8940.9180,5019.0216,-15145.8232,-7139.4323,0
40.759655,-5042.9688,-6924.1256,932.2977,10993.3997,0
40.763562,15589.3555,3565.1986,12605.1779,15003.6195,0
40.767468,-7565.4297,4022.2518,3687.7441,-9720.4932,0
40.771374,14961.9141,-10743.3494,8769.1331,12956.8173,0
40.785086,15401.8555,11360.5953,12920.5648,14895.5050,0
40.788992,-8939.4531,3529.9308,-3725.1634,-12462.9246,0
40.792898,4964.3555,-9565.1490,-13309.9757,-2830.3421,0
40.796804,15323.7305,2369.5260,11389.4913,15027.6532,0
40.800711,-10564.9414,3683.1825,-8560.0481,-10259.3125,0
40.804617,-9028.3203,3706.2033,2668.2060,-4825.6147,0
40.808523,15401.8555,15115.3647,9853.7301,15086.3259,0
40.812429,-12315.4297,2452.4828,2165.4043,-12032.3978,0
40.816336,-13039.0625,-3469.5433,-3373.8985,-8933.4423,0
40.830381,15503.4180,14238.8236,10004.4057,14702.4577,0
40.834287,-6314.4531,3022.0510,10098.9411,-7783.4203,0
40.838193,10975.0977,-8676.1975,-5307.2306,7345.1399,0
40.842099,15683.1055,5191.3937,9550.6148,14527.1782,0
40.846006,-9690.4297,-128.9056,1101.6116,-8876.0249,0
40.849912,-3029.7852,-2024.2113,-11397.4661,-11836.5270,0
40.853818,15292.4805,10592.8464,7713.6823,14301.9873,0
40.857724,-12940.4297,551.8895,10336.5895,-9647.8027,0
40.861631,-15041.5039,-2823.2754,-7282.1940,-2822.1513,0
40.875230,15370.6055,13418.9999,10153.6813,15248.4869,0
40.879137,-12565.9180,5960.2462,15672.5308,-8285.3690,0
40.883043,12958.0078,-7208.1433,14631.6833,7050.7686,0
40.886949,15417.4805,2075.7514,8324.7277,15127.2325,0
40.890855,-8189.4531,4976.7414,10359.6315,-8218.4562,0
40.894762,-13023.4375,-10111.0075,-3355.3471,-10777.2530,0
40.898668,15472.1680,-131.2471,8345.2903,15051.2838,0
40.902574,-8689.9414,1943.1997,-3558.0539,-12593.7950,0
40.906480,-3031.2500,-6481.8722,759.9429,-2979.1721,0
40.921077,15808.1055,15566.4319,11082.7756,15062.3447,0
40.924984,-1313.4766,-4901.0614,-5344.9115,-9591.9970,0
40.928890,-9018.5547,-13008.9864,-13199.4641,11012.4087,0
40.932796,15565.9180,15419.5128,11202.4052,15081.2114,0
40.936702,-5188.9648,-8519.5508,-14278.4355,-10705.5305,0
40.940609,10964.3555,956.0092,12631.1873,11004.1319,0
40.944515,15378.4180,15531.1562,12984.0914,15165.3641,0
40.948421,-9189.9414,-8396.5725,8302.2955,-6499.7592,0
40.952327,-15035.1562,12917.4920,12890.6398,11000.0054,0
40.967090,15534.6680,14400.5644,8907.1008,4881.8357,0
40.970996,-7814.9414,14782.7240,-2448.3434,205.1219,0
40.974902,-11031.7383,15164.8836,577.5483,11248.1887,0
40.978808,15636.2305,15547.0432,1553.0431,5756.0422,0
40.982715,-2813.9648,1678.4459,-11886.6010,4037.5044,0
40.986621,-5021.4844,-10547.3654,-1338.7109,14227.9873,0
40.990527,15745.6055,5340.9496,1963.4583,6595.9699,0
40.994433,-3813.9648,403.9411,-4335.0518,91.7810,0
40.998340,4979.9805,-4776.7165,4410.7778,4755.8082,0
41.025251,15769.0430,15455.2300,-9678.5921,-1468.5390,0
41.029157,-4438.9648,-9431.5900,10834.9820,-8365.4315,0
41.033063,10965.3320,8865.5727,15209.7424,12378.0823,0
41.036970,15511.2305,15344.3882,-123.4628,-3189.2423,0
41.040876,-6313.9648,-7317.9164,8826.6103,1791.8805,0
41.044782,14979.9805,929.4889,10928.5938,4450.2876,0
41.048688,15597.1680,15457.4229,11254.5904,6132.6034,0
41.052595,-4063.9648,-5825.0451,11580.5871,7814.9192,0
41.056501,-3014.6484,4914.2834,11906.5837,9497.2350,0
41.071056,15839.3555,15537.9425,13111.7667,15609.3172,0
41.074962,-4563.9648,-6593.2145,8675.7215,-4093.8467,0
41.078868,12978.0273,4903.9456,10608.9433,9021.9550,0
41.082774,15495.6055,15325.3043,11111.8770,15354.5851,0
41.086681,-9564.9414,-8459.8689,3055.6818,-8188.9237,0
41.090587,-11025.3906,12878.9895,6754.1792,9040.5486,0
41.094493,15644.0430,15453.5186,12045.7485,15752.9155,0
41.098399,-7314.4531,-4600.8281,13930.4053,-2610.1730,0
41.102306,-11023.4375,12901.6786,12817.9499,-8971.6879,0
41.115191,15714.3555,15321.0998,10462.8518,15288.2904,0
41.119097,-1063.9648,6081.7290,-10150.2890,-4256.8704,0
41.123004,-7013.1836,-3227.4682,4744.7305,-717.5692,0
41.126910,-15965.3320,6395.8584,9138.0075,15628.9162,0
41.130816,-2438.9648,3791.2988,13001.5963,-98.1343,0
41.134722,-1015.6250,-10547.5163,-7000.1867,5179.9287,0
41.138629,15737.7930,1359.0215,9705.4975,15373.0992,0
41.142535,-4938.9648,4109.3580,-13257.9043,-7835.4867,0
41.146441,-9021.4844,-146.3605,6987.9234,-8898.4603,0
41.160218,15534.6680,14309.6177,11003.6003,15483.5979,0
41.164124,-7564.4531,1923.9535,12824.6582,-7741.9586,0
41.168031,2968.7500,-3158.1216,14876.5868,-12729.8447,0
41.171937,15659.6680,9636.1508,9979.9305,15686.3788,0
41.175843,-4563.4766,4026.0710,5115.5809,-2756.8086,0
41.179749,4981.4453,3966.5538,-7138.8750,3108.2860,0
41.183656,15558.1055,14358.1603,9492.0129,15482.9263,0
41.187562,-5438.4766,4906.3554,-14216.9875,-6275.4770,0
41.191468,973.6328,492.6551,7019.0211,-14925.6856,0
41.205142,15440.9180,13471.9846,12760.5723,15484.1767,0
41.209049,-8188.9648,8546.7875,-9083.7583,-6782.0141,0
41.212955,-9013.1836,-10342.8264,-11034.7669,9062.0951,0
41.216861,15597.1680,-6123.3123,11809.9098,15648.9454,0
41.220767,-10440.4297,9013.8314,-7618.1986,-1127.2915,0
41.224674,12970.7031,-3848.6200,10799.8002,5100.1302,0
41.228580,15581.5430,8026.4408,10131.2407,15686.6440,0
41.232486,-7813.9648,8524.2628,2348.8049,-4385.7095,0
41.236392,14972.6562,-9363.9645,-13164.0772,1022.5427,0
41.250956,15511.2305,15590.2510,15172.3973,15154.8547,0
41.254862,-4813.4766,-7505.6895,-59.7716,-8714.1233,0
41.258769,12980.9570,-9032.3718,10698.4653,-809.2744,0
41.262675,15542.4805,15425.0997,12744.7127,15242.5578,0
41.266581,-9314.9414,-9126.3679,-8462.1101,-5531.5152,0
41.270487,-1025.8789,12923.3062,-7400.9058,-2782.4313,0
41.274394,15573.7305,15691.7802,12251.6662,15252.3801,0
41.278300,-2938.9648,-5385.9022,-2682.1265,-4020.6449,0
41.282206,-3027.8320,-7032.5393,8610.0902,8999.6236,0
41.296918,15534.6680,15511.2605,14793.6805,15295.8191,0
41.300824,-5813.9648,-6851.6452,2248.7804,-470.2749,0
41.304730,-13023.4375,4925.6284,-9368.4094,7242.3534,0
41.308636,15644.0430,15470.0536,13612.0611,15426.3994,0
41.312543,-3938.4766,-5232.1130,-11775.5800,-1822.6513,0
41.316449,8973.1445,12904.6157,6443.3887,-14141.0786,0
41.320355,15495.6055,15485.7615,12313.6390,15422.3310,0
41.324261,-6438.4766,-9218.9776,-11590.6288,-966.0012,0
41.328168,4977.5391,-9048.4125,-15359.0036,11027.6839,0
41.355194,15628.4180,14017.6716,11938.8209,-121.9822,0
41.359100,-6814.4531,5265.6519,10034.0113,2150.6203,0
41.363006,14976.5625,4667.8021,-15265.0391,13850.0655,0
41.366912,15706.5430,14350.2374,9927.6716,1996.3131,0
41.370819,-3688.4766,5265.6519,1635.5468,-12902.3510,0
41.374725,-5009.7656,4667.8021,-3365.6966,-7435.3305,0
41.378631,15636.2305,14362.4120,11462.2967,1437.3440,0
41.382537,-4939.4531,5211.9839,5199.9534,10310.0184,0
41.386444,14977.0508,-2666.0474,-13241.7143,9077.8756,0
41.400008,15784.6680,13306.8627,10259.1044,1273.5034,0
41.403915,-6689.9414,3420.5419,-15057.6600,-11205.3253,0
41.407821,-5021.4844,-9485.2083,-11111.6023,11249.3708,0
41.411727,15620.6055,2764.2825,9239.7613,-27.1363,0
41.415633,-7938.4766,2320.0552,5592.9368,10503.3029,0
41.419540,10979.0039,-6292.0118,-7099.9608,13283.2256,0
41.423446,15636.2305,6581.3451,11814.3398,13635.5389,0
41.427352,-2063.4766,4715.2658,3436.4485,13987.8523,0
41.431258,-9016.6016,3210.6559,7009.5423,14340.1656,0
41.445925,15784.6680,15068.9932,12674.1431,14723.8193,0
41.449832,-563.4766,-84.6748,-12613.8413,-1740.1624,0
41.453738,2977.0508,6861.5635,6924.2019,-7505.4011,0
41.457644,15753.4180,14535.1722,10751.8847,-15185.4322,0
41.461550,-2563.4766,-743.2188,8823.9383,-1372.6267,0
41.465457,-5009.2773,-12826.5018,-13059.9979,-7684.0358,0
41.469363,15745.6055,7760.8716,11377.1287,14325.4147,0
41.473269,-6563.4766,-2681.0696,11338.8378,-7287.5443,0
41.477175,8985.3516,5962.2455,-7044.5942,-8625.2643,0
41.490185,15706.5430,14903.5167,12847.9693,15458.9993,1
41.494091,-4689.9414,3085.2474,-6480.1499,-4567.8460,1
41.497998,-9035.1562,2414.3924,-11041.7485,-4825.4512,1
41.501904,15628.4180,13442.6876,12391.5845,15336.3796,1
41.505810,-1563.4766,3315.9272,10440.1580,-4330.0503,1
41.509716,10972.1680,1505.9700,-9097.8090,7061.1873,1
41.513623,15722.1680,12506.1195,11447.5512,15585.2545,1
41.517529,-3314.4531,4048.7025,4836.6882,-1138.3876,1
41.521435,6972.6562,2137.0370,-11255.3198,-8954.1652,1
41.536009,15800.2930,15609.2545,12673.3752,15292.8556,1
41.539915,-4188.9648,-6401.5744,4961.5374,-2635.2690,1
41.543821,6974.1211,-15014.3532,-13270.1154,1186.2205,1
41.547728,15628.4180,15325.5151,11230.3277,15442.2366,1
41.551634,-5188.9648,-9770.1355,11535.7479,-3816.0486,1
41.555540,-13015.1367,6957.5867,10642.3467,13030.1755,1
41.559446,15745.6055,15777.1605,9466.2917,15420.8545,1
41.563353,-6689.4531,-5152.9491,13697.3906,-5962.1407,1
41.567259,-5009.7656,-1024.8363,-9400.9201,1037.6160,1
41.580271,15878.4180,13846.5004,10356.5120,14703.1621,1
41.584177,-3313.9648,4774.8692,8199.9168,-9005.7386,1
41.588083,-15019.0430,-5665.7853,12521.0977,7287.6960,1
41.591989,15823.7305,5568.7743,8788.6205,15189.3366,1
41.595896,-2188.9648,3104.0706,-1605.5714,-5836.9786,1
41.599802,2966.3086,3184.0368,14397.4359,15032.2526,1
41.603708,15628.4180,13558.7501,6828.9127,15297.6661,1
41.607614,-6689.4531,5377.5324,-12169.2574,-1476.6241,1
41.611521,12979.9805,2717.8414,12619.0018,1125.4241,1
41.625108,15769.0430,14483.7605,9806.5343,15560.3290,1
41.629014,-5438.9648,2655.4830,12881.0644,-1798.2532,1
41.632920,12988.2812,-7362.8742,-7353.2600,-12726.8943,1
41.636827,15815.9180,5506.3861,8125.1305,15759.0358,1
41.640733,-688.4766,2917.8594,-3553.5179,-2065.5772,1
41.644639,-1008.3008,-7060.3021,8524.3123,-14997.1620,1
41.648545,15745.6055,5495.2971,7100.0952,-15832.7221,1
41.652452,-7439.4531,4060.1411,-1975.5604,-3774.1834,1
41.656358,-11019.0430,3233.9058,-13262.9080,12986.1532,1
41.671156,15683.1055,15525.4193,10408.0233,15597.1088,1
41.675062,-6313.9648,-5151.0938,13756.3045,-5717.1843,1
41.678968,12973.1445,8941.5592,-5219.3305,7037.6074,1
41.682875,15534.6680,15530.3064,10957.7069,15344.2600,1
41.686781,-6813.9648,-7646.4358,15890.0543,-6291.2490,1
41.690687,-15012.2070,-11016.2894,6599.1189,13001.0774,1
41.694593,15659.6680,15485.4935,11916.4148,15615.9869,1
41.698500,-4939.4531,-6647.8145,8157.6575,-2288.5056,1
41.702406,-9026.8555,8944.1438,2810.4269,1002.7283,1
41.715232,15854.9805,14832.9527,12443.0754,15015.4937,1
41.719138,-3437.9883,2524.0130,-7229.7848,-7284.6229,1
41.723044,974.1211,-3792.7359,-11220.2904,-12586.6065,1
41.726951,15128.4180,8348.1569,10016.1293,14245.7568,1
41.730857,-13941.8945,2895.4323,9741.9490,-15319.3553,1
41.734763,6926.7578,-5739.2994,4270.9185,7058.2543,1
41.738669,14519.0430,6853.8133,4991.2662,14218.9150,1
41.742576,1053.2227,4636.0514,-3513.4343,-2238.7072,1
41.746482,-11171.8750,6813.9490,-7818.5818,2872.4532,1
41.775063,13252.9297,-15693.7317,-11905.1486,3877.4835,1
41.778969,-15825.6836,4519.7636,5369.1944,12486.6228,1
41.782875,778.8086,6992.0896,3343.0802,12522.0778,1
41.786781,12237.3047,-15388.1406,-4548.1459,4954.7517,1
41.790688,4797.8516,6877.4522,-14092.8535,12756.4727,1
41.794594,8736.3281,-10821.6339,-14066.9379,14485.3889,1
41.798500,11729.0039,-15598.2721,-11771.6133,14134.4851,1
41.802406,-828.1250,6009.1463,-9476.2887,13783.5812,1
41.806313,-11236.8164,-4885.5399,-7180.9642,13432.6774,1
41.821156,11994.6289,-15546.0213,1491.2328,11914.8582,1
41.825063,-4328.6133,9271.0139,-7541.2020,-1900.9695,1
41.828969,-5231.4453,-4954.5955,10055.2244,-6960.6851,1
41.832875,12370.1172,-15712.1076,2106.5055,12483.4527,1
41.836781,7548.3398,9396.9559,11909.1014,8716.3052,1
41.840688,2787.5977,-14942.6637,-11716.6280,2930.3535,1
41.844594,12901.3672,-15799.3870,3917.7435,13000.3044,1
41.848500,13174.8047,4652.9980,11641.6759,11391.1282,1
41.852406,4804.6875,8997.0231,10317.7008,-9097.3623,1
41.866083,12948.2422,-15811.2506,4724.2452,12922.3177,1
41.869989,15676.2695,3111.2632,10024.0534,-9201.8194,1
41.873896,14832.5195,12977.4564,6355.2396,981.3487,1
41.877802,13284.1797,-15591.2083,3867.6255,13071.5869,1
41.881708,-13572.7539,2613.8149,13900.2850,-11619.2516,1
41.885614,2841.3086,-2963.9342,8594.2607,-4923.0838,1
41.889521,13213.8672,15817.9105,5755.7413,13415.1007,1
41.893427,-11197.2656,-6099.9205,4167.5450,-2949.2196,1
41.897333,10848.1445,8927.0827,2667.4439,-3090.5769,1
41.910136,13495.1172,14604.7182,6883.9471,13515.7461,1
41.914042,-7072.7539,11949.2413,-11025.0916,-982.7367,1
41.917948,-9152.8320,993.0654,12629.5669,-12790.0608,1
41.921854,13909.1797,-1791.5360,7862.8784,13846.2065,1
41.925761,-3570.8008,-12893.0972,5037.2588,3332.9796,1
41.929667,-7114.7461,942.0867,2695.7489,14872.6100,1
41.933573,14050.2930,15219.6514,7268.3958,14110.7578,1
41.937479,2929.6875,11880.0754,-2673.8084,6287.6665,1
41.941386,-15125.0000,-1223.4458,8771.5758,4930.2612,1
41.955111,14128.4180,12807.8822,10454.4396,14179.6279,1
41.959018,2555.6641,5952.9380,8372.7069,1633.3167,1
41.962924,-13104.4922,6963.0427,-3183.5228,-10756.7550,1
41.966830,14292.4805,15445.5446,9551.5384,14180.4017,1
41.970736,4305.6641,5641.3189,1352.9808,6867.8295,1
41.974643,14909.1797,2362.8794,14739.7492,-6788.7526,1
41.978549,14550.2930,11787.1956,9430.2093,14376.5788,1
41.982455,1805.1758,4987.9715,12421.8549,4331.2927,1
41.986361,2908.6914,-7934.5950,-15163.6035,-3012.5774,0
42.016086,14511.2305,15641.7875,-7576.0749,-12668.5130,0
42.019993,8681.6406,-4965.1205,-5441.5656,7819.7231,0
42.023899,908.6914,12877.4558,9210.3395,11726.5166,0
42.027805,14909.6680,15561.2212,-14269.8465,-13547.4470,0
42.031711,14057.1289,-4343.5281,-8792.8060,3301.4901,0
42.035618,4916.5039,-7012.0241,-2987.0636,6532.8234,0
42.039524,14769.0430,15613.1415,2818.6789,9764.1566,0
42.043430,15433.1055,-6208.8296,8624.4213,12995.4899,0
42.045983,14737.7930,-9368.8239,12318.7617,14103.8297,0
42.047336,-11074.2188,-11000.3810,6261.7142,3508.4379,0
42.049889,11183.5938,4542.5560,-5011.0165,-15075.7459,0
42.053795,2946.7773,-5666.9714,12540.7587,1388.1318,0
42.057701,15144.0430,5205.4841,13173.7099,15037.2735,0
42.061608,-12440.4297,1892.5852,-10659.2560,-4769.8649,0
42.065514,-1023.4375,-9154.3775,2559.0979,13091.7946,0
42.069420,15776.8555,4328.5314,15385.8381,15533.1156,0
42.073326,-3187.9883,3641.5780,11333.8832,2337.6253,0
42.077233,-10981.4453,-9563.0266,-11305.8814,-1084.8558,0
42.092211,-15363.2812,2091.3118,-5724.2883,-14068.9735,0
42.096117,-15182.6172,6025.0803,-681.0601,-4476.7489,0
42.100023,15082.0312,9958.8489,-9254.0956,-6216.1184,0
42.103929,-14362.7930,13892.6174,-6113.5838,-6589.5506,0
42.107836,320.8008,-1575.7525,149.1629,-4804.0490,0
42.111742,7129.8828,5583.8154,-6954.8419,-11523.4057,0
42.115648,-13979.9805,15021.4663,-4178.0364,-1822.2288,0
42.119554,3946.7773,15541.6693,-1210.6810,2370.7169,0
42.123461,3155.7617,7577.5214,-6088.4942,-4467.1015,0
42.150052,-13276.8555,15036.4910,-14935.1935,-15424.9295,0
42.153959,14699.2188,-15371.9353,5273.0648,255.2081,0
42.157865,-6806.6406,14615.3319,-9416.8506,-10445.5031,0
42.161771,-12862.7930,15010.4275,7805.1575,-11022.1954,0
42.165677,-8423.8281,-13020.6151,2983.1349,-9079.6082,0
42.169584,1213.3789,-3153.2635,-408.1971,-9204.8477,0
42.173490,-12401.8555,15178.9275,-2420.0491,-9696.3168,0
42.177396,-8049.3164,-7574.1171,-4431.9012,-10187.7859,0
42.181302,-2779.7852,-9030.1929,-6443.7533,-10679.2550,0
42.196036,-12370.6055,13998.1192,-13835.7247,-12485.3805,0
42.199942,-3923.8281,-6260.5450,-4489.5097,-11523.1107,0
42.203848,7201.1719,-3507.2071,12703.8198,-3256.4155,0
42.207754,-12737.7930,11704.7761,-15034.3809,-12953.2327,0
42.211661,-10925.7812,-5297.5293,9084.0313,-13128.9558,0
42.215567,-806.6406,-3223.5029,2925.6816,-14754.2084,0
42.219473,-12886.2305,11908.9213,-14691.2450,-12239.3746,0
42.223379,-13551.2695,-2897.9183,10889.8995,9852.3543,0
42.227286,15173.8281,-7256.0464,15073.5065,4877.3189,0
42.239980,-13261.2305,11006.4328,-14865.2353,-13468.0259,0
42.243886,7946.2891,8295.6713,9915.3265,2529.1065,0
42.247793,-10874.0234,-8426.1143,5084.7608,-1032.8537,0
42.251699,-14082.0312,7613.8923,-15024.3840,-13843.0827,0
42.255605,-3681.6406,9794.9450,-2293.1592,-4314.2265,0
42.259511,11095.2148,-2012.4290,9073.2035,-5024.2793,0
42.263418,-14589.8438,13620.4686,15151.0360,-14705.1570,0
42.267324,-11558.1055,9721.4417,3771.9533,-11850.4303,0
42.271230,-914.0625,-3898.5035,-3200.8720,-4965.2534,0
42.284968,-14542.9688,14148.6697,13100.6784,-14948.9316,0
42.288874,-11808.1055,3140.9815,-8187.0703,-15234.7494,0
42.292780,11065.4297,-8983.7801,-5232.0834,10746.1563,0
42.296686,-15003.9062,3368.2099,12324.7288,-14868.7185,0
42.300593,14565.9180,4838.1804,-5287.0128,-15061.4844,0
42.304499,1061.0352,-8384.7811,6737.4238,4809.2415,0
42.308405,-15082.0312,2393.4501,10157.4794,-14632.5889,0
42.312311,11439.4531,4542.0815,5630.3652,12868.0790,0
42.316218,-954.1016,384.3462,-7345.7952,6966.0033,0
42.330349,-15410.1562,14418.4944,12221.6321,-14469.5483,0
42.334255,6189.4531,3715.9633,1271.9019,6855.7884,0
42.338161,-2962.8906,919.3164,-7459.2003,449.8545,0
42.342067,-15636.7188,12390.2158,10135.9551,-14926.4917,0
42.345974,4813.4766,3994.8832,4900.5047,4836.1127,0
42.349880,-8989.2578,-11146.3908,-1478.9093,-5364.3439,0
42.353786,-15964.8438,620.5305,7830.9468,-15143.0297,0
42.357692,2813.4766,3802.2446,15553.6462,2559.9926,0
42.361599,5009.2773,-8195.0846,12720.8970,12707.6059,0
42.375105,-15933.5938,11849.4650,11185.7626,-15698.2363,0
42.379012,2312.9883,5313.5036,-9020.6380,1025.5995,0
42.382918,15002.9297,-2003.1569,8807.5032,-11053.7907,0
42.386824,-15933.5938,8189.1278,10100.3999,-15625.3918,0
42.390730,2687.5000,5499.9939,11783.8160,3025.5541,0
42.394637,-6986.3281,-6839.4315,2689.3631,-9081.1591,0
42.398543,-15628.9062,3181.8826,9367.4233,-15440.9865,0
42.402449,3312.9883,5911.2319,15059.9380,2461.8291,0
42.406355,-10990.7227,-7456.7438,12993.6476,-4930.8876,0
42.420138,15941.4062,11349.7901,14559.8347,15456.3525,0
42.424044,687.0117,4621.4399,12148.5688,-3815.3486,0
42.427950,-9013.1836,-5335.9237,-2989.5187,7104.8169,0
42.431857,15917.9688,6434.3044,14163.4300,15782.3836,0
42.435763,311.5234,6480.8236,-14452.6128,453.5787,0
42.439669,10980.9570,-5868.4751,-13234.7632,13025.9426,0
42.443575,15964.3555,3120.2781,12507.3378,15645.3780,0
42.447482,-1438.9648,6493.8025,11153.6759,-5659.6975,0
42.451388,-9024.4141,-9432.6870,998.7391,-2968.9641,0
42.466166,15589.3555,-376.8863,-15299.0843,15380.8794,0
42.470072,-2562.5000,4154.0186,-14026.8428,-5332.8288,0
42.473979,-15008.7891,8684.9235,8979.2806,-6786.6389,0
42.477885,15761.2305,13215.8284,15321.8662,15442.7151,0
42.481791,-2563.4766,6126.6197,376.1221,-5267.8558,0
42.485697,-9015.6250,2440.9893,-15175.5258,-829.7702,0
42.489604,15675.2930,14105.5578,-13491.0356,15605.2196,0
42.493510,-4813.9648,7957.7203,-10916.9644,-1594.9489,0
42.497416,-11026.3672,3105.8781,6935.8035,7025.7307,0
42.540192,15644.0430,15650.9087,8527.6618,-1512.4028,0
42.544098,-5063.9648,-5219.6905,12238.8905,2289.3801,0
42.548005,4976.5625,-12942.1682,8341.0758,4205.0416,0
42.551911,15479.9805,15129.5462,4443.2611,6120.7030,0
42.555817,-5563.9648,-5345.7464,545.4463,8036.3644,0
42.559723,-11022.4609,14755.7613,-3352.3684,9952.0259,0
42.563630,15690.9180,15575.1770,-7250.1832,11867.6873,0
42.567536,-6438.9648,-6457.9088,-11147.9979,13783.3488,0
42.571144,15651.8555,15406.6402,-14715.0701,15214.7781,0
42.571442,2976.5625,-9546.8206,-14445.7116,13462.9420,0
42.575050,-6439.9414,-9446.7731,-11173.1351,-7515.3974,0
42.578957,-7030.2734,6935.3283,-5214.2356,-12642.2095,0
42.582863,15558.1055,15394.9742,12308.0420,15081.1729,0
42.586769,-6689.4531,-8148.3961,10628.7458,-6899.6981,0
42.590675,12979.9805,-9016.6248,819.8200,5136.9066,0
42.594582,15675.2930,15624.5333,13710.0130,15601.2911,0
42.598488,-5688.4766,-7024.4174,-2757.6547,-2926.0074,0
42.602394,-13009.2773,2956.6571,-15219.1346,-10910.9633,0
42.615089,15917.4805,13203.9289,11217.3617,15717.2526,0
42.618996,-1313.4766,9851.0109,6090.4219,-1065.9558,0
42.622902,-3022.9492,-1535.2179,-7045.8618,14989.2261,0
42.626808,15597.1680,13620.3812,9441.2300,15356.1391,0
42.630714,-3938.9648,9816.3297,-14687.9617,-3709.7057,0
42.634621,-11013.6719,-1017.1862,-13007.2085,3181.2273,0
42.638527,15784.6680,15177.8171,9039.4414,15602.0259,0
42.642433,-6564.4531,10162.6227,-12125.2296,-2051.9255,0
42.646339,10972.6562,-6224.0435,-3080.5330,14968.2480,0
42.660279,15698.7305,12521.5618,9535.5881,15024.2785,0
42.664186,-1563.4766,4218.1072,-6300.9634,-5385.2532,0
42.668092,10983.3984,733.2654,-12768.7524,7163.8206,0
42.671998,15698.7305,10984.8696,8770.5342,14870.8435,0
42.675904,-7189.4531,3643.0675,-5605.2816,-7403.3919,0
42.679811,-11020.9961,4718.0315,-14785.9271,-10390.8267,0
42.683717,15761.2305,14421.9321,8482.5477,15239.4571,0
42.687623,-3189.4531,2250.0854,6908.4138,-1410.4579,0
42.691529,977.5391,1430.0063,12944.2632,14991.5471,0
42.705145,15776.8555,14775.8868,11222.1727,15651.0456,0
42.709051,-5939.4531,5970.3662,8127.5589,-2348.9580,0
42.712958,4975.5859,1284.8916,-15031.7794,-4752.9051,0
42.716864,15784.6680,11302.3202,10552.6472,15571.0581,0
42.720770,-3563.9648,5324.2398,-15546.1187,-2082.7131,0
42.724676,12982.9102,4512.4784,686.3190,-12653.0811,0
42.728583,15776.8555,15285.3583,9735.5781,15574.8348,0
42.732489,-4937.9883,4975.7804,12623.3656,-3199.3054,0
42.736395,-15011.7188,-3582.4951,-5273.1457,14997.7790,0
42.751085,15667.4805,15728.7057,14005.3013,15413.9939,0
42.754992,-1687.9883,-4777.1908,-8819.3044,-3072.0181,0
42.758898,14981.4453,4957.8147,-3226.1374,7088.7369,0
42.762804,15526.8555,15594.0108,13116.7041,15541.0085,0
42.766710,-4938.9648,-4154.0024,-5194.1228,-3580.5853,0
42.770617,-1016.1133,-15001.3834,2594.6247,-4786.2417,0
42.774523,15831.5430,15730.2776,12326.5548,15505.4676,0
42.778429,-4313.9648,-1783.3797,-71.1670,-2019.0302,0
42.782335,12980.9570,-1032.1454,4677.9036,-9030.0755,0
42.796180,15667.4805,14785.4092,14279.1669,-14901.7314,0
42.800087,-2812.9883,-2312.2594,-2726.4410,-3618.9512,0
42.803993,2985.3516,7717.4319,6752.4361,-5144.8952,0
42.807899,15776.8555,14745.2148,12422.1516,14005.9314,0
42.811805,-3438.9648,-1603.2019,-12610.3912,-5275.5696,0
42.815712,973.1445,-13256.4090,6625.7423,-6979.4304,0
42.819618,15714.3555,10166.8906,13559.0821,14172.5808,0
42.823524,-3563.4766,901.7493,2429.2440,-2415.2862,0
42.827430,10985.8398,-6186.9093,2717.9004,9149.2877,0
42.840209,15839.3555,12679.1315,12539.6840,15574.9160,0
42.844115,-1813.4766,4273.1109,14530.4220,-3466.0575,0
42.848022,4981.4453,5330.1653,6574.2953,-6855.1527,0
42.851928,15542.4805,15305.2840,10130.5045,15216.5200,0
42.855834,-9189.4531,2910.5699,11111.1710,-5728.9506,0
42.859740,-13020.5078,3099.4446,-9450.1872,-10813.8252,0
42.863647,15808.1055,14461.7656,11460.1069,15383.2801,0
42.867553,-4814.4531,4786.9260,-2560.0228,-7158.5334,0
42.871459,14978.5156,-5994.6661,2744.2376,-3001.7315,0
42.901090,15855.4688,15500.4647,10685.8818,4859.4381,0
42.904996,1812.0117,-5936.2838,-11018.7175,-3754.7431,0
42.908902,-3000.0000,-12965.0989,6715.3991,-13924.6277,0
42.912808,-15753.9062,15584.5770,1715.3674,1716.2150,0
42.916715,2562.5000,-4568.9510,4012.9068,-1755.4547,0
42.920621,3004.3945,4915.4491,5447.1739,-4505.1853,0
42.924527,-15738.2812,15558.0903,6212.9950,-6289.3395,0
42.928433,2687.5000,-5067.2807,6978.8161,-8073.4936,0
42.932340,-14983.8867,-10992.0996,7744.6373,-9857.6478,0
42.946860,-15691.4062,15548.2320,4764.7561,-10331.4503,0
42.950766,3812.9883,-3450.9851,-8975.1623,1300.7031,0
42.954672,13016.1133,14750.0717,2936.9382,-8043.9814,0
42.958579,-15621.0938,15743.9068,3806.0392,-9946.5118,0
42.962485,7563.4766,-2832.7082,-8900.0286,1172.7700,0
42.966391,-6998.5352,4883.5356,6320.1814,-9549.4961,0
42.970297,-15902.3438,15744.5114,4387.3791,-10756.2820,0
42.974204,3687.0117,-2090.3891,-7532.4259,4131.7757,0
42.978110,-2993.6523,-12886.0358,14580.9830,9585.0848,0
42.990215,-15965.3320,11985.5404,11397.4001,15787.8191,0
42.994121,-1312.0117,4404.0509,6120.0546,2684.3633,0
42.998027,13007.8125,3760.7800,-15145.1597,14719.6771,0
43.001934,-15839.8438,13537.8058,10760.2685,-15353.5367,0
43.005840,2562.9883,2832.5069,-11437.9117,4594.8227,0
43.009746,-6976.0742,-8471.3532,2808.4166,-4767.5467,0
43.013652,-15832.5195,4493.0739,10999.9882,15765.8309,0
43.017559,-312.9883,4083.2540,10281.5296,-404.0430,0
43.021465,-995.6055,-9638.9945,8763.2606,2942.9966,0
43.035130,-15871.5820,11523.6592,12147.7542,-15684.0256,0
43.039037,-687.9883,3112.1833,436.8431,3743.0392,0
43.042943,15007.8125,-12374.1590,4662.8119,-3116.4930,0
43.046849,-15871.5820,102.3841,11588.0891,-15583.9046,0
43.050755,-813.9648,5011.6659,-7285.6381,-1578.7626,0
43.054662,2981.9336,-3596.2577,2779.7835,-14709.9096,0
43.058568,15831.5430,7143.2378,11222.4563,15482.4972,0
43.062474,-5688.4766,6116.8096,9791.2723,-3661.6473,0
43.066380,8994.6289,571.5154,6708.4088,11003.5431,0
43.080341,15839.3555,13776.9931,13578.4245,14894.8085,0
43.084247,-3813.4766,8438.3058,-4707.2614,-6716.6786,0
43.088153,6997.0703,-5901.3709,12662.8743,-1573.0137,0
43.092060,-15980.4688,815.6476,12550.9265,-15321.5542,0
43.095966,2562.5000,9350.2986,-108.3419,1254.6975,0
43.099872,8991.6992,-7017.9361,-7233.5908,3474.7295,0
43.103778,15862.7930,-4429.7702,8870.0146,15155.7660,0
43.107685,-3688.9648,8451.2799,8621.9124,-3482.2332,0
43.111591,-5008.3008,-5298.0494,-3140.6114,-10717.6357,0
43.125047,15698.7305,12567.2691,12281.0691,15638.4731,0
43.128953,-4812.5000,4074.9043,10452.5456,-2386.4667,0
43.132860,-8993.6523,-833.3312,14792.9044,11068.4477,0
43.136766,15972.1680,10531.0459,9924.3011,15749.3276,0
43.140672,-2813.9648,5311.6173,6171.8792,-437.5794,0
43.144578,-1014.1602,-3837.4946,701.4100,9090.0274,0
43.148485,15839.3555,6445.8756,8666.6025,15578.8402,0
43.152391,-1188.4766,5652.6873,-12762.2598,-1749.9154,0
43.156297,2969.2383,-277.5930,8957.9692,2928.0065,0
43.170118,15644.0430,13994.3015,13568.3525,-15751.9524,0
43.174024,-4314.4531,7368.8167,14667.8541,-139.7829,0
43.177930,-1020.0195,-1932.7106,4970.4246,-6755.1447,0
43.181836,15636.2305,6437.9923,14001.0136,15747.1876,0
43.185743,-8063.9648,4008.6912,-11818.6634,-1812.8278,0
43.189649,8989.2578,3982.1389,-7195.1276,-12687.5148,0
43.193555,15690.9180,15267.3226,12855.4802,15628.0308,0
43.197461,-5188.9648,2885.7742,-4407.4341,-2735.4859,0
43.201368,8975.0977,-1123.4677,13011.5884,-6944.3338,0
43.216173,15659.6680,15391.7805,-15370.6391,15522.9082,0
43.220079,-1813.4766,-6850.8541,-14701.8646,-1463.3895,0
43.223985,12974.1211,934.1580,-14962.3043,7094.0338,0
43.227891,15831.5430,15578.3694,14715.6344,15564.4848,0
43.231798,-3064.4531,-4857.8176,-13430.1888,-3357.1951,0
43.235704,-1016.1133,12908.8230,2744.2998,-6759.7680,0
43.239610,15698.7305,15477.9004,-14057.1411,15532.9731,0
43.243516,-63.4766,-7472.5639,-1930.1112,-831.3479,0
43.247423,12955.5664,8924.9476,10873.2753,-12938.7089,0
43.275109,15487.7930,15813.8196,-11766.7656,3007.5847,0
43.279015,-7690.4297,-3612.4029,-9546.0717,2570.7987,0
43.282921,-3028.8086,-1051.6700,11208.5377,-12783.9072,0
43.286828,15620.6055,15542.1514,-420.4439,-1647.9117,0
43.290734,-5438.9648,-2747.0475,1580.6747,4350.1336,0
43.294640,-11016.1133,-10952.3407,4154.1591,6198.0465,0
43.298546,15933.1055,15315.4204,5874.5985,7659.8105,0
43.302453,-687.5000,-2252.9947,7595.0379,9121.5744,0
43.306359,14995.1172,-10938.9760,9315.4773,10583.3384,0
43.319944,15534.6680,10492.0083,15268.4528,15454.4255,0
43.323850,-5812.9883,11026.3254,8627.9659,-3268.5728,0
43.327756,987.3047,-4958.6005,-1380.7414,13020.7500,0
43.331662,15714.3555,-621.7259,11326.1673,15736.6153,0
43.335569,-3563.9648,11111.9291,-9186.7044,-3640.3242,0
43.339475,-13021.4844,-3967.0438,-3273.2616,13002.8581,0
43.343381,15823.7305,4139.0253,12740.3219,15344.8148,0
43.347287,-2688.9648,11448.5554,11354.3817,-5867.3624,0
43.351194,-7018.5547,-1899.5832,-7313.8362,-10952.2990,0
43.366233,15722.1680,-15910.9046,9914.9855,15260.2408,0
43.370139,-4314.4531,1526.6942,9437.5812,-4505.9310,0
43.374046,-11034.6680,-11001.7833,10743.8977,-755.1219,0
43.377952,15604.9805,15551.9381,9390.5949,15279.8671,0
43.381858,-6438.9648,-6519.8112,8754.1795,-5744.5645,0
43.385764,2983.8867,959.5949,-1243.7743,-8602.8447,0
43.389671,15792.4805,15560.2474,8483.4789,15396.3750,0
43.393577,-4313.9648,-5647.0724,9657.4387,-3308.9304,0
43.397483,-1008.3008,-1033.7054,4779.7727,-2914.9070,0
43.410117,-15972.6562,13374.8158,9333.7562,15800.6725,0
43.414023,561.5234,2363.7495,1160.9388,1777.4734,0
43.417929,-11016.1133,-5473.8456,-11251.7429,-13053.3393,0
43.421836,15800.2930,7237.4887,8564.7661,-15861.2619,0
43.425742,-3812.9883,4228.3678,-10915.0463,-4480.9170,0
43.429648,1004.3945,2507.9030,12791.6792,14990.9951,0
43.433554,15839.3555,12722.9466,7645.1654,15527.6542,0
43.437461,-3688.4766,5493.3948,-5203.8418,-4880.7802,0
43.441367,10973.1445,-8516.3001,-7188.2014,-10944.6789,0
43.455051,15628.4180,11547.9571,10699.0060,15603.2746,0
43.458957,-5063.9648,4531.0861,6542.1001,-3744.3871,0
43.462863,970.2148,-10825.3983,-1083.9599,-8750.4974,0
43.466769,15597.1680,286.8597,10313.2252,15518.3941,0
43.470676,-3563.9648,5246.5842,-10166.7494,-3064.8348,0
43.474582,-11018.5547,-9202.3766,14657.2877,-14690.1421,0
43.478488,15940.9180,1223.8330,9148.8374,15340.6997,0
43.482394,-1189.4531,4865.1222,12794.9018,-8879.5513,0
43.486301,-13021.4844,412.9226,12782.4172,-14918.1947,0
43.500007,15667.4805,14420.6582,13179.3092,15743.5827,0
43.503914,-8064.4531,5081.7844,-3713.9810,-4533.7464,0
43.507820,-11018.5547,-9412.0095,-7210.5635,-862.5301,0
43.511726,15901.8555,982.9562,12805.7749,15609.8939,0
43.515632,-1438.4766,3477.4388,6897.2111,-2105.0967,0
43.519539,-13012.6953,-5117.6359,-1409.4486,-6830.3426,0
43.523445,15792.4805,7252.9646,10946.0143,15421.0002,0
43.527351,-6938.9648,5901.0977,-10574.6781,-5953.2359,0
43.531257,12974.1211,4106.8365,-3325.6887,6997.2775,0
43.547995,15526.8555,14474.2944,14522.6922,3935.7677,0
43.551901,-5939.4531,14867.4197,12500.1579,-10609.8364,0
43.555807,-5016.6016,15260.5450,12419.9633,2766.9008,0
43.559713,15636.2305,15653.6703,-1847.4061,3975.8250,0
43.563620,-6064.4531,-1837.7196,-10378.2631,3286.8031,0
43.567526,-15020.0195,-13612.4836,4259.6626,12827.1570,0
43.571432,15831.5430,11567.4649,4812.3508,2416.2651,0
43.575338,-7439.9414,-3137.0306,6655.4885,-152.6818,0
43.579245,-13019.5312,-10353.0413,14245.5534,6744.1746,0
43.590147,15753.4180,-12042.2027,12439.6993,15109.1159,0
43.594054,-5564.4531,4714.1785,-9075.8034,-9561.1780,0
43.597960,-5020.5078,-4462.1875,-5414.3061,-8858.3406,0
43.601866,15769.0430,6430.8431,10260.7644,15403.8970,0
43.605772,-3063.4766,4821.4076,-10558.7421,-9461.6683,0
43.609679,-10996.0938,-4336.6894,6535.5189,5061.3250,0
43.613585,-15753.9062,6472.8557,11198.2586,15662.4192,0
43.617491,1311.0352,7014.4481,-1231.1513,-4843.6237,0
43.621397,10968.7500,-5296.9957,-15320.4511,-8965.8688,0
43.651079,15565.9180,15519.1741,11797.8574,-1909.1208,0
43.654985,-6689.9414,-4598.8282,907.6915,-8401.2665,0
43.658891,-3023.9258,10910.7374,7632.9137,12100.2379,0
43.662798,15745.6055,15732.0324,-429.0477,329.4314,0
43.666704,-5564.4531,-8331.5302,5306.8326,5497.3345,0
43.670610,-7024.9023,12871.8448,7129.2004,8023.2831,0
43.674516,15729.9805,15538.7206,7537.6122,9252.3001,0
43.678423,-3063.9648,-5593.7910,7946.0240,10481.3170,0
43.682329,-3010.2539,940.3748,8354.4359,11710.3340,0
43.696196,15847.1680,14791.2241,9515.7637,14963.7136,0
43.700102,-5188.4766,-2598.3644,-11163.5184,203.0886,0
43.704009,987.3047,2737.9795,887.3147,-11027.0876,0
43.707915,15714.3555,13526.4101,8814.7791,14592.5274,0
43.711821,-2812.9883,-875.0610,-9039.8510,-577.0392,0
43.715727,4988.7695,-6578.4432,-14788.6918,11337.6808,0
43.719634,15776.8555,11234.3133,10656.5338,14766.3798,0
43.723540,-4688.9648,-1085.6505,-7587.6935,448.4338,0
43.727446,10993.6523,-9869.2782,10803.1173,9135.1372,0
43.740146,15995.6055,10444.9054,12030.9611,15614.8994,0
43.744053,-813.4766,10377.5700,-14918.2762,-2425.6870,0
43.747959,-13016.1133,-6932.6538,6925.4290,-856.4533,0
43.751865,15925.2930,-4299.3651,13434.6402,15691.1321,0
43.755771,-188.9648,11100.6599,10779.4615,-2419.2462,0
43.759678,-1011.2305,-3148.1512,4984.1657,12997.4316,0
43.763584,-15996.5820,1664.1491,14228.7231,15707.9981,0
43.767490,-2188.4766,11071.9878,-2828.9087,1680.4979,0
43.771396,6984.3750,-2864.4317,-2997.9586,1027.6746,0
43.785019,15894.5312,12621.2984,-15715.5474,15710.5683,0
43.788925,1687.0117,4960.7620,15266.0553,-1883.5394,0
43.792832,10980.4688,4145.5557,10830.6467,3129.9677,0
43.796738,15628.4180,14385.3415,13308.5967,15615.4013,0
43.800644,-4188.4766,6202.6997,-13922.5537,-6299.9753,0
43.804550,980.4688,3148.4374,8953.3020,-4786.9122,0
43.808457,15878.4180,12459.9865,13735.8088,15357.4622,0
43.812363,-1938.9648,4633.5121,-3565.8570,-3938.4225,0
43.816269,-7020.5078,-9616.0878,14724.8527,-14921.1871,0
43.830813,-15934.0820,13727.2379,14486.9586,15230.1447,0
43.834719,-2564.9414,2643.5184,1760.8572,-7207.6330,0
43.838626,-13020.5078,131.5250,10726.9840,1351.5548,0
43.842532,15737.7930,11743.6784,11167.8436,14760.8149,0
43.846438,-4813.4766,-820.6375,-8018.1012,-6021.2980,0
43.850344,14985.3516,-2556.5705,-1286.9820,13051.1275,0
43.854251,15722.1680,11254.7136,9195.9764,15178.8189,0
43.858157,-3563.9648,-1906.7454,-4578.4044,-5184.4447,0
43.862063,4962.8906,-7374.3043,8818.0451,-4856.9816,0
43.875148,15433.1055,12505.5097,13135.4446,15331.1127,0
43.879054,-6438.9648,5630.6575,-12899.0134,-5435.4617,0
43.882961,8979.9805,3035.9304,8821.0659,-4841.9389,0
43.886867,15698.7305,12402.6032,10848.9255,15651.2644,0
43.890773,-3938.4766,4006.9137,-12929.5614,-2187.0757,0
43.894679,-7008.3008,-10979.7089,-3362.5998,13013.1959,0
43.898586,15776.8555,947.9199,8726.8593,15534.6810,0
43.902492,-3939.4531,6041.0758,-8428.8524,-6999.2153,0
43.906398,-7032.2266,-7039.4818,-3149.2390,1017.4530,0
43.920084,15612.7930,11876.9360,11584.9469,15707.5234,0
43.923991,-4563.9648,5292.8591,-516.9311,-8955.1305,0
43.927897,10978.0273,3960.9210,12915.6685,-10796.4013,0
43.931803,15597.1680,14331.1862,12955.0001,15517.6427,0
43.935709,-8189.9414,5992.3875,12752.2369,-8366.3631,0
43.939616,-3035.1562,-2364.1391,729.6295,1079.7983,0
43.943522,15565.9180,7294.1005,12686.0421,15445.3090,0
43.947428,-3189.4531,6336.8122,-12708.3791,-3855.3028,0
43.951334,-11036.1328,3025.4367,-13063.6256,-8985.2924,0
43.966183,15472.1680,12159.4862,14639.3743,15479.7155,0
43.970089,-7564.9414,13121.3369,11781.8548,-4269.1577,0
43.973996,8961.9141,14083.1875,8803.7084,-12773.9636,0
43.977902,15604.9805,15045.0382,11755.1534,15518.0602,0
43.981808,-8564.4531,6498.4002,-4805.4985,-869.6669,0
43.985714,6979.0039,-9044.5390,4697.5381,-6804.6991,0
43.989621,15706.5430,-1070.5881,15083.9810,15617.5642,0
43.993527,-2689.4531,5126.3384,-1411.9791,-830.9889,0
43.997433,-13037.1094,-8432.0437,10940.8433,10936.1535,0
44.025057,15636.2305,12786.1554,15082.0683,-15896.5141,0
44.028964,-5438.9648,4413.1680,5754.8859,-1386.0727,0
44.032870,2978.0273,-11048.4386,-15133.6368,7034.3442,0
44.036776,15644.0430,47.9753,-15960.3507,15556.6097,0
44.040682,-6313.9648,5420.0596,8492.7429,-7920.4407,0
44.044589,14980.4688,-2094.7747,-15198.2201,-4886.3672,0
44.048495,15706.5430,8177.9545,15334.8255,15565.9841,0
44.052401,-3313.9648,7709.4580,7510.2427,-1404.5686,0
44.056307,-11025.8789,-3679.3416,-7270.8446,10822.3211,0
44.070154,15589.3555,12566.2479,14630.4410,735.3789,0
44.074060,-7314.4531,5033.7778,-5633.3737,4058.5792,0
44.077966,-13023.9258,-7249.0701,-15284.6046,14226.8611,0
44.081872,15745.6055,3484.5056,11258.9955,-2797.6083,0
44.085779,-938.4766,5765.9662,15779.7498,10347.8102,0
44.089685,2977.5391,2593.8775,14563.3065,13325.1639,0
44.093591,15698.7305,12333.0161,11749.8766,13727.6800,0
44.097497,-3813.9648,6102.8571,-6228.5562,14130.1960,0
44.101404,8974.1211,-5124.0529,-9298.7374,14532.7121,0
44.115135,15886.2305,12673.2947,10418.8604,15630.3237,0
44.119041,-4189.9414,4700.7132,8801.8442,-2460.4214,0
44.122947,-3016.6016,86.3896,8707.4905,11067.8239,0
44.126854,15722.1680,10554.5007,9907.7312,15284.2134,0
44.130760,-7313.9648,5738.6378,9701.2664,-5923.1964,0
44.134666,-5015.6250,5301.5666,-1217.0764,-4678.3351,0
44.138572,15651.8555,14445.8289,8545.2079,15261.6900,0
44.142479,-7189.4531,5487.9391,-6552.7672,-4146.7238,0
44.146385,2974.6094,4993.4539,-5086.3975,-8910.4518,0
44.160049,15729.9805,14993.4869,9857.3117,15515.2926,0
44.163955,-3563.9648,9354.7090,-14533.3661,-2098.0667,0
44.167861,-9017.0898,-7310.5630,4772.3239,9042.7523,0
44.171767,15854.9805,-3387.2200,8281.0471,15553.0198,0
44.175674,-2563.4766,9225.1944,-3698.2672,-5041.5023,0
44.179580,-5021.9727,-6607.0778,-3039.8255,13002.7518,0
44.183486,15612.7930,-516.0743,8588.9234,15486.2973,0
44.187392,-1563.4766,9244.8026,-11423.0760,-7602.5995,0
44.191299,-9017.0898,-4970.1867,931.3534,2944.5246,0
44.205147,15823.7305,13129.7461,10752.5248,-15822.1474,0
44.209054,-1063.4766,4092.5859,10783.1594,1467.2466,0
44.212960,-15016.6016,-7042.4056,-3096.3983,5085.1097,0
44.216866,15823.7305,4441.8312,10326.3589,15767.4242,0
44.220772,-5814.4531,4017.8523,3029.1662,-6712.4226,0
44.224679,-11017.5781,-1012.3765,-7201.8687,5080.0440,0
44.228585,15737.7930,10352.9226,8694.1543,15532.5621,0
44.232491,-5189.4531,5159.5003,6409.2813,-5155.3482,0
44.236397,-1019.5312,-1940.0015,-1228.0096,12983.7231,0
44.250006,15737.7930,13498.0748,11670.8084,15547.0228,0
44.253912,-5814.4531,5197.9054,-12567.7324,-3099.0389,0
44.257818,8980.9570,-2428.5371,-3281.6782,10994.2492,0
44.261724,15604.9805,8092.7053,11749.7795,15495.7876,0
44.265631,-6814.4531,3547.2939,-2836.3822,-7509.7997,0
44.269537,-11028.3203,-9960.2221,543.3204,883.2921,0
44.273443,15815.9180,2059.3917,9890.5558,-15808.8433,0
44.277349,-1813.4766,6335.3529,-9330.7657,-1201.0656,0
44.281256,-1004.8828,-9103.5039,-1369.6468,-2974.7011,0
44.295909,15862.7930,13382.9707,13186.9603,14687.7752,0
44.299816,-3189.4531,281.9077,9842.3962,-3762.8495,0
44.303722,-5039.0625,6335.4789,-1377.5063,1849.1013,0
44.307628,15690.9180,14156.7162,12375.0700,14220.6983,0
44.311534,-2064.4531,-3358.6968,14498.7994,-7157.3192,0
44.315441,14978.0273,-8007.5645,-11476.1794,15039.8011,0
44.319347,15878.4180,9383.2167,12251.6172,14243.9663,0
44.323253,-3813.9648,608.7075,-13427.7870,-7295.9847,0
44.327159,4984.8633,-3626.3178,-7450.9833,-6614.1005,0
44.339980,15644.0430,12840.3107,11192.5033,15470.1754,0
44.343887,-7564.4531,4236.7180,12245.6564,-3455.1784,0
44.347793,6961.9141,-557.5115,-11475.6072,-4816.4058,0
44.351699,15433.1055,11195.8158,9208.7487,15752.3603,0
44.355605,-10064.9414,5509.8728,15006.9038,-2944.4171,0
44.359512,976.0742,-4133.1267,2388.5630,9053.1213,0
44.363418,15620.6055,6184.2304,10317.5798,15623.6446,0
44.367324,-3563.4766,5809.4092,-4849.1346,-3458.9032,0
44.371230,-3023.4375,-1990.3122,-13383.0762,6998.7522,0
44.401079,15659.6680,15593.8570,9283.5018,-3729.1163,0
44.404986,-1312.9883,-4156.5106,10083.0872,10795.4613,0
44.408892,-9018.5547,14952.9116,677.6026,15323.4334,0
44.412798,15761.2305,15853.5731,8935.6347,2320.3439,0
44.416704,-1689.4531,-4032.2710,5705.7164,-872.2988,0
44.420611,10972.6562,-5021.4007,-3210.5164,917.3192,0
44.424517,15698.7305,15634.0527,8389.4016,3194.1155,0
44.428423,-1312.5000,-3407.6087,-855.4118,5470.9118,0
44.432329,10986.3281,-7012.7707,10780.4025,7747.7082,0
44.446067,15769.0430,13009.7427,8817.3798,14309.0222,0
44.449973,-3688.4766,5390.3811,-14098.4675,-5669.6979,0
44.453879,981.4453,-2401.5128,6877.6097,-9360.5063,0
44.457786,15753.4180,7655.2981,9911.1220,14132.7101,0
44.461692,-1813.9648,4494.8598,5214.6908,-7412.7124,0
44.465598,-1022.4609,35.0331,3276.7230,-5601.8617,0
44.469504,15698.7305,10635.8140,12717.0523,14474.9284,0
44.473411,-4063.4766,4551.3177,10029.8289,-3622.9918,0
44.477317,10989.2578,5231.7178,12989.9135,3231.2265,0
44.490035,15753.4180,15609.8670,12280.8970,15510.2490,0
44.493942,-1813.4766,6549.1369,1780.8565,-440.0478,0
44.497848,-15004.8828,-2647.1372,-10898.6283,11043.7764,0
44.501754,15948.7305,6780.1038,13678.3731,15703.2329,0
44.505660,-1937.9883,5476.8848,-5954.7478,-1373.7208,0
44.509567,6976.5625,-10419.2630,-4899.7472,-6781.6716,0
44.513473,15495.6055,-812.1457,14356.2688,15247.0161,0
44.517379,-6813.4766,6196.6419,15899.6689,-5596.8270,0
44.521285,-1012.6953,-4839.3089,2981.4924,3006.5240,0
44.536119,15698.7305,15518.4454,-15909.1862,15565.0925,0
44.540025,-1437.9883,-6409.6226,-5678.2728,-1198.5441,0
44.543931,14990.7227,-13012.2037,10740.6146,-12717.3459,0
44.547838,15964.3555,15769.5951,13222.2901,15483.7123,0
44.551744,-1313.9648,-2414.1025,9009.2392,-2613.5906,0
44.555650,-5014.1602,12957.4338,-9120.4066,14646.8060,0
44.559556,15901.8555,15663.8879,12536.4313,-15785.4398,0
44.563463,-813.9648,-2539.6110,9299.7301,1318.9215,0
44.567369,-1028.8086,-9014.3212,4725.3028,-8938.2244,0
44.580221,15425.2930,11227.3712,14201.6878,15095.1648,0
44.584127,-9813.9648,7732.9145,-9773.3815,-8404.4884,0
44.588034,6998.5352,-10187.5838,-5140.3855,15018.6582,0
44.591940,15823.7305,-1633.5134,13048.5169,15363.3800,0
44.595846,-9814.9414,9130.7196,-1639.9701,-6917.1859,0
44.599752,-15016.1133,-6614.7437,4594.4292,5220.3778,0
44.603659,15511.2305,-285.0358,9470.9638,15107.9462,0
44.607565,-10064.9414,8851.2740,4520.1313,-6195.7641,0
44.611471,-7028.3203,-9434.0037,12722.5023,-914.4039,0
44.625176,15440.9180,10950.1201,12125.7985,15496.5755,0
44.629082,-9188.9648,4247.3371,10278.3522,-9063.8459,0
44.632988,12978.5156,-5038.4455,-7377.1604,11011.1179,0
44.636895,15394.0430,6343.8818,8745.8233,15320.2059,0
44.640801,-12440.4297,3492.1173,-8805.8586,-12480.3182,0
44.644707,-13026.8555,-10861.5538,4503.5323,1063.7255,0
44.648613,15573.7305,1289.3246,6836.2741,15303.9968,0
44.652520,-11565.4297,5568.7637,-3812.0689,-10095.2675,0
44.656426,-1026.3672,-5728.3984,-1270.6734,4974.5691,0
44.670097,15511.2305,11018.3740,9361.2117,14981.0239,0
44.674003,-8564.4531,9524.1634,-4040.2086,-8023.9106,0
44.677909,-9021.9727,-2842.4258,10715.6118,-4741.3127,0
44.681816,15636.2305,13645.2082,9977.6141,15584.5490,0
44.685722,-6564.9414,9700.6383,-3555.1392,-4817.9342,0
44.689628,-1015.1367,-2559.3182,8618.1174,13016.1613,0
44.693534,15839.3555,5684.4959,11258.7637,15608.3953,0
44.697441,-5438.9648,-12519.2202,4017.5390,-1035.5881,0
44.701347,8975.0977,-1574.9296,-5255.8190,1034.4418,0
44.716942,15644.0430,8139.2333,3655.6279,5086.8562,0
44.720849,-4688.4766,10344.9904,-8151.6470,-973.3762,0
44.724755,10989.7461,12550.7476,-954.3572,10069.3298,0
44.728661,15636.2305,14756.5047,-1385.9309,5896.1650,0
44.732567,-4938.4766,5371.1199,-8067.8256,894.8979,0
44.736474,14977.5391,1376.8714,6214.4049,11143.9574,0
44.740380,15612.7930,10873.5524,6109.4145,6890.3015,0
44.744286,-2313.9648,4435.7243,2394.9947,-2840.1283,0
44.748192,-3011.2305,-463.4897,7297.9783,-1774.2202,0
44.775058,15878.4180,11643.5656,13986.9480,15740.8928,0
44.778964,-4938.4766,6613.7388,4005.2540,-2883.9064,0
44.782871,-9019.0430,860.1551,-15157.1396,-10772.8631,0
44.786777,15675.2930,10945.4080,13443.2785,15540.3827,0
44.790683,-2938.4766,5292.2415,15851.9156,-1736.3073,0
44.794589,-11020.9961,2185.0034,-15239.5440,7065.7372,0
44.798496,15495.6055,14179.8234,13731.0793,15580.1914,0
44.802402,-8187.9883,5275.3100,5005.5319,-5909.4372,0
44.806308,2993.1641,-8808.4633,-9309.0241,8868.8558,0
44.821055,15737.7930,15733.0177,13225.1350,-7811.9215,0
44.824961,-3313.9648,-5282.4122,-1427.4210,2502.4659,0
44.828867,-9018.5547,-9021.2074,-15184.6939,14029.4873,0
44.832773,15698.7305,15606.5085,11274.4468,-3092.1295,0
44.836680,-2938.4766,-4408.4104,-3961.6224,-10649.9750,0
44.840586,8989.7461,969.7859,14640.4535,-7048.3851,0
44.844492,15933.1055,15738.7392,12898.9647,-3446.7952,0
44.848398,-3564.4531,-2411.2749,6747.0535,154.7948,0
44.852305,-1016.6016,-3019.6230,721.9239,3756.3847,0
44.865273,15698.7305,12361.7903,11474.2503,15109.0992,0
44.869179,-4937.9883,7964.3063,8648.1079,-2509.2791,0
44.873086,10986.3281,-6634.2072,6719.0362,-4435.6008,0
44.876992,15526.8555,2886.5407,10146.3190,15063.4914,0
44.880898,-5689.4531,9202.0077,9576.1227,-2455.0974,0
44.884804,-15032.7148,-2171.2353,-7130.2681,-2491.3364,0
44.888711,15714.3555,7003.2501,7873.4366,15300.1571,0
44.892617,-5689.9414,9487.7691,-306.0418,-2606.7071,0
44.896523,-9020.5078,242.7002,-9110.3612,9021.3503,0
44.910172,15753.4180,14779.6482,9324.1869,15571.5910,0
44.914078,-6063.4766,3483.9425,14906.6175,-1699.3558,0
44.917985,-1016.6016,5499.0727,-5182.9116,-2861.3251,0
44.921891,15644.0430,15342.1678,8068.3593,15486.7001,0
44.925797,-1687.9883,2970.8692,-4459.5565,-7131.0760,0
44.929703,-12999.0234,5115.7752,-9182.8230,14985.3640,0
44.933610,15792.4805,15294.9288,7251.3853,15444.8657,0
44.937516,-8689.9414,1818.8276,-7823.2689,-7701.9775,0
44.941422,-3018.0664,-228.6009,-7206.6220,-8981.0327,0
44.955022,15894.0430,14319.4249,10071.9429,15347.2979,0
44.958928,-3189.4531,6714.8873,9554.2415,-6342.4674,0
44.962835,12979.0039,-5005.1758,10831.5426,-8766.8827,0
44.966741,15815.9180,3675.6059,9886.3917,15493.0521,0
44.970647,-4063.9648,7254.8055,5920.0538,-2816.0813,0
44.974553,-15019.5312,-4417.1932,4759.0264,-14703.9205,0
44.978460,15628.4180,3611.0989,8652.1966,15679.9325,0
44.982366,-5563.9648,4883.9557,-208.3299,-1681.2044,0
44.986272,-13016.6016,1530.9653,-3225.0645,10984.9924,0
45.001062,15894.0430,15655.0743,11060.8123,15276.1992,1
45.004968,-1687.9883,-5745.7524,-4081.9928,-5147.6475,1
45.008874,-11002.9297,6929.3137,-3214.6877,11035.2495,1
45.012781,15729.9805,15460.5432,11575.9334,15312.7369,1
45.016687,-3188.4766,-6867.2164,-12547.5346,-8384.8032,1
45.020593,-15016.1133,10921.6801,10568.6045,9071.7362,1
45.024499,15714.3555,15683.6310,10428.5621,15725.5658,1
45.028406,-5189.9414,-3128.5387,8168.6867,-2075.4171,1
45.032312,-7039.0625,-5028.7631,12666.8061,8993.1106,1
45.046275,15589.3555,13254.5577,13147.2897,13925.2115,1
45.050181,-4688.9648,1886.7494,7019.2331,-2256.6075,1
45.054087,14970.2148,-1616.4108,-10987.0410,15057.9124,1
45.057994,15511.2305,10354.3706,11094.5549,13580.5022,1
45.061900,-8564.9414,4766.0459,9783.0905,-7699.5513,1
45.065806,12983.8867,-5410.0741,-13110.5645,5966.6290,1
45.069712,15628.4180,6027.8484,11173.4036,13794.6833,1
45.073619,-8564.4531,1349.4673,7268.2070,-5829.7411,1
45.077525,-3030.7617,-4363.8813,601.6170,3328.9209,1
45.090071,15479.9805,13097.9242,11895.3758,15764.2143,1
45.093977,-6563.9648,5247.3409,14292.7898,-2472.5282,1
45.097884,-9020.5078,-2116.3868,14471.6759,9039.8415,1
45.101790,15526.8555,8259.2449,9555.4476,15488.6245,1
45.105696,-5687.9883,4159.6105,-4432.2964,-5992.3164,1
45.109602,4989.2578,-10161.7153,4421.9551,3072.8972,1
45.113509,15675.2930,1235.5299,11499.0437,15328.4265,1
45.117415,-5439.4531,5270.5472,14356.3908,-8535.0069,1
45.121321,6977.0508,3936.7352,-1312.6054,10998.4118,1
45.150086,15675.2930,15845.3904,9339.1498,-3613.2050,1
45.153993,-7939.4531,-4353.6150,-3273.4258,1852.0005,1
45.157899,14970.7031,-3033.3547,10365.9866,14189.2238,1
45.161805,15440.9180,15486.7993,8322.6774,-4252.4324,1
45.165711,-10815.4297,-7092.6237,-5110.3230,10510.1770,1
45.169618,-5023.9258,-7024.6301,-4853.6345,13620.6395,1
45.173524,15698.7305,15594.2610,-2370.0849,14352.4125,1
45.177430,-5439.4531,-3979.9032,113.4647,15084.1854,1
45.181336,-3030.7617,-14978.2610,2597.0144,11400.2460,1
45.196678,15573.7305,15630.7565,12315.8763,-3732.6540,1
45.200584,-5189.4531,-2782.0925,13107.9514,8010.3134,1
45.204490,-11030.7617,-5017.2426,5045.7043,13445.9320,1
45.208397,15565.9180,15460.7202,10052.6898,-354.6235,1
45.212303,-6564.4531,-6152.0937,-8582.3731,14983.9590,1
45.216209,12979.0039,-5021.0322,-8393.2554,15045.7729,1
45.220115,15706.5430,15640.1055,13600.3833,15107.5868,1
45.224022,-6814.4531,-4778.6387,10544.3253,15169.4006,1
45.227928,966.7969,-3008.9329,-4885.3061,15231.2145,1
45.241213,15323.7305,13371.5427,11439.2374,15225.7514,1
45.245119,-13066.4062,4555.6819,-3570.1106,-9955.2945,1
45.249025,-11087.4023,-9713.3624,8594.0616,3032.0734,1
45.252932,14308.1055,1581.6218,5930.7928,14647.9867,1
45.256838,3678.7109,3739.3506,-3507.4585,5987.0007,1
45.260744,-5168.4570,2683.7721,-15602.0060,12841.0852,1
45.264650,12901.3672,-1679.0307,3722.6958,12913.6017,1
45.268557,10922.8516,-6174.4029,-13959.6595,-15911.9312,1
45.272463,-9245.1172,-2926.3194,6190.7449,-11184.9505,1
45.285989,12049.3164,-15618.1378,2491.6652,12126.0915,1
45.289895,-5080.5664,8281.7865,-6099.3129,-3082.0109,1
45.293801,6733.8867,7020.2692,6030.8329,-3130.1251,1
45.297707,11971.1914,-15513.0967,871.5673,11884.3480,1
45.301614,-3330.0781,8408.1874,7380.4748,-2270.4196,1
45.305520,-11305.1758,9030.9547,10022.6176,4792.0146,1
45.309426,11573.2422,-15549.4419,484.7192,11769.0157,1
45.313332,2670.8984,4161.8122,8982.9154,2490.5221,1
45.317239,-1250.9766,-8960.1075,-1952.3818,10756.0115,1
45.331194,12151.3672,-15850.4276,1319.1287,12139.5823,1
45.335100,2422.8516,-231.5432,-1378.7309,6188.4108,1
45.339006,-3229.0039,-6953.1591,-3935.3765,-10578.0845,1
45.342912,12159.1797,-15728.6769,1545.2658,12357.8031,1
45.346819,5798.3398,4006.5394,10192.3829,9597.1029,1
45.350725,-15209.4727,-8935.2022,-9910.9736,6987.6475,1
45.354631,12995.1172,-15609.7822,1773.3269,12710.4977,1
45.358537,13675.2930,1139.6718,-10160.2798,-9589.2591,1
45.362444,-11176.2695,10983.9811,10231.8191,-1041.7795,1
45.375220,13135.7422,-12400.2587,4840.9412,13417.3717,1
45.379126,-12948.7305,-6906.2120,-2712.2065,-10144.7666,1
45.383033,2831.0547,2304.2796,2301.6301,-1051.6603,1
45.386939,13541.9922,-6718.1175,4677.6789,13743.8449,1
45.390845,-7696.7773,-6978.3559,12273.4429,-3498.8884,1
45.394751,862.7930,7382.8032,8298.6960,8887.5442,1
45.398658,13737.3047,14538.4749,3919.4693,13952.7749,1
45.402564,-8071.7773,7027.1815,-8580.7374,-1094.0999,1
45.406470,-15125.9766,-185.0405,-7459.0104,-5066.6172,1
45.420129,14042.4805,13439.5248,7429.3466,14388.2581,1
45.424035,1804.6875,7764.0231,-9592.7089,5456.8238,1
45.427941,2860.8398,-5895.6251,-13391.9218,-10970.4524,1
45.431847,14073.7305,-13295.0663,8352.2844,14375.7701,1
45.435754,8556.1523,-7937.8167,7545.6907,13937.3879,1
45.439660,14889.6484,-530.5991,12570.9412,14898.7772,1
45.443566,14456.5430,-8913.2514,10076.5469,14424.1538,1
45.447472,7055.1758,-8911.7631,7396.2297,7581.8491,1
45.451379,-3093.7500,3750.1979,-7294.9277,-9033.5061,1
45.465152,14651.8555,14369.3424,10790.1856,15001.1525,1
45.469058,12681.6406,12635.7257,3085.1339,15057.1529,1
45.472964,-9083.4961,494.1130,6784.5412,-4468.7669,1
45.476870,14956.5430,10274.2468,10318.5468,14105.0419,1
45.480777,15683.1055,12718.3661,-13299.9391,-15011.3873,1
45.484683,-13074.2188,-3215.1980,12720.7193,11037.0567,1
45.488589,15183.1055,-6050.1899,14774.5397,14123.4049,0
45.492495,-12066.4062,12283.5999,8151.9264,-12399.9303,0
45.496402,8932.6172,285.4996,-15077.0660,-10847.2538,0
45.525221,15026.8555,15831.9562,-15535.0857,-2570.2103,0
45.529127,-11815.4297,7139.2130,14476.0044,7449.8923,0
45.533033,954.1016,6073.1400,789.5157,14411.4597,0
45.536939,15503.4180,14453.6625,-14634.8025,-6100.8657,0
45.540846,-7690.4297,6863.9190,-3308.4210,163.9012,0
45.544752,-1037.5977,5832.6444,4762.9664,4303.1531,0
45.548658,15440.9180,14436.7374,-14250.2963,5966.3843,0
45.552564,-7938.4766,6332.6240,-11463.7661,7629.6155,0
45.556471,6971.6797,-2848.8960,-11187.6109,9292.8467,0
45.570023,15190.9180,13076.6592,15449.3956,14836.1954,0
45.573930,-10939.9414,6126.6349,1802.4201,-11742.5026,0
45.577836,14952.6367,-6377.3738,8647.9886,12969.2091,0
45.581742,15308.1055,3301.3740,11860.6386,15158.4827,0
45.585648,-10814.9414,8168.0419,-7568.5672,-8253.8084,0
45.589555,12970.7031,-2372.0671,4620.2187,14967.2795,0
45.593461,15487.7930,-10382.9249,12541.9028,15186.1348,0
45.597367,-6438.9648,-7844.3119,-15290.1247,-10627.3412,0
45.601273,14981.9336,7623.0071,10723.9457,12962.6077,0
45.615148,15675.2930,15645.5382,12397.4365,15031.1817,0
45.619054,-6813.4766,10056.4648,-5705.6063,-11618.8799,0
45.622960,15006.3477,-2186.1655,-11205.4807,1213.9271,0
45.626866,-15730.4688,9378.2910,11890.6915,15540.1994,0
45.630773,7939.4531,10902.9110,-13655.5965,-2382.5573,0
45.634679,-6949.7070,2154.3867,3020.5316,-14960.3726,0
45.638585,-14863.2812,15194.9874,12302.3851,-15308.5435,0
45.642491,-10181.6406,10907.4265,1309.3548,-15364.9644,0
45.646398,-866.6992,1801.5052,-6824.4153,12977.9257,0
45.660226,-13651.8555,15011.7875,15949.9911,-14023.1975,0
45.664133,5321.2891,-272.5618,5451.2270,-2466.9472,0
45.668039,-10846.1914,-6622.3335,1167.1433,-8891.2331,0
45.671945,-13409.6680,7871.0332,14630.8403,-13649.3863,0
45.675851,11949.2188,530.2036,15926.3674,4336.5468,0
45.679758,-4799.8047,-13577.6364,-2683.5956,-14827.8067,0
45.683664,-12769.0430,1315.7858,14338.7547,-13083.6050,0
45.687570,-11550.2930,14685.5788,8573.7012,-14755.5725,0
45.691476,15200.6836,9256.6232,1199.8063,-6816.1741,0
45.705133,-12776.8555,13567.0386,-14890.9286,-12597.8530,0
45.709040,-9423.8281,13708.9485,5801.1252,-6855.1493,0
45.712946,-773.4375,13984.9195,-10778.9370,3124.1725,0
45.716852,-12167.4805,14949.1340,-14658.3314,-12096.7781,0
45.720758,-1797.8516,13698.4914,560.9700,-2676.6411,0
45.724665,11247.5586,5051.1947,-6803.8949,15059.6683,0
45.728571,-12276.8555,7634.7830,13987.1017,-12412.0503,0
45.732477,-7549.3164,13133.1600,13572.8156,-9241.5243,0
45.736383,-4792.4805,4714.9711,15067.7687,-790.9101,0
45.750120,-12542.4805,12581.4997,-15154.1583,-12469.4879,0
45.754026,-12050.7812,14602.7551,15668.1350,-11979.2833,0
45.757932,13196.2891,12663.6623,12895.3754,-886.5395,0
45.761839,-13229.9805,12970.0468,-14804.9006,-12808.5309,0
45.765745,6320.3125,-696.0651,-3098.1755,15159.2798,0
45.769651,-2882.3242,-11441.5121,-13224.7561,9003.1279,0
45.773557,-13925.7812,4131.7860,13487.0907,-13608.7827,0
45.777464,-305.6641,802.4593,12785.6468,460.6546,0
45.781370,-8894.5312,-12047.5299,4880.0096,3056.3369,0
45.796182,-14511.7188,13624.8350,-13354.3044,-14380.1839,0
45.800088,-7682.6172,-4820.0414,13894.5190,-8369.8535,0
45.803994,-2918.4570,-14036.9146,-3423.7156,4101.4300,0
45.807901,-14535.1562,8792.5144,-14386.7411,-14809.9088,0
45.811807,-7557.1289,-1844.5732,1871.9441,-12510.7796,0
45.815713,-4926.7578,3974.9314,-5592.5746,2195.6311,0
45.819619,-14996.0938,13598.4011,-14519.8778,-13611.5454,0
45.823526,-15184.0820,-3018.2424,15007.9182,12524.3873,0
45.827432,-2946.2891,2088.0928,-13236.6437,-3130.3307,0
45.842259,-15292.9688,10362.2958,-450.8170,-1040.0073,0
45.846165,11315.9180,11871.2127,4336.0891,2087.2623,0
45.850071,5060.0586,13380.1297,7784.2403,-10786.2141,0
45.853978,-15269.5312,14889.0467,6260.3926,-4982.4067,0
45.857884,6312.9883,363.7087,-2484.6444,-6569.4401,0
45.861790,-10991.6992,6826.7188,6291.6379,-15391.7213,0
45.865696,-15761.7188,15343.2744,5714.0155,-4990.3410,0
45.869603,3813.4766,730.4394,-5669.6445,-4304.2334,0
45.873509,1014.6484,-2021.1452,-5512.6167,-11658.4735,0
45.887114,-15738.2812,-10053.9630,11219.5611,-3460.5338,0
45.891021,6438.4766,-2388.3281,2643.2947,3545.3129,0
45.894927,9018.0664,5277.3069,5045.5915,-8299.0248,0
45.898833,-15800.7812,12942.9419,4450.7108,-4720.3863,0
45.902739,1187.9883,390.4218,5379.5618,9404.9880,0
45.906646,5001.4648,-8405.3217,14563.5390,-1664.7850,0
45.910552,-15933.5938,7376.1637,4865.6780,-6495.6443,0
45.914458,1062.5000,-244.2437,-7710.7858,-2221.8144,0
45.918364,998.0469,-7410.6338,-9313.9544,-8275.6588,0
45.945971,15956.5430,14599.4701,14008.1255,904.3709,0
45.949878,-1938.4766,-1551.7428,11412.4944,-13018.2886,0
45.953784,-11007.8125,-13122.0350,14960.9810,-15580.7399,0
45.957690,15940.9180,8996.8008,11551.1828,4161.2390,0
45.961596,-1063.4766,1895.0945,-14397.5149,-9012.3932,0
45.965503,-11001.9531,9641.5796,15162.3195,-9934.3059,0
45.969409,15995.6055,15064.0907,15228.4487,-10856.2185,0
45.973315,-437.9883,2053.8309,13818.6539,-11778.1312,0
45.977221,12988.7695,5030.3146,5214.6703,-12700.0438,0
45.990219,-15973.1445,14540.2104,15033.1482,-15643.4636,0
45.994125,-563.4766,4910.4306,4524.7794,2973.6892,0
45.998031,-3005.3711,2848.0514,-14811.8414,-11027.6932,0
46.001937,15792.4805,13341.6213,15336.1901,-15780.9129,0
46.005844,-5564.4531,4661.9527,-952.4543,-1448.9281,0
46.009750,-11022.4609,-10558.6909,1086.4189,-2907.0306,0
46.013656,15870.6055,578.3437,15291.2209,15623.6053,0
46.017562,-2563.4766,4434.9491,-4810.3689,-2329.0680,0
46.021469,982.9102,-635.6316,7017.4950,14978.1150,0
46.035067,15675.2930,13983.0455,15612.9163,15445.4462,0
46.038973,-3687.9883,4575.3945,-4436.3376,1259.3641,0
46.042879,14985.8398,-10879.9198,2813.6310,-4830.0858,0
46.046786,15636.2305,-111.9796,12792.4667,15512.2428,0
46.050692,-2313.4766,5509.1873,-7056.9054,-7170.4257,0
46.054598,-11017.0898,3727.1827,8863.4104,-4827.3737,0
46.058504,15808.1055,14308.1571,12755.8795,15672.1460,0
46.062411,-3438.9648,5707.6097,14492.7532,-5649.7892,0
46.066317,8981.9336,-1987.4236,-15260.9280,-975.4726,0
46.080287,15800.2930,12980.5532,12584.2561,15539.1094,0
46.084193,-2312.9883,9387.7285,-13182.8839,-2326.0354,0
46.088100,12994.6289,-7413.5654,-9262.0376,11062.1824,0
46.092006,15714.3555,-4242.7702,12653.1323,15248.4980,0
46.095912,-5813.4766,9660.8698,-8602.1573,-4624.4306,0
46.099818,-13010.2539,-1298.6927,-15361.9654,-717.6992,0
46.103725,15550.2930,8240.2930,9168.5828,15606.0279,0
46.107631,-8189.4531,9043.9715,-14659.8897,-1552.9642,0
46.111537,-11021.4844,-5659.3424,-5335.5260,13004.2615,0
46.125074,15659.6680,12356.1175,11371.2836,15741.2169,0
46.128981,-6188.9648,5312.8878,-8779.3951,-3472.8852,0
46.132887,6981.9336,-4472.5996,14683.3232,11019.7047,0
46.136793,15628.4180,5987.6781,9326.4597,15658.1641,0
46.140699,-5314.4531,4347.9820,-3704.8671,-3087.7279,0
46.144606,-1042.9688,-11348.2071,-5480.4551,12807.1890,0
46.148512,15487.7930,-330.4407,7424.9885,-15771.3846,0
46.152418,-5189.4531,4859.8256,7554.1618,-32.8167,0
46.156324,-15030.2734,-8771.3563,12687.1160,-14958.7975,0
46.170171,15519.0430,11555.4032,10613.3412,15651.3545,0
46.174077,-8314.9414,4469.7694,-6533.4476,-7312.1994,0
46.177983,-3024.9023,-6254.5118,14702.4342,-6887.3074,0
46.181889,15941.4062,5417.4885,9573.6025,15408.3469,0
46.185796,3937.0117,5287.2582,1143.9833,-7.2628,0
46.189702,6973.6328,1129.2892,-13288.1953,9022.8061,0
46.193608,15644.0430,13195.8287,11066.8091,15646.8951,0
46.197514,-2187.5000,6187.3513,-1225.7797,-1719.8484,0
46.201421,15008.7891,-5254.7623,-15208.5365,-6999.0824,0
46.215075,-15769.5312,11392.0179,10849.8312,-15488.8517,0
46.218981,6563.9648,9950.7410,-13187.8239,7511.2342,0
46.222887,-12991.6992,-3304.6622,-9139.8844,873.0336,0
46.226794,-15988.2812,10600.0448,10229.7798,-15649.7576,0
46.230700,2312.5000,10068.0654,-14534.7074,3963.2748,0
46.234606,-6992.1875,-4893.7562,702.4641,6836.5264,0
46.238512,-15855.9570,4629.1154,13169.6958,-15856.2306,0
46.242419,-1687.9883,10621.2372,-4647.5834,-1338.0097,0
46.246325,-13001.4648,-6623.7721,12882.0753,11003.0675,0
46.275211,15925.7812,15595.3141,12725.7257,-421.0565,0
46.279117,1312.5000,-5969.9027,-9964.3509,11091.0699,0
46.283023,-5008.3008,936.6146,10885.5770,15549.3735,0
46.286929,15871.0938,15587.8053,8608.4342,2095.0310,0
46.290836,687.5000,-7089.8254,-5362.2743,-9639.6251,0
46.294742,8991.2109,14881.8248,-4809.8690,-12213.9923,0
46.298648,15847.1680,15820.0439,-2016.0570,-13598.5238,0
46.302554,-312.5000,-3728.3104,777.7550,-14983.0554,0
46.306461,14996.5820,-8992.9367,3571.5671,-11532.1939,0
46.319993,15839.3555,12133.2572,13153.3884,1127.5792,0
46.323899,-2688.4766,7020.0209,-4255.8424,-12291.0945,0
46.327806,-11011.7188,-6527.5137,-13280.6491,8320.0189,0
46.331712,15815.9180,1422.3766,11393.1578,-744.9485,0
46.335618,-2562.9883,5763.8006,1631.1544,-11300.0956,0
46.339524,6991.6992,-7341.9127,-3315.4559,-10127.4477,0
46.343431,15878.4180,2480.0925,11899.2486,-6360.7684,0
46.347337,-687.5000,6553.5508,-14434.1226,-2594.0890,0
46.351243,-4992.6758,-6106.0979,-9335.4935,1172.5904,0
46.366376,-15917.9688,15725.6882,11158.9599,15514.7356,0
46.370282,62.0117,-3280.5117,-4291.7480,-2680.7310,0
46.374188,6987.7930,14948.8328,14617.2651,8726.6579,0
46.378094,15776.8555,15752.0616,10016.3723,-15700.2079,0
46.382001,-4688.9648,-6650.0455,9132.5373,-2040.5608,0
46.385907,10968.2617,953.3532,-9276.1767,-10716.0889,0
46.389813,15722.6562,15579.2772,9139.7672,15703.2882,0
46.393719,561.5234,-6026.8910,15500.3102,16.4409,0
46.397626,-15032.2266,-11017.1680,-7281.0495,-14911.7498,0
46.411110,15433.1055,15634.8179,9047.0635,15464.2137,0
46.415016,-8689.9414,-7014.3654,-9958.6658,-8493.9341,0
46.418923,12970.2148,-1035.2959,-13370.9527,-863.2000,0
46.422829,15526.8555,15630.6815,6642.0606,15508.9052,0
46.426735,-6688.9648,-7388.5041,-14659.5804,-5509.8125,0
46.430641,2978.5156,-9013.1241,2753.2111,-12749.5353,0
46.434548,15878.4180,15589.6681,6027.5526,15625.4316,0
46.438454,-3564.9414,-6265.5491,-11047.9867,-4419.1342,0
46.442360,-7021.9727,12943.2852,-1274.5095,10997.1665,0
46.455141,15729.9805,15353.7409,8495.5459,15676.8591,0
46.459048,-6188.9648,5080.8541,-687.2154,-5985.6870,0
46.462954,977.5391,-5493.2966,6761.8740,7032.5660,0
46.466860,15511.2305,5014.2289,9064.1164,15444.9025,0
46.470766,-10314.9414,2899.1908,3799.5024,-7188.4423,0
46.474673,10975.5859,-712.4444,6764.0632,-6885.2727,0
46.478579,15745.6055,12303.9671,8572.4724,15457.4334,0
46.482485,-5814.4531,6202.3093,-6443.1399,-7685.5386,0
46.486391,14982.4219,-7289.8801,-3137.7103,-7001.1333,0
46.501057,15722.1680,15663.2247,12229.5391,15283.9756,0
46.504963,-5189.4531,-4246.0879,-1950.1473,-4567.9127,0
46.508870,10981.9336,10923.1085,820.9257,-4844.2453,0
46.512776,15886.2305,15402.5138,12978.9903,15402.9128,0
46.516682,-6440.4297,-5368.2193,3263.5068,-6854.0743,0
46.520588,-1025.8789,-7008.8522,-15240.7720,3075.5047,0
46.524495,15683.1055,15723.4381,12524.6972,15508.7883,0
46.528401,-8438.9648,-4121.6272,-3333.8849,-5349.2089,0
46.532307,-13013.1836,4953.9595,-7207.3862,4999.9260,0
46.546044,15651.8555,14918.2841,-14748.1650,13124.3611,0
46.549950,-6938.9648,-1052.6688,6258.7533,-14482.0578,0
46.553856,-15017.0898,-7136.1484,345.0715,-12755.6951,0
46.557763,15636.2305,9416.2747,-14757.2394,14300.6007,0
46.561669,-5063.9648,-876.3422,14457.7594,-4605.9453,0
46.565575,10975.0977,-12860.1135,-8708.8811,-10929.5486,0
46.569481,15683.1055,7145.4308,14992.6245,14017.3692,0
46.573388,-4939.4531,-1171.1994,-7939.0949,-4355.3976,0
46.577294,972.1680,-2837.0709,-7182.7115,3268.0221,0
46.590216,15620.6055,13115.6433,15544.2547,15518.8045,0
46.594122,-6064.4531,4603.4529,13750.6556,-2453.0398,0
46.598028,8963.8672,-2839.9284,657.2402,11018.1564,0
46.601935,15526.8555,8309.8357,12198.6040,15670.9208,0
46.605841,-7814.9414,4287.9255,-8515.2547,-4702.0412,0
46.609747,-9037.5977,-2369.3981,10514.9287,9023.3920,0
46.613653,15558.1055,9201.6222,12329.8997,15391.3594,0
46.617560,-3689.4531,5530.2134,-10919.9308,-3833.0133,0
46.621466,970.2148,3962.5122,-3204.2452,9009.5361,0
46.650162,15714.3555,15728.0927,-1600.5110,611.1860,0
46.654069,-3812.9883,-5214.8005,-3331.3277,-12976.1676,0
46.657975,2987.7930,4935.6008,10289.6036,10965.8433,0
46.661881,15604.9805,15461.8661,-10684.0991,-335.5399,0
46.665787,-6313.9648,-9198.0416,-15176.9008,-3109.4767,0
46.669694,-1015.6250,-14995.2092,-12291.8582,1114.4841,0
46.673600,15761.2305,15352.5038,-8890.9746,6069.7186,0
46.677506,-6564.4531,-10691.5671,-5490.0910,11024.9530,0
46.681412,978.0273,-11013.7120,-2089.2073,13297.1596,0
46.695993,15808.1055,14130.5139,10128.6130,2563.5946,0
46.699899,-3438.4766,803.5728,-824.4999,-2504.4934,0
46.703805,10990.7227,-6300.2572,-719.8743,-13935.4727,0
46.707711,15909.6680,10066.7031,9701.4809,-5337.2546,0
46.711618,-62.9883,1990.2044,-14578.6483,-11552.5354,0
46.715524,12987.3047,4678.0043,-10179.2468,-9603.2076,0
46.719430,15597.1680,13710.5362,11911.9028,-5583.2928,0
46.723336,-7688.9648,-18.7178,-11291.7577,-1563.3779,0
46.727243,14992.6758,5504.1834,-2792.1125,2456.5370,0
46.740163,15957.0312,14569.6664,13131.2863,15605.8170,0
46.744069,1062.5000,6060.6286,-4845.9665,-5943.5444,0
46.747975,992.1875,-8019.2637,-15080.7326,14990.7347,0
46.751882,15784.6680,1033.2546,12814.4939,15474.5336,0
46.755788,-2688.9648,6501.2839,2397.8782,-4578.4543,0
46.759694,-5033.2031,4094.8167,-9021.0134,-6892.5264,0
46.763600,15667.4805,15346.1863,12774.9526,15588.2733,0
46.767507,-3689.4531,8431.4185,-2849.9605,-3696.6039,0
46.771413,10976.5625,1027.0947,-15129.1264,-4998.2047,0
46.786034,15604.9805,15551.4129,12399.2141,15607.2565,0
46.789940,-4688.9648,-6233.9000,11384.4028,-1075.8911,0
46.793847,967.2852,-14991.8616,-7252.8952,-2888.1889,0
46.797753,15737.7930,15492.2194,12084.6928,15678.8643,0
46.801659,-3938.9648,-8599.5261,9902.2451,-4327.3070,0
46.805565,-1018.0664,2933.6156,6677.5833,12993.9754,0
46.809472,15729.9805,15504.0025,10054.9392,15506.7071,0
46.813378,-4563.4766,-7853.9480,13652.1894,-3448.5035,0
46.817284,4987.3047,-3047.3773,6642.6984,-4969.7026,0
46.830321,15714.3555,12347.2525,11668.5118,15262.2827,0
46.834228,-4563.9648,9159.1633,8391.5466,-5966.6192,0
46.838134,12985.8398,-2373.7757,4660.5024,14993.9898,0
46.842040,15917.4805,10858.6135,11183.8362,15668.6787,0
46.845946,-2687.9883,9522.9476,14764.2171,134.7744,0
46.849853,6983.8867,-1302.5956,-7356.7919,-2700.7722,0
46.853759,15558.1055,10878.6342,8655.1210,15659.6499,0
46.857665,-6688.4766,9352.0575,-4606.9848,-2759.0037,0
46.861571,-999.0234,-115.8455,8571.9694,-6898.9645,0
46.875216,15854.9805,15614.4448,10128.1433,15741.4095,0
46.879122,-4688.9648,3228.2747,-8807.2327,-2956.0327,0
46.883028,10987.7930,-10620.3071,-5371.0790,-4822.2641,0
46.886934,15854.9805,2125.1442,9671.5965,15712.5505,0
46.890841,-562.9883,4981.1135,407.2991,-2606.6440,0
46.894747,6984.8633,-6914.5463,-3464.7730,7052.8740,0
46.898653,15847.1680,4104.2650,7421.0286,15667.1434,0
46.902559,-4188.9648,5656.5187,4188.3783,-2533.2170,0
46.906466,-5003.4180,1011.8235,6656.4581,1026.3544,0
46.920040,-15926.2695,14102.8059,10475.3363,15769.3250,0
46.923946,-937.9883,6769.4813,4587.8010,-1077.4269,0
46.927852,10998.5352,2433.7600,10739.1667,10751.6497,0
46.931759,-15988.7695,13117.4948,10203.6174,-15731.3488,0
46.935665,-688.4766,7879.8062,9702.4294,245.3330,0
46.939571,-11011.2305,-5985.9293,-9281.9779,-6795.8498,0
46.943477,15894.5312,940.3660,10044.7964,15733.1389,0
46.947384,62.0117,8008.5694,-4081.7744,-144.0640,0
46.951290,-11004.8828,-5843.2374,-5251.7010,-8981.8737,0
46.980654,-15972.6562,14471.4074,11425.2961,15621.0484,0
46.984561,1437.0117,4748.1973,-6708.6066,-1436.1430,0
46.988467,-9013.1836,2377.4005,-7195.4247,11101.8934,0
46.992373,15753.4180,11653.3757,10839.0376,15551.0503,0
46.996279,-3814.4531,1094.4296,-11171.5315,-4529.9556,0
47.000186,-9027.8320,-6025.6290,10666.5740,-8522.4033,0
47.004092,15620.6055,7869.2251,13259.9736,15410.1407,0
47.007998,-5438.4766,1782.3992,-1657.2661,-2781.4463,0
47.011904,4990.7227,4387.8321,-5162.2974,942.5571,0
47.025163,15847.1680,15715.4995,-8015.9273,-4361.0891,0
47.029069,-5063.4766,-6219.2179,-8071.6948,9335.7837,0
47.032975,-8995.6055,-3004.8605,11036.2539,15300.7575,0
47.036882,15910.1562,15712.5488,-4345.2431,1488.3212,0
47.040788,62.9883,-4600.8339,10634.0100,12199.2618,0
47.044694,-4985.8398,2955.1288,14624.5370,15050.8502,0
47.048600,-15753.9062,15636.8600,14498.8761,15121.5270,0
47.052507,4687.9883,-1490.0507,14373.2152,15192.2039,0
47.056413,12993.6523,-8981.9677,14247.5543,15262.8807,0
47.086138,15753.4180,15740.5369,13247.4295,15675.9313,0
47.090044,-5814.4531,-8152.1804,-15932.3670,-5289.1770,0
47.093951,-1029.2969,2955.2741,4631.8486,-924.7379,0
47.097857,15503.4180,15577.5085,11735.3133,15531.3158,0
47.101763,-6437.9883,-6405.1367,-4451.0302,-4826.9178,0
47.105669,3006.8359,-15001.7823,8591.4056,-6878.5866,0
47.109576,15987.7930,15689.9031,11249.0272,15724.3404,0
47.113482,-2312.9883,-8901.0246,14151.7845,-3419.6275,0
47.115201,15667.9688,-6339.1547,10501.4308,14965.8441,0
47.117388,977.5391,-3020.9497,-11378.9956,-10833.3670,0
47.119108,1687.5000,10947.5141,-5553.4466,1661.9241,0
47.123014,-7022.4609,2702.6763,8591.6582,-12477.2512,0
47.126920,15550.2930,15128.7495,10447.9209,15470.2930,0
47.130826,-3938.4766,9513.8004,6657.3893,-3123.1634,0
47.134733,12986.3281,-2206.0209,2644.1999,7153.3252,0
47.138639,15917.4805,10835.4899,8989.6699,15421.2507,0
47.142545,-1062.9883,9409.3547,2643.1813,-2839.7495,0
47.146451,6991.2109,-7234.3816,-11299.5061,9035.1265,0
47.160183,15776.8555,11127.6516,7936.6864,15910.2111,0
47.164089,-1687.5000,8974.4565,11281.3161,2517.4887,0
47.167995,2998.5352,-2891.1329,-1355.7704,-5074.6337,0
47.171902,15808.1055,6866.7831,7557.8669,-15714.9004,0
47.175808,-4688.4766,8023.7790,8015.0184,4269.9529,0
47.179714,990.7227,-8450.9262,-15139.7415,-3079.9662,0
47.183620,15894.0430,-1301.7421,7901.6300,-15816.3338,0
47.187527,-4438.9648,9168.3620,3209.0277,1488.4047,0
47.191433,10981.4453,579.6361,13002.1997,-10969.0255,0
47.205150,15769.0430,15091.7266,11264.2306,15846.9981,0
47.209056,-3188.9648,5182.5800,-7069.7949,-1596.1071,0
47.212962,10980.9570,-7361.5265,-12918.6858,-7065.4897,0
47.216868,15815.9180,2978.1438,11848.3670,-15841.8884,0
47.220775,-4563.9648,5762.8251,2785.1071,-33.6261,0
47.224681,6987.7930,-4981.4833,-14924.9309,5055.6199,0
47.228587,-15917.9688,4973.2800,11569.5731,15888.5208,0
47.232493,312.0117,5573.5787,14649.4280,-2488.7858,0
47.236400,-10994.1406,-8005.4609,-6985.5277,-10971.2020,0
47.250107,15941.4062,11862.6725,14449.6493,15720.4106,0
47.254013,562.5000,6461.8744,-12411.0491,464.0403,0
47.257920,14997.5586,-246.5348,7001.1347,-14812.4820,0
47.261826,-15949.2188,9224.0192,14285.1591,15686.3033,0
47.265732,562.0117,6893.0518,-3347.3506,-2393.4601,0
47.269638,-15010.2539,-2719.6080,-13230.6287,-14828.8221,0
47.273545,15870.6055,6119.9797,12912.6006,15804.2340,0
47.277451,-1563.4766,6059.6838,-13051.7649,328.8965,0
47.281357,2979.9805,-3558.8930,2820.3848,3016.7180,0
47.296080,15831.5430,14501.1201,-15118.0156,14791.2978,0
47.299986,-2438.9648,-89.9266,-189.0929,-4569.0933,0
47.303893,-1020.0195,-299.9421,-5365.5545,13136.3578,0
47.307799,15683.1055,12464.9265,-14803.9050,15056.5219,0
47.311705,-5688.9648,222.0509,-7547.1043,-3199.8717,0
47.315611,14992.1875,1330.0704,-10777.4668,-9743.9013,0
47.319518,15722.1680,12781.5455,15445.9897,14972.5267,0
47.323424,-4437.9883,667.7936,-3774.0970,-1983.5557,0
47.327330,-9009.2773,1479.0135,-1442.5326,-12606.3661,0
47.340089,15706.5430,14022.1800,-15922.9703,15637.0490,0
47.343995,-2438.4766,5704.3771,-13081.7330,-71.3127,0
47.347901,982.4219,-9873.4209,-15256.1834,-862.8714,0
47.351808,15729.9805,-45.9913,12362.0813,15672.2488,0
47.355714,-4938.9648,5703.6730,-4445.0336,-5971.2986,0
47.359620,-7008.7891,-937.6088,523.0057,5081.9592,0
47.363526,15753.4180,9195.2316,13049.8443,15459.9435,0
47.367433,-6189.4531,4387.2500,-3696.2736,-6476.5950,0
47.371339,14969.7266,581.9968,-1321.1718,-10951.3007,0
47.399931,15565.9180,15544.7379,12141.9158,-8765.9716,0
47.403837,-8313.4766,-7803.7507,14078.1646,2563.9201,0
47.407743,4995.6055,-7019.4837,12307.5388,12042.4828,0
47.411650,15722.1680,15459.2401,11666.9282,4432.8539,0
47.415556,-6689.4531,-4944.5901,3584.0965,-2249.6060,0
47.419462,-3018.5547,-12977.1311,-2263.5208,1751.6644,0
47.423368,15737.7930,15238.2303,-584.9263,6539.5691,0
47.427275,-4939.4531,-5069.4644,1093.6683,11327.4738,0
47.431181,14978.0273,14876.9928,2772.2629,14902.6096,0
47.445902,15636.2305,15562.3055,8244.9632,-1295.3545,0
47.449808,-6813.9648,6012.3282,-8269.4869,7713.7174,0
47.453715,-1018.5547,341.2682,6824.3710,14584.4733,0
47.457621,15698.7305,11028.2442,8091.0152,953.8696,0
47.461527,-687.9883,6830.4915,-5000.6526,8578.1994,0
47.465433,14994.6289,4886.6724,-2562.0646,11529.3535,0
47.469340,15933.1055,15233.2244,10548.3045,12207.8604,0
47.473246,-3438.9648,5612.2992,6658.6093,12886.3673,0
47.477152,-15015.1367,1770.6677,986.3035,13564.8742,0
47.490153,15894.0430,14962.0081,10818.3282,15634.8466,0
47.494059,-3063.9648,4172.7478,9044.7685,-1413.1019,0
47.497965,-9016.1133,-8873.1921,8757.8232,1134.3690,0
47.501871,15815.9180,2710.7282,9608.6225,15536.5582,0
47.505778,-2187.9883,4971.3517,-5429.2262,-3496.4239,0
47.509684,10998.0469,3291.0892,8854.1527,-8745.7703,0
47.513590,15988.2812,13495.0544,10846.7566,15662.7472,0
47.517496,1187.5000,6653.5968,-13057.0412,569.1543,0
47.521403,-13021.9727,-1462.3985,-1136.6685,12991.4478,0
47.535006,15401.8555,13259.3184,11954.2816,15606.5158,0
47.538912,-4938.4766,4765.7465,565.8169,-3677.4956,0
47.542818,6973.6328,10.6192,12690.0586,9049.6866,0
47.546725,15871.0938,10487.5308,11139.7949,15413.8246,0
47.550631,685.5469,4605.2901,-984.8405,-2386.1255,0
47.554537,-1028.3203,-5348.6019,-9273.7471,-8767.2913,0
47.558443,15644.0430,5607.5663,10143.1716,15691.8081,0
47.562350,-6938.9648,2689.1079,-14777.8216,-2935.4754,0
47.566256,2988.2812,-5029.0531,10703.6296,9001.1089,0
47.580310,15753.4180,13356.0160,12248.9103,15297.7083,0
47.584217,-5688.9648,3258.4112,-10699.4117,-3739.6737,0
47.588123,14985.8398,-4403.2253,-9264.5144,-10378.5768,0
47.592029,15722.1680,7538.1669,11706.4684,15406.9281,0
47.595935,-5313.9648,3495.7913,-5029.0635,-3102.5402,0
47.599842,-1014.6484,3511.0355,6604.4881,-15049.2552,0
47.603748,15769.0430,13563.5805,9129.7286,-15641.3400,0
47.607654,-3438.4766,1801.4117,4435.1387,-797.8266,0
47.611560,-15023.4375,1130.2312,6580.2338,5076.9036,0
47.625186,15589.3555,14760.6836,9986.3712,15722.6244,0
47.629092,-6064.4531,2049.0072,-1496.9526,-1721.2624,0
47.632998,-3017.5781,-12601.6546,14540.4036,7060.1038,0
47.636905,15667.4805,1243.7632,9897.9475,15203.6204,0
47.640811,-8564.4531,2959.4761,-420.9254,-11308.2835,0
47.644717,-9010.2539,-8523.9900,6480.2089,811.4780,0
47.648623,15737.7930,4056.2987,7611.8698,-15727.2706,0
47.652530,-7063.4766,1238.5801,856.2593,732.4973,0
47.656436,4988.7695,-3625.2078,-13359.0278,5029.8484,0
47.672001,15769.0430,15662.0310,372.6707,4855.7264,0
47.675907,-3188.4766,-7604.4796,-1126.4547,2591.5538,0
47.679813,-11012.6953,-13023.2796,8112.1097,13496.1640,0
47.683719,15644.0430,15328.3571,8275.9356,7569.7065,0
47.687626,-5188.9648,-7231.2634,-3150.2289,-1864.5510,0
47.691532,6978.5156,-9038.0717,-1911.0147,6467.4090,0
47.695438,15839.3555,15413.1194,734.2998,6913.5298,0
47.699344,-1062.5000,-6483.2771,-764.4475,2615.0407,0
47.703251,12997.5586,12906.1409,7341.4256,8207.9111,0
47.715150,15628.4180,15179.7170,11194.0488,15407.3357,0
47.719056,-7063.4766,1444.8647,9653.0635,-355.5913,0
47.722962,979.4922,4310.0737,2736.6832,-2714.4601,0
47.726868,15487.7930,15275.8464,10255.8732,15383.0097,0
47.730775,-6814.4531,1947.8675,-13811.0246,-3213.6043,0
47.734681,4973.6328,2436.5083,-1318.6834,3177.2581,0
47.738587,15667.4805,13546.3189,12969.5184,15237.4001,0
47.742493,-3313.9648,3652.2309,-3600.0563,-6599.8656,0
47.746400,2958.9844,-3014.6885,-9192.1239,-944.1182,0
47.761997,15534.6680,7409.1765,-338.1707,4213.7536,0
47.765903,-4064.4531,9784.6840,-8767.3482,3488.5941,0
47.769809,-1028.3203,12160.1916,4309.9212,15201.9987,0
47.773716,15659.6680,14535.6992,5676.5860,4587.3311,0
47.777622,-5564.4531,1849.1392,-5250.9870,-8821.0558,0
47.781528,10967.7734,-5315.6281,1753.1535,1974.1542,0
47.785434,15448.7305,7938.0316,5955.4491,5216.7618,0
47.789341,-10064.9414,-429.1705,-5619.1265,-9156.6926,0
47.793247,2962.4023,-10415.4609,-7829.4887,-9035.5312,0
47.821131,15409.6680,15221.8345,13175.3657,-11225.5058,0
47.825037,-9564.4531,-10134.1414,-10866.0169,-1112.0928,0
47.828944,-13016.6016,4944.8280,-15218.2754,12357.2329,0
47.832850,15737.7930,15332.5985,12258.8353,-12279.9126,0
47.836756,-8564.9414,-12505.6983,-7843.7330,-12646.8854,0
47.840662,10969.7266,-1064.8980,-7200.2171,-8898.3485,0
47.844569,15425.2930,15210.4807,12094.6101,-5149.8115,0
47.848475,-8939.4531,-12131.2558,-6621.4560,-1401.2745,0
47.852381,964.3555,-3060.2618,8715.4565,2347.2624,0
47.866139,15456.5430,15317.4860,12504.0170,14864.7176,0
47.870045,-9189.9414,-10417.9574,9767.5338,-5834.8106,0
47.873952,12964.8438,12814.9081,14582.1630,7197.7763,0
47.877858,15487.7930,15193.6934,10203.0656,14847.0518,0
47.881764,-6939.9414,-10169.6950,1741.1192,-7671.8336,0
47.885670,-1026.8555,2890.2376,-1025.8349,-6430.1787,0
47.889577,15534.6680,15385.4565,10581.3922,14809.0435,0
47.893483,-8064.4531,-11162.5811,-10455.1144,-7293.6670,0
47.897389,-13028.3203,8857.1967,8718.5919,7045.6281,0
47.910107,15472.1680,14454.4888,8749.4638,15353.0488,0
47.914013,-5938.9648,1904.5997,-4545.3397,-9019.2937,0
47.917920,2973.6328,-1115.3181,2748.9372,-2875.5702,0
47.921826,15651.8555,12222.9315,8952.9145,15525.6733,0
47.925732,-6564.4531,3428.8252,-7821.4294,-6662.9102,0
47.929638,-7033.6914,-1697.6010,-9064.8925,-2890.9413,0
47.933545,15464.3555,10135.3208,7598.5879,15483.7590,0
47.937451,-5814.4531,2573.6515,-6403.0849,-6042.4851,0
47.941357,-3023.4375,1592.5182,8932.7671,-2984.6163,0
47.955143,15698.7305,15111.2909,10810.9314,15297.7849,0
47.959050,-4563.9648,1692.0702,-7924.4736,-6525.4016,0
47.962956,6969.2383,1993.5815,-2998.6819,-14707.7418,0
47.966862,15472.1680,14301.4078,11651.3624,15481.6115,0
47.970768,-5314.4531,2640.2868,-6082.4636,-4240.0584,0
47.974675,12956.0547,-4627.6698,-8931.5643,3098.6066,0
47.978581,15417.4805,7622.3978,10347.1685,15209.8022,0
47.982487,-9690.4297,2142.9852,13738.5131,-10529.8621,0
47.986393,14961.4258,2459.7310,-1063.1207,-6970.8546,0
48.000036,15354.9805,14929.9004,11619.7118,15194.4384,0
48.003943,-9689.9414,8836.5281,-5211.5351,-8787.5053,0
48.007849,-11024.9023,-6951.4886,-9007.5612,7076.7329,0
48.011755,15753.4180,2031.4499,12088.1695,15470.4160,0
48.015661,-4314.4531,8085.3747,10094.6371,-4225.4320,0
48.019568,12976.0742,-11604.6568,-7269.1259,5080.8334,0
48.023474,15714.3555,-5186.2554,11195.5478,15598.3373,0
48.027380,-7064.4531,8176.4077,14193.5306,-3006.2221,0
48.031286,12968.2617,-9314.3412,-9237.4002,3011.1811,0
48.045950,15472.1680,12325.3972,14793.3976,14199.8057,0
48.049856,-7313.9648,4220.9302,-6076.5427,-7414.9686,0
48.053762,4975.0977,-3369.4975,-3210.8722,-5676.7829,0
48.057668,15589.3555,8786.4641,14523.0524,14686.1463,0
48.061575,-5063.9648,4646.9944,1341.2140,-2588.0327,0
48.065481,6973.6328,-1125.4026,-13362.1785,5610.2652,0
48.069387,15425.2930,10837.2247,12279.7019,14148.1864,0
48.073293,-8564.4531,3613.9213,-13475.0000,-6938.3220,0
48.077200,-7020.5078,-1276.5128,-15403.1238,13035.3994,0
48.090257,15597.1680,14396.8125,12893.7464,15613.3762,0
48.094164,-8813.9648,1950.1528,15762.2174,-4876.6146,0
48.098070,2987.7930,-12773.5219,-13301.5927,1154.3639,0
48.101976,15667.4805,893.4909,11118.7691,15752.5241,0
48.105882,-8189.4531,2423.3332,1961.9467,-5002.5716,0
48.109789,-15016.6016,-5114.6170,12415.1331,-10712.6913,0
48.113695,15706.5430,7629.4962,12407.9557,15599.9622,0
48.117601,-3813.4766,2526.1637,-10123.6838,-7659.7032,0
48.121507,8991.2109,-6094.5094,6551.2611,-4935.4482,0
48.150957,15917.4805,15483.4989,13370.8526,-2003.1926,0
48.154864,-3813.4766,-8878.2630,-5292.7176,7886.6629,0
48.158770,-3008.3008,-3075.1577,8165.3435,15069.1113,0
48.162676,15815.9180,15354.8472,7209.2907,-3049.1113,0
48.166582,-3688.4766,-8134.9903,12151.4738,-12304.9682,0
48.170489,4990.7227,-3094.6640,12358.2540,-9626.4587,0
48.174395,15940.9180,15362.4074,11950.6297,-5921.0558,0
48.178301,-2188.9648,-6521.3090,11543.0055,-2215.6530,0
48.182207,-15021.4844,-9005.2223,11135.3812,1489.7498,0
48.197418,15808.1055,15638.2477,9520.1439,15051.4501,0
48.201325,-2939.4531,-8138.3251,29.4304,-6042.8918,0
48.205231,-15025.8789,12927.2738,-5276.4716,-8154.2434,0
48.209137,15854.9805,15490.1950,8451.4723,15176.3723,0
48.213043,-2063.4766,-9386.9540,-2723.6876,-3282.4813,0
48.216950,12982.9102,-5038.7566,-7128.0291,-12023.5059,0
48.220856,15917.4805,15591.9129,10279.7917,15345.6699,0
48.224762,-688.4766,-8388.7969,9183.1435,-2789.5813,0
48.228668,974.1211,-9038.2660,12840.7097,5103.0754,0
48.242124,15597.1680,15423.1212,12597.9860,2583.4448,0
48.246030,-5064.4531,-7108.3582,11701.5270,-1954.0026,0
48.249936,2981.4453,-3050.1289,9658.8210,11274.1547,0
48.253842,15628.4180,15366.5512,746.4132,2888.7870,0
48.257749,-9814.4531,-9350.3061,-11219.9630,-7652.0354,0
48.261655,4963.8672,10882.5534,-599.6692,5021.9976,0
48.265561,15620.6055,15393.6184,12366.4277,4888.5669,0
48.269467,-4314.4531,-8603.0934,7698.7358,-4444.3066,0
48.273374,8962.4023,8907.0593,4078.6720,-568.1046,0
48.286099,15620.6055,15651.3444,11916.2100,15564.1830,0
48.290005,-4939.9414,-8342.7215,-14181.5743,-2902.7121,0
48.293911,-3039.5508,-15017.6592,-1249.0873,-14800.8127,0
48.297817,15409.6680,15239.5141,11091.3687,15654.5899,0
48.301724,-8064.9414,-8219.4319,-5962.7499,-5268.7949,0
48.305630,-9027.8320,-13027.6925,-3293.5574,1074.0976,0
48.309536,15714.3555,15200.9277,9531.9205,15431.5547,0
48.313442,-7315.9180,-10211.0272,8904.0395,-7043.3566,0
48.317349,12956.5430,4905.8133,2700.2627,12984.4729,0
48.330558,15519.0430,13774.3770,12331.8044,14935.8225,0
48.334465,-6938.9648,6337.3943,15683.5301,-8650.0501,0
48.338371,-1026.3672,-7055.9495,-7253.5014,-6499.1938,0
48.342277,15479.9805,2888.1089,11519.2243,14778.1066,0
48.346183,-4813.4766,6621.2019,13316.9975,-9782.4674,0
48.350090,-9013.6719,-791.9727,-7321.7524,7173.6934,0
48.353996,15651.8555,12672.7634,9891.0975,15053.1958,0
48.357902,-4939.4531,7067.7663,4456.6081,-8337.9609,0
48.361808,-3035.1562,-6660.2547,12516.6276,1059.9149,0
48.377016,15315.9180,15603.6184,9659.4568,4558.3054,0
48.380922,-11189.9414,-6360.2261,-2433.9305,-11067.4808,0
48.384828,-11032.2266,-7028.6388,-3650.8806,-861.6691,0
48.388735,15354.9805,15344.6723,4528.7953,2612.6867,0
48.392641,-10315.4297,-9350.6714,-5408.2308,805.8072,0
48.396547,-3033.2031,4920.4263,-1760.0369,15342.6221,0
48.400453,15495.6055,15403.3336,-824.9929,5355.5203,0
48.404360,-11564.9414,-9723.2960,-3361.3137,-7648.5069,0
48.408266,10973.6328,10899.4887,5037.7541,-5943.3448,0
48.421172,15597.1680,15563.4269,8325.0443,15487.1740,0
48.425079,-4813.9648,-4652.6784,-9673.3787,-4792.3159,0
48.428985,-3032.2266,-9026.8827,-3310.2919,-14721.0101,0
48.432891,15487.7930,15365.8761,9031.6550,15330.9324,0
48.436797,-5814.9414,-7274.2304,3481.5717,-7749.7726,0
48.440704,-3036.6211,-13024.4211,-9348.4257,11030.2858,0
48.444610,15370.6055,15397.7027,9215.2363,15233.3477,0
48.448516,-8439.9414,-8771.4732,-13889.5331,-8948.2584,0
48.452422,-3045.4102,12927.2877,671.4408,14987.0249,0
48.465620,15440.9180,15283.5068,10666.3275,14398.2240,0
48.469526,-4812.9883,1467.1445,7433.9190,-8894.4051,0
48.473432,4995.1172,-3300.2075,-7175.2031,13119.1980,0
48.477338,15831.5430,9297.3998,9298.0186,14500.8037,0
48.481245,-6689.9414,-865.3082,-15452.9824,-6689.3981,0
48.485151,-11027.8320,-5971.3423,2711.8743,5518.9175,0
48.489057,15550.2930,8468.2594,12770.4487,14568.3201,0
48.492963,-5438.4766,417.0723,3816.3327,-4623.5484,1
48.496870,12974.6094,-11390.2736,6987.1717,-800.9551,1
48.511964,15511.2305,1416.0367,10598.1904,3841.2698,1
48.515870,-5188.9648,5558.5148,-4312.1015,-5967.8323,1
48.519776,12979.0039,9700.9930,-391.8536,5930.0450,1
48.523682,15737.7930,13843.4711,11307.7151,5177.8541,1
48.527589,-5689.9414,1502.0703,-974.2282,-9410.6310,1
48.531495,-3030.7617,-2609.6150,-11766.4134,834.6859,1
48.535401,15683.1055,9745.7534,-5547.2273,5274.9290,1
48.539307,-5063.4766,1782.1276,9463.3952,-6522.9198,1
48.543214,4989.2578,-6049.2708,13026.9316,-3952.4025,1
48.571076,15636.2305,15675.3674,-14994.4499,-3700.3458,1
48.574982,-4689.4531,-5099.4383,-14436.0382,-12523.7652,1
48.578888,-5035.1562,-13004.7242,-9161.8562,14144.9441,1
48.582795,15597.1680,15481.4526,13177.1049,-2191.3558,1
48.586701,-4938.9648,-5348.6971,1049.5932,-4792.7640,1
48.590607,-13012.2070,6920.1003,4832.9129,-1991.4989,1
48.594513,15714.3555,15544.4206,15374.1644,809.7662,1
48.598420,-7813.9648,-8086.4524,1761.5339,3611.0313,1
48.602326,2977.5391,10892.9371,-5198.4032,6412.2964,1
48.615081,15394.0430,14600.4512,14852.2858,15294.0421,1
48.618987,-8939.4531,9204.3830,7416.4279,-4807.4447,1
48.622893,-13030.2734,-8257.7796,4789.8125,-14662.6343,1
48.626799,15511.2305,-1182.5380,13677.3700,15686.6962,1
48.630706,-9439.9414,8944.8365,-5588.4663,-1595.9798,1
48.634612,6976.5625,-5246.4172,-9147.7857,-14677.4900,1
48.638518,15581.5430,10683.9672,11671.2058,15418.5118,1
48.642424,-7939.4531,10047.1371,-365.9707,-4043.7002,1
48.646331,-11027.8320,-5190.6061,-15120.8523,-12941.1264,1
48.663038,15323.7305,15278.8030,-1289.4126,-2011.8339,1
48.666945,-11063.9648,-7751.1691,7848.1118,-11767.6135,1
48.670851,2987.3047,6606.7133,10521.7959,8021.9236,1
48.674757,15698.7305,15338.8697,5943.3167,-566.8855,1
48.678663,-5813.9648,-4940.6363,-6855.7599,3401.3730,1
48.682570,-11022.4609,2769.0591,3282.8085,13382.2906,1
48.686476,15831.5430,15274.3506,5673.2446,3029.4227,1
48.690382,-4189.4531,-5183.9564,10637.0994,7653.8029,1
48.694288,-1001.4648,8635.8697,12250.4591,12002.8658,1
48.708035,15823.7305,15597.3588,-1255.1125,-428.5115,1
48.711941,-6188.9648,-7969.1029,-8226.2762,8072.6444,1
48.715847,-1009.2773,-3045.6900,4236.9126,14980.0254,1
48.719753,15831.5430,15413.2143,13476.7927,461.7704,1
48.723660,-4063.4766,-6724.1242,13370.2068,-10907.7852,1
48.727566,4986.3281,6921.4949,9424.6463,8263.1433,1
48.731472,15644.0430,15578.0047,-1754.3715,2774.4369,1
48.735378,-5063.9648,-5603.1526,3541.6344,-11598.1857,1
48.739285,-1032.2266,-13000.6996,7178.3819,-8552.0218,1
48.752017,15472.1680,15485.6331,-2555.9460,4886.1223,1
48.755923,-7690.9180,-6230.6909,-4996.2290,-366.1436,1
48.759829,924.3164,2939.1815,5514.2318,9803.9034,1
48.763736,14628.4180,15634.6336,-4247.4308,10717.2280,1
48.767642,6180.1758,-2618.8914,-14540.6406,10848.2793,1
48.771548,-11143.5547,-7004.4732,-6085.6528,14002.2972,1
48.775454,13166.9922,15846.0419,4889.9189,11402.5041,1
48.779361,8047.3633,3983.7411,8068.2884,-2829.6520,1
48.783267,10748.5352,6998.0495,7443.6604,-11610.8641,1
48.796899,11627.4414,-15539.8332,1583.0683,4800.4046,1
48.800805,-10205.5664,9212.2419,-4371.5704,-9634.9781,1
48.804712,-15288.5742,7046.9510,-7320.2929,936.5848,1
48.808618,11229.0039,-15224.5754,1670.2308,6052.0140,1
48.812524,-8580.5664,11454.0258,2954.0431,-1961.8607,1
48.816430,14709.4727,15009.2279,270.9716,10929.0988,1
48.820337,11299.3164,-15440.7424,-1985.1194,7388.2958,1
48.824243,-6329.1016,6348.5662,-7387.7252,2312.5824,1
48.828149,-7254.3945,7023.4678,5824.7870,14519.0656,1
48.842086,12065.4297,-15514.3381,5342.9831,8219.3546,1
48.845992,1172.3633,9015.3216,3547.3542,504.5838,1
48.849898,-9222.6562,-2896.7774,427.3150,4299.3802,1
48.853804,12541.9922,-15617.9939,-2922.6716,10312.7625,1
48.857711,8673.3398,324.0520,-8820.9159,-1219.1702,1
48.861617,14791.9922,-981.2177,-1854.9634,348.7640,1
48.865523,12987.3047,-15526.4865,1402.0909,-703.7836,1
48.869429,13924.3164,7649.9353,4358.0925,-1042.5730,1
48.873336,-3190.4297,3053.0779,11389.3134,14565.6172,1
48.886175,12995.1172,-6017.3591,5756.0714,12954.8098,1
48.890081,14551.2695,-8772.6881,-3199.8534,15707.5819,1
48.893987,10839.8438,-11528.0171,8369.1795,6888.0704,1
48.897893,13706.0547,-14283.3462,6500.0614,13132.1959,1
48.901800,-9324.2188,-7278.3322,-5313.0692,-8576.8377,1
48.905706,-1165.5273,-263.1035,10477.3785,2959.5375,1
48.909612,13557.6172,-9102.9506,8061.9847,13381.3592,1
48.913518,-8072.2656,-8793.9271,3166.2993,-4679.0150,1
48.917425,14854.9805,-4688.0136,6561.9503,8880.4537,1
48.945752,13862.3047,14906.7276,7300.0226,5466.2977,1
48.949658,-1320.8008,7273.4854,-9785.4671,973.9069,1
48.953565,-15120.6055,-6019.0217,6668.0560,13957.4498,1
48.957471,14104.9805,1818.2895,8475.8483,5339.3760,1
48.961377,2430.6641,6258.5333,12788.4088,6859.6449,1
48.965283,4880.8594,592.6043,-4672.0626,7890.1788,1
48.969190,13878.4180,11897.3961,9436.3873,8908.5938,1
48.973096,804.6875,6142.1085,8207.2785,9927.0089,1
48.977002,10880.3711,-8233.5860,-14890.0584,10945.4239,1
48.991945,14261.2305,15539.4906,10408.6117,9023.0555,0
48.995852,6930.6641,-4708.1194,7968.3836,6176.2461,0
48.999758,6895.5078,947.6237,7542.0112,11548.5333,0
49.003664,14737.7930,15475.0126,700.1899,9496.6568,0
49.007570,13306.1523,-4956.9893,311.9025,3738.2832,0
49.011477,10895.9961,6918.7375,10861.2877,8672.5178,0
49.015383,14573.7305,15622.6074,-549.5560,10641.2126,0
49.019289,9056.1523,-4335.0984,-13894.9572,8697.5399,0
49.023195,14890.1367,14871.8934,-11515.3291,11420.6467,0
49.037039,14354.9805,15495.0763,10869.1732,12064.9743,0
49.040945,7431.1523,-10222.9888,12657.9371,-3119.5144,0
49.044852,-13102.5391,909.3615,12559.8505,165.9313,0
49.048758,14347.1680,15116.5602,-2745.3298,12305.0795,0
49.052664,7306.6406,-10721.4001,-3080.8060,6494.3571,0
49.056570,6925.7812,8896.4379,9606.4839,9275.9629,0
49.060477,15089.3555,15355.4568,11933.6128,1442.6629,0
49.064383,-15940.4297,-6733.9974,7010.6959,-5023.0916,0
49.068289,-9026.8555,4933.3640,2859.3363,-1334.4383,0
49.081135,15659.6680,15426.4148,15605.7696,-15648.8413,0
49.085041,-1562.9883,-9013.9082,6390.2262,-1219.1843,0
49.088947,-6985.8398,2921.5151,-15117.2363,2635.1948,0
49.092854,-15285.1562,15165.1680,-14831.2895,-14689.0209,0
49.096760,-15683.1055,-14629.0496,-9496.7806,9864.2358,0
49.100666,-8915.5273,14869.3410,14799.9082,-5111.0805,0
49.104572,-14597.6562,14761.5888,-14665.5985,-13892.8218,0
49.108479,-6680.6641,15058.4556,-15413.9362,-1676.5688,0
49.112385,15136.7188,12944.8853,-13063.7859,-12863.9646,0
49.126993,-13464.3555,14922.5768,-51.2299,-3391.3896,0
49.130899,10947.7539,15430.5047,2298.8360,8525.7275,0
49.134805,15171.8750,-12924.8168,-13828.9297,-1204.9331,0
49.138711,-13026.8555,14812.9997,-11829.2992,-12078.7912,0
49.142618,-13299.8047,13813.5015,2417.8174,-12012.2078,0
49.146524,9202.1484,-10944.3564,14664.0424,-12807.0757,0
49.150430,-12558.1055,14807.6928,3787.1081,-11799.7903,0
49.154336,-8174.8047,-14415.2832,688.0914,-9785.1686,0
49.158243,-10791.0156,8819.5526,7988.0427,-9305.2196,0
49.172082,-12589.3555,15089.3646,-7101.1021,930.2323,0
49.175988,-11049.8047,14436.0866,37.9657,6812.0418,0
49.179894,3194.3359,2985.2175,-6124.6042,-7006.6206,0
49.183801,-13058.1055,14902.5694,-34.9926,-926.7766,0
49.187707,13198.2422,-15554.7932,8604.0106,5234.9014,0
49.191613,9183.1055,-11092.5202,-5673.9419,-7193.4880,0
49.195519,-13222.1680,14925.2480,-10256.1209,-3412.7571,0
49.199426,9697.7539,-14059.6830,-8210.7537,8918.6486,0
49.203332,5158.2031,-1112.6867,-11168.9063,7606.4054,0
49.215316,-13604.9805,12902.4828,-13271.2873,-13434.3950,0
49.219223,5446.2891,-126.7539,11172.0449,406.5648,0
49.223129,15133.7891,-10104.5897,1088.9665,-1262.7590,0
49.227035,-13933.5938,4856.2348,-15121.5630,-13917.8095,0
49.230941,-180.6641,2092.8389,-11948.9451,-6336.2594,0
49.234848,-6900.3906,-5108.4831,-15006.4191,637.0151,0
49.238754,-14542.9688,7591.2326,-13386.8352,-14474.1345,0
49.242660,-8432.1289,-694.4017,11919.0027,-9909.7498,0
49.246566,5093.2617,-11748.8789,1225.6167,-5002.4969,0
49.275107,-14660.1562,15382.7853,1945.7693,8263.3009,0
49.279014,-14183.5938,-13038.2276,5132.1058,14784.7134,0
49.282920,13052.2461,-1103.4698,-9256.2924,-9704.6212,0
49.286826,-15332.0312,15391.7685,-2445.6849,6996.8443,0
49.290732,13315.9180,-5452.0722,-3903.5921,6364.1617,0
49.294639,1044.9219,-1054.4867,-5683.7394,153.2727,0
49.298545,-15308.5938,15384.0421,-6700.0590,-5834.3164,0
49.302451,13565.9180,-6944.1037,-7716.3787,-11821.9055,0
49.306357,3043.4570,8884.5869,-8732.6983,-11241.4790,0
49.321143,-15605.4688,15588.9851,-12501.3790,-625.1088,0
49.325049,1562.9883,-9323.4281,1117.6178,-693.7155,0
49.328955,-14994.1406,-3069.4623,-9095.6162,-13294.6472,0
49.332862,15949.2188,15214.5903,-14344.1872,6913.8047,0
49.336768,62.5000,-11563.8151,-4733.4458,-1196.7182,0
49.340674,-12983.8867,917.8575,-9075.6751,-3234.9259,0
49.344580,-15707.0312,15412.2078,-13833.0046,-5273.1335,0
49.348487,2812.5000,-11189.7278,-12440.2514,-7311.3412,0
49.352393,-12999.5117,14853.7014,-9209.2973,-9349.5489,0
49.367865,15925.2930,15595.8823,4281.7800,-3357.0083,0
49.371772,-312.5000,-9481.7741,13978.7540,-9216.5990,0
49.375678,11009.7656,896.2266,14879.0287,-15034.5321,0
49.379584,-15816.8945,15601.1225,5209.8813,-5062.6922,0
49.383490,-2437.9883,-6132.4978,-9183.9293,-11331.8691,0
49.387397,-2993.1641,14813.3299,5195.1923,7735.6046,0
49.391303,15901.8555,15630.9089,7092.1501,7129.2335,0
49.395209,-1062.5000,-7497.8793,6362.6994,294.2945,0
49.399115,2999.0234,2893.3210,7457.3641,2409.5026,0
49.413315,15886.2305,15679.4638,2231.3770,1499.7910,0
49.417221,-2187.5000,-6316.6562,3590.0237,-2960.6571,0
49.421128,10998.0469,935.2722,8266.4577,-12963.0765,0
49.425034,15753.4180,15508.9390,824.6919,-4034.8585,0
49.428940,-1312.5000,-4080.1254,-1329.4027,-11636.8762,0
49.432846,10989.2578,-6999.5844,5786.5406,8746.4670,0
49.436753,15871.0938,15713.5879,6511.2970,2388.0895,0
49.440659,937.0117,-2213.5821,-3973.7456,9610.5823,0
49.444565,11001.4648,10921.3948,-3267.2685,6582.4979,0
49.456972,-15878.9062,15833.9107,7184.5565,-9595.7497,0
49.460878,937.0117,-3868.4083,3408.6830,-1068.7070,0
49.464785,-13024.9023,2936.3230,5914.1444,8302.5995,0
49.468691,15667.4805,15186.2123,-55.6837,5710.4875,0
49.472597,-4314.4531,-14210.0303,-7643.8437,2943.1924,0
49.476503,-13024.9023,2914.3891,1644.5090,13189.6040,0
49.480410,15479.9805,15404.2359,8875.9945,3607.8820,0
49.484316,-7189.4531,-10596.2086,5933.7828,-10827.3988,0
49.488222,-7044.9219,923.2686,3861.4025,-9061.3846,0
49.502058,15581.5430,15495.6305,7390.9962,3703.4446,0
49.505964,-1062.5000,-7601.8052,9806.9945,-1140.2760,0
49.509871,13002.4414,-7037.6436,12893.6357,10386.0063,0
49.513777,15479.9805,15199.8798,-2482.7711,3531.0143,0
49.517683,-11063.9648,-9594.5819,-6449.6258,-10527.3285,0
49.521589,14989.2578,-11029.0714,6343.4231,-14408.7647,0
49.525496,15987.7930,15316.9964,1560.0616,-7473.7249,0
49.529402,-687.5000,-5982.3615,-4969.1921,6877.4080,0
49.533308,9012.6953,8912.1304,-828.2819,9041.5474,0
49.546918,-15972.6562,15266.2437,8478.2972,-10652.4921,0
49.550824,1687.9883,-9915.8273,-11536.6806,1395.0703,0
49.554730,-5000.0000,-9040.2222,-7042.4179,-3978.8900,0
49.558636,15824.2188,15243.0057,13023.7058,-9940.1503,0
49.562543,187.5000,-8051.6680,11194.9268,-592.9556,0
49.566449,-12998.5352,-9033.5970,2177.7447,-2996.8184,0
49.570355,-15917.9688,15545.8804,10713.4347,10607.6216,0
49.574261,686.5234,-3576.2734,5863.6290,-1157.2671,0
49.578168,4986.8164,10873.5544,14639.3962,2286.1745,0
49.592388,-15964.8438,15465.5771,11941.1778,3320.9159,0
49.596294,1062.5000,-7815.4804,2132.1227,1737.0458,0
49.600201,7000.4883,12867.7968,5692.0774,12095.3402,0
49.604107,15940.9180,15878.5463,11390.2196,3944.3962,0
49.608013,-3688.4766,-4579.5436,207.9237,-9470.7872,0
49.611919,14987.7930,-14959.7561,4861.3003,3825.4147,0
49.615826,15854.9805,15613.1650,4315.3647,3213.4179,0
49.619732,-938.4766,-5451.4864,-961.7570,-10047.5767,0
49.623638,-13005.3711,-5030.2017,1423.3833,-8554.5347,0
49.651148,15894.0430,15512.7455,11138.3971,-3343.5570,0
49.655054,-3687.9883,-9510.8210,-1626.4817,6736.0921,0
49.658961,8988.7695,-1046.7387,-7231.1715,14727.1188,0
49.662867,15722.1680,15584.6843,10731.2643,-2699.9941,0
49.666773,-812.5000,-5268.7971,-13042.7806,-6836.3029,0
49.670679,14991.6992,8942.3191,8646.3404,-1088.6669,0
49.674586,15863.2812,15559.4892,10888.7787,5834.1596,0
49.678492,312.0117,-5767.8194,-6696.3725,12756.9862,0
49.682398,14993.1641,-13002.5231,10710.4403,6098.2634,0
49.710158,15909.6680,15604.8279,-5747.8447,-5735.5987,0
49.714065,-1187.5000,-3661.3928,-9368.9814,-5005.6629,0
49.717971,2987.7930,-3020.3866,5804.2639,-1908.1089,0
49.721877,15565.9180,15273.8164,4948.6681,1189.4451,0
49.725783,-8689.9414,-6888.2504,-6320.5852,4286.9991,0
49.729690,2962.4023,6877.7869,-4878.8201,7384.5531,0
49.733596,15550.2930,15685.0912,658.7932,10482.1070,0
49.737502,-5438.9648,-4281.0924,6196.4065,13579.6610,0
49.741408,8988.7695,-8970.7437,10538.8950,8835.6724,0
49.742090,15604.9805,14869.8190,10864.4131,5243.0459,0
49.745996,-5814.4531,-4568.1881,4302.9598,-3972.3972,0
49.749902,-15030.7617,-12969.9287,3614.8302,6411.4373,0
49.753809,15667.4805,15521.6534,5293.7014,4101.8181,0
49.757715,-5688.9648,-4319.8002,-1534.9946,-35.5099,0
49.761621,12978.5156,943.6664,3797.6703,11244.5444,0
49.765527,15628.4180,15472.1317,10495.6373,4313.4431,0
49.769434,-5814.4531,-6185.4996,12508.5656,-10841.4172,0
49.773340,-13028.3203,-12987.2813,14253.8112,-10939.3466,0
49.786187,15659.6680,15534.6801,10309.3116,15293.9154,0
49.790093,-4814.4531,-7897.2993,12537.6176,-9001.2928,0
49.793999,12963.8672,-1029.5125,-15140.6169,-2843.9215,0
49.797906,15534.6680,15606.3451,11074.9161,15214.5982,0
49.801812,-5564.4531,-7148.0036,-15169.8544,-7827.4557,0
49.805718,-7019.0430,975.5563,-5115.3682,-8759.5001,0
49.809624,15800.2930,15898.4911,10341.4892,15649.6357,0
49.813531,-3438.9648,-3903.3172,1068.7397,-2611.8470,0
49.817437,4972.1680,964.3294,6825.4276,-6957.7398,0
49.831143,15597.1680,15666.1956,13644.7576,15151.4774,0
49.835049,-8314.4531,-6016.7603,13738.2226,-6833.0307,0
49.838956,-5012.2070,6957.0163,6808.8657,-14483.3676,0
49.842862,15948.7305,15757.7656,14709.2669,15565.2637,0
49.846768,-4189.9414,-6141.7555,-4212.4594,-4219.3205,0
49.850674,-9018.5547,10946.5966,10733.2685,-12521.6571,0
49.854581,15847.1680,15774.2436,11497.3056,15384.5040,0
49.858487,-2438.9648,-4644.5085,-4820.9727,-8119.9491,0
49.862393,12978.0273,961.3371,-5345.0263,3031.6346,0
49.877090,15573.7305,15481.2473,984.4191,3967.5250,0
49.880996,-9814.4531,-5360.5709,1278.2054,-10336.8591,0
49.884902,-15024.4141,-10993.4104,13202.5521,1055.3692,0
49.888809,15425.2930,15482.5677,5759.6436,3596.7540,0
49.892715,-8689.4531,-5111.6679,3906.0950,-9715.2587,0
49.896621,4979.4922,-1026.7778,9024.0832,2247.7219,0
49.900527,15729.9805,15908.9647,11582.1602,3835.6099,0
49.904434,-6189.4531,-3491.2616,6404.8453,-7674.9805,0
49.908340,8970.7031,2944.4387,558.7716,-3796.9159,0
49.922067,15644.0430,15537.3325,7772.6623,3336.2610,0
49.925973,-7814.4531,-5239.4127,1331.6202,-11472.0983,0
49.929879,12979.0039,-1046.7563,5261.8505,1341.0074,0
49.933786,15628.4180,15708.2287,5911.9915,3498.3863,0
49.937692,-7564.4531,-3119.8535,-1183.1614,-6035.8287,0
49.941598,-9024.4141,959.0532,4133.9982,5944.7406,0
49.945504,15511.2305,15341.8452,9132.5224,3710.5085,0
49.949411,-6939.9414,-7107.7046,6135.0059,-11130.2558,0
49.953317,-3036.1328,-9017.7718,5827.8119,-10751.2785,0
49.966173,15628.4180,15716.4517,11985.9364,15479.1252,0
49.970079,-3313.4766,-3903.1199,15146.6178,177.2286,0
49.973985,8980.4688,-8995.2879,-1219.1191,-892.7684,0
49.977891,15604.9805,15740.1064,10447.6807,15629.0615,0
49.981798,-7689.9414,-5900.4012,6556.0704,-3451.1064,0
49.985704,14967.7734,6947.9828,14742.8052,-4858.5440,0
49.989610,15675.2930,15667.4447,14504.4941,15493.5472,0
49.993516,-4063.9648,-4028.4669,-15391.8517,-6008.7796,0
49.997423,10976.0742,4955.4369,14975.1723,-14943.7865,0
50.011969,15534.6680,10579.3886,14153.0961,5363.1844,0
50.015875,-7062.9883,12086.0125,7489.4541,-8619.7309,0
50.019781,9002.4414,13592.6363,7740.8647,1401.6331,0
50.023687,15573.7305,15099.2601,8301.3768,3496.2869,0
50.027594,-12564.9414,4042.9298,-3505.2760,-8916.3829,0
50.031500,-5024.4141,-8192.5114,2804.4656,3403.4462,0
50.035406,15409.6680,4773.5326,1236.5001,3756.0286,0
50.039312,-8563.9648,4410.7843,-5479.3952,-6596.3229,0
50.043219,969.7266,-5643.3806,5618.4210,-574.0259,0
50.071037,15425.2930,15878.5885,15860.5227,-2437.8056,0
50.074943,-10814.9414,-4717.5120,11020.3629,7506.3309,0
50.078850,-15024.4141,959.4705,-15132.4320,14148.6959,0
50.082756,15714.3555,15809.4558,12470.3480,-7090.6018,0
50.086662,-1188.4766,-736.1799,-12817.8917,-14751.6826,0
50.090568,6974.6094,6945.3487,-7140.4534,-10567.9458,0
50.094475,15659.6680,15720.5731,14014.9994,-6384.2089,0
50.098381,-4188.4766,-1607.6706,5905.9039,-2200.4720,0
50.102287,-11012.2070,4951.5304,4645.4758,1983.2648,0
50.115200,15933.5938,14010.5589,12172.3245,15241.1488,0
50.119106,3062.0117,11905.9538,-2667.3078,-2319.7061,0
50.123012,-7020.5078,5826.8308,-11113.7099,7207.8246,0
50.126918,15683.1055,15190.3887,11957.0183,15087.8735,0
50.130825,-2187.9883,10401.4197,-11238.3471,-6209.8613,0
50.134731,-12993.6523,-2603.8986,-1232.4849,-7237.2105,0
50.138637,-15917.9688,2452.4433,10200.9358,-15529.8602,0
50.142543,186.5234,9468.1665,7348.2577,969.5188,0
50.146450,-9016.6016,-8492.6186,12656.1237,7059.5389,0
50.162664,15902.3438,-15976.5357,11836.5237,5131.3826,0
50.166570,1062.5000,-12.4306,-1059.3324,-6119.3255,0
50.170476,10999.0234,10553.3894,1993.7158,6887.8650,0
50.174383,15815.9180,15508.5134,-6541.9828,4433.7538,0
50.178289,-3062.9883,-4790.5983,-198.5277,1107.9466,0
50.182195,2991.6992,715.2633,8027.2838,11077.7247,0
50.186101,15784.6680,15231.7065,-4879.3120,4566.3077,0
50.190008,-3188.9648,-1192.6008,2246.5741,8856.8418,0
50.193914,-5019.5312,-4877.6868,10382.4410,15082.9635,0
50.207157,15800.2930,-15908.5862,1124.6030,4535.6150,0
50.211063,-3689.4531,723.6192,-8985.6367,3076.5536,0
50.214970,-1017.0898,4956.9980,-1374.1858,14352.6739,0
50.218876,15948.7305,15657.6619,-302.1697,6406.5406,0
50.222782,-1812.9883,-4208.1950,-679.5446,-54.5429,0
50.226688,-13001.4648,6914.9942,8282.7327,9435.3268,0
50.230595,-15941.4062,15691.5145,1637.1406,6020.1581,0
50.234501,312.0117,-2840.3326,-5019.8199,-4534.2967,0
50.238407,-6998.5352,2946.7796,-3259.1168,-2265.5831,0
50.251056,15878.4180,15793.2147,9704.6922,15378.5785,0
50.254962,-3312.9883,-2780.2397,5660.2539,-5864.0908,0
50.258869,-9002.4414,12963.4774,737.5891,-10737.6885,0
50.262775,15862.7930,15849.8678,10148.2855,15647.9210,0
50.266681,-3063.9648,-4527.0172,1890.7742,-2756.2765,0
50.270587,-7011.2305,-12977.6246,-9336.7367,3122.2819,0
50.274494,15979.9805,15733.2830,9288.8567,15766.7706,0
50.278400,-1562.9883,-6148.2664,-13667.8235,-3270.6136,0
50.282306,-11009.2773,974.9807,4770.7214,1032.1802,0
50.296940,15683.1055,15665.9937,8059.5929,8815.9915,0
50.300846,-3063.4766,-1826.8694,-7643.8422,2083.0048,0
50.304752,12985.8398,-3010.7200,-7289.8653,13879.5803,0
50.308659,15667.4805,15634.0670,9194.7444,7656.9603,0
50.312565,-6813.9648,-2571.2181,1980.5823,-9071.4148,0
50.316471,-11009.2773,-3016.4560,11173.3033,-2948.9549,0
50.320377,15729.9805,15471.0414,10805.0720,8390.3994,0
50.324284,-5188.4766,-6547.3134,3306.1693,-3557.2832,0
50.328190,-3012.2070,-3036.5552,-2042.4263,708.8652,0
50.342123,15862.7930,15727.1335,13671.0348,5928.1865,0
50.346029,-1187.9883,-4243.0791,4629.0712,-6610.1379,0
50.349935,10997.5586,6949.1042,2657.5315,3108.2209,0
50.353842,15800.2930,15714.8733,1223.3089,7335.3523,0
50.357748,-437.0117,-4864.9125,-12506.1156,6608.5343,0
50.361654,-13001.4648,985.0011,-2134.1681,-124.3723,0
50.365560,-15855.4688,15841.7928,12314.5788,-6253.1729,0
50.369467,5686.5234,-2747.8224,8630.0039,2423.7261,0
50.373373,10962.4023,6952.9088,5051.1393,3035.3769,0
50.401108,15464.3555,15880.5019,11565.7228,-13012.0337,0
50.405015,-9690.4297,-1608.6217,-11199.2184,-15080.8944,0
50.408921,-13025.8789,-5003.3338,-9307.3766,-14752.4763,0
50.412827,15620.6055,15541.8093,9283.7682,-2307.1446,0
50.416733,-9814.4531,-9822.5366,12067.1445,-588.9756,0
50.420640,-1007.8125,14868.4942,-5344.7307,3905.3203,0
50.424546,15808.1055,15711.0095,10862.8243,8399.6163,0
50.428452,-2438.4766,-1110.7210,-4755.2307,12893.9122,0
50.432358,-5004.8828,-1005.7199,-13288.5408,9379.8349,0
50.446717,15909.6680,7722.2936,10469.3764,-3704.6620,0
50.450623,-3313.9648,10099.5158,9536.1842,-6907.4500,0
50.454529,-7023.9258,12476.7380,-1259.4726,15795.9519,0
50.458436,15800.2930,14853.9602,7691.4167,-8156.1579,0
50.462342,-2188.9648,1666.9298,15467.6686,-1019.6330,0
50.466248,4981.9336,-12124.7071,-1134.9483,1235.3690,0
50.470154,15917.4805,3464.8420,9664.8944,3490.3709,0
50.474061,-2313.9648,4679.1870,-4670.6908,5745.3729,0
50.477967,-5013.6719,655.6347,-1155.8392,8000.3749,0
50.491000,15745.6055,15799.3586,9661.4908,15234.6699,0
50.494907,-7814.4531,2309.3892,8351.5306,-4940.6565,0
50.498813,14975.0977,10967.4708,-11093.6992,-4770.6547,0
50.502719,15597.1680,15744.6564,10266.9818,15321.6482,0
50.506625,-2562.9883,-2529.8320,-421.6157,-3531.5872,0
50.510532,4986.8164,-13001.3003,8881.5857,-815.5304,0
50.514438,15761.2305,15700.5658,11461.9905,15387.8769,0
50.518344,-2062.5000,-4400.9006,4749.8516,-3675.6859,0
50.522250,6988.2812,10967.2569,-8901.3850,7008.9800,0
50.536085,15886.7188,15766.6312,13263.6900,15473.8899,0
50.539992,1062.0117,-534.2506,-13992.0810,-2152.5068,0
50.543898,8984.3750,-3021.9600,4921.0128,-8706.1241,0
50.547804,15776.8555,15688.6187,12882.6446,15610.7702,0
50.551710,-2688.9648,-4153.3352,12305.6079,-3306.5970,0
50.555617,10971.6797,-9009.9124,15047.2130,7091.8105,0
50.559523,15534.6680,15654.5005,14470.1892,15558.9371,0
50.563429,-5938.4766,-2281.2449,-8519.3980,-1459.6139,0
50.567335,14993.1641,14951.9594,4975.8549,-2961.1024,0
50.582049,15847.1680,15790.9217,15640.6144,7551.2006,0
50.585956,-1937.9883,-1685.6005,12785.9126,-3598.6936,0
50.589862,12994.1406,6917.5658,11692.2422,4215.6106,0
50.593768,15737.7930,15658.6821,2904.2271,5018.1489,0
50.597674,-5438.4766,-3175.7011,-11730.5998,-8430.0818,0
50.601581,14995.6055,14848.0768,-256.3202,2121.3709,0
50.605487,15800.2930,15825.3650,-241.0510,7348.2672,0
50.609393,-5938.9648,-5160.3802,-10418.2595,-4833.4659,0
50.613299,8977.0508,2920.7091,-1355.0883,-4058.0378,0
50.627186,15714.3555,15648.2833,8027.1061,5323.8787,0
50.631093,-4313.9648,-5279.2397,3163.5495,-661.8909,0
50.634999,-15010.2539,-14944.6333,7696.3216,9541.4037,0
50.638905,15565.9180,15427.6045,5640.3942,5012.7687,0
50.642811,-8188.9648,-7016.1196,4817.5641,3288.5807,0
50.646718,-5013.6719,6875.7028,10697.9214,13441.1932,0
50.650624,15628.4180,15516.4960,2267.5643,3951.7789,0
50.654530,-8689.4531,-10367.1485,-2596.0958,2265.8358,0
50.658436,8985.8398,-5066.3270,2417.1628,11670.0256,0
50.672153,15690.9180,15446.2969,11692.0543,4604.4891,0
50.676059,-6063.4766,-8457.5261,8910.9365,-4306.6250,0
50.679966,-13011.7188,-12998.3424,8742.7241,6718.0378,0
50.683872,15573.7305,15291.5598,11383.1693,4858.6963,0
50.687778,-5438.9648,-8458.2544,10330.3972,3116.8844,0
50.691684,-5027.8320,923.6176,9650.9416,13405.2805,0
50.695591,15479.9805,15509.0425,-762.9642,4158.1542,0
50.699497,-9064.4531,-6217.5261,-3284.0513,-4733.7725,0
50.703403,-7023.9258,-5031.0990,5765.1555,-273.1568,0
50.716850,15550.2930,15344.1786,10076.7367,6976.7138,0
50.720756,-7939.9414,-8738.0105,-571.8049,3174.1750,0
50.724662,-5025.8789,2930.7596,-3977.3038,15302.9474,0
50.728568,15683.1055,15573.0670,5634.8962,6940.9708,0
50.732475,-4938.4766,-1634.1224,-4322.0221,-6851.9017,0
50.736381,15002.9297,-8988.2251,-784.4440,-11800.6955,0
50.740287,-15895.0195,15730.1324,10666.0924,-9895.7367,0
50.744193,-188.4766,-7615.6326,3872.8804,2704.6994,0
50.748100,-3012.6953,-5023.0517,-1416.3270,9748.8988,0
50.761208,15698.7305,4942.6290,12943.1221,15632.2160,0
50.765114,-2812.0117,7912.7002,-6843.9051,-3144.1130,0
50.769020,5003.4180,10882.7713,-11110.9411,1153.9050,0
50.772927,15886.2305,13852.8425,12061.8806,15646.7659,0
50.776833,-437.5000,5485.9982,157.0720,-914.7578,0
50.780739,-13011.2305,1034.8084,783.2217,13016.9246,0
50.784645,15636.2305,14245.0659,12855.1612,15499.8686,0
50.788552,-3438.4766,7936.2415,10029.4858,-1021.1262,0
50.792458,-9016.6016,596.4788,8776.2629,3018.4261,0
50.820158,15776.8555,14511.7279,12999.2324,2429.6961,0
50.824064,-1562.9883,4787.7070,-11887.9076,10309.0918,0
50.827970,-10996.0938,-7594.1125,-1224.4034,-10237.9418,0
50.831876,-15996.5820,3204.1981,11323.8046,-3651.0103,0
50.835783,-3438.4766,5178.9051,-1274.8360,-2564.4575,0
50.839689,6992.6758,-9200.0862,-7141.4085,-1013.9147,0
50.843595,15894.0430,1223.5361,12870.5991,1477.2204,0
50.847501,-1562.9883,6082.8149,10011.0119,3968.3556,0
50.851408,14993.1641,-1375.6194,6668.3707,6459.4907,0
50.866055,15808.1055,15635.6493,11189.6551,15528.5378,0
50.869962,-3312.9883,-3029.1999,-7867.1204,-2934.5168,0
50.873868,14996.0938,-11004.7475,12639.4243,6703.3338,0
50.877774,15808.5938,15789.4438,11830.9429,-15829.3214,0
50.881680,562.5000,-2529.2787,11917.9149,-5388.3021,0
50.885587,2986.8164,14952.2533,12657.2712,-10678.6423,0
50.889493,15933.1055,15853.3635,10930.4020,15593.6953,0
50.893399,-938.9648,-2154.9465,10547.4528,-2275.6790,0
50.897305,-1010.2539,8977.7464,10674.8659,-8920.8163,0
50.912002,15847.1680,-15839.1248,1340.4463,5688.2267,0
50.915908,-1813.9648,365.2898,-7983.7818,1408.0408,0
50.919814,-3008.7891,976.4385,83.1797,12265.9679,0
50.923721,-15980.9570,15646.5578,-1513.4594,7372.1869,0
50.927627,-2562.9883,-243.8718,-11227.6628,6025.5322,0
50.931533,-7009.2773,-2989.1978,-1314.0925,15292.4344,0
50.935439,15737.7930,15297.7418,10500.9291,4388.9190,0
50.939346,-6813.9648,-8030.9171,3842.9592,966.7170,0
50.943252,10990.2344,14693.2185,-5142.8416,11567.7739,0
50.957099,15612.7930,15729.1888,6925.4153,5846.4234,0
50.961005,-2187.9883,-2993.6475,6873.4263,1662.4275,0
50.964911,-5006.3477,-12965.2811,8651.1918,11412.4968,0
50.968817,15815.9180,15732.9391,3374.6555,4913.9434,0
50.972724,-4937.9883,-2619.1411,2302.1624,-1458.2242,0
50.976630,-2983.8867,-10966.8968,7515.0948,9399.6957,0
50.980536,15940.9180,15584.6613,7601.4558,4388.9202,0
50.984442,-8314.9414,-6855.9822,4816.4366,-6972.7338,0
50.988349,-9012.6953,-9021.0995,3661.3361,-3943.3975,0
51.001062,-15934.0820,15551.3066,9523.4777,15666.2064,0
51.004969,-813.9648,-4275.5460,11882.1597,-101.9084,0
51.008875,-5016.6016,-7029.4101,-7224.2544,-2780.2314,0
51.012781,15839.3555,15428.6725,9834.1291,15575.0431,0
51.016687,-1812.9883,-3776.2062,8165.5738,-3453.7547,0
51.020594,6997.5586,-7015.2848,8619.5927,5131.3107,0
51.024500,15925.2930,15561.2538,8548.5731,15796.8223,0
51.028406,-1812.9883,-2528.3652,-15769.1334,933.5997,0
51.032312,-6993.6523,2966.8308,14747.4385,-9011.7925,0
51.046865,-15886.7188,15819.6690,10903.2684,-10756.2259,0
51.050771,2563.4766,-1673.1460,3219.5885,-863.4949,0
51.054678,-14990.7227,8880.3535,-2322.0219,1170.5864,0
51.058584,-15941.4062,15606.2993,6098.0086,10327.3056,0
51.062490,2812.0117,-1426.6344,-8069.1151,-277.7922,0
51.066396,-15014.1602,-12922.8635,6361.2175,6861.6692,0
51.070303,15636.2305,15493.0425,6248.4900,8697.0291,0
51.074209,-7188.9648,-6261.7815,-8743.4875,-6366.2471,0
51.078115,-11012.2070,2913.1182,-4247.0795,-1336.6480,0
51.092098,-15996.5820,-15941.0670,5444.8903,6249.9505,0
51.096004,-1314.4531,-906.1990,4730.5408,-3430.1107,0
51.099910,-1021.9727,-10963.5904,10623.4625,6174.2692,0
51.103817,15941.4062,15521.4560,11161.2103,7695.8479,0
51.107723,2562.5000,-5559.6134,9041.1265,2999.5534,0
51.111629,972.1680,8892.6547,8864.1131,-4224.5917,0
51.115535,15534.6680,15828.9098,2902.3115,-9123.8659,0
51.119442,-3438.4766,-3446.3398,3741.0357,2420.3149,0
51.123348,14990.2344,957.8175,14152.0795,8128.8404,0
51.150048,15886.2305,15844.7932,-2855.4953,4828.3389,0
51.153954,-1563.4766,-4519.4371,1442.1545,6237.9254,0
51.157860,8979.0039,-3033.3455,11787.8436,14488.2406,0
51.161766,15636.2305,15543.8859,3267.2506,2180.4626,0
51.165673,-6313.4766,-3528.0982,-6491.5072,-10720.4422,0
51.169579,2989.2578,-6977.9325,-7790.6087,-7974.8900,0
51.173485,15729.9805,15735.6018,-5093.5885,740.3092,0
51.177391,-8064.9414,-4023.0563,-2396.5684,9455.5084,0
51.181298,-11018.5547,-1046.2383,300.4518,11329.2228,0
51.196024,15714.3555,14718.8943,9351.6862,-3625.8265,0
51.199931,-2938.4766,1155.7584,-8547.6823,-4127.5685,0
51.203837,-7018.0664,-3127.1616,-2681.2251,14691.4757,0
51.207743,15761.2305,11172.3457,8937.6423,-6718.6084,0
51.211649,-1688.4766,-191.4627,703.4222,1064.6843,0
51.215556,12972.6562,-11134.3851,-2485.2473,3048.8332,0
51.219462,15558.1055,8891.8159,10566.9226,5032.9822,0
51.223368,-6313.9648,-630.9971,-479.5402,7017.1311,0
51.227274,-15008.7891,2390.1732,-14578.6229,9001.2801,0
51.241979,15894.0430,15650.5042,2554.7124,2232.2305,0
51.245886,-2313.9648,-5001.7331,-8530.9988,-2080.3501,0
51.249792,-5014.6484,-7012.6407,686.3664,10423.3978,0
51.253698,15831.5430,15653.3449,-1037.9770,3912.4349,0
51.257604,-3188.4766,-6995.4911,-1596.1516,-10993.5950,0
51.261511,2972.1680,4934.7664,10935.6844,989.9732,0
51.265417,15581.5430,15323.5547,11008.1284,6958.5031,0
51.269323,-2812.9883,-7120.7373,-3115.3810,-7260.7523,0
51.273229,989.7461,-13000.4251,-11199.4415,-9252.6622,0
51.286744,15933.1055,15737.2782,13527.5185,15369.0245,0
51.290651,-4313.4766,-5147.8447,-7399.3668,-4903.9924,0
51.294557,-5008.7891,6958.8076,3048.1862,7097.9439,0
51.298463,15675.2930,15596.0481,12699.0007,15521.7695,0
51.302369,-2688.9648,-5398.6071,3969.0237,-1520.8800,0
51.306276,10973.6328,-15013.6145,-12838.9520,11030.5375,0
51.310182,15644.0430,15467.5641,14100.7450,15490.3428,0
51.314088,-4438.9648,-5523.0440,-6200.2720,-2137.5211,0
51.317994,10973.1445,8950.3000,-5185.8546,10992.2056,0
51.330281,15628.4180,14430.8898,13612.7317,15367.8417,0
51.334188,-5188.9648,8704.4584,10509.5564,405.0418,0
51.338094,-1009.7656,-4618.9598,2899.9510,-8279.0505,0
51.342000,15847.1680,6758.6632,14764.6410,15240.7234,0
51.345906,-3813.4766,9029.3594,1766.6591,-3871.6201,0
51.349813,14985.8398,-6967.2632,-3200.8539,15016.4441,0
51.353719,15737.7930,-362.6733,11606.0024,15236.1582,0
51.357625,-4438.9648,8779.5040,4188.2020,-3848.9910,0
51.361531,-13018.0664,-8323.5244,6623.1273,-4845.3349,0
51.377095,15604.9805,15620.9861,11714.5482,5581.9768,0
51.381002,-4688.4766,-5856.8961,4006.5986,-465.0258,0
51.384908,12979.4922,12910.0135,3131.6520,10123.2375,0
51.388814,15753.4180,15696.1865,4526.3164,8205.1206,0
51.392720,-3563.4766,-3614.7543,-2870.6148,2351.9950,0
51.396627,14994.6289,966.6131,2067.1594,10201.2276,0
51.400533,15745.6055,15743.9763,7227.7303,6193.7724,0
51.404439,-7064.4531,-1995.5747,4384.6189,-2807.2629,0
51.408345,4977.0508,-14970.7705,3784.1438,1265.9556,0
51.420241,15964.3555,11139.8406,11243.3918,15641.8270,0
51.424147,-188.4766,7303.0207,-8203.8219,-3632.0895,0
51.428053,-13005.3711,5536.3224,-13311.8352,3090.8494,0
51.431960,15776.8555,15313.9239,9484.9692,15831.4251,0
51.435866,-6938.9648,7154.3858,-13444.7993,-1298.8712,0
51.439772,979.0039,3558.5131,-7419.6390,14995.5926,0
51.443678,15597.1680,13212.1569,9242.1583,15769.3876,0
51.447585,-5188.4766,8710.1319,-2945.6261,386.5070,0
51.451491,-7002.9297,-4851.4900,2659.4251,8929.1280,0
51.467035,15847.1680,15557.4647,1964.1187,-6822.4570,0
51.470941,-2563.4766,-6800.2469,-9938.9404,-425.6087,0
51.474848,-7004.8828,-10978.8937,-2455.0337,-9508.0700,0
51.478754,-15980.9570,15829.9567,-3381.2549,-6983.7862,0
51.482660,-812.9883,160.0577,-2802.0313,-3627.7771,0
51.486566,-2992.1875,-8946.6658,10874.0205,-12371.9944,0
51.490473,-15761.7188,15834.0224,8152.2361,-5367.7564,0
51.494379,2062.0117,-2697.7881,962.3081,9946.7087,0
51.498285,-11007.3242,-8968.2415,-1203.9343,10584.7319,0
51.513021,-15871.0938,4697.3509,13196.9760,-1774.7834,0
51.516927,2437.5000,8335.9061,-7342.0546,11938.3753,0
51.520833,-14998.5352,11974.4614,4417.4298,15661.0241,0
51.524740,15972.6562,15613.0167,1057.9120,3696.7750,0
51.528646,312.5000,166.0279,-11916.4926,604.4412,0
51.532552,6995.1172,-8349.2374,5851.4715,-11565.5602,0
51.536458,-15980.4688,13749.5502,5525.8786,-1210.4322,0
51.540365,2062.5000,-179.6941,8632.7020,9179.0095,0
51.544271,5008.3008,13568.6587,8317.5169,5380.8308,0
51.571266,-15878.9062,15967.4877,-15736.6353,-902.8593,0
51.575172,937.5000,-1735.9755,14298.7014,-9435.8678,0
51.579078,-6999.0234,-6986.1604,-5167.4351,13890.5940,0
51.582984,-15941.4062,15747.6167,13231.8860,724.4110,0
51.586891,312.0117,-3728.3289,-4510.7639,707.7202,0
51.590797,10986.8164,-6999.7352,-11059.5663,-1525.0094,0
51.594703,15777.3438,15724.7462,15312.7615,-3757.7390,0
51.598609,1562.9883,876.9127,7815.3283,-5990.4685,0
51.602516,11002.4414,-6979.1023,12727.6279,-8223.1981,0
51.616125,-15965.3320,-15788.1893,12713.5177,-15744.4220,0
51.620031,-312.9883,1403.8708,-2023.7367,1503.3188,0
51.623937,-8993.1641,-6989.3724,10689.2995,-3152.1060,0
51.627843,-15800.7812,15952.0149,12390.6298,-15644.1815,0
51.631750,2562.9883,-905.8964,-12817.9047,1372.9192,0
51.635656,5019.5312,14971.7444,-9226.3987,-13041.5831,0
51.639562,-15644.5312,-15930.0372,11389.7498,-15728.1523,0
51.643468,2438.4766,-1839.3663,9012.8795,2580.8466,0
51.647375,7020.5078,-6977.9850,2678.7725,-14988.3407,0
51.662032,-15863.2812,15918.7953,1386.6680,-7344.4775,0
51.665938,3563.4766,-418.4992,-4162.4678,-5249.3645,0
51.669844,1013.1836,-6952.9478,5133.9476,-15409.8506,0
51.673750,-15886.7188,-15894.3316,10779.6540,-8905.8346,0
51.677657,437.5000,2648.3498,6100.9591,1124.4296,0
51.681563,-2983.3984,4992.5013,1259.8214,-5511.3819,0
51.685469,-15964.8438,-15564.7059,-2110.4789,-7552.9454,0
51.689375,688.9648,1906.8833,-1766.7243,-2743.9260,0
51.693282,9020.9961,-976.6271,12156.8194,-5778.5027,0
51.707186,-15667.9688,-15949.5619,1126.6602,7002.4409,0
51.711092,6188.4766,3367.5445,-8710.0330,4958.9798,0
51.714999,-12977.0508,-6960.6444,-1511.5756,-2788.6768,0
51.718905,-15722.6562,15725.7903,-2488.2930,-7131.5506,0
51.722811,5563.4766,119.6677,-4933.7247,8238.7609,0
51.726717,-12989.2578,-12945.2777,5232.1951,-717.6215,0
51.730624,-15800.7812,-15697.1765,7338.7642,-5474.7342,0
51.734530,61.5234,876.5840,10868.8053,8655.8143,0
51.738436,-13004.8828,998.7983,13940.7100,9042.3776,0
51.751136,-15832.0312,15932.6516,9009.8669,-15637.0997,0
51.755042,3687.9883,-158.5070,1702.7745,-982.1717,0
51.758948,-1002.9297,-6991.1655,14727.6330,4732.4272,0
51.762855,15957.0312,15939.1522,8927.0144,-15618.3723,0
51.766761,1687.5000,964.5417,-3687.8636,3563.6593,0
51.770667,-10989.7461,993.0640,4652.4547,-15004.2263,0
51.774573,-15753.9062,15929.6443,7618.2472,-15432.2594,0
51.778480,1812.5000,-783.3302,10792.3644,3361.4373,0
51.782386,-8998.5352,-1009.9002,12752.3197,6969.1018,0
51.812948,15910.1562,15858.8671,8649.5581,-3401.4494,0
51.816855,1187.9883,-1157.1356,5428.2997,-2956.4921,0
51.820761,-3005.3711,14849.2077,10002.3554,-12574.0006,0
51.824667,15878.9062,15955.5863,-7132.6742,-4656.8647,0
51.828573,2062.5000,-537.0226,-2912.0830,7740.0967,0
51.832480,997.5586,-6948.5832,9240.6392,14331.2941,0
51.836386,-15824.2188,15725.6308,7447.5375,4554.2856,0
51.840292,3437.9883,3922.3866,12318.7086,15282.4370,0
51.842184,-15785.1562,15802.1033,3045.2532,-856.3851,0
51.844198,3009.7656,-8576.2147,-1464.0928,-445.1726,0
51.846090,2313.4766,687.1599,-1447.3030,-715.2276,0
51.849997,3015.6250,-2970.7643,5488.5713,7432.7617,0
51.853903,-15847.6562,-15838.6044,14123.8624,7991.8598,0
51.857809,1562.9883,1578.9007,3376.1577,-3512.7002,0
51.861715,-8972.6562,-6942.7714,2589.1231,-11415.4453,0
51.865622,-15691.8945,-15832.6073,7458.7994,-8077.8505,0
51.869528,-1688.4766,-2520.5790,-4800.9814,-5558.7114,0
51.873434,-985.3516,-4972.6201,-6350.7409,-11626.8236,0
51.886173,-15855.4688,-10181.7674,14767.7990,-15660.9558,0
51.890079,62.5000,-11777.3463,10029.7760,2324.6692,0
51.893985,8992.6758,-13372.9252,635.9354,-12800.8726,0
51.897891,15800.2930,-14968.5041,13260.7065,15594.6334,0
51.901798,-4813.9648,-7787.3060,1412.3741,-8262.2232,0
51.905704,4976.5625,-59.3099,602.2458,-915.2187,0
51.909610,15628.4180,5282.4457,12757.7566,15395.8502,0
51.913516,-5313.4766,5802.5010,7172.8841,-2552.2887,0
51.917423,10997.0703,-5885.9805,4776.8997,-981.8276,0
51.946094,15792.4805,15270.5662,11817.8169,-7061.1164,0
51.950000,-4188.4766,-1807.2094,7992.8353,-5648.3170,0
51.953906,6982.4219,6046.8050,6889.5382,-14705.1752,0
51.957812,15714.3555,14399.4383,9484.1339,3887.9735,0
51.961719,-4188.4766,-295.8672,2492.8301,-7053.0726,0
51.965625,-9004.8828,11237.6780,7002.0057,-8227.4718,0
51.969531,15902.3438,15710.6090,10761.3913,-9401.8709,0
51.973437,437.9883,1548.0845,-4553.7049,-10576.2700,0
51.977344,-14996.0938,10078.0254,1138.5118,-11750.6691,0
51.991124,-15902.8320,15978.2259,11508.7709,-15662.4224,0
51.995030,-312.9883,-2277.5711,14186.0828,1431.5238,0
51.998936,-10993.6523,8972.9212,15026.6523,787.4416,1
52.002843,-15855.4688,15927.2851,12817.4704,-15623.7432,1
52.006749,2187.5000,-3150.9303,-12311.5839,1849.3553,1
52.010655,1007.3242,6975.6167,-6926.3535,-14995.0454,1
52.014561,-15941.8945,15977.9407,12003.6234,-15413.2743,1
52.018468,-1562.5000,-2152.2984,2794.4475,5876.8944,1
52.022374,1000.0000,12975.0630,-904.5190,948.6933,1
52.038059,-15769.5312,-15899.4700,14339.8502,-489.7057,1
52.041965,4812.0117,2120.8389,10374.7564,9383.6926,1
52.045871,3004.3945,-14945.9663,10503.5027,14765.7533,1
52.049778,-15770.0195,-15930.7016,11977.8471,3951.5054,1
52.053684,-1063.4766,-3360.5574,14290.7723,-2240.3416,1
52.057590,-15002.9297,-1017.2125,12764.6325,-12682.8809,1
52.061496,-15980.4688,15855.6424,-1845.5635,-1452.4318,1
52.065403,2187.5000,-377.2626,-12997.7386,4562.8006,1
52.069309,-2991.6992,6984.5057,-9661.7285,885.3200,1
52.081211,-15691.4062,-15881.6306,12907.6354,-15351.7556,1
52.085118,7313.9648,2474.1979,6440.4929,8121.5518,1
52.089024,13024.9023,1023.5882,14761.7217,2769.8892,1
52.092930,-15605.4688,-15813.3266,11976.6028,-15595.6565,1
52.096836,2937.5000,-387.7748,5157.0660,228.7690,1
52.100743,10998.5352,-989.3900,2718.5439,13032.8301,1
52.104649,-15855.4688,-15885.2286,10737.7463,15736.8368,1
52.108555,4938.4766,-3000.8820,2053.1771,-521.6669,1
52.112461,-2975.5859,-12936.3297,4626.1577,-7018.5960,1
52.127066,-15887.2070,-15946.8917,2128.3805,-7492.0501,1
52.130972,-1062.5000,-866.7075,-5931.0962,-5216.6324,1
52.134878,-12991.2109,-10963.8470,4057.0627,728.7353,1
52.138784,15917.4805,15821.9521,3287.3058,5121.8669,1
52.142691,-5437.5000,-2871.0714,-1324.3474,-1202.8032,1
52.146597,9012.2070,6960.3518,5261.8287,10103.6320,1
52.150503,-15949.2188,-15875.5738,-1218.7720,5451.1094,1
52.154409,2312.9883,627.9431,-2394.0720,1154.6617,1
52.158316,-6981.9336,8969.5246,8801.6648,5629.6948,1
52.172985,-15675.7812,-15949.3861,-334.0784,-1833.7550,1
52.176892,3187.9883,380.5589,-10955.0696,11890.2766,1
52.180798,-985.8398,10969.8500,3722.3076,-7727.1550,1
52.184704,-15761.7188,-15823.7448,-4564.7418,-4246.1033,1
52.188610,3062.9883,1376.7641,-11026.4810,-6631.1595,1
52.192517,1007.8125,-12953.3682,4056.4013,-14116.4760,1
52.196423,-15917.9688,15840.1115,11797.2296,-6470.6134,1
52.200329,437.0117,366.7071,14085.9509,1391.6726,1
52.204235,-11001.4648,-8972.7647,13804.2963,5684.3553,1
52.216979,-15933.5938,15920.2359,8307.1995,7631.2438,1
52.220886,2062.5000,2640.6685,-3774.3690,-7195.7166,1
52.224792,-9005.8594,-2981.1491,-4434.4969,30.1909,1
52.228698,-15980.4688,15760.9493,1198.7293,6313.6858,1
52.232604,3687.0117,775.0867,-7236.4779,-5814.9243,1
52.236511,-7019.5312,-2986.2655,1456.0646,3351.2283,1
52.240417,15776.8555,15799.3327,4777.0072,7565.3224,1
52.244323,-1312.9883,-2579.0330,1206.5663,1085.5733,1
52.248229,10986.8164,12921.1247,5698.9921,6411.2594,1
52.263010,15729.9805,-2781.7775,-1319.4802,5441.7762,1
52.266916,-2313.4766,-6962.5701,131.1659,11127.8466,1
52.270822,-5018.0664,-11143.3626,9139.1401,15560.3238,1
52.274728,15729.9805,-15324.1551,-4.7444,-431.8704,1
52.278635,-3188.9648,-3524.5790,3376.0023,3094.5863,1
52.282541,-11019.0430,-13055.5870,9976.7082,13105.9078,1
52.286447,15612.7930,11255.9850,14223.7704,-3112.1574,1
52.290353,-10065.4297,-1220.2968,9015.9922,-5140.8735,1
52.294260,4948.2422,-11707.0473,6463.8154,559.7788,1
52.320190,14651.8555,13192.4175,6529.2154,8242.9038,1
52.324096,302.7344,11680.3744,-11479.5661,-1569.4023,1
52.328003,-3160.1562,-1503.2008,-9661.3032,9705.9764,1
52.331909,13315.4297,-1171.6816,3637.2623,3780.0864,1
52.335815,6044.9219,-9931.8488,-6568.5481,-10797.8954,1
52.339721,-3257.8125,8350.3422,190.4381,-10402.5764,1
52.343628,12198.2422,434.4708,2696.4363,-6972.6121,1
52.347534,3295.4102,-8668.1874,-7068.4954,-3542.6478,1
52.351440,-9283.2031,11423.5344,-15899.2850,-112.6835,1
52.366967,11760.2539,-15161.0167,6737.0719,6078.0075,1
52.370874,-703.6133,12733.8192,10148.1050,-6510.4171,1
52.374780,12732.9102,15052.5405,4460.1669,-1456.2162,1
52.378686,11689.9414,-15173.3161,1619.5577,10619.0448,1
52.382592,-76.1719,7374.2398,3086.9299,3232.6959,1
52.386499,2796.3867,3079.6459,4939.6087,4150.7120,1
52.390405,12581.0547,-15044.6961,-2093.1478,11172.9927,1
52.394311,8798.8281,6625.4443,-11108.7881,10993.6653,1
52.398217,12794.9219,11015.6686,-11569.8653,12856.8368,1
52.411986,12995.1172,-15568.1777,8488.2834,1625.7304,1
52.415893,-12698.7305,8742.3655,6868.7053,-7257.8193,1
52.419799,-13177.7344,1100.1774,-763.0023,6253.4361,1
52.423705,13284.1797,-15363.1422,4065.1878,4707.8823,1
52.427611,-10822.7539,6758.0639,-336.6014,-6820.9636,1
52.431518,-7146.9727,1074.3951,-2353.5094,1960.5840,1
52.435424,13698.2422,-15130.7305,3682.2723,6847.1160,1
52.439330,-6822.2656,7875.4174,-5275.9437,1662.3238,1
52.443236,6856.4453,-2899.8943,-12830.7883,7743.8892,1
52.457197,13932.6172,-15578.4986,-2526.6183,5264.8830,1
52.461103,-1444.8242,8682.4742,-7006.4674,1342.0707,1
52.465010,-9102.0508,9036.8751,1819.6592,9771.1380,1
52.468916,14214.3555,-15588.2999,5664.0791,11043.6435,1
52.472822,4806.1523,5199.8163,4645.7933,2261.4040,1
52.476728,-7104.9805,-946.3140,5594.6021,5839.4449,1
52.480635,14284.6680,-15697.0532,-3350.0735,9617.8183,1
52.484541,5680.6641,1593.2182,-4680.0895,3181.4607,1
52.488447,14914.0625,-14888.5658,3515.2895,2809.4620,1
52.501101,14565.9180,-15972.5820,8550.1048,14375.3600,0
52.505008,3430.1758,-3586.2008,5438.6815,3797.5673,0
52.508914,12894.5312,12965.2829,10736.9614,14915.3672,0
52.512820,14526.8555,15935.5246,9008.8752,14661.9972,0
52.516726,6931.6406,-157.4787,-15654.3783,9611.1776,0
52.520633,6923.8281,1005.6246,6678.5171,3032.8131,0
52.524539,14909.6680,-15957.1584,9149.4509,14850.7242,0
52.528445,12681.1523,1031.2771,-12277.2006,15775.9074,0
52.532351,-13088.8672,2996.4521,10803.9464,959.4040,0
52.547494,14917.4805,-15791.8259,816.2651,14320.5573,0
52.551401,-14816.4062,2074.0852,-8915.8889,14241.4476,0
52.555307,6939.4531,-6867.1926,6654.9815,15195.9726,0
52.559213,15534.6680,-15654.3094,2554.7046,2534.7062,0
52.563119,-7191.4062,100.4948,-1944.4270,-12849.0730,0
52.567026,14936.0352,10850.5815,12891.0517,-82.3532,0
52.570932,15253.4180,15929.9273,12747.4795,3109.1844,0
52.574838,-7188.4766,-962.9731,9288.0620,-8177.7004,0
52.578744,-1018.0664,-6931.9283,5831.8942,-3771.3118,0
52.592068,15354.9805,15783.5236,-1171.0698,7743.5605,0
52.595974,-5187.0117,-4589.9430,4838.8576,5340.0806,0
52.599880,13015.1367,-5015.0193,-8721.5382,-111.1175,0
52.603787,-15839.8438,15622.0167,-13000.4646,-2846.2147,0
52.607693,6189.9414,-3346.4322,-5752.8376,2988.2107,0
52.611599,-12934.5703,6920.9189,-3371.3529,-10558.1040,0
52.615505,-14769.5312,15454.4395,-10382.1734,-11647.8784,0
52.619412,-9681.1523,-7951.1632,-9415.3819,-6587.7124,0
52.623318,-12885.2539,4888.3147,-8999.6435,-6020.0394,0
52.636224,-13987.7930,9887.9334,-10308.3793,-13923.9934,0
52.640131,2820.8008,11384.2588,-1085.5120,-548.4873,0
52.644037,-8844.7266,12880.5842,-10789.2625,12905.6443,0
52.647943,-13433.1055,14376.9096,-11929.1483,-13097.1338,0
52.651849,9573.2422,2419.7146,9691.2379,10597.9988,0
52.655756,-8813.4766,-9279.1042,8975.0957,12936.5809,0
52.659662,-12823.7305,4153.4445,-11466.0679,-12935.3430,0
52.663568,-13550.7812,1766.9984,14416.0002,-14668.7359,0
52.667474,5190.9180,-911.4817,5191.4143,-859.1735,0
52.696821,-12878.4180,15224.7134,-12499.0711,8193.6794,0
52.700727,-10549.3164,-12821.1886,-8969.0961,-11377.4429,0
52.704633,-4797.8516,10861.2533,-5075.4417,-7352.5341,0
52.708540,-12940.9180,15336.3925,-15256.7833,9157.3553,0
52.712446,15698.2422,-11825.4106,-15448.1181,4538.7700,0
52.716352,-6829.1016,6871.7129,2823.2867,2003.4664,0
52.720258,-13229.9805,15428.3325,-14459.2601,-531.8372,0
52.724165,11197.7539,-10953.1642,-8545.7369,-3067.1407,0
52.728071,7164.5508,-11031.3946,11036.9232,-5602.4443,0
52.742168,-13503.4180,15383.8954,-5750.6072,-3494.2964,0
52.746074,4571.2891,-8978.8660,-2806.8162,5990.0210,0
52.749980,15146.9727,-7049.1068,-13137.3858,-4256.3974,0
52.753887,-13871.0938,15198.3617,-14688.5576,-9685.3980,0
52.757793,-1055.1758,-10848.2254,-661.9406,-8058.9460,0
52.761699,7118.1641,-13023.4102,14422.5753,-12664.5601,0
52.765605,-14277.3438,15348.5702,15400.7151,-10028.0003,0
52.769512,-4181.1523,-9850.6513,3512.7262,-4188.9392,0
52.773418,-898.4375,-9029.0936,-9705.7175,-4446.7799,0
52.786143,-14558.5938,15481.8892,-15900.2179,-14530.9125,0
52.790049,-8057.1289,-9144.4969,-432.5162,-8505.0868,0
52.793955,11069.8242,-1047.0824,1159.0347,8826.0481,0
52.797862,-14871.0938,15208.1622,14254.7829,-14679.5001,0
52.801768,-13308.5938,-9768.8282,-12434.1558,14990.1894,0
52.805674,5066.4062,12925.7953,-6783.8983,-5032.0366,0
52.809580,-14847.6562,15483.2026,14534.2118,-14985.4999,0
52.813487,-14059.0820,-7397.6983,-5785.8548,-13904.3656,0
52.817393,13050.2930,-7017.3717,11028.0332,-10968.2124,0
52.832967,-15160.1562,15602.0182,9436.7674,3432.8311,0
52.836873,12565.9180,-7456.0910,-1143.6919,-5943.7541,0
52.840779,7049.8047,10895.6717,8590.8423,-15312.9247,0
52.844685,-15332.0312,15451.2827,3455.0966,-570.9792,0
52.848592,11690.4297,-9447.5152,3682.1810,12304.2967,0
52.852498,3051.2695,4913.3048,11016.7877,-5290.0957,0
52.856404,-15285.1562,15617.7746,7668.9408,1546.3148,0
52.860310,7689.4531,-5590.6024,2110.1195,6564.2794,0
52.864217,1029.7852,-7031.3294,3228.1653,1115.6314,0
52.877107,-15535.1562,15392.4888,14.6960,-4304.1983,0
52.881014,10689.4531,-7675.7265,-4472.9222,-1876.5424,0
52.884920,15016.1133,-7032.0407,9713.1907,-14179.1974,0
52.888826,-15761.7188,15400.0322,-1199.6871,-5737.7414,0
52.892732,5188.4766,-5811.3092,-15278.1299,7006.5754,0
52.896639,-2983.3984,-7018.4251,-3863.7838,-2429.9050,0
52.900545,-15636.7188,15609.7256,5853.9531,-3618.7469,0
52.904451,5687.5000,-2826.9818,-2461.7482,672.1200,0
52.908357,-8995.6055,950.2878,-4956.4939,-9808.7775,0
52.921188,-15816.4062,15577.3385,11687.5151,-15513.7043,0
52.925094,2687.5000,-5096.9144,-1438.7207,3172.5165,0
52.929000,-8993.6523,-1038.5812,-1295.1160,896.3345,0
52.932907,-15800.7812,15725.4116,10536.2789,-15585.3426,0
52.936813,4313.4766,-1609.6471,3906.3534,2806.0498,0
52.940719,3015.1367,977.8274,-3420.2059,-14998.0225,0
52.944625,-15879.3945,15609.9152,9101.1644,-15643.7035,0
52.948532,-187.9883,-5594.3407,11038.5134,3317.0372,0
52.952438,4996.0938,10887.7848,2655.6710,-12934.8920,0
52.965226,15901.8555,14934.1242,10330.9508,15308.3503,0
52.969132,-2688.4766,3614.7541,6543.8230,-4943.6224,0
52.973039,-3013.1836,3314.1393,4627.0877,7078.6814,0
52.976945,15769.0430,13516.0167,8638.3776,15520.5564,0
52.980851,-2938.9648,3736.2442,-824.5921,-3771.5067,0
52.984757,-13019.5312,65.0942,4610.5750,13022.4846,0
52.988664,15823.7305,10694.9800,10978.7427,15745.0985,0
52.992570,-1812.9883,2257.6251,-7553.9758,-1439.7839,0
52.996476,2998.0469,2253.0458,4924.7558,10993.4854,0
53.013077,-15941.4062,13521.6290,2495.1023,1825.7100,0
53.016983,437.0117,14191.5413,9258.7413,2977.1356,0
53.020889,-991.6992,14861.4535,12954.0162,13005.4966,0
53.024796,-15887.2070,15531.3658,5797.1733,879.7124,0
53.028702,-3938.9648,-4097.9598,4361.8209,10112.2953,0
53.032608,-15020.0195,8305.5862,11012.9119,15553.3686,0
53.036514,15620.6055,15074.2469,-1815.8839,2465.5224,0
53.040421,-4689.9414,-3863.8053,-8619.5611,7655.6112,0
53.044327,-7039.5508,-8761.9889,-7017.3274,11970.1935,0
53.070143,15667.4805,12058.7317,11857.8863,2311.3124,0
53.074049,-4563.9648,4955.5000,5706.1401,2006.1588,0
53.077956,-15021.4844,12.1488,-10691.4149,12864.4186,0
53.081862,15534.6680,11026.7560,11774.7409,162.1521,0
53.085768,-6813.9648,3691.5210,8584.3896,-7971.5805,0
53.089674,6975.0977,-8986.2171,10849.4504,-6410.5196,0
53.093581,15729.9805,2750.5448,13487.9823,-3048.8659,0
53.097487,-4314.4531,4986.7867,13848.5504,312.7878,0
53.101393,2973.1445,-7623.8153,-7113.6602,3674.4415,0
53.118043,15683.1055,15519.1674,14716.9490,954.3003,0
53.121949,-6189.4531,-7233.7051,-4189.3734,-4745.1635,0
53.125855,-1026.3672,-1056.5018,5927.8281,10475.0511,0
53.129761,15612.7930,15467.9968,-8207.8932,1286.3732,0
53.133668,-4814.4531,-7108.7183,-9570.5198,2823.2823,0
53.137574,14972.6562,-9021.7849,7312.0378,13032.3314,0
53.141480,15745.6055,15424.0158,-4802.5902,2234.9293,0
53.145386,-4938.9648,-7981.1506,-6868.4871,10650.2350,0
53.149293,5004.3945,-5043.0050,-1818.4841,8406.1324,0
53.160011,15972.1680,11774.7229,11096.9925,-15637.6147,0
53.163918,-10689.9414,8011.1522,-8525.7211,-7663.5440,0
53.167824,-11020.5078,-7509.7857,8658.9996,5108.3114,0
53.171730,15370.6055,-1998.8036,10030.5613,15200.1202,0
53.175636,-11564.4531,7554.7870,11747.2953,-9299.3650,0
53.179543,-13028.3203,-7584.1572,-11201.9330,12985.0244,0
53.183449,15284.6680,-837.2060,10108.8900,14827.2210,0
53.187355,-11814.9414,6281.6232,2041.9811,-13588.3881,0
53.191261,-15030.7617,-8658.4385,-9087.2013,-4982.8503,0
53.209134,15565.9180,15484.7367,11123.1606,15526.0037,0
53.213040,-5939.9414,-4653.5021,-2322.9522,-2582.0043,0
53.216946,-3017.5781,-5016.0259,-11052.4647,-4871.9631,0
53.220852,15776.8555,15826.1095,10293.4113,15457.3928,0
53.224759,-5187.9883,-3529.8336,-3448.8529,-7551.9449,0
53.228665,6994.1406,-9004.0972,-8950.6772,11028.2556,0
53.232571,15964.8438,15741.0992,9319.5738,15748.4952,0
53.236477,186.5234,-5526.4570,3923.9373,-5939.5418,0
53.240384,6975.0977,-1024.5909,-6976.6551,10979.0096,0
53.252001,15815.9180,15608.8738,12991.5151,6610.7610,0
53.255907,-563.4766,-3415.8192,10991.6387,314.9000,0
53.259814,-7017.5781,-3023.7111,8694.1364,9326.8374,0
53.263720,15784.6680,15384.3385,7968.5746,6709.4529,0
53.267626,-1813.4766,-2796.5825,2160.4345,-6700.7313,0
53.271532,-9008.3008,-8970.3797,4273.4536,2325.0833,0
53.275439,15870.6055,15477.7956,2747.1382,6741.6106,0
53.279345,-3563.4766,-5152.2515,5012.0113,270.2522,0
53.283251,14988.2812,-12960.3152,14802.1393,4752.4035,0
53.295833,15831.5430,13290.5738,13883.9084,14592.1891,0
53.299739,-3814.4531,710.9579,-13509.3731,-8365.1127,0
53.303645,-1016.6016,-767.3528,-2994.0549,-5832.7517,0
53.307552,15784.6680,11502.7991,14282.3279,14489.4684,0
53.311458,-4938.4766,188.4752,-14180.2013,-6259.1641,0
53.315364,2986.3281,4754.6363,10686.2667,-2022.7754,0
53.319270,15558.1055,13941.1012,13332.6738,14429.3259,0
53.323177,-6688.4766,1240.3331,10901.7499,-7737.0961,0
53.327083,12990.2344,-592.3342,-11197.2631,5154.0131,0
53.341913,15847.1680,15720.1369,-660.4003,4728.6668,0
53.345819,-3188.9648,-3322.5193,1126.1764,-4452.7393,0
53.349726,14983.3984,-5016.2467,971.1111,-9594.7578,0
53.353632,-15996.5820,15549.6420,8888.9539,-7813.2452,0
53.357538,-2313.9648,-3695.6699,2547.1384,-6579.4131,0
53.361444,-11006.3477,12879.0161,8272.9209,1712.9975,0
53.365351,15831.5430,15837.5359,10738.0001,5707.6895,0
53.369257,-4062.9883,-1457.2656,9118.1245,2517.7309,0
53.373163,9000.0000,8928.6055,12962.3073,9900.5856,0
53.386177,15792.4805,12277.6779,14805.5446,15474.9204,0
53.390083,-3062.9883,13265.5006,4459.3174,-6297.1935,0
53.393989,-9004.8828,14253.3233,-13207.7778,-4742.0039,0
53.397896,15769.0430,15241.1460,12588.1351,15506.7541,0
53.401802,-6313.9648,7397.1877,4323.4735,-2172.3545,0
53.405708,12983.8867,2754.3737,-13360.1252,-792.7115,0
53.409614,15722.1680,13127.8366,13300.0595,15367.3798,0
53.413521,-5063.9648,7187.6613,-2734.5552,-2603.0834,0
53.417427,4979.4922,-8021.0792,-9279.7011,12994.2572,0
53.446077,15948.7305,14353.4716,11044.6639,-5818.5989,0
53.449984,-1688.4766,6777.9358,-12909.2057,-14190.2643,0
53.453890,990.7227,-7851.9164,4868.8381,15107.1278,0
53.457796,15761.2305,904.6369,9738.6670,-3535.4277,0
53.461702,-3563.4766,5437.6107,1235.1102,-6934.8612,0
53.465609,10979.9805,3236.7095,3058.2207,-3792.0291,0
53.469515,15737.7930,14354.5237,9381.2958,-649.1969,0
53.473421,-3188.4766,7395.6731,7932.1712,2493.6353,0
53.477327,979.4922,-5215.0797,-2934.8337,5636.4674,0
53.493169,15839.3555,15588.9378,11341.1172,3528.0275,0
53.497075,-3313.4766,-7085.1199,11126.6160,9843.5003,0
53.500981,-13014.6484,-5021.6311,10281.6213,15033.2121,0
53.504887,15558.1055,15495.5651,12796.3274,-2468.6379,0
53.508794,-6813.9648,-7706.4446,-8106.2483,-10328.3428,0
53.512700,4979.4922,953.5584,4512.4791,9343.3008,0
53.516606,15698.7305,15592.8981,8064.0295,-471.4311,0
53.520512,-5313.4766,-6213.4396,2358.7158,2525.5088,0
53.524419,8983.3984,8913.2704,2782.1205,7176.9409,0
53.536136,15565.9180,15468.2205,10603.6654,15593.5799,0
53.540042,-5188.4766,-6398.5339,10643.6714,-1710.0512,0
53.543948,-7014.1602,12952.8667,-5126.4899,9042.8535,0
53.547854,15714.3555,15709.3859,9981.2953,15689.3558,0
53.551761,-437.9883,-3404.0488,-3573.1919,1794.8303,0
53.555667,6992.6758,-3023.2202,969.2287,13017.6390,0
53.559573,15972.1680,15695.7952,11141.1107,15795.9550,0
53.563479,-2563.4766,-5899.4628,10642.3056,-1567.5550,0
53.567386,-5010.7422,-13007.5983,-1078.5836,11000.5972,0
53.581942,15628.4180,15480.9382,5685.1392,4827.0800,0
53.585849,-7189.4531,-5394.2109,-3296.7224,-4619.0477,0
53.589755,4970.2148,2890.9208,3349.0868,6664.5140,0
53.593661,15597.1680,15224.2878,3427.2580,7189.0899,0
53.597567,-5188.4766,-7256.3745,-6015.3400,3621.9485,0
53.601474,10999.0234,10831.3532,1636.4069,-1344.0333,0
53.605380,15925.2930,15839.0171,149.8079,-9429.4333,0
53.609286,-3939.4531,-1423.1957,-3859.4079,-1582.7967,0
53.613192,-5034.6680,2934.7202,7352.7610,1166.7355,0
53.627064,15745.6055,15631.0002,7638.5159,5640.5485,0
53.630970,-5438.9648,-3203.2651,-3208.3395,-5883.4248,0
53.634877,7001.4648,-8978.9475,67.8535,4156.3891,0
53.638783,15769.0430,15546.7308,1773.4440,5814.8127,0
53.642689,-5063.4766,-8050.0682,1352.4755,-856.3986,0
53.646595,-5011.7188,-3040.4839,9754.4177,-6251.6667,0
53.650502,15948.7305,15814.7700,6842.1023,-7037.8409,0
53.654408,-812.5000,-1958.4797,8425.4009,-4269.5368,0
53.658314,8997.0703,6921.3704,12413.1548,-7287.8131,0
53.672096,15839.3555,15540.6043,-546.9128,6232.3032,0
53.676002,-937.5000,-3858.6819,-10293.6354,-7131.3790,0
53.679909,-12987.3047,2917.7877,1671.8034,2414.7749,0
53.683815,-15926.2695,15512.3466,4799.7678,7942.6881,0
53.687721,-1437.9883,-8311.9971,-6501.7825,1391.4591,0
53.691627,10999.5117,-9002.7095,-1450.5287,9400.4985,0
53.695534,-15949.7070,15665.7832,4873.6214,7895.7851,0
53.699440,-1062.9883,-2618.9183,-6214.9767,-6554.8065,0
53.703346,-6980.9570,12826.7036,-10064.8671,-13411.4172,0
53.716869,-15879.3945,15820.2320,-912.5578,-9571.1032,0
53.720776,-1812.9883,-4476.9443,-10949.0026,2949.8866,0
53.724682,10989.7461,-7006.6192,49.3500,-2612.0469,0
53.728588,15854.9805,15640.6686,11639.5054,-6984.1868,0
53.732494,-3187.9883,-4850.7105,7461.2303,1960.5782,0
53.736401,986.3281,6908.6867,4488.1327,8013.0545,0
53.740307,15690.9180,15451.3916,2212.3843,9331.2042,0
53.744213,-2187.9883,-3109.2471,-6206.2293,6203.9157,0
53.748119,5002.9297,12914.3701,-1015.3146,7439.1232,0
53.763608,-15840.3320,14604.1867,4602.1469,-43.9571,0
53.767514,-688.9648,15013.3902,4685.3288,-13468.0984,0
53.771421,-9021.4844,15422.5937,10117.2648,-15812.5105,0
53.775327,15972.6562,15818.7935,-9680.0121,-1645.8697,0
53.779233,1687.5000,-4684.2040,-7762.9521,-13605.6820,0
53.783139,-8983.8867,2981.4904,11028.2869,-15788.2674,0
53.787046,-15887.2070,15607.6761,-3706.0182,-394.9818,0
53.790952,-437.5000,-5195.5624,5680.1730,-11664.0173,0
53.794858,-5003.9062,-15003.2233,8923.4538,-13749.3260,0
53.820121,15862.7930,15745.2602,-8340.2327,2038.6162,0
53.824027,-2563.9648,-7319.8754,10551.0300,10949.9135,0
53.827934,-9012.6953,-11000.5936,-10211.6993,15466.1705,0
53.831840,15940.9180,15630.9756,-12131.1746,2798.8837,0
53.835746,-4312.9883,-3215.1241,-12838.0520,2597.4774,0
53.839652,5005.8594,14895.4102,-13241.0756,4471.2538,0
53.843559,15917.4805,15904.9266,-13436.2445,6223.5643,0
53.847465,-687.5000,-1099.8660,-13631.4133,7975.8747,0
53.851371,2998.0469,-10961.5724,-13826.5821,9728.1852,0
53.867038,15901.8555,15674.1477,-1904.7761,8167.3562,0
53.870944,-562.5000,-4987.3560,2907.2173,244.1885,0
53.874850,-9006.8359,12922.1597,2356.3031,-6997.6848,0
53.878756,15878.4180,15945.5927,8213.7023,-7131.8694,0
53.882663,-1563.4766,-1872.4487,1731.2988,4668.1364,0
53.886569,-12996.5820,-12968.4290,-4337.0383,-3830.0745,0
53.890475,-15675.7812,-15813.8324,-2267.0672,-8364.5239,0
53.894381,1812.0117,2369.1461,10300.7675,2326.6868,0
53.898288,8997.5586,6960.7839,7831.0073,6317.1180,0
53.911201,15878.4180,15296.5130,14606.8812,15495.2678,0
53.915107,-1312.9883,-7707.0803,-6568.6287,-2473.3587,0
53.919014,-6995.1172,-7012.9779,-9180.6708,8816.5047,0
53.922920,-15949.2188,15734.2153,11038.0318,-15688.5747,0
53.926826,1187.5000,-3599.1034,9134.7531,612.4765,0
53.930732,14996.5820,-10975.5922,-9215.9112,-8806.7575,0
53.934639,15956.5430,15661.3730,10730.5857,15625.1125,0
53.938545,-62.9883,-4469.3566,7523.9371,-1837.1889,0
53.942451,3002.9297,6936.0990,-13140.6266,-5025.8880,0
53.957100,-15957.5195,15807.4168,1052.3018,-6981.1319,0
53.961006,-1937.9883,-5487.2512,-4082.6898,-6653.9953,0
53.964913,-15008.3008,-7005.0333,5267.5168,-15506.5582,0
53.968819,15933.1055,15764.6326,1427.8350,-8229.8336,0
53.972725,-3438.9648,-5736.2356,2843.0856,-1790.9789,0
53.976631,8978.0273,6929.4027,11103.6889,6466.1147,0
53.980538,15651.8555,15667.2322,2214.4318,8022.0576,0
53.984444,-5688.9648,-7231.3553,-9942.8811,-7387.4924,0
53.988350,-1018.5547,12907.1862,-11325.6164,-15093.4791,0
54.001984,15972.1680,15848.3919,-253.7907,-7236.1556,0
54.005890,-688.9648,-2416.9184,-1669.9192,-6299.3604,0
54.009796,4996.5820,12847.7238,10478.3484,-15463.5964,0
54.013702,15964.3555,15599.3922,6582.1233,-8773.6823,0
54.017609,-6564.4531,-7750.7434,4746.0705,6686.6518,0
54.021515,10981.9336,-5033.2316,8061.6441,129.4694,0
54.025421,15745.6055,15556.1107,4704.9628,-7425.2873,0
54.029327,-2062.5000,-5392.9843,-2616.3144,4188.0566,0
54.033234,-9004.3945,-8988.9430,-2679.2253,3977.7513,0
54.046939,15909.6680,15649.2743,13816.7196,-11194.2753,0
54.050846,-1438.4766,-2704.8119,13467.2681,3356.8651,0
54.054752,-9003.4180,-10919.9503,10527.8722,3615.0640,0
54.058658,-15988.7695,15609.9051,13815.9507,-9825.6699,0
54.062564,-1062.9883,-3318.8279,10428.8881,-2506.2159,0
54.066471,-15006.8359,2893.9121,7197.5248,-13806.9726,0
54.070377,-15972.6562,15438.6099,7356.2998,-8596.0726,0
54.074283,2312.5000,-3199.3328,-5560.2690,3509.0467,0
54.078189,9005.8594,-12890.0042,-6179.4840,-2429.4576,0
54.093202,-15925.7812,15799.1438,-2871.8012,-2933.5933,0
54.097108,2187.5000,-2216.4169,5340.1243,10360.2698,0
54.101015,-8999.5117,-6984.1698,11340.0543,-9786.7015,0
54.104921,-15980.9570,15825.9785,-2888.5149,-4919.9403,0
54.108827,-1313.4766,-4081.2925,-5881.5097,-5925.4012,0
54.112733,-11009.2773,8905.6833,10446.8225,-14076.1368,0
54.116640,15964.3555,15484.0590,11097.3568,-2566.2205,0
54.120546,-562.9883,-2714.9705,-9790.5369,2586.8956,0
54.124452,-15003.4180,-3012.1132,-12365.4231,1023.8206,0
54.150986,15917.4805,15709.3157,13230.5708,-15769.4063,0
54.154893,-437.0117,-2280.0510,7442.6542,783.7119,0
54.158799,-14985.8398,-8990.7067,12671.2412,-11057.0786,0
54.162705,-15777.3438,15895.3437,12702.0497,-15781.9565,0
54.166611,2437.0117,-2280.1244,5848.2573,-1133.5489,0
54.170518,-2968.7500,8980.7916,-5423.1478,2779.8811,0
54.174424,-15535.6445,15834.6603,12671.5754,-15592.8804,0
54.178330,-6939.4531,-7895.5058,10512.9932,-7629.2645,0
54.182236,-2992.6758,-3027.5447,4651.5132,3098.0252,0
54.196730,-15839.8438,15515.7910,11730.8053,11565.4439,0
54.200636,688.4766,-8885.7748,11115.7197,-3196.9526,0
54.204542,-6961.4258,-5030.1594,-3169.9796,-10301.2524,0
54.208449,-15308.5938,15582.7016,9046.3542,14635.5514,0
54.212355,12315.9180,-8261.4465,-6230.7050,12411.7327,0
54.216261,13045.8984,6939.7868,-6929.7422,8516.7011,0
54.220167,-15417.9688,15546.8957,9779.0545,4621.6695,0
54.224074,11314.4531,-7637.9685,-8806.6680,726.6379,0
54.227980,7034.6680,4947.0599,-1171.2546,-3168.3937,0
54.242215,-15191.4062,15456.9257,3885.5021,-2149.1357,0
54.246122,13564.9414,-4829.4078,-3314.9077,-3523.2882,0
54.250028,-959.9609,4936.1988,2152.5222,-15208.4609,0
54.253934,-15527.3438,15517.6712,5239.4988,-3676.9822,0
54.257840,7188.9648,-6695.8825,2381.9692,4740.4713,0
54.261747,-2988.2812,-7022.8164,6280.1002,-6889.4522,0
54.265653,-15933.5938,15438.5082,-1427.1784,-3502.7841,0
54.269559,3437.9883,-6198.1276,-11276.1784,-3528.3983,0
54.273465,-6993.6523,-7018.2230,-8352.3825,-13373.8143,0
54.287182,-15636.7188,15611.2980,1581.1469,-2772.8888,0
54.291088,6437.5000,-3543.9883,2246.0732,11023.1237,0
54.294994,-4988.7695,-12960.7650,8661.3046,-2187.2655,0
54.298900,-15839.8438,15398.1710,10964.4086,-7460.3317,0
54.302807,687.0117,-2799.9592,2710.8907,-7785.7105,0
54.306713,15000.9766,8880.4965,1679.6538,1272.4028,0
54.310619,15948.7305,15493.2318,7072.2722,7741.5500,0
54.314525,-1812.9883,-4785.5003,7647.7448,-3535.2903,0
54.318432,-11000.4883,-1047.9298,10907.4518,-3629.0438,0
54.332974,15901.8555,15624.3188,2349.8198,5309.8586,0
54.336880,-2687.5000,-6924.8086,1041.3119,6301.3582,0
54.340787,1000.0000,-5030.1609,8128.4607,13589.1159,0
54.344693,15886.7188,15672.3187,-6264.8423,3438.8793,0
54.348599,1062.5000,-3320.6949,-8503.7054,-1377.0683,0
54.352505,14997.0703,12889.2387,4610.0050,-11141.2148,0
54.356412,-15918.4570,15969.3660,-355.4453,-5525.9321,0
54.360318,-437.9883,-3692.2370,-9376.1596,-9172.6790,0
54.364224,11000.0000,10892.9195,-7126.5936,-7348.9501,0
54.375238,15847.1680,15009.6779,10913.9822,15720.6884,0
54.379144,-3438.4766,4501.5399,567.9505,-3107.8830,0
54.383050,-7003.4180,-9451.1767,12468.6438,7065.1714,0
54.386957,15972.1680,2171.5753,9347.6350,15693.6173,0
54.390863,-687.5000,2247.7469,3754.6967,-2674.7027,0
54.394769,-2986.3281,-6152.5961,-7581.0359,-866.6937,0
54.398675,15972.1680,6878.2525,8110.8535,15687.9478,0
54.402582,-2313.4766,3302.8268,-1447.2055,-1340.1765,0
54.406488,-1012.6953,-11574.2316,4519.4502,11006.9707,0
54.421063,15729.9805,15603.6620,10853.1881,15783.6120,0
54.424970,-7938.9648,-1613.9728,14001.2347,-3683.5315,0
54.428876,2991.2109,14917.0825,-5451.7665,-2868.0732,0
54.432782,15776.8555,15812.3625,10043.2857,15659.5114,0
54.436688,-4813.4766,-7464.4389,10862.0688,-3568.4783,0
54.440595,-13000.4883,-7023.8204,-15515.4273,13011.8078,0
54.444501,15878.4180,15593.2889,6810.7048,15758.1710,0
54.448407,-6438.4766,-5223.6755,681.9031,-4918.0236,0
54.452313,5001.4648,960.7049,6551.8267,15007.0903,0
54.466142,15839.3555,15886.3952,9136.5288,15666.8934,0
54.470048,-5438.4766,-3653.4210,-7785.9384,-1287.4794,0
54.473955,-14999.5117,12951.6753,2523.8964,12691.3061,0
54.477861,15940.9180,15693.7994,7855.2424,-15802.2740,0
54.481767,-2688.4766,-7771.7759,-3837.2448,-1700.7031,0
54.485673,-3007.3242,-11008.3526,-3418.3648,9072.4007,0
54.489580,15753.4180,15720.4305,9980.5407,15833.9123,0
54.493486,-5563.4766,-4277.0261,11939.7445,1289.1011,0
54.497392,978.0273,-13001.7799,-11254.3132,10990.5733,0
54.511936,15565.9180,1961.0124,6083.8207,6765.3871,0
54.515842,-5563.9648,5986.1150,-4726.5675,-3163.1414,0
54.519748,8973.1445,10011.2176,-1582.1469,6124.8468,0
54.523654,15456.5430,14036.3202,272.4589,5268.3378,0
54.527561,-7064.9414,2352.3952,-8551.2095,-9210.0661,0
54.531467,-13028.3203,5137.8676,5623.6815,646.2395,0
54.535373,15815.9180,14669.8861,9026.1011,6015.5305,0
54.539279,-4813.9648,3384.7547,2188.8704,-8509.5642,0
54.543186,8976.5625,998.0826,1924.1788,-9438.7035,0
54.573053,15769.0430,15696.5202,-13315.6144,-1740.5135,0
54.576959,-3188.9648,-5335.7723,-2457.0857,-4029.4383,0
54.580865,-1029.2969,-12988.3680,11240.0602,10819.9656,0
54.584771,15261.2305,15504.1328,8562.4770,-4229.7033,0
54.588678,-9439.4531,-4092.1775,6896.5907,7404.8550,0
54.592584,-15038.0859,954.2695,-8793.3860,15075.3756,0
54.596490,15269.0430,15580.2526,-7124.4354,663.9794,0
54.600396,-8939.9414,-4837.9934,-3518.3106,5851.4544,0
54.604303,-13037.1094,12892.5363,-5478.9325,10271.8142,0
54.616167,15378.4180,15633.9443,-15118.2487,14884.7680,0
54.620073,-8189.4531,-4635.3840,-1653.2401,-8783.7974,0
54.623980,-11031.2500,10948.3041,14863.8419,3262.0702,0
54.627886,15448.7305,15725.3888,14553.8249,14836.7584,0
54.631792,-5939.4531,-5010.1131,6007.7860,-9329.8580,0
54.635698,4958.4961,14918.3669,-3256.8099,11067.1586,0
54.639605,15339.3555,15720.2050,15199.8113,14538.1327,0
54.643511,-11940.4297,-6506.2356,5932.5329,-14221.1994,0
54.647417,-15041.5039,14922.7277,10795.6302,-4904.2922,0
54.661119,15292.4805,15590.6384,13695.6436,15013.4659,0
54.665025,-8189.4531,4482.1615,4868.5299,-6988.0076,0
54.668931,948.7305,-5524.9488,-15264.1364,12972.5298,0
54.672838,15214.3555,5616.9130,10858.3267,14929.3132,0
54.676744,-12941.4062,4398.8514,1836.7727,-10058.2639,0
54.680650,-1051.2695,2652.0050,14683.4156,3100.6313,0
54.684556,15237.7930,13322.0276,9226.1965,15324.7832,0
54.688463,-11690.9180,4281.6828,-14939.7971,-9132.0844,0
54.692369,4949.2188,-8737.7919,-15191.2405,8985.9246,0
54.707214,15354.9805,15407.1099,345.2523,1363.9729,0
54.711120,-11690.9180,-3531.6267,-11068.3423,-345.4935,0
54.715026,-3050.2930,-10953.4044,-1400.4939,12318.9896,0
54.718933,15214.3555,15542.7306,-2157.9141,-156.6638,0
54.722839,-11816.4062,-4274.1157,1979.8419,-12289.7460,0
54.726745,-5060.5469,4903.5989,10882.2178,2946.3388,0
54.730651,15136.2305,15611.2612,2194.1179,953.8190,0
54.734558,-11815.4297,-2414.4429,4478.2073,-11294.3010,0
54.738464,10946.2891,12847.8066,10460.1474,-7090.5482,0
54.751970,15065.9180,15616.7648,4462.2881,13788.1586,0
54.755877,-15191.8945,-6328.3522,3962.5709,4874.5991,0
54.759783,-7063.9648,12878.7220,8674.1024,5892.2986,0
54.763689,15065.9180,15568.4784,616.3514,1123.4878,0
54.767595,-15316.8945,-6577.7803,-827.9030,-1385.6976,0
54.771502,2936.0352,12876.4943,7101.9135,12893.1265,0
54.775408,15058.1055,15490.7403,8923.3888,14744.8013,0
54.779314,15933.5938,-7947.2491,7625.9511,12786.8432,0
54.783220,-7042.9688,-9038.0671,5721.6683,11559.9238,0
54.798116,15503.4180,15536.4394,713.0763,-2477.3799,0
54.802022,-9942.3828,-4596.6396,-1791.3056,-3474.7893,0
54.805929,-7090.8203,4880.8083,8256.0533,10270.8905,0
54.809835,14886.2305,15654.5187,14396.1403,14139.5836,0
54.813741,14808.1055,-3482.3275,2682.9451,14450.5958,0
54.817647,12932.1289,10820.8197,3258.1032,14922.5516,0
54.821554,14870.6055,15679.5008,-2767.1112,15004.0133,0
54.825460,-15816.4062,-4967.2960,-7658.3467,-1013.2594,0
54.829366,14948.7305,6851.7115,-268.9828,-6290.5582,0
54.840236,15222.1680,14567.4812,14218.7996,14926.1127,0
54.844143,-13066.4062,4985.0469,-1160.4823,-11957.0712,0
54.848049,-11068.8477,-7970.6121,10592.3517,-924.9783,0
54.851955,14948.7305,3102.1280,11647.2031,14716.7732,0
54.855861,-15190.9180,2696.9809,12534.5614,13970.1520,0
54.859768,8942.3828,-2272.7584,14476.8210,-6846.6131,0
54.863674,14870.6055,9646.3403,13497.0699,14662.8453,0
54.867580,-15565.9180,2792.6729,13793.3241,-15169.5489,0
54.871486,-9052.2461,1003.6871,-11287.1561,-12973.5930,0
54.887080,15042.4805,12463.7802,10963.5123,1300.1747,0
54.890986,-13440.4297,13449.7905,-2171.5749,-14103.0595,0
54.894893,-5045.4102,14435.8007,-1030.0487,-355.0341,0
54.898799,15120.6055,15421.8109,4926.3258,1410.1400,0
54.902705,-14315.9180,1265.9523,-6198.7541,-12994.2791,0
54.906611,-11046.3867,8155.4211,1780.2657,739.2668,0
54.910518,15229.9805,15469.8723,13755.1128,1051.2679,0
54.914424,-12816.4062,161.4282,4397.3735,-4660.6756,0
54.918330,-5058.5938,-11191.0324,-4267.8677,6196.1630,0
54.945871,15026.8555,12732.5524,11784.3305,1409.2670,0
54.949777,-15691.4062,5732.8631,9882.9003,-4301.9409,0
54.953683,-5050.2930,-10150.4234,6795.7371,9207.5170,0
54.957589,15261.2305,-1051.6780,10193.5592,917.8128,0
54.961496,-10814.9414,6987.0323,4551.6280,-14017.6513,0
54.965402,956.0547,-447.3449,-4540.7028,-12827.6331,0
54.969308,15198.7305,8711.1107,9592.9042,-8436.9036,0
54.973214,-14565.9180,5755.8594,-11086.0614,-4046.1741,0
54.977121,14945.3125,-10081.0851,-10952.1677,344.5554,0
54.990255,15089.3555,11127.3998,10147.1920,14789.8953,0
54.994162,-13691.4062,4612.8078,12003.8143,-13320.7638,0
54.998068,8946.7773,-6153.0647,-9165.1057,-872.3900,0
55.001974,15229.9805,4957.7831,9500.7427,15144.5802,0
55.005880,-14566.4062,3852.8616,12511.3529,-13405.9125,0
55.009787,-15050.7812,2558.5829,-3167.2845,3079.2378,0
55.013693,15222.1680,13478.6922,9513.7614,15116.3094,0
55.017599,-13940.9180,5367.2879,522.5284,-11472.3166,0
55.021505,-9041.9922,-2398.5652,-11142.9813,10947.3002,0
55.037063,15331.5430,15908.0545,5196.4773,499.3448,0
55.040969,-14066.4062,-2123.7191,1842.3819,-8365.9258,0
55.044876,10947.2656,8947.8373,5897.1473,6214.7597,0
55.048782,15089.3555,15628.0312,10849.2084,2313.8089,0
55.052688,-12689.9414,-6109.9099,8759.7039,-12713.1330,0
55.056594,2943.8477,4948.8122,7249.5550,212.9224,0
55.060501,14956.5430,15590.3808,4135.2916,915.1526,0
55.064407,-14941.4062,-5612.2678,-7300.6746,-12998.7355,0
55.068313,-15055.6641,-8996.9188,-9842.7171,-9141.9473,0
55.082019,15362.7930,15662.5962,7985.0632,5987.6217,0
55.085925,-8690.4297,-5979.1263,1642.4359,-5769.7003,0
55.089831,8957.5195,-7000.9406,4208.7841,6170.8520,0
55.093738,15472.1680,15597.4083,8993.3658,5470.8780,0
55.097644,-8940.4297,-3007.0238,2989.0849,-6641.7308,0
55.101550,14950.6836,-3014.8664,1330.7861,6265.7569,0
55.105456,15253.4180,15651.1351,11441.6100,6242.3753,0
55.109363,-14816.4062,-2758.7839,9019.7867,-7815.2579,0
55.113269,14943.8477,2920.9028,-127.4884,-2817.8503,0
55.125184,15058.1055,13907.3704,10551.4689,15271.9913,0
55.129090,-13564.9414,5652.2444,-13026.1923,-7484.2066,0
55.132996,958.9844,-232.2270,14504.5268,3040.6983,0
55.136903,15050.2930,9647.1483,9264.9398,14845.8872,0
55.140809,-14315.9180,6403.5067,-2453.1162,-11439.2097,0
55.144715,-1047.8516,5533.3084,4369.0589,5012.4228,0
55.148621,15237.7930,14363.3383,7615.2604,15053.2886,0
55.152528,-12064.9414,5914.4514,1933.5704,-11747.9919,0
55.156434,-11040.5273,10.0976,10491.9821,-2996.3586,0
55.171130,15229.9805,15790.8352,10975.0496,15329.1814,0
55.175037,-9564.9414,-3104.3739,12670.1408,-6816.0193,0
55.178943,-11030.2734,968.3313,14485.7860,-6855.0834,0
55.182849,15589.3555,15726.9320,9557.3415,15483.2703,0
55.186755,-8940.4297,-4099.5297,9649.6391,-9999.0623,0
55.190662,8955.0781,10927.8977,2421.2136,-917.0425,0
55.194568,15331.5430,15802.8391,7946.7242,15055.2287,0
55.198474,-6813.9648,754.5141,-4336.0980,-11297.9533,0
55.202380,-7037.5977,4953.6848,-5387.3485,-8981.4952,0
55.217975,15425.2930,15622.3913,13772.0116,-2540.6464,0
55.221882,-3188.9648,642.8873,-4105.4296,-11976.9175,0
55.225788,-9030.7617,-10957.3965,3710.5132,7982.5418,0
55.229694,15628.4180,15625.3227,-155.6863,-1331.6940,0
55.233600,-5939.9414,-1719.1466,-10766.8016,7562.0442,0
55.237507,-3031.7383,-8977.4712,4764.2691,15017.8588,0
55.241413,15628.4180,15698.2357,11864.3636,-1008.8892,0
55.245319,-6814.4531,-1221.4938,8308.7611,1769.9552,0
55.249225,4970.7031,12918.8375,8028.3948,7143.3073,0
55.262015,15487.7930,14452.6360,2924.9576,3795.0379,0
55.265921,-7313.9648,14898.3827,-3439.7795,-2097.9391,0
55.269827,6984.8633,15344.1295,7127.6528,9996.5942,0
55.273734,15847.1680,15789.8763,9528.2513,3951.2319,0
55.277640,-3813.9648,5221.6892,-942.1205,-9626.4090,0
55.281546,12975.5859,-58.1054,3779.8740,1799.9561,0
55.285452,15581.5430,10060.2278,15734.8256,4647.0727,0
55.289359,-6064.9414,5726.9616,14374.9760,-9944.6747,0
55.293265,-11035.6445,7593.9513,11300.2180,-9113.2058,0
55.321107,15519.0430,15903.7780,-15242.4717,-4710.0839,0
55.325014,-6688.9648,-2526.2252,-3991.9137,-1941.9087,0
55.328920,-15015.6250,2994.1414,12928.3095,14154.1002,0
55.332826,15722.1680,-15661.5007,13517.9070,-6349.9755,0
55.336732,-2438.9648,29.7417,-15451.2067,3073.5033,0
55.340639,8964.3555,14959.6431,10844.6786,4761.1267,0
55.344545,15542.4805,15837.6422,-14327.2296,6448.7501,0
55.348451,-10190.4297,-3649.5857,-14602.2349,8136.3734,0
55.352357,-9037.1094,-5014.4117,4932.9148,9823.9968,0
55.366157,15581.5430,15812.6098,-15234.5780,15565.8714,0
55.370063,-5939.9414,-656.8650,-5723.7702,-4856.0032,0
55.373969,-9029.7852,8982.2263,-13057.2696,-8782.2888,0
55.377875,15558.1055,15943.4313,15927.4600,15212.0383,0
55.381782,-8064.9414,-4150.9921,-4579.0705,-9370.8332,0
55.385688,-1031.2500,-11000.3205,734.6847,-14725.8680,0
55.389594,15550.2930,15741.9539,14839.7382,15183.2464,0
55.393500,-6438.9648,-7020.8822,7932.0528,-8201.4717,0
55.397407,-13020.9961,977.4896,14768.6976,3022.7212,0
55.411924,15542.4805,15893.9852,2594.8232,6450.0578,0
55.415830,-8314.4531,-2543.6916,-7152.7483,1567.1542,0
55.419737,-15016.1133,-10951.6093,3842.1606,12028.6627,0
55.423643,15722.1680,15629.7606,1473.9331,6822.3521,0
55.427549,-3437.9883,-1426.6888,-5811.0972,-2612.0198,0
55.431455,14984.3750,-12901.5321,3410.3638,6531.1644,0
55.435362,15472.1680,15707.3721,5864.1796,6570.3367,0
55.439268,-8689.4531,-1302.9016,-2327.4323,-6512.0090,0
55.443174,6984.8633,12861.6393,-5046.6723,-5845.6329,0
55.457087,15800.2930,15622.8975,-1092.1043,3120.2381,0
55.460994,-3813.4766,-2427.7581,-717.9133,-7958.1379,0
55.464900,10983.3984,974.5815,9393.2706,4552.7829,0
55.468806,15831.5430,15822.5017,6683.2233,6102.4139,0
55.472712,-1314.9414,-1930.1741,-3056.1245,2993.5568,0
55.476619,-9048.8281,4924.4162,-2119.5065,12370.7726,0
55.480525,15440.9180,15394.4260,9257.3911,6008.1221,0
55.484431,-9189.9414,-6897.0375,5076.9361,-5206.0657,0
55.488337,2966.3086,4886.8925,99.3664,-3744.1373,0
55.501890,15401.8555,15713.5775,271.5155,4207.5424,1
55.505796,-11189.9414,-5327.4942,-1360.6060,-1608.4271,1
55.509702,8963.8672,10887.3145,7155.3333,10090.7920,1
55.513609,15550.2930,15627.1163,7748.9603,5162.8659,1
55.517515,-6064.4531,-6073.9409,-3251.3929,2344.3626,1
55.521421,12982.4219,10888.2050,-4542.1041,-2099.0357,1
55.525327,-15988.7695,15751.4810,3433.2991,-7521.1207,1
55.529234,-188.9648,-5326.7606,-15.2059,-2670.7228,1
55.533140,-7020.9961,2941.2835,1970.4012,-4210.6759,1
55.546718,15792.4805,15602.0824,10836.8558,15484.2696,1
55.550625,-6314.4531,-6747.8832,-6354.9596,-816.1465,1
55.554531,2966.7969,14918.1976,-9170.7752,-12437.2694,1
55.558437,15386.2305,15688.8303,11383.9582,15230.3680,1
55.562343,-8313.9648,-5875.2312,844.9006,-7922.7286,1
55.566250,2983.3984,-12999.6417,10596.8947,5204.4715,1
55.570156,15659.6680,15575.1602,9836.0902,15396.1507,1
55.574062,-6939.4531,-7620.6536,-13927.7741,-7557.7182,1
55.577968,-15031.7383,8929.4025,12712.0215,10990.1277,1
55.593108,15456.5430,15575.5551,1266.1318,-2252.5230,1
55.597014,-6438.4766,-5738.2701,4256.9796,4759.9235,1
55.600920,-11017.0898,14905.9154,10290.2427,13882.4439,1
55.604827,15448.7305,15431.5092,12462.1405,-1950.9968,1
55.608733,-8814.4531,-8231.4637,-3877.3463,6355.5463,1
55.612639,4965.8203,925.8987,7752.9274,14276.7579,1
55.616545,15440.9180,15514.5708,8321.1189,-666.6081,1
55.620452,-7188.9648,-6611.2224,-6796.0818,-8262.5101,1
55.624358,14974.6094,-1035.5693,-6285.1375,-4056.0507,1
55.636001,15573.7305,6315.2510,13718.8339,15193.4229,1
55.639907,-2063.4766,8777.6177,10787.1536,-3100.5264,1
55.643814,14974.6094,11239.9845,10672.4317,9090.0640,1
55.647720,15636.2305,13702.3512,12641.5285,15343.3911,1
55.651626,-4938.9648,13601.8690,-4914.4435,-1925.6551,1
55.655532,10975.5859,-977.4836,10427.8225,13031.0986,1
55.659439,15565.9180,4611.5645,11510.1207,15424.2625,1
55.663345,-5938.9648,12814.7574,6975.2141,-958.2475,1
55.667251,-1009.7656,-3460.4864,-11378.6307,5049.8340,1
55.696224,15933.1055,14587.1097,12110.3230,-6939.6858,1
55.700130,-2062.9883,1270.1736,14075.9003,-6840.3208,1
55.704037,6994.1406,10502.4027,14353.1276,15529.5591,1
55.707943,15722.1680,15213.6056,10241.3164,-6800.1985,1
55.711849,-5438.9648,-1662.1660,4061.8597,-4994.1616,1
55.715755,-13025.3906,11566.1913,-8096.2694,-2139.3512,1
55.719662,15565.9180,15531.0903,9709.9177,715.4592,1
55.723568,-8440.4297,-1873.8546,-3906.4903,3570.2695,1
55.727474,-7031.7383,-3418.1059,8650.8983,6425.0799,1
55.742081,15745.6055,15859.3816,-1301.6957,5332.2546,1
55.745987,-4064.4531,-1999.3287,-12733.0128,-7904.8068,1
55.749893,-1010.7422,-5008.3975,-2243.5838,2650.2953,1
55.753800,15995.6055,-15933.6831,2214.0081,5787.6489,1
55.757706,-4814.4531,-1117.1876,-7819.6003,4566.2272,1
55.761612,6961.9141,4967.9398,-3183.8448,14018.6230,1
55.765518,14917.4805,15706.8582,-4667.8326,1106.4926,1
55.769425,13931.6406,-628.3009,-5951.1806,-9749.2144,1
55.773331,8851.5625,10954.4909,2202.0971,-4194.1948,1
55.787285,13190.4297,-15812.7141,8020.7306,13436.7374,1
55.791191,10797.3633,2915.8490,9298.1273,6457.9217,1
55.795098,-13250.4883,-8883.0015,3145.3273,6926.7417,1
55.799004,11908.6914,-15391.1671,2706.2660,5426.5576,1
55.802910,-578.1250,9742.2151,4257.9656,-6153.3425,1
55.806816,-15240.2344,-14756.7745,2731.8616,1610.8187,1
55.810723,12260.7422,-15174.0282,3034.8360,5669.9742,1
55.814629,4172.3633,10861.5057,9679.1438,6206.4386,1
55.818535,-15228.0273,7083.9176,12312.0935,11040.3681,1
55.831991,12713.8672,-14999.8401,-1539.6249,10961.0437,1
55.835898,14049.8047,13954.0201,2363.3907,3656.5840,1
55.839804,-15204.5898,-12499.7479,9450.5883,3989.5813,1
55.843710,12737.3047,-15208.3048,3463.1850,14312.4651,1
55.847616,11423.8281,7925.6189,2408.8251,8324.1496,1
55.851523,-3199.2188,-828.4244,1527.2148,5197.8297,1
55.855429,13151.3672,-15372.3996,7619.4770,13807.7814,1
55.859335,15050.7812,7796.6319,1867.6358,1392.8987,1
55.863241,2829.5898,-6728.8237,-11291.9857,-11636.0799,1
55.877127,13112.3047,-15600.6862,-2432.7214,691.9335,1
55.881033,-14572.7539,104.8641,-421.7042,-7282.7076,1
55.884939,6845.2148,-8947.1772,8703.8584,5071.4579,1
55.888845,13377.9297,-15656.7948,1622.0894,1174.6912,1
55.892752,-7321.7773,6324.1010,-8765.1110,-4880.1650,1
55.896658,12859.8633,12980.1745,-3336.1004,7510.6115,1
55.900564,13964.3555,-15659.6269,-1327.6014,6891.1420,1
55.904470,304.1992,2218.8433,-1712.2141,1350.0847,1
55.908377,4862.3047,-2974.0003,6998.4386,4393.7163,1
55.921085,14198.7305,-15934.0288,10378.3667,14076.1888,1
55.924991,4430.1758,3152.0558,3328.7532,4724.0250,1
55.928897,4896.4844,-6981.1234,10525.3163,8936.7657,1
55.932803,14300.2930,15836.5136,10822.9685,14099.4940,1
55.936710,6681.6406,840.9041,2149.7213,5426.1518,1
55.940616,-7084.9609,4996.6282,-1500.1301,5004.1422,1
55.944522,14612.7930,-15855.8073,9035.3767,14242.5755,1
55.948428,11808.1055,906.3117,6299.8891,5881.8510,1
55.952335,2915.5273,14972.9686,6681.7762,12923.9141,1
55.966205,14534.6680,15799.8841,11859.5662,14209.3594,1
55.970111,11307.6172,-5525.7463,-93.5272,9384.5228,1
55.974017,12932.6172,-11009.6482,-13259.5867,14931.1462,1
55.977924,14956.5430,15681.5180,10623.2952,14682.8243,1
55.981830,14307.1289,-4401.9371,11987.6513,9222.0454,1
55.985736,-3081.5430,-3025.0264,-13348.7913,-14665.1670,1
55.989642,14823.7305,15579.5186,11242.9490,14659.2025,1
55.993549,14307.6172,464.9942,6513.3144,-15246.4968,1
55.997455,-1067.3828,-12979.0669,-15024.9705,-989.2091,1
56.025093,15300.2930,15880.4971,5511.3887,-10296.4763,0
56.028999,-10691.8945,-2466.4062,-357.3265,8745.3014,0
56.032906,-5065.4297,-2995.7713,-13424.4740,14619.8625,0
56.036812,15003.4180,15787.4545,-446.2426,-9037.2345,0
56.040718,-15315.4297,-1844.7571,6376.9759,-13110.8475,0
56.044624,10931.1523,-10958.9148,4682.4335,-6395.8313,0
56.048531,14620.6055,15652.3068,1786.7545,1475.4196,0
56.052437,15683.5938,-2343.6036,-1108.9244,9346.6706,0
56.056343,6921.8750,-7004.3153,-4004.6034,7236.9744,0
56.070937,14886.2305,15654.1561,-14696.5286,-7266.5527,0
56.074843,-14440.9180,-3646.5432,-102.6653,9147.0598,0
56.078750,-5034.6680,-5012.2303,-2972.8607,15304.1433,0
56.082656,15651.8555,15770.2646,13248.8394,2616.7541,0
56.086562,-3939.9414,-2897.8616,10674.9221,-5022.3334,0
56.090468,-3030.2734,-10992.5648,12794.4593,-6443.0234,0
56.094375,15910.1562,15796.1025,-13559.8406,-7863.7135,0
56.098281,3438.9648,-3894.6099,10199.8683,-9284.4036,0
56.102187,15023.9258,976.0232,15027.0852,-10705.0936,0
56.116226,-15527.3438,15589.0422,-12669.9580,-15622.2854,0
56.120132,12565.4297,-9093.2223,1185.5880,8907.5083,0
56.124039,-2935.5469,-5046.5828,1177.2920,-12946.6766,0
56.127945,-14660.1562,15555.2100,-11952.4989,-14587.4317,0
56.131851,-7932.1289,-7723.4904,1026.9695,-9852.4521,0
56.135757,-899.9023,-1070.4921,-14866.2498,988.5369,0
56.139664,-14300.7812,15088.3618,-11828.4491,-14347.1041,0
56.143570,-3054.6875,-14325.3895,12007.2812,-1272.3177,0
56.147476,9138.1836,-11072.8284,-14832.1918,3100.0856,0
56.162763,-13667.4805,14608.5632,-13311.3142,825.6349,0
56.166670,6946.7773,13401.7653,-6481.3007,-3405.3662,0
56.170576,-2832.5195,-2145.1915,-11035.0846,-11844.3895,0
56.174482,-13261.2305,13848.2002,-5775.6348,5491.8056,0
56.178388,14949.2188,13985.6997,1672.3885,8243.6908,0
56.182295,-6807.1289,9214.5830,11459.5450,-7114.2136,0
56.186201,-12862.7930,14512.5153,10820.8307,-13727.0063,0
56.190107,13073.2422,13041.3876,-519.4997,-10513.2162,0
56.194013,-14809.5703,-9704.5623,-1173.3466,-9603.5338,0
56.208169,-13065.9180,14867.6377,-8323.9217,9113.7758,0
56.212075,13573.2422,13064.7748,-5517.3678,5642.4717,0
56.215981,-14823.7305,973.7456,8799.4342,-9786.5036,0
56.219887,-13081.5430,14749.9061,6462.0491,-13777.0549,0
56.223794,13197.2656,14185.3475,-2884.5012,7510.0926,0
56.227700,-10842.2852,2972.9996,6625.6643,-7641.7798,0
56.231606,-13456.5430,14982.9197,14237.9854,7689.7386,0
56.235512,6071.2891,14434.7758,-3766.6390,487.8561,0
56.239419,15150.3906,14934.6929,-4652.7921,-5355.8053,0
56.251920,-13698.7305,15190.4041,-281.1840,-6941.7555,0
56.255826,569.8242,-13752.9233,-6541.3876,-341.5282,0
56.259732,-4895.5078,14750.6566,4175.0224,-7606.4083,0
56.263639,-14511.7188,14917.6100,10326.1553,-12264.8864,0
56.267545,-6057.1289,14312.0481,2111.5634,-11394.2759,0
56.271451,3085.9375,6980.8209,600.1250,-13629.0825,0
56.275357,-14496.0938,14974.4898,4654.3154,-11820.7500,0
56.279264,-10308.1055,-13133.0285,1479.3375,-3151.3284,0
56.283170,1063.9648,-7101.5067,4303.4535,676.2717,0
56.298004,-15113.2812,14902.4882,4675.0120,1116.2424,0
56.301910,12566.4062,15926.7018,-1295.2665,6929.9193,0
56.305816,15067.8711,1078.9974,6368.5726,-7842.4898,0
56.309722,-15011.7188,15278.8325,2362.0576,-15463.6663,0
56.313629,13690.4297,-9365.7296,-7989.3296,-12012.9606,0
56.317535,-14947.7539,-5069.3735,1004.4614,-12337.9565,0
56.321441,-15230.4688,15316.2531,6427.8724,703.6504,0
56.325347,12189.9414,-7629.0114,-1629.6695,2145.4869,0
56.329254,-12965.3320,-14978.4964,-2025.3566,-8405.2065,0
56.343216,-15472.6562,15419.4405,5086.2444,4791.8837,0
56.347122,8062.9883,-7443.8185,-580.8705,-7090.3214,0
56.351028,-991.6992,913.1812,9433.1617,-14982.9531,0
56.354935,-15886.7188,15333.6593,11127.2521,-2364.2353,0
56.358841,1937.9883,-9184.4163,-10336.1243,-5500.7613,0
56.362747,4997.5586,2899.2892,7804.0531,-14170.7038,0
56.366653,-15972.6562,15320.8949,8090.8526,-4073.9715,0
56.370560,2062.9883,-9184.5395,11511.6346,-5912.1618,0
56.374466,-2981.4453,6892.3368,12707.3433,-1697.7814,0
56.400152,-15800.7812,14939.0909,13044.4605,209.8446,0
56.404058,4563.9648,3443.6224,3302.9369,-7518.9235,0
56.407965,9024.9023,3858.1817,6655.2982,12708.7858,0
56.411871,-15605.4688,15431.2313,11987.6581,2415.6479,0
56.415777,4562.0117,6052.8973,-15468.6187,920.3485,0
56.419683,-7013.6719,-9282.8767,8485.1270,4487.3640,0
56.423590,15878.4180,803.4502,12160.8584,8496.6092,0
56.427496,-3063.4766,5788.0524,-9261.2732,12505.8543,0
56.431402,973.1445,-194.2005,4611.4044,12141.1950,0
56.445964,15456.5430,14606.0560,11175.0078,-552.4972,0
56.449870,-5688.9648,-1085.3747,465.7261,-13989.8113,0
56.453776,-3007.3242,-5653.6522,-10951.8390,13478.7930,0
56.457682,-15941.4062,9995.6613,8899.6854,-194.1916,0
56.461589,61.5234,-985.5263,-6944.0028,-13949.5823,0
56.465495,-13012.2070,6027.9969,-14692.2781,-11080.5062,0
56.469401,15831.5430,14201.2712,10281.4667,-6824.5226,0
56.473307,-1813.9648,142.4416,-593.7181,-2568.5390,0
56.477214,-9028.3203,9383.7282,-5273.6410,1687.4447,0
56.492054,15636.2305,15401.2956,2002.7421,6023.0731,0
56.495960,-5314.4531,-8329.6373,2433.2695,-513.0169,0
56.499866,-3024.9023,8901.5600,8550.9198,9317.8400,0
56.503773,15753.4180,15504.6167,7236.2644,6598.5013,0
56.507679,-4688.4766,-6960.3337,3468.0163,-2906.6107,0
56.511585,-15007.8125,8899.1167,5086.5578,-9326.3878,0
56.515491,15901.8555,15527.9064,1687.4898,-6973.7891,0
56.519398,-687.9883,-8702.6872,-7845.6333,-4389.0893,0
56.523304,12995.6055,4918.6671,-6518.4962,-11678.7010,0
56.537008,15948.7305,15690.4308,11344.8887,-7351.7197,0
56.540915,-1438.4766,-7506.7333,12847.0933,7230.7683,0
56.544821,-1001.4648,4873.0494,11182.1837,14361.4015,0
56.548727,15933.1055,15545.0012,7118.7330,9489.4244,0
56.552633,-1562.9883,-6514.7496,76.9393,1812.3491,0
56.556540,-9003.4180,-14959.6527,3322.2874,-7137.3737,0
56.560446,-15886.7188,15365.2107,4329.4222,-6993.7984,0
56.564352,2312.0117,-6390.9115,-7764.4671,6729.3058,0
56.568258,6986.3281,-9010.0022,-7610.8963,11631.0131,0
56.580541,15745.6055,13062.7553,14409.4941,15311.6231,0
56.584447,-4187.9883,131.1984,-1734.6618,-829.1877,0
56.588353,-13003.9062,3050.1008,-8909.7040,3354.6367,0
56.592259,15706.5430,13080.1356,13368.3055,15476.4916,0
56.596166,-1313.4766,-687.2386,-6322.5070,-101.9366,0
56.600072,-1017.5781,-9082.4217,-3151.0034,3324.9189,0
56.603978,15847.1680,7027.7289,11038.5842,15426.4187,0
56.607884,-2938.9648,155.0032,5563.1753,480.8095,0
56.611791,-1016.6016,5658.6521,8866.4583,11007.0515,0
56.626881,15808.1055,15632.8369,6492.3091,5213.6786,0
56.630787,-1312.9883,-5842.2638,-9171.1340,-5978.9084,0
56.634693,2985.8398,10898.8020,-2188.8638,4494.3715,0
56.638599,15753.4180,15646.4468,4889.5079,5234.1237,0
56.642506,-5563.4766,-5718.6562,2049.2332,-8568.6436,0
56.646412,8990.7227,-13006.1976,10415.1477,1493.6268,0
56.650318,15886.2305,15367.7140,6671.7163,7210.2119,0
56.654224,-2313.9648,-7337.1432,-128.1064,883.9366,0
56.658131,8974.1211,4900.4953,-946.6741,6371.8105,0
56.672155,15659.6680,15410.6257,3175.2205,4878.8844,0
56.676061,-5063.4766,-4409.7834,3337.5780,-10245.8018,0
56.679967,4983.3984,-5029.5852,14255.3564,708.1121,0
56.683874,15565.9180,15244.2970,10648.0137,5582.6331,0
56.687780,-4188.4766,-6271.0522,-1087.0661,5866.2044,0
56.691686,-7010.7422,-5037.7469,693.6431,-939.1880,0
56.695592,15808.1055,15515.6752,-47.9712,-7399.4991,0
56.699499,-3312.9883,-3787.2504,-8874.0111,7024.1999,0
56.703405,11002.4414,944.9653,-4673.9446,13402.9154,0
56.715235,15870.6055,13008.2680,11238.7930,15489.0237,0
56.719141,-5563.9648,8800.1940,-3596.6681,-1094.6709,0
56.723048,-5031.2500,-4003.7105,-11330.5438,-2719.0341,0
56.726954,15401.8555,4393.3721,8982.8603,15703.5574,0
56.730860,-6813.9648,8503.1314,1304.7258,626.7362,0
56.734766,8981.9336,-1244.3285,4569.8667,-10582.7608,0
56.738673,15604.9805,11142.1823,10722.2916,15469.3872,0
56.742579,-3062.9883,8794.0502,-4151.8428,-2135.3539,0
56.746485,-9014.1602,-3259.1249,6897.2671,8881.3060,0
56.775107,15901.8555,14311.6845,12220.0457,4758.7277,0
56.779013,-2314.4531,9965.3234,-14780.7381,1796.7984,0
56.782920,-7020.9961,-3034.0769,-8903.7615,11351.6618,0
56.786826,15714.3555,9248.7418,11616.3253,5606.0916,0
56.790732,-5188.4766,10210.1314,-13566.3158,4722.8172,0
56.794638,2989.7461,-6283.8222,4703.1249,10220.9926,0
56.798545,15769.0430,-2629.0608,12028.5646,12296.3068,0
56.802451,-3187.9883,9220.8433,-2844.8802,14371.6210,0
56.806357,14992.1875,-8776.7580,10833.4308,11307.7546,0
56.820073,15894.0430,10197.8832,12291.7446,474.5454,0
56.823980,-687.9883,12459.1748,-13147.8371,6657.0677,0
56.827886,-15011.2305,2326.5841,-5121.7382,14423.2654,0
56.831792,15800.2930,15118.2286,10889.6274,-3996.2636,0
56.835698,-4437.9883,11209.5798,-6363.1694,-12187.6101,0
56.839605,-8997.5586,-7653.0389,6799.8833,-9831.0586,0
56.843511,15769.0430,-5777.1054,13675.2702,-5882.1078,0
56.847417,-4188.9648,11002.9486,12770.7718,-1933.1570,0
56.851323,-13019.5312,-8345.6500,-3155.6178,2015.7939,0
56.866880,15753.4180,15550.4679,6176.0519,7649.8271,0
56.870786,-4188.9648,-5782.0958,1312.2663,4300.8518,0
56.874692,4984.3750,-12971.7346,9406.6237,14155.7819,0
56.878598,15894.0430,15535.6329,5383.9877,8734.3862,0
56.882505,-4063.9648,-4912.0850,-1387.1521,-5694.7871,0
56.886411,-15018.0664,2925.1490,6438.0952,-14313.5007,0
56.890317,15815.9180,15660.2188,8222.4400,-9641.9030,0
56.894223,-687.9883,-4167.0171,4316.7042,-3241.2352,0
56.898130,2998.5352,-14934.1217,5579.0443,-2383.7553,0
56.913137,-15949.7070,1945.7531,1521.1136,2644.1582,0
56.917043,-937.9883,6368.1663,-10603.3116,-2640.1456,0
56.920949,-4999.0234,10790.5795,4574.9649,11364.1619,0
56.924856,15964.3555,15212.9927,12289.0726,1137.4355,0
56.928762,-3063.4766,-849.3587,5141.9811,9096.1940,0
56.932668,14995.6055,-4812.3977,8082.3648,-9108.0131,0
56.936574,15863.2812,13045.0970,10081.8651,-3080.4863,0
56.940481,1562.9883,-193.5539,5935.6393,11653.3526,0
56.944387,6981.9336,-6438.4684,5812.6515,15152.0670,0
56.957302,15628.4180,14900.4304,12430.0814,5162.0684,0
56.961208,-6063.9648,-7438.4145,-1394.5084,-2425.6811,0
56.965114,-11009.2773,2912.5773,-2518.2967,8043.7000,0
56.969021,15784.6680,15357.1484,-2571.2666,5913.0915,0
56.972927,-3312.9883,-10920.0073,-10964.6182,3490.5549,0
56.976833,2992.1875,-1078.3769,-676.9622,-4236.7986,0
56.980739,15901.8555,15615.0094,7236.1917,-8176.7474,0
56.984646,-3563.9648,-5448.0746,9198.2655,-3408.6078,0
56.988552,-9016.6016,14859.8074,10463.9995,-1870.6922,0
57.002987,15683.1055,15479.4767,12853.4164,1016.3083,0
57.006893,-4063.4766,-6483.1932,3064.6759,961.6063,0
57.010799,8983.8867,945.0412,5560.0052,12219.5670,0
57.014706,15698.7305,15473.5271,-676.1836,2129.2223,0
57.018612,-5313.4766,-6981.1893,754.8287,1372.0928,0
57.022518,8988.7695,12904.5911,5880.1701,12322.7063,0
57.026424,15753.4180,15486.3808,13036.6209,2075.4690,0
57.030331,-2312.5000,-6981.3038,3360.7733,-5942.4601,0
57.034237,5010.2539,-13002.0878,1145.9539,-2483.5524,0
57.048020,-15980.9570,15550.6425,7810.8350,4467.1769,0
57.051927,-562.9883,-5381.1308,5972.1599,-2009.9039,0
57.055833,-5015.1367,14801.2232,8933.6396,8850.5696,0
57.059739,15753.4180,15607.3188,9939.2558,6188.6180,0
57.063645,-1813.9648,-4885.5135,10990.9392,-774.0383,0
57.067552,-11019.5312,2903.7800,10974.1775,8941.5151,0
57.071458,15565.9180,15464.9807,10675.6283,5143.4587,0
57.075364,-10189.4531,-8976.7019,-1596.7442,-1542.8939,0
57.079270,-7008.3008,4847.0329,-9104.4462,1872.5273,0
57.092133,15589.3555,15767.4682,12200.1198,3812.4311,0
57.096039,-11064.9414,-4208.8269,12989.7684,858.1954,0
57.099945,10971.6797,14877.1091,12819.2547,13326.5660,0
57.103852,15808.1055,15632.7873,2188.4376,7501.2506,0
57.107758,-1688.4766,-4582.6418,1141.7223,-4076.9826,0
57.111664,-1016.6016,-9000.7635,11518.5207,4042.7643,0
57.115570,15683.1055,15406.2021,8258.3948,6402.3388,0
57.119477,-3688.4766,-6697.5427,4959.7755,1557.2289,0
57.123383,2984.8633,-3041.3258,7559.3265,3783.1627,0
57.137032,15683.1055,15596.3160,6174.0497,-9357.6422,0
57.140939,-2312.5000,-7300.6768,-1121.0359,-3992.0480,0
57.144845,2986.8164,-1058.6389,5175.9959,5514.2973,0
57.148751,15792.4805,15341.8890,1316.5658,5711.0347,0
57.152657,-3813.4766,-8668.0474,-2316.0561,-5503.1940,0
57.156564,-9008.3008,-7029.8412,8791.2068,4627.7872,0
57.160470,15769.0430,15445.5778,11954.7930,6887.1815,0
57.164376,-5939.4531,-6306.9748,-2291.6412,-4454.8444,0
57.168282,-11022.9492,6885.6595,-13524.8167,-3792.8405,0
57.196811,15737.7930,15552.3357,12923.1696,-6724.1189,0
57.200717,-4188.9648,-7078.3921,-1584.2312,-8318.2259,0
57.204623,-9012.2070,10874.8466,-9061.5462,11481.6922,0
57.208529,15886.2305,15465.6090,10871.7594,-5863.7534,0
57.212436,-3188.9648,-7700.1862,-7121.8373,-10231.3864,0
57.216342,10986.8164,-7021.9716,-8962.5339,-6573.5541,0
57.220248,15784.6680,15431.8506,11824.8860,-2915.7218,0
57.224154,-4938.9648,-9814.9835,-7760.2839,742.1105,0
57.228061,-9020.9961,6881.4621,10889.0519,4399.9428,0
57.242103,15815.9180,15516.0577,6017.0223,4645.1704,0
57.246010,-3062.9883,-7756.5432,3370.6234,3026.4952,0
57.249916,12996.5820,-14974.3949,8415.0155,13475.2166,0
57.253822,15886.2305,15474.1632,12192.4242,5483.2781,0
57.257728,-937.9883,-4530.0459,10768.0039,-5593.0300,0
57.261635,10991.2109,12824.4951,10474.5211,4823.5716,0
57.265541,15870.6055,15406.0513,4025.3314,5170.3010,0
57.269447,-2438.4766,-8501.5383,2988.5656,324.5753,0
57.273353,2987.3047,4860.1020,9534.6024,6446.1823,0
57.286166,15831.5430,15489.9175,12427.2836,15522.0459,0
57.290072,-2437.9883,-7773.2244,9565.9755,-4816.5229,0
57.293978,-9006.8359,-7038.9717,10901.6916,-4825.4249,0
57.297885,15862.7930,15291.9785,9863.8655,15443.4736,0
57.301791,-2938.4766,-7773.5146,8608.7744,-4880.8414,0
57.305697,-7020.5078,-11027.5101,-4944.8387,1118.3232,0
57.309603,15433.1055,15261.5154,12202.8551,15398.2079,0
57.313510,-7439.4531,-10394.4006,-11080.3393,-2307.7661,0
57.317416,12973.1445,2932.8485,15072.2247,10988.3529,0
57.331139,15737.7930,15382.4849,13874.2107,15447.7388,0
57.335045,-2063.9648,-5899.4989,15415.6266,-3158.1993,0
57.338952,-7027.8320,-1071.8508,12976.6432,-8622.4235,0
57.342858,15604.9805,15399.6488,13943.0202,15421.7763,0
57.346764,-6814.4531,-6519.2823,-3305.6406,-4869.7027,0
57.350670,-7016.1133,-3050.6328,6781.3712,14984.6778,0
57.354577,15761.2305,15485.1506,10712.7960,15523.5561,0
57.358483,-2938.4766,-8750.7342,-13073.0202,-1123.4263,0
57.362389,12981.4453,4859.0065,-9181.1768,3041.9452,0
57.377265,15612.7930,15370.6183,7931.1882,4599.7468,0
57.381171,-5688.9648,-6065.9292,-574.6475,4861.1442,0
57.385078,-15014.1602,4905.6070,5104.1101,14547.9927,0
57.388984,15956.5430,15497.7209,4585.9722,3601.1950,0
57.392890,-3563.9648,-5567.3149,3677.7887,-3605.6934,0
57.396796,-4996.0938,12882.7453,9288.7583,8122.0322,0
57.400703,-15824.7070,15597.8319,11777.2887,4112.5306,0
57.404609,-3689.9414,-7059.4200,6538.2274,-9682.8557,0
57.408515,-11025.8789,-11000.1172,2573.5119,-8603.4950,0
57.422071,15589.3555,15558.3874,3398.1083,3240.0229,0
57.425977,-6938.9648,-8069.7044,-3274.8588,-12202.4267,0
57.429883,-15013.1836,12855.4833,6122.5420,140.1382,0
57.433789,15784.6680,15412.8438,6357.9541,6393.4236,0
57.437696,-5563.9648,-9936.0956,-6351.4719,1910.9822,0
57.441602,-5013.1836,2902.3826,-2581.9177,11326.3402,0
57.445508,15745.6055,15618.8356,11286.4212,5211.4979,0
57.449414,-5813.9648,-6079.3794,-497.4778,-9258.9596,0
57.453321,-11007.3242,4908.9453,-12206.3770,-9286.0962,0
57.466198,15706.5430,15466.4045,9522.4315,15219.7398,0
57.470105,-9314.4531,-8271.4805,4043.4351,-7986.0879,0
57.474011,-13013.1836,-3033.9710,560.2474,-2725.1068,0
57.477917,15729.9805,15563.5265,9351.5846,15455.3614,0
57.481823,-4063.4766,-4402.7678,-2216.8026,-3676.0876,0
57.485730,984.8633,2953.9051,-5459.1397,5146.3854,0
57.489636,15737.7930,15527.5607,10173.6582,15372.4598,0
57.493542,-4562.9883,-7772.2427,2648.1699,-4694.5956,0
57.497448,5000.4883,-15016.2626,-9247.5861,-4919.1883,0
57.513107,15964.3555,15436.9786,-7255.3202,-1007.0316,0
57.517014,-3188.9648,-6812.6587,-4257.0715,-9907.6815,0
57.520920,-5018.0664,-12994.3699,6972.5463,9119.4863,0
57.524826,15683.1055,15202.2227,-9000.1075,4723.4664,0
57.528732,-1937.9883,-7558.1088,7045.0972,-5013.9725,0
57.532639,972.1680,921.7306,12099.6368,10052.4957,0
57.536545,15487.7930,15304.7026,1847.5640,-1525.0147,0
57.540451,-6813.9648,-9175.2425,-5628.6226,-11563.2281,0
57.544357,12982.4219,-9035.7676,-5006.5221,-6859.4559,0
57.570185,15706.5430,13689.1497,13209.9847,1845.5780,0
57.574091,-3563.4766,5364.7796,-9177.6210,-7582.9481,0
57.577998,-9020.0195,-4637.3322,-3154.4868,11184.5936,0
57.581904,15519.0430,5682.1968,11146.8207,414.8928,0
57.585810,-6313.9648,4122.0372,-1171.0921,8390.6588,0
57.589716,2978.5156,-2263.8498,-14990.0938,11505.1250,0
57.593623,15769.0430,10035.9801,15555.2476,12140.3298,0
57.597529,-3813.4766,5426.0119,12151.8563,12775.5347,0
57.601435,2982.4219,-7516.9167,-13056.9236,13410.7396,0
57.616112,15690.9180,15652.0291,15611.9321,15623.4404,0
57.620018,-4313.4766,-8591.3133,-3550.1983,-6226.4445,0
57.623924,12991.6992,8895.9654,14789.2829,5087.4882,0
57.627831,15729.9805,15601.3321,14407.3801,15712.4310,0
57.631737,-5688.9648,-8218.0607,9911.4038,-4815.5107,0
57.635643,-9020.5078,-1055.0360,10770.7453,-4858.4840,0
57.639549,15479.9805,15552.9136,12558.0065,15428.6544,0
57.643456,-5063.9648,-8217.1199,5295.0420,-6306.4002,0
57.647362,6967.2852,4918.6235,8726.4006,10970.4962,0
57.662269,15511.2305,15399.8029,4906.5437,4176.6918,0
57.666175,-7813.4766,-8119.4201,577.8832,1170.3598,0
57.670081,2985.3516,-10979.3206,6711.0072,11474.6515,0
57.673988,15784.6680,14953.3969,12242.2405,5458.2916,0
57.677894,-3938.9648,-5920.2315,6888.6281,4490.5508,0
57.681800,-7015.6250,792.9504,5871.8607,13606.4410,0
57.685706,15839.8438,15297.6811,2173.7417,5017.9737,0
57.689613,1187.9883,-4086.5764,-2056.0430,689.8334,0
57.693519,13008.3008,-14776.1043,2035.1632,6705.0530,0
57.707897,15925.2930,15584.2046,11803.8031,918.2557,0
57.711803,-2563.9648,-5098.9410,-883.9164,-1725.5086,0
57.715709,-9024.9023,6914.8963,5496.0394,-12303.8779,0
57.719616,15792.4805,15380.7290,-8967.6451,-4026.8478,0
57.723522,-4688.9648,-7587.9786,4198.5955,-11399.1521,0
57.727428,-7015.1367,2939.8987,7588.4331,8215.4292,0
57.731334,15690.9180,15627.8816,5711.0391,89.5909,0
57.735241,-5563.9648,-6717.0875,10841.2251,8621.9263,0
57.739147,981.4453,-5033.6603,11865.4635,13581.4034,0
57.751088,15784.6680,15655.1824,8528.1959,15697.9706,0
57.754995,-3688.4766,-6524.0957,-8680.9038,-3458.6702,0
57.758901,14989.7461,8942.9897,-3359.0076,-4709.6910,0
57.762807,15792.4805,15616.3332,7613.0786,15732.7548,0
57.766713,-7314.4531,-6149.3600,-15076.8898,-2702.8466,0
57.770620,-13013.6719,6955.1002,-15255.9736,-12632.5773,0
57.774526,15745.6055,15620.5151,6348.9504,15593.5867,0
57.778432,-3813.9648,-5026.8754,3474.0780,-1619.4707,0
57.782338,2959.9609,-11032.1160,14780.8691,-14901.7328,0
57.796679,15558.1055,15435.1543,10773.7665,15685.8353,0
57.800585,-4814.4531,-4402.0366,8699.8278,-2681.3501,0
57.804491,-15021.4844,-5016.4905,-11075.4136,7090.3224,0
57.808397,15690.9180,15511.5977,10597.3964,15362.5087,0
57.812304,-5314.9414,-9891.0107,3112.0973,-6228.1561,0
57.816210,-5040.0391,12938.8115,-7332.7561,-8702.3753,0
57.820116,15573.7305,15584.4500,9398.7430,15149.2346,0
57.824022,-4689.4531,-8269.9692,-14217.5143,-5487.6557,0
57.827929,-5019.5312,-15010.8165,8810.9531,-8913.3382,0
57.842180,15737.7930,15833.2976,-13401.3783,3280.2792,0
57.846086,-5813.9648,-2838.6310,-133.6632,-670.1381,0
57.849992,4984.8633,10910.1361,12471.0006,11404.5487,0
57.853898,15784.6680,15619.1977,12748.5381,4835.8526,0
57.857805,-2688.4766,-8560.1931,12951.3728,3782.0482,0
57.861711,-11019.0430,14838.2313,14444.7952,14242.2889,0
57.865617,15737.7930,15593.7938,1061.5126,5049.5783,0
57.869523,-3938.4766,-6073.7730,292.7926,-5048.5947,0
57.873430,6990.7227,-9018.0429,8991.3000,-2063.5999,0
57.887078,15706.5430,15506.9779,-5236.1691,5192.7445,0
57.890985,-2688.4766,-7099.9993,4649.6659,-2438.0920,0
57.894891,-1020.0195,934.6897,10008.2192,7991.9911,0
57.898797,15683.1055,15430.6309,9029.9888,3773.3017,0
57.902703,-5812.9883,-7100.1838,3186.1361,-2868.3808,0
57.906610,991.6992,6918.8523,-5268.6210,9206.4547,0
57.910516,15761.2305,15687.7331,-4873.1931,5731.1576,0
57.914422,-1063.4766,-4110.5844,-3812.8269,-33.0375,0
57.918328,-1011.2305,-12987.6878,-13456.9577,6491.3850,0
57.946765,15894.0430,15592.6634,15091.5345,-8966.0109,0
57.950671,-2313.4766,-8268.9968,7702.6287,-5536.9227,0
57.954578,-3010.2539,-3060.9509,-6994.9947,10707.4233,0
57.958484,15589.3555,15402.8238,13427.0250,-6912.6828,0
57.962390,-8563.9648,-10875.9573,3417.2309,-536.5745,0
57.966296,6973.1445,8845.8077,-12860.8298,1733.2750,0
57.970203,15487.7930,15759.6522,13427.9192,4003.1245,0
57.974109,-4563.4766,-4790.5921,-13573.4385,6272.9740,0
57.978015,14989.2578,10886.2795,10910.9256,8542.8235,0
57.993125,15729.9805,15691.8319,6139.2258,-436.9264,0
57.997032,-5313.9648,-6189.0089,4728.4713,2353.4906,0
58.000938,-11015.1367,-10988.4503,9762.5319,13092.6849,0
58.004844,15839.3555,15617.0016,-2601.2276,1291.1086,0
58.008750,-1438.4766,-3081.3490,371.3396,4407.7668,0
58.012657,-15018.5547,4932.6381,9816.0267,13707.3341,0
58.016563,15808.1055,15668.9521,12264.3383,4157.5308,0
58.020469,-3938.9648,-5443.0890,8364.6309,6847.7886,0
58.024375,-9010.2539,-1042.4148,7973.8185,10353.1630,0
58.036072,15870.6055,15633.5291,11707.0052,15516.3828,0
58.039978,-2063.9648,-4276.2995,5603.9947,-2842.9794,0
58.043884,-1016.1133,6960.6156,-10960.1973,-4738.5969,0
58.047791,15933.1055,15760.2574,9672.5485,15715.1826,0
58.051697,-437.9883,-6896.5822,-15776.7399,-2729.1046,0
58.055603,-1001.4648,-3029.3659,-4921.1656,13017.4359,0
58.059509,15862.7930,15608.8159,11951.0485,15426.6479,0
58.063416,-2562.9883,-4650.5917,4915.2750,-3027.3975,0
58.067322,-14995.1172,-14993.2120,3005.7800,9022.6047,0
58.081998,-15926.2695,15691.7472,6241.4491,8536.0469,0
58.085904,-1312.9883,-6936.0428,4687.1062,-7142.2718,0
58.089811,-11001.4648,-12992.7928,13582.9815,-1601.4622,0
58.093717,15933.1055,15451.5122,13588.0331,6800.5086,0
58.097623,-1938.4766,-6439.5625,4171.8006,-2292.4983,0
58.101529,-9011.2305,-5030.1736,-2206.0885,7491.6968,0
58.105436,15753.4180,15558.7396,10319.5469,7328.8014,0
58.109342,-6189.4531,-3330.8378,2307.0925,-8699.6503,0
58.113248,-11023.9258,8903.2488,-6654.4585,-11197.7119,0
58.127008,15659.6680,15566.9457,5358.3336,4822.7423,0
58.130915,-4313.4766,-3619.7431,-7405.5781,-7875.0252,0
58.134821,4983.8867,-14995.0712,-1968.9569,2776.4187,0
58.138727,15761.2305,15494.0957,11099.3813,5446.9619,0
58.142633,-3438.4766,-4366.4294,8152.2771,-10093.7348,0
58.146540,-3005.8594,-1033.8516,6860.9145,-192.9749,0
58.150446,15925.2930,15653.7915,10406.9044,8122.8357,0
58.154352,-2063.4766,-2622.3665,4404.5995,5107.3812,0
58.158258,4995.6055,959.4055,-2416.4270,11315.7671,0
58.186895,15940.9180,15628.7244,3489.7838,5983.9706,0
58.190801,-4688.4766,-5525.5861,-1848.1064,533.4074,0
58.194707,-11002.4414,8861.8239,7105.8068,10270.5175,0
58.198613,15800.2930,15437.9080,6186.4640,3160.8008,0
58.202520,-6063.9648,-9372.5906,1319.4423,-3090.4963,0
58.206426,-11004.8828,2882.9399,5543.8125,-6497.7713,0
58.210332,15737.7930,15562.5531,-244.3387,-9762.0175,0
58.214238,-5188.4766,-5898.0790,-11528.2900,3726.8260,0
58.218145,-5012.6953,14814.4509,-11860.0977,11324.7637,0
58.247063,15776.8555,15611.8760,7484.1917,8022.3433,0
58.250970,-4564.4531,-7317.4350,4420.9110,-3288.7278,0
58.254876,-7022.9492,872.4911,10436.9230,5455.5664,0
58.258782,15698.7305,15394.8287,5025.7623,7904.7432,0
58.262688,-2312.5000,-7318.1011,-4638.4261,-2828.1363,0
58.266595,14988.7695,8802.6873,-411.9810,6669.8992,0
58.270501,15620.6055,15518.9037,559.9897,7227.5592,0
58.274407,-6688.9648,-7812.3559,2703.4913,8819.4627,0
58.277059,15644.0430,15264.8059,-10360.2168,-9934.1161,0
58.278313,8983.3984,11121.5775,5889.4149,-4146.6772,0
58.280965,-4438.4766,-8979.6753,2930.0675,-2060.2684,0
58.284871,-15023.9258,-11014.3799,1751.1215,6349.3972,0
58.288777,15604.9805,15479.0841,-803.2535,3126.8142,0
58.292684,-2313.4766,-5538.7284,-6993.0896,-1812.0753,0
58.296590,-11017.5781,8859.9678,6594.5563,10309.5852,0
58.300496,15667.4805,15589.1374,13863.6001,4860.0142,0
58.304402,-5188.9648,-5538.9490,2894.1150,3911.7468,0
58.308309,-11015.6250,926.1238,-6630.5799,13354.8393,0
58.321996,15894.0430,15672.8471,6878.1533,7143.9367,0
58.325902,-312.9883,-2948.4371,6170.7372,-4536.1231,0
58.329808,-15003.9062,8901.4547,10340.2769,3748.0304,0
58.333715,15870.6055,15533.1037,5107.8901,7120.9576,0
58.337621,-2562.5000,-7669.9596,-2064.7507,1952.3966,0
58.341527,9014.6484,6898.5951,2715.8987,11203.1728,0
58.345433,-15863.7695,15916.8604,5919.9409,7950.1298,0
58.349340,-938.4766,-1828.6805,3693.2211,-3801.3750,0
58.353246,14977.0508,12882.7819,7217.1538,-4111.0670,0
58.366104,15659.6680,15632.9316,11525.5977,15781.9263,0
58.370011,-3063.4766,-4108.1313,-6941.0901,-852.0729,0
58.373917,14976.5625,-8999.3492,-1331.6254,-14665.5337,0
58.377823,15698.7305,15590.1677,10844.1395,15391.8798,0
58.381729,-3939.4531,-4979.3406,2382.7003,-6468.9029,0
58.385636,-7019.5312,8923.6915,-13475.6735,-8736.2281,0
58.389542,15792.4805,15819.1723,9765.9175,15495.0698,0
58.393448,-1937.9883,-2737.3912,-13143.6300,-2793.0758,0
58.397354,-13029.2969,12914.1267,14680.5302,-969.3730,0
58.412949,15339.3555,14442.3439,-110.6738,107.8449,0
58.416855,-8063.9648,14809.3999,9415.2079,4958.7826,0
58.420761,975.5859,15176.4559,11143.6044,13913.8723,0
58.424667,15753.4180,15543.5119,-7106.3528,2642.4828,0
58.428574,-1812.9883,-6505.0804,922.5252,-8617.1185,0
58.432480,2990.2344,11675.9220,9510.7665,8551.0269,0
58.436386,15847.6562,15193.5743,-7928.2990,5315.6132,0
58.440292,1687.9883,-4523.1676,4903.0926,1074.2605,0
58.444199,2995.6055,13702.8381,12677.4051,-2472.0581,0
58.470044,15949.2188,15539.7280,11346.9378,4488.6463,0
58.473950,937.0117,6089.4212,-12362.9199,1103.5090,0
58.477857,-13012.6953,674.2464,-14820.6641,12804.9519,0
58.481763,15839.3555,10170.4984,12405.7249,3591.9756,0
58.485669,-437.5000,3701.2354,3817.0610,5641.2395,0
58.489575,-7007.3242,337.1877,-14819.0129,7889.3105,0
58.493482,15854.9805,12259.9323,14239.0251,9031.5002,0
58.497388,-1313.4766,5514.5371,4758.3210,10173.6900,0
58.501294,12987.3047,-3864.4198,-8972.3056,11315.8797,0
58.516095,15745.6055,15493.2851,14794.1179,15347.2086,0
58.520002,-4688.9648,-10643.3428,-6344.6220,-5283.8021,0
58.523908,2968.2617,-3040.6318,-7020.0568,-2784.7466,0
58.527814,15597.1680,15540.2935,15549.1401,15065.0156,0
58.531720,-5189.4531,-6150.3309,-2647.3492,-6521.3670,0
58.535627,-5025.3906,-1043.4470,-15012.3183,14987.2656,0
58.539533,15761.2305,15559.4725,15741.1922,15456.7868,0
58.543439,-6689.4531,-4153.8981,-1399.3674,-5295.3744,0
58.547345,4974.6094,14928.4618,-15125.3290,-12925.8870,0
58.562675,15487.7930,15496.7433,-3580.7326,2903.5739,0
58.566581,-5188.4766,-5838.7600,-6042.1701,-8544.8987,0
58.570488,8980.9570,-14624.6431,7061.6722,6002.9332,0
58.574394,15714.3555,14169.8174,446.8916,1381.5453,0
58.578300,-4063.4766,-4165.2292,-5630.7704,-2951.6353,0
58.582206,-15016.1133,-6920.9063,5403.1905,9806.3771,0
58.586113,15604.9805,14599.8447,11175.2407,4883.1316,0
58.590019,-9564.4531,-5947.7485,9519.1478,5355.4985,0
58.593925,977.5391,-1313.7020,9043.9458,10222.9450,0
58.607035,15519.0430,15784.6979,4120.8464,4884.9021,0
58.610941,-6438.9648,-2451.0246,-58.1453,-6541.6258,0
58.614847,14984.3750,-6990.6969,6158.6262,4157.8967,0
58.618753,15753.4180,15644.5503,7906.7382,4456.1133,0
58.622660,-2937.9883,-5432.7823,-1509.8342,-8843.2961,0
58.626566,4989.2578,6897.0774,-1006.1494,2314.4238,0
58.630472,15894.0430,15505.3588,8231.0863,6613.8612,0
58.634378,-1938.4766,-3197.5149,5824.3685,3113.5986,0
58.638285,-11008.7891,-8993.2039,3872.7625,9881.8103,0
58.651094,15784.6680,15396.0431,11060.3871,15530.2844,0
58.655000,-2687.9883,-9269.3120,12071.1998,-6388.0311,0
58.658906,6982.4219,2955.0964,14816.5611,9055.0560,0
58.662812,15526.8555,15581.9254,10349.2818,15548.6044,0
58.666719,-4938.4766,-5525.3147,1192.8136,-1442.3553,0
58.670625,6985.3516,-3035.8742,8689.7833,9070.3761,0
58.674531,15792.4805,15305.8145,7759.5137,15508.3500,0
58.678437,-4938.9648,-8396.5253,7445.9533,-7667.8335,0
58.682344,-3012.2070,2936.7101,12885.9615,5017.7075,0
58.696958,15589.3555,15351.8080,5699.3680,9648.7291,0
58.700864,-6063.4766,-9246.8973,-825.3531,-5468.1684,0
58.704771,4985.3516,-11011.6012,12207.1125,-2322.5647,0
58.708677,15761.2305,15250.1504,6024.1346,9154.8123,0
58.712583,-2062.9883,-6158.7473,-1434.6972,-1640.9482,0
58.716489,14985.3516,14696.9165,10569.9377,8524.0296,0
58.720396,15745.6055,15589.1727,6291.2461,8756.8686,0
58.724302,-4938.9648,-5912.3155,-764.3619,-9049.5898,0
58.728208,4976.0742,8766.9108,9080.4765,-12024.6950,0
58.742879,15753.4180,15584.5140,8735.4795,-24.5013,0
58.746785,-1313.4766,-6158.2794,12851.2865,-3634.2421,0
58.750691,10984.3750,-5037.5191,13215.8905,11064.5373,0
58.754597,15784.6680,15480.7313,3572.0147,-1517.1536,0
58.758504,-5439.4531,-7026.3153,-2415.1379,4825.2007,0
58.762410,-11022.9492,12834.3235,9714.9648,13991.4892,0
58.766316,15659.6680,15601.7157,10202.9301,-1374.7248,0
58.770222,-5063.9648,-9385.3606,13183.1996,9349.6818,0
58.774129,-7011.7188,-13011.3188,14861.3340,15125.1218,0
58.786225,15769.0430,-188.2527,14999.9433,15421.6094,0
58.790132,-5688.4766,3970.1019,9971.1116,-2602.3362,0
58.794038,-9007.8125,8128.4565,-1287.8839,-4701.8402,0
58.797944,15706.5430,12286.8110,13438.2410,15346.2319,0
58.801850,-4438.9648,11302.5921,-4896.1152,-4354.0732,0
58.805757,6979.0039,-7573.5905,-13283.8927,1204.1276,0
58.809663,15722.1680,-8846.9510,15217.9668,15426.8158,0
58.813569,-5563.9648,10956.1041,-1946.8870,-5248.6274,0
58.817475,6990.2344,-3824.5899,661.0094,-8904.0369,0
58.845877,15933.1055,14179.3866,12660.4951,2305.9787,0
58.849783,-3688.9648,441.7654,-660.1387,-7364.0376,0
58.853689,-5015.6250,-12414.1373,14563.8797,10129.6975,0
58.857595,15917.9688,8012.3657,12430.5247,114.5042,0
58.861502,1436.5234,262.1195,1294.7375,-7964.2553,0
58.865408,-5024.4141,-10990.6167,-14033.6539,-6288.7205,0
58.869314,15644.0430,8406.4351,11459.1603,-2792.2854,0
58.873220,-4938.9648,-53.9474,4095.3677,704.1496,0
58.877127,-3020.9961,9878.2143,14605.3254,4200.5847,0
58.892136,15604.9805,15752.6680,10310.7129,5459.1117,0
58.896042,-5064.4531,-3870.1970,4785.1041,-9891.0339,0
58.899948,-1033.6914,-11006.4830,4281.4760,600.1347,0
58.903854,15550.2930,15395.1858,0.7148,5303.6801,0
58.907761,-4188.9648,-5988.7039,-7665.2838,-6896.2132,0
58.911667,-7034.6680,-1043.4724,2088.9447,3538.6797,0
58.915573,15409.6680,15274.4212,5795.5573,5168.2337,0
58.919479,-8939.4531,-7733.6249,3419.4151,-1932.7240,0
58.923386,-15020.5078,-9023.1082,5379.0110,2968.6180,0
58.936107,15753.4180,15466.0161,9092.8943,15478.2752,0
58.940013,-4563.4766,-8269.8338,4301.9547,-3069.1695,0
58.943919,-5010.2539,14939.7010,4818.0214,-12636.3830,0
58.947826,15745.6055,15728.5949,9071.6832,15407.9324,0
58.951732,-2063.4766,-6398.3351,-1088.0718,-3965.6545,0
58.955638,-1008.3008,-13019.0241,-5134.5630,13006.2131,0
58.959544,15933.1055,15450.4942,9288.5418,15492.3070,0
58.963451,-1938.4766,-6398.2679,15101.6324,-4659.1505,0
58.967357,-1001.9531,-14999.2303,-15181.0155,7025.5454,0
58.981037,15956.5430,15712.5122,9375.3741,15331.2085,0
58.984944,-6314.4531,-6395.3381,-4188.8404,-2397.2973,0
58.988850,-15012.2070,-9014.8845,2851.8749,1159.3624,0
58.992756,15581.5430,15516.9944,9914.9991,15690.0345,0
58.996662,-7063.4766,-8265.9589,-6687.8316,-3504.3666,0
59.000569,12983.8867,2968.2284,2825.1769,-8713.6875,1
59.004475,15597.1680,15657.8489,9179.7534,15530.5044,1
59.008381,-4813.9648,-4523.6752,11670.5579,-5115.9603,1
59.012287,-9014.1602,4963.9128,12757.7747,1035.3536,1
59.027981,15831.5430,15765.5312,-6972.9261,-2052.7792,1
59.031887,-4063.9648,-3922.0232,-250.3923,-1372.0562,1
59.035794,2971.6797,2930.2681,10240.7625,11785.6195,1
59.039700,15651.8555,15515.0084,4801.6785,607.0973,1
59.043606,-5063.4766,-7275.2206,-10800.3460,4018.1493,1
59.047512,-3003.9062,-12983.6417,3092.0733,13661.0239,1
59.051419,15808.1055,15323.3839,2195.3413,257.5596,1
59.055325,-3187.9883,-7771.7291,308.0857,-3555.9878,1
59.059231,3001.9531,2905.5572,2712.0009,718.9768,1
59.071064,15784.6680,15555.6663,11419.5229,15672.3239,1
59.074970,-6938.9648,-8086.2669,-6459.9682,-5834.6670,1
59.078877,-9017.5781,-9025.1639,-5460.7502,-8840.4309,1
59.082783,15394.0430,15194.6494,11338.2608,15695.6025,1
59.086689,-10939.4531,-10203.2269,7135.8941,-5795.2834,1
59.090595,-7019.0430,6891.7570,-5594.6461,-2874.0987,1
59.094502,15604.9805,15458.5711,10680.8201,15840.5191,1
59.098408,-4688.4766,-5347.5751,13409.1826,-2704.4047,1
59.102314,2981.9336,6929.4593,6631.4848,-4972.4691,1
59.116918,15675.2930,15643.6401,9725.5258,6770.9433,1
59.120825,-3312.9883,-6485.7512,-3755.3031,-4842.2947,1
59.124731,8993.1641,-5035.7083,-2297.6303,4061.2169,1
59.128637,15808.1055,15391.7527,-675.4758,6763.4330,1
59.132543,-5938.9648,-7482.8729,-2525.2855,-145.9133,1
59.136450,6989.7461,-9015.3497,10245.5944,9040.7449,1
59.140356,15808.1055,15618.9467,1761.6503,4505.8895,1
59.144262,-5063.4766,-2499.2411,-8100.5458,-11034.2980,1
59.148168,6993.1641,-11004.6603,-6196.9587,-10847.5145,1
59.162840,15987.7930,15224.3594,2444.7988,1923.7163,1
59.166746,-63.4766,-4174.3919,6452.4507,1786.6465,1
59.170652,-15009.2773,-14598.5656,12296.9727,12310.3447,1
59.174558,15940.9180,14392.9330,-4515.0012,3961.1365,1
59.178465,-3689.4531,-4166.4166,-11844.4502,-3969.6237,1
59.182371,-5029.2969,-8866.8136,5727.9222,8994.3493,1
59.186277,15604.9805,14479.9621,3475.3344,3097.5337,1
59.190183,-3813.4766,-4890.8305,4022.1712,1019.0166,1
59.194090,-3011.7188,6424.1579,8175.8055,5470.7484,1
59.220136,15745.6055,15613.4930,5351.7704,1058.2582,1
59.224042,-3062.9883,-6692.0561,3095.7915,2348.3346,1
59.227948,4992.1875,8885.0710,-12165.6552,14110.8535,1
59.231854,15745.6055,15630.9481,-10599.3574,1719.1521,1
59.235761,-3688.4766,-3209.9238,-594.8051,-6102.1459,1
59.239667,14989.7461,8917.2827,-841.2347,-4368.9927,1
59.243573,15675.2930,15607.7104,-3090.7890,-1275.7791,1
59.247479,-5313.9648,-5323.9441,-5340.3434,1817.4345,1
59.251386,-1018.5547,4916.3401,-7589.8977,4910.6481,1
59.268081,15620.6055,15709.9835,-560.0502,2340.1503,1
59.271987,-7814.4531,-5336.9454,10836.2962,3233.3848,1
59.275893,4968.7500,940.6239,13525.7644,12835.2585,1
59.279800,15558.1055,15549.6455,8948.4079,-1053.7587,1
59.283706,-7565.4297,-6581.3823,8476.5652,-861.9935,1
59.287612,8958.0078,-3037.3085,12848.0662,11830.7096,1
59.291518,15456.5430,15545.8612,-1771.2366,14102.2097,1
59.295425,-15192.8711,-7327.6736,-71.7979,2564.4962,1
59.299331,931.6406,12896.1313,3191.6629,2266.6484,1
59.313085,14534.1797,15880.8310,-2003.5099,116.2264,1
59.316991,-6823.7305,-6664.1305,-8553.5394,-8136.5696,1
59.320898,14790.0391,2926.2188,-1643.7052,6337.4593,1
59.324804,12010.2539,15809.6344,9843.1438,697.5735,1
59.328710,-3204.5898,3892.9603,-6578.4983,-1875.1476,1
59.332616,-13296.8750,12944.8957,-3205.4873,7928.0348,1
59.336523,11205.5664,-15518.1265,8312.6053,-2974.4284,1
59.340429,-8831.0547,4554.7754,-2747.8908,-10463.2004,1
59.344335,14714.3555,-6895.4470,-7190.4147,-9064.4941,1
59.371197,11682.1289,-15649.0099,309.0516,11715.5625,1
59.375103,-1329.5898,11118.6013,9354.0026,-2303.8339,1
59.379009,-1281.7383,-6925.2024,-1940.0787,-15046.8210,1
59.382916,11877.9297,-15380.0940,638.3365,11905.4029,1
59.386822,797.8516,9623.7076,-7459.8527,3294.9176,1
59.390728,12790.0391,1057.0275,6092.3000,2862.6101,1
59.394634,12518.5547,-15600.5060,775.1186,12656.5369,1
59.398541,7423.3398,7004.0233,-2211.1724,11322.0043,1
59.401197,13049.8047,-15480.4734,3200.6248,12887.9492,1
59.402447,-11203.6133,8824.3848,12183.1540,-7284.5044,1
59.405104,12925.2930,1981.9429,6798.0091,-15686.5611,1
59.409010,827.6367,-10932.6851,14329.9676,2913.0657,1
59.412916,13346.6797,-15772.6610,4294.4828,13328.2453,1
59.416822,-9697.2656,4352.9827,2678.8363,-7917.7560,1
59.420729,-7133.3008,-6925.8938,14360.7430,12878.9594,1
59.424635,13620.1172,-15654.5688,5785.4434,13862.1956,1
59.428541,-9072.7539,1115.2008,3423.5466,-4984.7947,1
59.432447,-1155.7617,-997.5673,8502.3630,6866.2144,1
59.446966,13784.1797,-15973.1665,1940.2332,7360.7617,1
59.450872,-71.7773,2243.8836,-6954.3073,-6245.4394,1
59.454778,-9140.6250,-6966.5433,-1323.0003,791.8266,1
59.458685,14065.9180,15808.1992,3258.2208,4877.0632,1
59.462591,4681.1523,-2.1866,-4785.4318,-2496.9005,1
59.466497,4892.0898,-4972.2431,1147.9039,6628.6770,1
59.470403,14050.2930,-15939.2641,10356.2239,8360.5780,1
59.474310,2430.1758,1.8625,852.5045,1877.2360,1
59.478216,14877.4414,-6979.3593,-6332.1612,2676.9292,1
59.491960,14042.4805,15724.6654,12098.9122,9658.9468,1
59.495866,931.1523,-4945.2530,12462.0400,5694.4331,1
59.499772,8913.0859,-10957.6941,13017.0370,13551.7439,1
59.503678,14495.6055,-15859.0407,8254.4254,11257.2516,0
59.507585,4931.6406,220.4278,3180.3760,1349.8268,0
59.511491,6926.2695,-10938.4721,12856.9925,1800.8419,0
59.515397,14604.9805,15773.0498,10837.6539,12331.6431,0
59.519303,8431.6406,-1339.8203,-1214.2591,1434.0727,0
59.523210,-1085.9375,-12948.2256,-12268.3480,-8618.7437,0
59.536181,14917.4805,15738.1837,15920.8017,14592.7872,0
59.540087,15182.6172,-4528.7665,-8692.9436,-12667.7638,0
59.543993,2932.1289,12950.1400,2752.4643,3039.3491,0
59.547899,14995.6055,15803.1398,13233.9019,14997.0045,0
59.551806,14683.1055,-3030.3302,-3490.2631,-13362.5731,0
59.555712,14918.9453,-1023.6087,-13295.3358,-4881.7408,0
59.559618,14722.1680,15645.9691,-14654.9455,14548.2621,0
59.563524,-11939.9414,-4903.2451,3171.0408,-14990.0155,0
59.567431,-5046.8750,-13013.6255,2758.0935,-6994.7750,0
59.595957,15190.9180,14481.1660,-14100.0438,1931.8249,0
59.599863,-8313.9648,-2490.3463,3226.3139,5508.4407,0
59.603770,-3020.9961,-4696.1258,-13346.0936,-11299.4728,0
59.607676,15925.7812,10579.4712,-13912.3502,8142.0830,0
59.611582,2062.5000,-1176.9884,5956.8789,14767.4814,0
59.615488,-14975.5859,-10062.5792,1693.7518,11676.4774,0
59.619395,-15160.1562,8114.2699,-13009.4457,7524.7960,0
59.623301,-13558.1055,-2560.2938,7384.4236,3373.1146,0
59.627207,-8937.5000,-9084.6232,-8995.5872,-778.5667,0
59.643051,-14988.2812,15168.3799,-12975.1255,-7857.3258,0
59.646957,-10056.6406,-15458.0539,-1234.4736,5161.6461,0
59.650864,15097.6562,-1098.9977,-9348.2740,-7641.9562,0
59.654770,-14089.3555,15157.0667,-7891.7959,-2968.4538,0
59.658676,2695.3125,-12468.5398,2242.0389,-6098.4642,0
59.662582,11133.7891,-7080.9161,-8951.9190,-12205.7153,0
59.666489,-13573.7305,15065.8169,4360.9366,1889.1934,0
59.670395,8322.7539,-15583.7518,8500.4390,5863.8576,0
59.674301,5173.3398,-7097.2805,2522.3537,1292.6117,0
59.686927,-13128.4180,14993.5484,-7652.6448,-3513.5723,0
59.690833,14949.2188,14933.9126,-3979.6004,3771.9203,0
59.694739,13199.2188,997.5057,757.4009,-6601.1633,0
59.698645,-12776.8555,14989.8810,2554.6953,-594.0026,0
59.702552,-10299.8047,-14081.8421,880.7720,4101.2310,0
59.706458,-14796.3867,-7069.1528,15221.2499,-9666.1430,0
59.710364,-12722.1680,15263.6276,3035.6733,-13444.0029,0
59.714270,-14550.7812,-12088.1677,-12892.3663,-1312.0167,0
59.718177,15190.4297,-7063.6362,-10879.9553,9689.0736,0
59.731970,-13120.6055,15182.5890,9729.6576,-3036.9772,0
59.735876,11572.7539,15432.2658,538.8140,3158.8414,0
59.739782,-12841.3086,12964.8230,-8511.2476,-7883.8723,0
59.743689,-13573.7305,15161.3111,-2467.9174,-3688.1283,0
59.747595,5195.8008,-14379.1147,13120.8929,9234.5855,0
59.751501,-12867.6758,6821.3613,13954.1105,-581.7255,0
59.755407,-13839.8438,15255.6497,3433.8285,-7986.5643,0
59.759314,-180.1758,-12515.0573,-7816.3476,4509.8078,0
59.763220,3112.3047,-9063.4553,-6003.9524,7726.8371,0
59.777924,-14449.2188,15222.2888,-10435.8852,-11408.3126,0
59.781830,-8306.6406,-10190.9212,3739.7111,6276.3956,0
59.785736,15091.7969,4805.3777,-6223.4793,-6585.0277,0
59.789642,-14652.3438,15107.4897,-4895.2745,-14164.8465,0
59.793549,-11934.0820,-9697.4738,5843.0391,-1918.2048,0
59.797455,-2938.4766,-5088.3510,13025.6034,-9642.5309,0
59.801361,-14964.8438,15312.6663,-1707.9096,-15276.5359,0
59.805267,15566.4062,-7094.4078,-4712.3884,6116.9170,0
59.809174,-14944.3359,6825.9134,-5324.9216,8962.1552,0
59.822162,-15324.2188,15468.5940,-11856.3899,4.9277,0
59.826069,11189.9414,-8064.2154,-8182.6389,11804.7263,0
59.829975,1041.9922,12744.6319,-11342.2885,-3410.5668,0
59.833881,-15316.4062,15631.3325,-8774.6104,-1303.2929,0
59.837787,10314.9414,-6701.9666,1202.8358,8609.6003,0
59.841694,5033.6914,14736.6012,9122.5721,-5432.4100,0
59.845600,-15441.4062,15482.3120,510.3376,-4863.3315,0
59.849506,8439.4531,-7321.2289,-5769.9669,1163.6845,0
59.853412,7040.5273,4847.4091,-1428.5319,-4642.4450,0
59.866177,-15464.8438,10008.7190,-15842.0505,-15049.6432,0
59.870083,5438.9648,11552.7245,10450.4005,6142.1006,0
59.873990,-12966.7969,13096.7301,12790.5629,-5138.8511,0
59.877896,-15660.1562,14640.7356,13769.4938,-15362.3675,0
59.881802,5063.9648,6998.9321,15648.4373,2568.1786,0
59.885708,5028.3203,-1197.1348,6646.5779,10607.6305,0
59.889615,-15613.2812,11489.2491,11655.8281,-15549.0233,0
59.893521,4813.4766,7460.5749,-4714.1112,2603.4876,0
59.897427,15011.7188,-1245.0569,-10999.9733,-11011.8840,0
59.912209,-15863.2812,15133.4709,13275.9289,-7239.6940,0
59.916116,1187.5000,-7190.5955,6816.3739,-2744.1275,0
59.920022,-6989.2578,8807.4249,7712.8231,-10887.9020,0
59.923928,-15972.6562,15626.1958,8424.5720,-4843.1600,0
59.927834,1812.9883,-4962.8171,8761.0612,1428.9862,0
59.931741,-10994.1406,914.7872,13405.2339,-9113.6285,0
59.935647,-15972.6562,15392.8953,10091.5503,-6314.2280,0
59.939553,437.0117,-7809.3262,-614.9623,215.1110,0
59.943459,-9014.6484,-1116.4118,-7015.6250,-1013.1836,0
